Trial status: 2000 TERMINATED
Current time: 2025-11-17 00:34:32. Total running time: 4hr 29min 17s
Logical resource usage: 2.0/10 CPUs, 1.0/4 GPUs (0.0/1.0 accelerator_type:G)
Current best trial: 73c93a4d with bacc=0.9576910138130188 and params={'use_l1': np.False_, 'l1_lambda': 0.0, 'use_l2': np.True_, 'l2_lambda': np.float64(5e-05), 'use_dropout': np.True_, 'drop_rate': np.float64(0.2), 'use_bn': np.False_, 'use_ln': np.True_, 'use_skip': np.True_, 'skip_type': np.str_('normal'), 'skip_step': np.int64(1), 'skip_drop_prob': 0.0, 'use_data_augment': np.False_, 'da_type': 'None', 'cutout_ratio': 0.0, 'cutout_prob': 0.0, 'mixup_alpha': 0.0, 'mixup_prob': 0.0, 'cutmix_alpha': 0.0, 'cutmix_prob': 0.0, 'fgsm_epsilon': 0.0, 'fgsm_prob': 0.0, 'use_swa': np.True_, 'use_lookahead': np.True_}
╭──────────────────────────────────────────────────────────────────────────────────────────────────────────────────────────────────────────────────────────────────────────────────────────────────────────────────────────────╮
│ Trial name            status       use_l1     use_l2     use_dropout     use_bn     use_ln     use_skip     use_data_augment     use_swa     use_lookahead       iter     total time (s)        loss          acc       bacc │
├──────────────────────────────────────────────────────────────────────────────────────────────────────────────────────────────────────────────────────────────────────────────────────────────────────────────────────────────┤
│ bohb_train_4596678c   TERMINATED   True       False      True            True       False      True         False                True        True                   1           10.7971    0.0573018   0.998876     0.928132 │
│ bohb_train_837a9648   TERMINATED   True       False      False           False      False      True         True                 True        False                  2           13.75      0.0485522   0.998789     0.938274 │
│ bohb_train_cce28e3a   TERMINATED   False      False      True            False      False      False        False                False       False                  4           19.7526    0.440981    0.99928      0.902868 │
│ bohb_train_a661d39c   TERMINATED   True       False      True            True       True       False        False                False       True                   1           10.141     0.216785    0.99828      0.5      │
│ bohb_train_25e12db5   TERMINATED   False      True       True            True       True       True         True                 True        True                   2           24.9205    0.898882    0.185264     0.59193  │
│ bohb_train_b5836099   TERMINATED   False      False      False           False      False      True         False                False       True                   4           17.5549    0.106219    0.996068     0.942005 │
│ bohb_train_83ab4115   TERMINATED   True       True       False           False      False      True         False                False       True                   4           29.8779    0.0542116   0.99684      0.942392 │
│ bohb_train_a105de29   TERMINATED   True       False      False           False      True       False        False                True        True                   4           29.6398    0.0952199   0.99921      0.88246  │
│ bohb_train_f1b8b30a   TERMINATED   False      False      False           False      False      False        True                 False       True                   4           23.9586    0.0829646   0.994488     0.941213 │
│ bohb_train_e5653f68   TERMINATED   False      True       True            False      True       True         True                 True        False                  4           33.4908    0.0829183   0.979794     0.954227 │
│ bohb_train_8e3c968b   TERMINATED   True       True       False           False      False      False        True                 False       False                  1            7.69307   0.24953     0.99828      0.5      │
│ bohb_train_3363188a   TERMINATED   True       True       True            True       False      True         True                 False       True                   2           23.3048    0.0787668   0.998999     0.9231   │
│ bohb_train_537c34e5   TERMINATED   False      False      True            True       False      False        False                False       False                  4           24.8188    0.0619468   0.996524     0.942233 │
│ bohb_train_6b47649f   TERMINATED   True       True       False           True       True       False        True                 False       True                   1           13.3838    0.30048     0.99828      0.5      │
│ bohb_train_5f72bdd8   TERMINATED   True       True       False           True       True       True         False                True        False                  2           28.6118    0.161116    0.99828      0.5      │
│ bohb_train_2154d47c   TERMINATED   False      False      False           True       False      True         False                False       True                   4           22.4687    0.0521944   0.999087     0.933331 │
│ bohb_train_5d196d77   TERMINATED   True       True       True            False      False      False        True                 False       False                  4           32.0273    0.0883125   0.998455     0.933014 │
│ bohb_train_1c20b0c1   TERMINATED   True       True       True            True       False      True         True                 False       True                   4           43.5385    0.224962    0.99828      0.5      │
│ bohb_train_08a539c7   TERMINATED   False      True       True            True       False      True         True                 True        True                   4           42.0413    0.0712885   0.999421     0.918218 │
│ bohb_train_e6764f37   TERMINATED   True       True       True            True       True       True         False                False       True                   4           51.5419    0.60677     0.999228     0.857002 │
│ bohb_train_0fa3be96   TERMINATED   False      True       True            True       True       True         False                False       True                   1           10.4865    0.081971    0.992943     0.904787 │
│ bohb_train_fd9b860d   TERMINATED   True       True       True            True       False      False        True                 False       False                  2           23.2373    0.109275    0.99914      0.907891 │
│ bohb_train_06c1539d   TERMINATED   True       True       False           False      False      False        True                 True        True                   1            8.44127   0.253959    0.99828      0.5      │
│ bohb_train_ac6740de   TERMINATED   False      True       True            False      True       True         True                 True        True                   4           36.7491    0.0473369   0.997121     0.942532 │
│ bohb_train_ff1a0420   TERMINATED   False      True       False           True       False      True         True                 False       True                   4           40.3791    0.0673095   0.993013     0.940475 │
│ bohb_train_4bb8fa39   TERMINATED   False      False      True            False      True       False        False                False       True                   4           23.4498    0.0569014   0.995681     0.946904 │
│ bohb_train_dcf35e95   TERMINATED   False      True       False           False      True       False        True                 True        True                   2           18.9003    0.249194    0.99828      0.5      │
│ bohb_train_a4ce8d8b   TERMINATED   True       False      False           True       True       True         True                 False       False                  4           46.8594    0.0507578   0.998683     0.917849 │
│ bohb_train_4f29ab68   TERMINATED   False      False      False           True       False      False        True                 True        True                   4           33.4835    0.0629528   0.996384     0.942163 │
│ bohb_train_b6048961   TERMINATED   False      True       False           True       False      True         True                 True        False                  4           38.7565    0.074621    0.989537     0.938734 │
│ bohb_train_315714ca   TERMINATED   False      True       False           False      True       False        False                False       False                  1            7.88724   0.0731092   0.99928      0.907961 │
│ bohb_train_7b53c1bb   TERMINATED   False      False      False           False      True       True         True                 False       False                  4           22.9504    0.0535867   0.994926     0.95162  │
│ bohb_train_a70c6558   TERMINATED   True       True       False           True       False      False        True                 True        True                   1           12.752     0.0670361   0.993013     0.935381 │
│ bohb_train_3adbf4d7   TERMINATED   True       True       True            True       True       False        True                 True        False                  2           32.1601    0.0767741   0.988203     0.938065 │
│ bohb_train_e358a9ff   TERMINATED   False      True       True            False      True       True         False                False       True                   4           34.231     0.0615486   0.997999     0.948065 │
│ bohb_train_16260016   TERMINATED   False      False      False           True       False      True         False                True        True                   4           30.7129    0.0655746   0.993856     0.940897 │
│ bohb_train_a8e10f6d   TERMINATED   True       False      True            True       True       True         True                 True        True                   2           23.8702    0.159655    0.942839     0.925531 │
│ bohb_train_712e74c3   TERMINATED   False      True       True            False      False      True         False                False       False                  4           24.9071    0.195438    0.998385     0.530612 │
│ bohb_train_570fbe8f   TERMINATED   False      False      False           True       False      False        False                False       False                  4           20.6581    0.0628731   0.995453     0.941697 │
│ bohb_train_d8c15de7   TERMINATED   True       False      False           False      False      True         False                False       False                  4           23.1535    0.0453109   0.999017     0.928202 │
│ bohb_train_18399adf   TERMINATED   True       True       False           True       True       False        True                 False       False                  1           13.2953    0.135815    0.99828      0.5      │
│ bohb_train_34ee8a69   TERMINATED   False      False      False           True       True       False        True                 False       False                  1            7.91135   0.0670379   0.99921      0.907926 │
│ bohb_train_4944e36d   TERMINATED   False      False      False           False      False      True         True                 False       True                   2           11.8069    0.222553    0.999245     0.892664 │
│ bohb_train_66ac1af6   TERMINATED   False      True       False           False      False      True         True                 True        True                   4           25.6201    0.141465    0.984621     0.941365 │
│ bohb_train_90179b49   TERMINATED   True       True       False           True       True       False        False                True        True                   2           28.7286    0.141944    0.935273     0.926835 │
│ bohb_train_6601b3dd   TERMINATED   True       False      False           False      False      True         True                 False       True                   4           25.4697    0.0485609   0.998912     0.933243 │
│ bohb_train_30cca285   TERMINATED   True       False      True            True       True       False        True                 False       True                   4           39.4754    0.0629885   0.999263     0.907952 │
│ bohb_train_74365d01   TERMINATED   True       True       False           False      False      True         False                False       False                  4           28.2937    0.10109     0.996664     0.947397 │
│ bohb_train_205acd34   TERMINATED   True       False      True            True       True       False        True                 True        False                  4           46.9877    0.0613573   0.988887     0.943502 │
│ bohb_train_5c1b69c4   TERMINATED   False      True       False           True       False      True         True                 False       False                  4           32.8776    0.154095    0.998578     0.586735 │
│ bohb_train_6fda91fd   TERMINATED   True       True       True            True       True       False        False                False       False                  1           13.5194    0.060661    0.999157     0.907899 │
│ bohb_train_c2a4cd32   TERMINATED   False      True       True            False      True       False        True                 False       True                   1            8.38676   0.0550508   0.99928      0.907961 │
│ bohb_train_a2216eef   TERMINATED   True       False      False           False      True       False        False                False       False                  2           16.0704    0.0702766   0.99928      0.907961 │
│ bohb_train_6f247080   TERMINATED   True       False      True            True       False      True         True                 True        True                   4           47.2551    0.0645297   0.999403     0.918209 │
│ bohb_train_0a555441   TERMINATED   True       False      True            True       False      True         False                True        True                   2           20.4314    0.0671799   0.998139     0.917576 │
│ bohb_train_37f8f4f7   TERMINATED   True       False      True            True       False      True         False                True        False                  4           41.9295    0.0780882   0.99447      0.941205 │
│ bohb_train_cac9a87f   TERMINATED   False      False      False           False      False      True         True                 True        False                  4           21.2614    0.359284    0.9006       0.929842 │
│ bohb_train_2ee9ff71   TERMINATED   False      False      False           False      False      True         False                True        True                   4           17.523     0.113249    0.975633     0.947049 │
│ bohb_train_a6010bba   TERMINATED   False      True       True            False      True       False        True                 False       False                  4           33.1012    0.0522623   0.998929     0.928158 │
│ bohb_train_82926791   TERMINATED   False      True       False           False      True       True         True                 False       False                  4           32.2298    0.0517542   0.992609     0.945366 │
│ bohb_train_c580a36c   TERMINATED   False      True       True            False      False      False        True                 False       False                  1            7.06226   0.0577425   0.998596     0.922898 │
│ bohb_train_deadface   TERMINATED   False      True       False           False      True       True         True                 False       False                  1            8.38817   0.0545387   0.999122     0.918068 │
│ bohb_train_af794526   TERMINATED   True       True       False           False      True       True         False                True        False                  2           21.3011    0.0546382   0.991152     0.944636 │
│ bohb_train_a6a6c6d8   TERMINATED   False      False      False           False      True       False        True                 False       False                  4           21.6067    0.0567036   0.998912     0.933243 │
│ bohb_train_d84119ba   TERMINATED   False      True       False           False      True       True         True                 False       False                  2           16.2524    0.104287    0.99928      0.907961 │
│ bohb_train_7be32081   TERMINATED   False      True       False           False      True       False        False                False       False                  4           32.1629    0.0538604   0.998455     0.933014 │
│ bohb_train_2ea8a85a   TERMINATED   True       True       True            False      True       True         False                False       False                  4           39.9162    0.0740137   0.99928      0.902868 │
│ bohb_train_d587415f   TERMINATED   False      False      False           False      True       False        False                False       False                  4           19.3738    0.0745473   0.99928      0.907961 │
│ bohb_train_c8003dbc   TERMINATED   False      False      True            False      True       True         True                 False       False                  4           29.5422    0.0442016   0.99835      0.948241 │
│ bohb_train_4c03b17d   TERMINATED   False      False      False           False      True       False        True                 False       False                  4           20.7269    0.0579498   0.998789     0.928088 │
│ bohb_train_bb074cc0   TERMINATED   True       False      True            True       False      False        True                 False       True                   2           20.5747    0.110949    0.99928      0.907961 │
│ bohb_train_19c388f7   TERMINATED   True       True       False           True       True       False        False                False       False                  1           13.121     0.149362    0.99828      0.5      │
│ bohb_train_9e1e0dfc   TERMINATED   False      False      False           True       False      False        False                True        True                   4           29.7404    0.0664762   0.993733     0.940835 │
│ bohb_train_fe93c9b9   TERMINATED   False      False      False           True       False      False        True                 True        True                   1            7.58367   0.0558332   0.998016     0.922608 │
│ bohb_train_6abb2dcd   TERMINATED   False      False      False           False      False      False        False                True        False                  2            8.44722   0.770915    0.965819     0.916668 │
│ bohb_train_25dbca73   TERMINATED   False      True       True            False      False      True         False                False       True                   4           27.2761    0.135904    0.997384     0.932478 │
│ bohb_train_6c87ac1e   TERMINATED   False      False      False           True       False      False        True                 True        True                   4           28.6654    0.0588224   0.995172     0.941556 │
│ bohb_train_9b76abf1   TERMINATED   False      False      False           True       False      False        True                 True        True                   4           34.8931    0.0627642   0.995014     0.941477 │
│ bohb_train_b7e09c62   TERMINATED   True       True       True            True       True       False        False                False       True                   4           52.6652    0.0545242   0.99914      0.907891 │
│ bohb_train_476c856e   TERMINATED   True       False      False           True       False      False        False                False       True                   4           31.1369    0.0555093   0.998402     0.927894 │
│ bohb_train_ff617ffa   TERMINATED   False      False      False           True       False      False        True                 True        True                   1            7.5875    0.0494312   0.998139     0.932856 │
│ bohb_train_2732b829   TERMINATED   False      False      True            False      True       True         False                False       False                  4           24.0928    0.0546357   0.991082     0.954787 │
│ bohb_train_2391cc6b   TERMINATED   True       True       False           False      False      False        False                False       False                  2           15.06      0.0497023   0.993487     0.945805 │
│ bohb_train_0a23d2f2   TERMINATED   False      False      False           True       False      False        False                True        True                   1            7.09169   0.055339    0.998771     0.938266 │
│ bohb_train_ade32212   TERMINATED   False      False      False           True       False      False        False                True        True                   4           28.3667    0.0748714   0.991433     0.939683 │
│ bohb_train_421293cc   TERMINATED   False      True       False           True       True       False        True                 False       True                   2           21.9678    0.0829237   0.999034     0.907838 │
│ bohb_train_047a8f07   TERMINATED   True       False      False           False      True       True         True                 True        False                  4           30.4166    0.0504397   0.994172     0.946148 │
│ bohb_train_2e158bb1   TERMINATED   False      False      False           True       False      False        True                 True        True                   4           32.9986    0.0603284   0.995014     0.941477 │
│ bohb_train_3e3b090f   TERMINATED   True       False      True            False      False      True         False                True        True                   4           24.778     2.95727     0.00172045   0.5      │
│ bohb_train_c0708f2f   TERMINATED   False      False      False           True       False      False        True                 True        True                   4           31.6773    0.0644582   0.992837     0.940387 │
│ bohb_train_caa65220   TERMINATED   False      False      True            False      True       True         False                True        True                   1            5.7849    0.0479552   0.998192     0.932882 │
│ bohb_train_ecf5bb73   TERMINATED   False      False      True            True       True       True         True                 True        False                  4           36.8679    0.0590871   0.991556     0.955025 │
│ bohb_train_53eba26a   TERMINATED   True       False      True            True       True       False        True                 True        False                  2           23.8177    0.0551675   0.991731     0.939833 │
│ bohb_train_ae725c6c   TERMINATED   False      False      True            False      True       True         True                 False       False                  1            5.69845   0.119492    0.998473     0.607055 │
│ bohb_train_109047de   TERMINATED   True       True       True            False      True       False        False                True        True                   2           20.4747    0.0702041   0.99928      0.907961 │
│ bohb_train_3e238429   TERMINATED   True       False      True            True       True       False        True                 True        False                  4           50.5135    0.059147    0.993241     0.935496 │
│ bohb_train_fb593a5f   TERMINATED   True       False      True            True       True       False        True                 True        False                  4           48.592     0.0570099   0.990941     0.94453  │
│ bohb_train_961f3038   TERMINATED   True       False      True            True       True       False        True                 True        False                  4           46.7294    0.0720093   0.986043     0.942077 │
│ bohb_train_5186985e   TERMINATED   False      False      True            False      True       True         True                 True        False                  4           21.4566    0.124108    0.978056     0.953356 │
│ bohb_train_13be241b   TERMINATED   False      False      False           True       True       False        False                True        False                  4           30.5108    0.0568072   0.989783     0.94395  │
│ bohb_train_aa8b2160   TERMINATED   False      False      True            False      True       True         True                 True        False                  4           28.7435    0.0661446   0.995699     0.94182  │
│ bohb_train_9cd347e3   TERMINATED   False      False      True            False      True       True         True                 True        False                  2           12.6167    0.0572717   0.998051     0.937905 │
│ bohb_train_d27c9300   TERMINATED   False      True       True            False      True       False        False                True        False                  1            8.24378   0.0588216   0.99928      0.907961 │
│ bohb_train_da3b261c   TERMINATED   False      False      True            True       False      False        True                 False       True                   1            6.80281   0.0664247   0.999298     0.918156 │
│ bohb_train_dbd13d2d   TERMINATED   True       True       False           True       False      False        True                 False       True                   4           43.8111    0.0629067   0.99828      0.92274  │
│ bohb_train_46818b95   TERMINATED   True       False      True            True       True       False        True                 True        False                  2           24.0713    0.146208    0.99828      0.5      │
│ bohb_train_3b0c3310   TERMINATED   True       False      False           False      False      False        True                 False       False                  4           23.584     0.0550211   0.994101     0.94102  │
│ bohb_train_4fc6531d   TERMINATED   False      False      True            False      False      False        False                False       True                   4           18.7646    0.647382    0.997454     0.932513 │
│ bohb_train_90a94e36   TERMINATED   False      True       False           False      True       False        True                 False       True                   4           37.3892    0.0707071   0.99928      0.907961 │
│ bohb_train_00dc635c   TERMINATED   True       False      True            True       True       False        True                 True        False                  4           47.2151    0.0577554   0.999157     0.912993 │
│ bohb_train_e5d101d5   TERMINATED   True       False      True            True       True       False        True                 True        False                  1           12.0894    0.066196    0.998631     0.907636 │
│ bohb_train_737f1de4   TERMINATED   True       False      True            True       True       False        True                 True        False                  4           48.8125    0.0721442   0.988852     0.928204 │
│ bohb_train_512529c9   TERMINATED   True       False      True            True       True       False        True                 True        False                  2           26.3639    0.0552751   0.999263     0.907952 │
│ bohb_train_1d197da5   TERMINATED   True       False      True            True       True       False        True                 True        False                  1           12.3594    0.0653699   0.998596     0.907618 │
│ bohb_train_17508abb   TERMINATED   True       False      True            True       True       False        True                 True        False                  2           23.9676    0.13192     0.99856      0.71915  │
│ bohb_train_190d9fdf   TERMINATED   False      False      True            True       True       False        True                 False       False                  4           28.7937    0.055643    0.998525     0.933049 │
│ bohb_train_e1e26036   TERMINATED   True       False      True            True       True       False        True                 True        False                  4           50.4358    0.061553    0.989344     0.94373  │
│ bohb_train_8f17a139   TERMINATED   True       False      True            True       True       False        True                 True        False                  4           46.5622    0.0904741   0.978968     0.943627 │
│ bohb_train_6dc79ae2   TERMINATED   True       False      True            True       True       False        True                 True        False                  4           47.8964    0.136837    0.99828      0.5      │
│ bohb_train_e6641681   TERMINATED   False      True       False           True       False      False        True                 True        True                   4           45.0535    0.0625128   0.996436     0.937096 │
│ bohb_train_ee718dd3   TERMINATED   True       False      True            True       True       False        True                 True        False                  2           26.325     0.0815836   0.996068     0.911445 │
│ bohb_train_54d65b94   TERMINATED   True       False      True            False      True       True         True                 True        False                  4           34.8025    0.051839    0.994856     0.941398 │
│ bohb_train_d749a525   TERMINATED   False      False      True            False      True       True         True                 True        False                  1            5.58109   0.123246    0.99828      0.5      │
│ bohb_train_3dc33e2f   TERMINATED   True       False      True            True       True       True         True                 True        False                  1           14.8181    0.150759    0.998806     0.719273 │
│ bohb_train_8405866e   TERMINATED   True       True       True            True       False      False        False                False       False                  2           21.0943    0.133518    0.975141     0.94171  │
│ bohb_train_70b0d7af   TERMINATED   True       False      True            False      True       True         True                 True        False                  4           33.8718    0.0504097   0.995348     0.941644 │
│ bohb_train_5d40f564   TERMINATED   True       False      True            False      True       True         True                 True        False                  4           32.7556    0.0547109   0.992381     0.945251 │
│ bohb_train_16ea7476   TERMINATED   True       False      True            True       True       True         True                 True        False                  4           47.4786    0.0697398   0.994488     0.941213 │
│ bohb_train_e8497550   TERMINATED   False      True       True            False      True       True         False                False       True                   4           31.9096    0.24765     0.993575     0.945849 │
│ bohb_train_65cbec70   TERMINATED   True       False      True            False      True       True         True                 True        False                  4           32.1159    0.0565198   0.990397     0.939165 │
│ bohb_train_2e46e5d5   TERMINATED   False      False      True            False      True       True         True                 True        False                  1            7.28561   0.0513063   0.998455     0.917734 │
│ bohb_train_8b69c446   TERMINATED   False      False      True            False      True       True         True                 True        False                  2           12.9654    0.0555336   0.994207     0.941073 │
│ bohb_train_eda23b64   TERMINATED   False      False      True            False      True       True         True                 True        False                  1            7.99274   0.0884657   0.999298     0.90797  │
│ bohb_train_b69a32eb   TERMINATED   True       True       False           False      True       True         False                True        True                   4           40.6972    0.156765    0.998244     0.938002 │
│ bohb_train_4d0dd08a   TERMINATED   True       False      True            True       False      False        True                 False       False                  4           34.8318    0.0554457   0.998771     0.938266 │
│ bohb_train_ad7dbe98   TERMINATED   False      True       True            False      True       True         False                False       True                   2           16.3997    0.0687384   0.999105     0.928246 │
│ bohb_train_b5f57457   TERMINATED   False      True       True            False      True       True         False                True        False                  4           31.8131    0.101922    0.992943     0.945533 │
│ bohb_train_ca64ebac   TERMINATED   False      True       True            False      True       True         True                 True        False                  4           36.2563    0.168427    0.997928     0.937843 │
│ bohb_train_c1a78002   TERMINATED   False      True       True            False      True       True         True                 True        False                  4           33.3448    0.0532093   0.992697     0.950503 │
│ bohb_train_6012ebb0   TERMINATED   False      False      True            False      True       True         True                 True        False                  4           22.2906    0.104519    0.985938     0.947118 │
│ bohb_train_903d00f6   TERMINATED   False      False      False           False      False      True         False                False       True                   2            9.95992   0.06067     0.993188     0.945656 │
│ bohb_train_3c3e8673   TERMINATED   False      True       True            False      True       True         False                True        False                  4           33.9763    0.115744    0.971244     0.949944 │
│ bohb_train_32cdc8f0   TERMINATED   True       False      True            False      False      False        True                 False       True                   1            8.63254   0.105607    0.997103     0.932337 │
│ bohb_train_b7a48f46   TERMINATED   True       True       True            False      True       False        True                 False       True                   1           11.1015    0.0723641   0.999087     0.907864 │
│ bohb_train_c8d704e1   TERMINATED   False      False      False           False      False      False        False                True        False                  2            8.60528   0.770915    0.965819     0.916668 │
│ bohb_train_7c209872   TERMINATED   False      True       True            False      True       True         False                True        False                  4           32.0397    0.254288    0.992714     0.940325 │
│ bohb_train_622ef5cf   TERMINATED   False      False      False           False      False      False        False                False       True                   4           18.2284    0.192496    0.99224      0.945181 │
│ bohb_train_8e366fa0   TERMINATED   False      True       True            False      True       True         False                True        False                  4           31.4357    0.274646    0.988958     0.943537 │
│ bohb_train_f1eadcb9   TERMINATED   False      True       True            False      True       True         False                False       False                  4           32.9352    0.0577476   0.992381     0.945251 │
│ bohb_train_c94f2540   TERMINATED   False      True       True            False      True       True         False                True        False                  4           31.7693    0.285328    0.998613     0.922907 │
│ bohb_train_c04ed661   TERMINATED   False      False      False           False      False      False        True                 False       False                  1            5.99512   0.0524275   0.999122     0.918068 │
│ bohb_train_873ea839   TERMINATED   False      True       True            False      True       True         False                False       True                   1            8.88404   0.0614113   0.99928      0.907961 │
│ bohb_train_80a0da9b   TERMINATED   False      False      True            False      True       True         False                True        False                  4           23.6882    0.0659386   0.98901      0.948656 │
│ bohb_train_39607bb8   TERMINATED   False      False      True            False      True       True         False                True        False                  2           11.2676    0.0526719   0.995857     0.941899 │
│ bohb_train_2c34f150   TERMINATED   False      True       True            False      True       True         False                True        True                   4           34.6053    0.0497137   0.995611     0.946869 │
│ bohb_train_6c0583f8   TERMINATED   False      True       True            False      True       True         False                True        True                   2           16.8529    0.0487822   0.995049     0.941495 │
│ bohb_train_8c53c2cb   TERMINATED   False      True       True            False      True       True         False                True        True                   4           32.9025    0.115775    0.979829     0.949151 │
│ bohb_train_26017ab0   TERMINATED   False      False      False           False      True       True         True                 False       False                  4           27.5022    0.0468062   0.994944     0.946535 │
│ bohb_train_f9d5e169   TERMINATED   True       False      False           True       False      False        False                False       False                  4           29.8669    0.063089    0.997156     0.917084 │
│ bohb_train_86305a4f   TERMINATED   False      True       True            False      True       True         True                 True        False                  4           33.2885    0.0665724   0.986939     0.942526 │
│ bohb_train_625b0af6   TERMINATED   False      True       True            False      True       True         False                True        True                   1            8.39679   0.105071    0.998841     0.719291 │
│ bohb_train_d1856d32   TERMINATED   False      True       False           False      True       False        False                True        True                   4           33.4137    0.0628087   0.990151     0.944135 │
│ bohb_train_7ee6b5d0   TERMINATED   False      True       True            False      True       True         False                False       True                   2           18.1734    0.0795076   0.99928      0.907961 │
│ bohb_train_5469e4d5   TERMINATED   True       True       False           False      True       False        True                 False       True                   1           10.4668    0.0676088   0.999263     0.907952 │
│ bohb_train_2e376500   TERMINATED   False      True       True            False      True       True         False                False       True                   4           34.2843    0.0474911   0.997454     0.942699 │
│ bohb_train_554665af   TERMINATED   False      True       True            False      True       True         False                False       True                   2           16.5538    0.14599     0.99928      0.907961 │
│ bohb_train_004e86b2   TERMINATED   False      True       True            False      True       True         False                False       True                   4           33.2285    0.0499206   0.993733     0.951022 │
│ bohb_train_6673b620   TERMINATED   False      True       True            False      True       True         False                False       True                   4           34.2582    0.050021    0.995242     0.941591 │
│ bohb_train_a6294364   TERMINATED   False      True       True            False      True       True         False                False       True                   4           32.6036    0.0621598   0.997683     0.942814 │
│ bohb_train_b305a453   TERMINATED   False      True       True            False      True       True         True                 False       True                   4           34.1449    0.229125    0.99928      0.907961 │
│ bohb_train_68d2d721   TERMINATED   False      True       False           False      True       True         False                True        True                   4           34.2007    0.0533943   0.99131      0.949808 │
│ bohb_train_b091307b   TERMINATED   False      True       False           False      True       True         True                 True        True                   1            8.53005   0.095554    0.99928      0.907961 │
│ bohb_train_603ecaa6   TERMINATED   False      True       True            True       False      True         False                True        True                   1           10.6433    0.0662197   0.99935      0.902903 │
│ bohb_train_f32ee825   TERMINATED   False      True       False           False      True       True         False                True        False                  2           16.0625    0.0524065   0.993206     0.945665 │
│ bohb_train_318a0a31   TERMINATED   False      False      False           False      True       True         False                False       True                   4           20.9383    0.201303    0.991152     0.939543 │
│ bohb_train_e8ec28dc   TERMINATED   True       True       False           True       False      True         False                False       True                   2           20.5621    0.0617022   0.997279     0.917145 │
│ bohb_train_9463615f   TERMINATED   False      False      True            False      True       True         True                 False       False                  4           22.1072    0.0932975   0.994523     0.946324 │
│ bohb_train_04e54caa   TERMINATED   False      False      True            False      True       True         True                 False       False                  4           24.1163    0.0458249   0.997402     0.942673 │
│ bohb_train_c9fc5011   TERMINATED   False      False      True            False      True       True         True                 False       False                  4           22.7691    0.0510642   0.994646     0.946386 │
│ bohb_train_0135b7b1   TERMINATED   False      False      True            False      True       True         True                 False       False                  4           22.2908    0.0543591   0.990292     0.954392 │
│ bohb_train_542a95de   TERMINATED   False      False      True            False      True       True         True                 False       True                   1            5.65053   0.0890613   0.999192     0.877358 │
│ bohb_train_f96423db   TERMINATED   False      False      True            False      True       True         True                 False       True                   1            6.69367   0.113968    0.99921      0.8519   │
│ bohb_train_edd67e53   TERMINATED   False      True       True            False      True       True         True                 True        True                   2           21.8494    0.0515403   0.99928      0.907961 │
│ bohb_train_cd82abfd   TERMINATED   False      False      True            False      True       False        True                 False       False                  4           26.8499    0.051154    0.999228     0.918121 │
│ bohb_train_45bdb9bc   TERMINATED   False      True       True            False      True       True         True                 True        True                   2           17.5176    0.0780797   0.998982     0.917998 │
│ bohb_train_5e11fd18   TERMINATED   True       False      False           True       False      True         False                True        False                  4           39.5962    0.077876    0.994628     0.93619  │
│ bohb_train_5a1da6d2   TERMINATED   False      True       True            False      True       True         False                True        True                   4           33.418     0.0618437   0.98973      0.943924 │
│ bohb_train_0e158241   TERMINATED   True       False      True            True       False      True         True                 False       False                  4           33.8141    0.0578847   0.998209     0.922704 │
│ bohb_train_22926996   TERMINATED   False      True       True            False      True       True         True                 True        True                   4           33.4027    0.0488174   0.995506     0.946817 │
│ bohb_train_34d567ee   TERMINATED   False      True       True            True       False      False        False                True        True                   4           40.8329    0.0865858   0.98578      0.936852 │
│ bohb_train_2aa91107   TERMINATED   True       True       False           False      True       True         True                 False       False                  4           42.1157    0.0467533   0.995049     0.946588 │
│ bohb_train_c3b9247f   TERMINATED   False      True       False           True       True       True         False                True        True                   1           12.1438    0.055614    0.997138     0.922168 │
│ bohb_train_b94916a9   TERMINATED   False      True       True            False      True       True         True                 True        True                   1            9.16559   0.0478725   0.998315     0.932944 │
│ bohb_train_747bb189   TERMINATED   False      True       True            False      True       True         True                 True        True                   2           17.5347    0.0493823   0.994909     0.946518 │
│ bohb_train_875cbad7   TERMINATED   False      True       True            False      True       True         True                 True        True                   2           16.55      0.184153    0.998912     0.928149 │
│ bohb_train_2b259d1b   TERMINATED   False      True       True            False      True       True         True                 True        True                   4           36.2857    0.0500428   0.996085     0.942013 │
│ bohb_train_93d47741   TERMINATED   False      True       True            False      True       True         True                 True        True                   4           34.4984    0.0693582   0.987184     0.942649 │
│ bohb_train_d5243220   TERMINATED   False      True       True            True       False      True         True                 False       True                   4           35.7857    0.0519931   0.996805     0.937281 │
│ bohb_train_c2f97d85   TERMINATED   False      True       True            False      True       True         True                 True        True                   4           38.079     0.0485139   0.996331     0.94723  │
│ bohb_train_ed22ab6c   TERMINATED   False      True       True            False      True       True         True                 True        True                   4           33.7044    0.514871    0.963414     0.935836 │
│ bohb_train_2cabd9a9   TERMINATED   False      True       True            False      True       True         True                 True        True                   1            8.76399   0.159858    0.99828      0.5      │
│ bohb_train_778d7875   TERMINATED   True       False      False           True       False      True         False                True        True                   1            9.58315   0.0996538   0.998999     0.790676 │
│ bohb_train_148784a6   TERMINATED   False      True       True            False      True       True         True                 True        True                   2           19.2099    0.0509446   0.995225     0.936489 │
│ bohb_train_e31b8fe8   TERMINATED   False      True       True            False      True       True         True                 True        True                   4           39.9083    0.250831    0.935097     0.93184  │
│ bohb_train_e4314b6b   TERMINATED   False      True       True            False      True       True         True                 True        True                   4           39.4358    0.0568574   0.992521     0.945322 │
│ bohb_train_ebe6e3f0   TERMINATED   False      True       True            False      True       False        False                True        True                   4           34.1629    0.0520672   0.995032     0.946579 │
│ bohb_train_64276bde   TERMINATED   True       True       True            False      True       False        False                True        False                  2           20.2775    0.0702175   0.99928      0.907961 │
│ bohb_train_967d0a06   TERMINATED   False      True       True            False      True       True         True                 True        True                   4           34.298     0.0582125   0.990222     0.94417  │
│ bohb_train_9e5985cc   TERMINATED   False      True       True            False      True       True         True                 True        True                   4           33.7696    0.082807    0.996682     0.942312 │
│ bohb_train_e2135820   TERMINATED   True       False      True            False      True       True         True                 True        True                   4           34.1271    0.0478786   0.996893     0.942418 │
│ bohb_train_d5ef1ea9   TERMINATED   True       True       True            True       True       True         False                True        False                  1           15.1028    0.31445     0.998525     0.87193  │
│ bohb_train_a62ca94e   TERMINATED   True       True       True            False      False      True         False                True        True                   2           15.7296    0.118703    0.999087     0.918051 │
│ bohb_train_6260b094   TERMINATED   True       False      False           False      False      True         False                False       True                   4           24.959     0.0667328   0.989151     0.948727 │
│ bohb_train_8abf1be7   TERMINATED   False      True       False           False      True       False        True                 False       False                  1            9.76217   0.0725592   0.99928      0.907961 │
│ bohb_train_bd771b94   TERMINATED   False      True       True            False      True       True         False                True        True                   4           35.015     0.0454007   0.998244     0.938002 │
│ bohb_train_9553d7a8   TERMINATED   False      True       True            False      True       True         False                True        True                   2           17.1492    0.0525029   0.99928      0.907961 │
│ bohb_train_3a688144   TERMINATED   True       False      False           False      True       True         False                False       True                   4           30.1999    0.0527751   0.993733     0.940835 │
│ bohb_train_25b686bf   TERMINATED   False      True       True            False      True       True         False                True        True                   4           32.6571    0.0590026   0.995383     0.946755 │
│ bohb_train_3cebf117   TERMINATED   False      False      False           False      False      True         True                 True        False                  4           17.8586    0.444834    0.848057     0.903524 │
│ bohb_train_d7f58266   TERMINATED   True       True       True            True       True       True         True                 False       True                   4           54.5844    0.0828553   0.998192     0.937975 │
│ bohb_train_98760ad6   TERMINATED   False      True       True            False      True       True         False                True        True                   1            8.44426   0.138939    0.99828      0.5      │
│ bohb_train_4e06cd01   TERMINATED   False      True       True            False      True       True         False                True        True                   2           17.9704    0.0478698   0.998244     0.932908 │
│ bohb_train_71209685   TERMINATED   False      True       True            False      True       True         False                True        True                   1            8.67651   0.0519549   0.99928      0.907961 │
│ bohb_train_fc7da53c   TERMINATED   False      True       True            False      True       True         False                True        True                   4           35.354     0.0703712   0.986693     0.952589 │
│ bohb_train_dba61197   TERMINATED   False      False      False           False      False      True         True                 False       True                   4           18.4462    0.054688    0.998174     0.932873 │
│ bohb_train_b7f0125c   TERMINATED   False      True       True            False      True       True         False                True        True                   4           35.1879    0.0565717   0.9898       0.949052 │
│ bohb_train_6e173621   TERMINATED   True       True       False           True       True       False        True                 False       False                  2           26.2019    0.0844076   0.989098     0.902861 │
│ bohb_train_41c8cfbb   TERMINATED   True       True       False           True       True       False        True                 False       False                  4           50.5761    0.0570859   0.995102     0.941521 │
│ bohb_train_0ebf0d63   TERMINATED   False      True       True            False      True       True         False                True        True                   4           33.02      0.0592513   0.988571     0.948437 │
│ bohb_train_bcb856ab   TERMINATED   False      True       True            False      True       False        True                 True        True                   4           33.7095    0.0575654   0.993856     0.94599  │
│ bohb_train_4d578104   TERMINATED   False      True       True            False      True       True         False                True        True                   4           34.9798    0.0606982   0.988326     0.948313 │
│ bohb_train_a49811c7   TERMINATED   True       True       False           False      False      False        False                False       True                   1            7.31465   0.25652     0.99828      0.5      │
│ bohb_train_79b70e3b   TERMINATED   False      True       True            False      True       True         False                True        True                   1            8.42145   0.145303    0.99828      0.5      │
│ bohb_train_bf8da30e   TERMINATED   True       True       True            True       False      True         False                False       True                   2           22.0991    0.0549734   0.999245     0.91813  │
│ bohb_train_e9222fab   TERMINATED   False      True       True            False      True       True         False                True        True                   4           35.0216    0.0523226   0.992679     0.950494 │
│ bohb_train_33588295   TERMINATED   True       False      True            False      True       True         False                True        False                  2           16.0405    0.0489011   0.997876     0.932724 │
│ bohb_train_f371cf76   TERMINATED   False      True       True            True       True       False        True                 True        False                  4           49.0233    0.0539286   0.997454     0.92742  │
│ bohb_train_64d4f881   TERMINATED   False      False      True            False      False      False        False                False       False                  4           18.0981    0.31547     0.999298     0.90797  │
│ bohb_train_3112280e   TERMINATED   False      True       True            False      True       True         False                True        True                   4           33.4166    0.0752255   0.990608     0.944363 │
│ bohb_train_467a9dd2   TERMINATED   False      True       True            False      True       True         False                True        True                   4           33.2464    0.0552895   0.991872     0.944996 │
│ bohb_train_67dc820c   TERMINATED   False      True       True            False      True       True         False                True        True                   1            8.31507   0.0600589   0.999298     0.90797  │
│ bohb_train_3ecf6a88   TERMINATED   False      True       True            True       True       False        False                True        True                   4           50.253     0.0674915   0.986535     0.942323 │
│ bohb_train_97b169ab   TERMINATED   False      False      True            False      True       True         False                True        True                   1            5.35218   0.0997077   0.998736     0.688679 │
│ bohb_train_e6f29c25   TERMINATED   False      False      True            False      True       True         False                True        True                   2           11.2474    0.0462985   0.99777      0.937764 │
│ bohb_train_2201688c   TERMINATED   False      True       True            False      True       True         False                True        True                   4           34.3258    0.0591937   0.988764     0.948533 │
│ bohb_train_36fad854   TERMINATED   False      False      True            False      True       True         False                True        True                   4           23.6674    0.0541767   0.995611     0.946869 │
│ bohb_train_88a3dba5   TERMINATED   False      False      True            False      True       True         False                True        True                   2           10.2067    0.323512    0.998947     0.928167 │
│ bohb_train_e4746eae   TERMINATED   False      False      True            False      True       True         False                True        True                   4           20.0578    0.661521    0.553299     0.766078 │
│ bohb_train_4ac5ddc8   TERMINATED   True       True       False           False      True       False        False                True        True                   4           38.0859    0.0699984   0.99928      0.907961 │
│ bohb_train_d553d03e   TERMINATED   True       False      True            False      True       True         False                True        True                   4           32.7089    0.0697452   0.992627     0.945374 │
│ bohb_train_67787884   TERMINATED   False      True       True            False      True       True         False                True        True                   4           36.1816    0.0536141   0.994084     0.946104 │
│ bohb_train_73beb16e   TERMINATED   True       False      True            False      True       True         True                 False       True                   2           18.101     0.0498955   0.999175     0.918095 │
│ bohb_train_ae3f4a4f   TERMINATED   True       False      False           False      True       False        True                 False       True                   1            8.43264   0.0716646   0.99928      0.907961 │
│ bohb_train_1dc205c1   TERMINATED   False      True       True            False      True       True         False                True        True                   1            8.55521   0.0734721   0.999245     0.897757 │
│ bohb_train_d8fcd9c1   TERMINATED   False      True       True            False      True       True         False                True        True                   2           16.7045    0.156706    0.998859     0.928123 │
│ bohb_train_e6a12a1a   TERMINATED   False      True       True            False      True       True         False                True        True                   4           34.0405    0.141033    0.983463     0.945878 │
│ bohb_train_7d5d5758   TERMINATED   False      True       True            False      True       True         False                True        True                   4           31.8535    0.359149    0.924862     0.926714 │
│ bohb_train_aa8dd5e2   TERMINATED   False      True       True            False      True       True         False                True        True                   4           32.8336    0.0642862   0.987114     0.942613 │
│ bohb_train_6a7f03e9   TERMINATED   False      False      True            False      True       False        False                True        False                  4           21.0189    0.114046    0.974158     0.941218 │
│ bohb_train_542791e7   TERMINATED   False      True       True            False      True       False        False                True        False                  4           32.2236    0.0721407   0.99928      0.907961 │
│ bohb_train_7a31a44d   TERMINATED   False      True       True            False      True       True         False                True        True                   2           17.8734    0.0524352   0.993294     0.940615 │
│ bohb_train_7e1a2c5f   TERMINATED   False      True       True            False      True       True         False                True        True                   1            8.6274    0.0515905   0.998964     0.923082 │
│ bohb_train_6c003d84   TERMINATED   False      True       True            False      True       True         False                False       True                   4           34.8069    0.0815768   0.989993     0.944056 │
│ bohb_train_e43544bd   TERMINATED   False      True       True            False      True       True         False                False       True                   1            8.83413   0.0475862   0.998929     0.923065 │
│ bohb_train_96b97f11   TERMINATED   False      True       True            False      True       True         False                False       True                   4           34.3014    0.074933    0.993785     0.940862 │
│ bohb_train_a911d1db   TERMINATED   False      True       True            False      True       True         False                False       True                   2           17.3396    0.0485651   0.99928      0.918148 │
│ bohb_train_c773a2d4   TERMINATED   False      True       True            False      True       True         False                False       True                   4           32.0934    0.138387    0.999298     0.90797  │
│ bohb_train_3fc29f45   TERMINATED   False      True       True            False      True       True         False                False       True                   4           33.0809    0.0464583   0.995488     0.946808 │
│ bohb_train_17d26d77   TERMINATED   False      True       True            True       False      True         False                False       False                  4           34.2495    0.0525281   0.999298     0.918156 │
│ bohb_train_7d96cca0   TERMINATED   False      True       True            False      True       True         False                True        True                   4           33.9354    0.0533675   0.992785     0.945454 │
│ bohb_train_e126e9d1   TERMINATED   False      True       True            False      True       True         False                True        True                   4           35.6165    0.0536897   0.996542     0.947335 │
│ bohb_train_f68af58f   TERMINATED   False      True       True            False      True       True         True                 True        True                   1            9.70395   0.105578    0.999263     0.877393 │
│ bohb_train_d67e2eb7   TERMINATED   False      True       True            False      True       True         True                 True        True                   2           18.1039    0.0507161   0.998789     0.933181 │
│ bohb_train_84981b7a   TERMINATED   True       False      False           True       True       False        True                 False       False                  1            9.90777   0.131618    0.995313     0.824482 │
│ bohb_train_ffdead64   TERMINATED   False      True       True            False      True       True         True                 True        True                   4           40.65      0.0518201   0.995769     0.941855 │
│ bohb_train_93c5bc69   TERMINATED   False      True       True            False      True       True         True                 True        True                   2           17.9549    0.047189    0.999175     0.918095 │
│ bohb_train_9b2e0ee9   TERMINATED   False      True       True            False      True       True         True                 True        True                   4           34.1823    0.0524562   0.992135     0.950222 │
│ bohb_train_8d435b42   TERMINATED   False      True       True            False      True       True         True                 True        True                   4           33.2974    0.126747    0.992504     0.950406 │
│ bohb_train_20c8d4ec   TERMINATED   False      True       True            False      True       True         True                 True        True                   4           32.515     0.465619    0.858046     0.908528 │
│ bohb_train_754f1cc1   TERMINATED   False      True       True            False      True       True         True                 True        True                   4           34.751     0.0471142   0.997068     0.937413 │
│ bohb_train_11f09e36   TERMINATED   False      True       True            False      True       True         True                 True        True                   4           36.4819    0.0482528   0.997261     0.942603 │
│ bohb_train_05d2db47   TERMINATED   False      True       True            False      True       True         True                 True        True                   2           20.2828    0.0481991   0.998876     0.933225 │
│ bohb_train_ec95ee89   TERMINATED   True       True       False           True       True       False        False                True        True                   1           14.9951    0.0942848   0.998034     0.89715  │
│ bohb_train_8abf2f03   TERMINATED   False      True       True            False      True       True         True                 True        True                   1           10.5075    0.0488351   0.99928      0.907961 │
│ bohb_train_0ce32a66   TERMINATED   False      True       True            False      True       True         True                 True        True                   4           35.17      0.0924718   0.990941     0.949624 │
│ bohb_train_cde8b0e3   TERMINATED   False      True       True            False      True       True         True                 True        True                   2           16.9693    0.316666    0.99928      0.907961 │
│ bohb_train_5be1a595   TERMINATED   False      True       True            False      True       True         True                 True        True                   4           38.4161    0.0512192   0.99928      0.907961 │
│ bohb_train_24e70d61   TERMINATED   True       True       True            True       False      False        False                False       True                   4           42.4554    0.0597673   0.997683     0.932627 │
│ bohb_train_f16efd23   TERMINATED   False      True       True            False      True       True         True                 True        True                   4           34.912     0.0680368   0.987904     0.948102 │
│ bohb_train_04867e14   TERMINATED   False      True       True            False      True       True         True                 True        True                   4           32.0913    0.119336    0.989045     0.948674 │
│ bohb_train_8cf78755   TERMINATED   False      True       True            False      True       True         True                 True        True                   1            8.81095   0.152379    0.999263     0.85702  │
│ bohb_train_c9c458c0   TERMINATED   False      True       True            False      True       True         True                 True        True                   1            8.63696   0.151552    0.998789     0.709078 │
│ bohb_train_66ffb082   TERMINATED   True       False      True            True       True       False        True                 True        True                   2           25.9726    0.0558831   0.995927     0.926655 │
│ bohb_train_eb78f69b   TERMINATED   False      True       True            False      True       True         True                 True        True                   4           37.6179    0.0523869   0.992732     0.945427 │
│ bohb_train_53c394ab   TERMINATED   False      True       True            False      True       True         True                 True        True                   4           42.3784    0.0550848   0.994101     0.94102  │
│ bohb_train_4780a435   TERMINATED   False      True       True            False      True       True         True                 True        True                   4           34.2525    0.541717    0.886152     0.917512 │
│ bohb_train_9a307482   TERMINATED   False      True       True            False      True       True         True                 True        True                   2           17.0673    0.342845    0.999245     0.897757 │
│ bohb_train_c90302d3   TERMINATED   False      False      True            True       True       True         True                 True        False                  4           35.8476    0.0490811   0.993382     0.945753 │
│ bohb_train_b8f23b23   TERMINATED   True       True       True            True       True       True         False                False       True                   4           51.9678    0.170785    0.998912     0.765165 │
│ bohb_train_5a288fd6   TERMINATED   False      True       True            False      True       True         True                 True        True                   4           33.427     0.256718    0.9865       0.952492 │
│ bohb_train_625b32d3   TERMINATED   False      True       True            False      True       True         True                 True        True                   1            8.92599   0.0517458   0.99835      0.932961 │
│ bohb_train_c201ad29   TERMINATED   True       True       True            True       True       True         False                True        False                  1           15.7601    0.0640972   0.994997     0.921095 │
│ bohb_train_e81f216c   TERMINATED   False      True       True            False      True       True         True                 True        True                   4           36.3292    0.16927     0.976072     0.952363 │
│ bohb_train_6ec8fd7e   TERMINATED   False      True       True            False      True       True         True                 True        True                   2           19.2102    0.050286    0.995313     0.941627 │
│ bohb_train_40f20329   TERMINATED   False      True       True            False      True       True         True                 True        True                   4           36.4351    0.0502571   0.994909     0.941424 │
│ bohb_train_e29a46b9   TERMINATED   False      True       True            False      True       True         True                 True        True                   4           39.6125    0.0586066   0.98987      0.943994 │
│ bohb_train_943f12e7   TERMINATED   False      True       True            True       True       True         False                True        True                   2           25.7165    0.0564514   0.994874     0.936314 │
│ bohb_train_d5db9f28   TERMINATED   False      True       True            False      True       True         True                 True        True                   4           36.6718    0.0509252   0.995014     0.94657  │
│ bohb_train_a88c9317   TERMINATED   False      True       True            False      True       True         True                 True        True                   4           37.1598    0.048559    0.996366     0.942154 │
│ bohb_train_28c8f7aa   TERMINATED   False      True       True            False      True       True         True                 True        True                   4           34.4193    0.0556638   0.994733     0.941336 │
│ bohb_train_8b956617   TERMINATED   False      True       True            False      True       True         True                 True        True                   1            9.77747   0.106087    0.99928      0.907961 │
│ bohb_train_149ebcfb   TERMINATED   False      True       True            False      True       True         True                 True        True                   2           18.8528    0.0533077   0.993522     0.94073  │
│ bohb_train_b7c244db   TERMINATED   False      True       True            False      True       True         False                True        True                   1            8.97641   0.04981     0.99928      0.918148 │
│ bohb_train_ff7ab3ac   TERMINATED   False      True       True            False      True       True         False                True        True                   4           34.1929    0.0589011   0.993452     0.945788 │
│ bohb_train_0434bdad   TERMINATED   True       False      False           True       False      True         False                True        False                  2           18.3264    0.158353    0.983287     0.894857 │
│ bohb_train_0c1d18d7   TERMINATED   False      True       False           True       False      True         True                 False       False                  4           35.5916    0.0623768   0.994786     0.941363 │
│ bohb_train_076869f3   TERMINATED   False      True       False           False      False      False        True                 True        False                  4           28.7795    0.246975    0.996928     0.906783 │
│ bohb_train_e30c8afb   TERMINATED   False      True       True            False      True       True         False                True        True                   4           32.6666    0.0552895   0.991872     0.944996 │
│ bohb_train_27597b7c   TERMINATED   False      True       True            False      True       True         False                True        True                   4           31.9012    0.180778    0.992012     0.945067 │
│ bohb_train_b94da7b8   TERMINATED   False      True       False           True       True       True         True                 False       True                   4           41.4312    0.0496793   0.994593     0.941266 │
│ bohb_train_a3840969   TERMINATED   False      True       True            False      False      True         True                 True        False                  2           14.948     0.176083    0.962431     0.94553  │
│ bohb_train_92bd6007   TERMINATED   True       True       True            True       False      True         True                 False       True                   1           13.3559    0.0776037   0.99303      0.925204 │
│ bohb_train_39b6a557   TERMINATED   False      True       True            False      True       True         True                 True        True                   4           35.5836    0.240391    0.983129     0.955897 │
│ bohb_train_a580f19c   TERMINATED   False      True       True            False      True       True         True                 True        True                   1            8.82657   0.0834814   0.999105     0.91806  │
│ bohb_train_6c763794   TERMINATED   False      True       True            False      True       True         True                 True        True                   2           17.4232    0.0930323   0.998157     0.932865 │
│ bohb_train_bd646056   TERMINATED   False      True       True            False      True       True         True                 True        True                   4           38.4207    0.0509832   0.995313     0.94672  │
│ bohb_train_0ae9f558   TERMINATED   False      True       True            False      True       True         True                 True        True                   4           34.639     0.0559451   0.992872     0.945498 │
│ bohb_train_a54aec5e   TERMINATED   False      True       True            False      True       True         True                 True        True                   4           35.7941    0.0874671   0.996296     0.947212 │
│ bohb_train_12e991c9   TERMINATED   False      True       True            False      True       True         True                 True        True                   4           33.3629    0.142278    0.995348     0.941644 │
│ bohb_train_62fac19d   TERMINATED   False      True       True            False      True       True         True                 True        True                   4           33.8382    0.0617913   0.988448     0.953468 │
│ bohb_train_f724ba11   TERMINATED   False      True       True            False      False      False        False                False       True                   2           13.8703    0.157299    0.998736     0.922968 │
│ bohb_train_e24eea3b   TERMINATED   False      True       True            False      True       True         True                 True        True                   1            8.97794   0.0889524   0.999263     0.862113 │
│ bohb_train_3e4a6b4b   TERMINATED   False      True       False           True       False      True         False                False       False                  4           34.4775    0.0770175   0.996296     0.937026 │
│ bohb_train_4e7d7cc7   TERMINATED   True       False      True            True       True       True         False                True        False                  1           11.9642    0.0556563   0.997332     0.906985 │
│ bohb_train_313dfb2c   TERMINATED   True       True       True            False      False      False        True                 True        True                   2           17.2515    0.137907    0.985499     0.936711 │
│ bohb_train_d252d306   TERMINATED   False      True       True            False      True       True         True                 True        True                   4           41.8941    0.053394    0.993329     0.945726 │
│ bohb_train_de89df89   TERMINATED   False      True       True            False      True       True         True                 True        True                   4           33.3696    0.156039    0.985113     0.951798 │
│ bohb_train_72ccc6c4   TERMINATED   False      True       True            False      True       True         True                 True        True                   4           33.9824    0.421265    0.952512     0.940562 │
│ bohb_train_ec663bc7   TERMINATED   False      True       True            False      True       True         True                 True        True                   4           33.5796    0.0498136   0.995295     0.946711 │
│ bohb_train_e6a5f1b9   TERMINATED   False      True       True            False      True       True         True                 True        True                   4           33.7469    0.180799    0.96366      0.946146 │
│ bohb_train_8a56fa51   TERMINATED   False      True       False           True       True       True         False                False       True                   1           10.0226    0.499773    0.804642     0.85122  │
│ bohb_train_fd3668f4   TERMINATED   False      True       True            False      True       True         True                 True        True                   1            9.97675   0.181853    0.99928      0.907961 │
│ bohb_train_567f04d8   TERMINATED   False      True       True            False      True       True         True                 True        True                   2           20.8205    0.0456781   0.998613     0.938186 │
│ bohb_train_a55c48bc   TERMINATED   False      True       True            False      True       True         True                 True        True                   4           35.6967    0.0649902   0.984165     0.94623  │
│ bohb_train_2f9c51d8   TERMINATED   False      True       True            False      True       True         True                 True        True                   4           39.3646    0.0598273   0.989853     0.943985 │
│ bohb_train_382833af   TERMINATED   False      True       True            False      True       True         True                 True        True                   4           35.7443    0.338245    0.937256     0.932921 │
│ bohb_train_e1502990   TERMINATED   False      True       True            False      True       True         True                 True        True                   2           20.4078    0.174272    0.99928      0.907961 │
│ bohb_train_92fbf91f   TERMINATED   False      True       True            False      True       True         True                 True        True                   4           33.6718    0.233754    0.966644     0.947641 │
│ bohb_train_91c91834   TERMINATED   True       False      True            True       True       True         True                 True        False                  4           47.0598    0.267785    0.973316     0.945889 │
│ bohb_train_911041ab   TERMINATED   False      True       True            True       True       False        True                 True        False                  4           55.3964    0.0551892   0.991363     0.944741 │
│ bohb_train_28a8f2a1   TERMINATED   False      True       True            False      True       True         True                 True        True                   1            9.0562    0.0495014   0.999192     0.918104 │
│ bohb_train_1a77d629   TERMINATED   True       False      False           True       False      False        False                False       True                   1            8.24787   0.115402    0.99066      0.893457 │
│ bohb_train_b2944137   TERMINATED   False      True       True            False      True       True         False                True        True                   2           18.2498    0.0522986   0.999122     0.928255 │
│ bohb_train_e2fa70a2   TERMINATED   False      True       False           True       True       True         False                False       True                   4           42.5919    0.0589257   0.995752     0.94694  │
│ bohb_train_cfb65438   TERMINATED   False      True       True            False      True       True         False                True        True                   2           16.9141    0.0513485   0.993592     0.940765 │
│ bohb_train_e1032890   TERMINATED   True       False      True            False      False      False        False                True        True                   4           25.6074    0.789493    0.00226467   0.500273 │
│ bohb_train_6652ada6   TERMINATED   False      True       True            False      False      True         True                 False       False                  4           26.4011    0.0716109   0.996068     0.942005 │
│ bohb_train_df0f5d33   TERMINATED   False      True       True            False      True       True         False                True        True                   4           33.7952    0.0475569   0.996542     0.937149 │
│ bohb_train_4bc1332c   TERMINATED   False      True       True            False      True       True         False                True        True                   4           32.9446    0.072398    0.984551     0.951516 │
│ bohb_train_15032323   TERMINATED   True       True       False           False      False      False        False                False       False                  4           27.8647    0.0562188   0.998315     0.94313  │
│ bohb_train_6d6a4e6e   TERMINATED   False      True       False           False      True       True         False                True        True                   1            8.08158   0.129761    0.999263     0.872299 │
│ bohb_train_334d0b86   TERMINATED   True       True       True            False      True       True         False                True        True                   2           21.4922    0.213532    0.999122     0.907882 │
│ bohb_train_44d45c87   TERMINATED   False      True       True            False      True       True         False                True        True                   4           35.6409    0.048867    0.995014     0.941477 │
│ bohb_train_f02ce169   TERMINATED   True       False      False           True       True       False        False                True        True                   1           11.458     0.0551966   0.999087     0.897678 │
│ bohb_train_a5a0aa77   TERMINATED   False      True       True            False      True       True         False                True        True                   4           34.8865    0.0598616   0.989309     0.943713 │
│ bohb_train_0ef02a36   TERMINATED   False      True       True            False      True       True         False                True        True                   2           16.438     0.12077     0.999298     0.913063 │
│ bohb_train_7b082f83   TERMINATED   False      True       True            False      True       True         False                True        True                   4           33.2354    0.0703655   0.987044     0.942578 │
│ bohb_train_0c19b6f6   TERMINATED   False      True       True            False      True       True         False                True        True                   4           32.2124    0.144564    0.986728     0.947513 │
│ bohb_train_7e8e7cfc   TERMINATED   False      True       True            False      True       True         False                True        True                   4           32.2473    0.205704    0.963537     0.946084 │
│ bohb_train_a74d7d3f   TERMINATED   True       False      False           False      False      False        True                 False       True                   4           24.4656    0.0532383   0.996015     0.941978 │
│ bohb_train_4362f2a6   TERMINATED   False      True       True            False      True       True         False                True        True                   4           36.3292    0.0515706   0.996629     0.942286 │
│ bohb_train_818a837c   TERMINATED   False      True       True            False      True       True         False                True        True                   2           17.899     0.0577515   0.997788     0.937773 │
│ bohb_train_7da72cd7   TERMINATED   False      True       True            False      True       True         False                True        True                   1            8.62511   0.0481113   0.998666     0.928026 │
│ bohb_train_7d68dd2d   TERMINATED   False      False      True            False      False      False        True                 True        False                  1            6.64579   0.277476    0.99914      0.918077 │
│ bohb_train_f08f7476   TERMINATED   True       False      True            False      False      True         False                True        True                   2           12.4997    0.350837    0.998683     0.653    │
│ bohb_train_f01d43b5   TERMINATED   False      True       True            False      True       True         False                True        True                   4           33.6114    0.303455    0.937063     0.932825 │
│ bohb_train_8859bb0f   TERMINATED   False      True       True            False      True       True         False                True        True                   4           32.7933    0.0535104   0.992574     0.945348 │
│ bohb_train_1458d756   TERMINATED   False      True       True            False      True       True         False                True        True                   4           31.5682    0.548864    0.770426     0.874829 │
│ bohb_train_c4a38387   TERMINATED   False      True       True            False      True       True         False                True        True                   4           32.1567    0.423457    0.872353     0.915694 │
│ bohb_train_24a0ad2a   TERMINATED   False      False      False           False      False      True         False                False       True                   4           17.3423    0.0660562   0.990783     0.954638 │
│ bohb_train_a7019c2e   TERMINATED   False      True       True            False      True       True         False                True        True                   1            8.75941   0.0497874   0.99928      0.907961 │
│ bohb_train_38efd103   TERMINATED   False      True       True            False      True       True         False                True        True                   4           35.4509    0.0516024   0.993891     0.946008 │
│ bohb_train_0243839d   TERMINATED   True       False      False           False      True       False        False                False       True                   1            7.99844   0.0703919   0.99928      0.907961 │
│ bohb_train_65c3242c   TERMINATED   False      True       True            False      True       True         True                 True        True                   2           21.382     0.0458277   0.998771     0.933172 │
│ bohb_train_b7c0aa63   TERMINATED   True       True       True            True       False      True         True                 False       True                   2           20.9325    0.0651607   0.999017     0.907829 │
│ bohb_train_76957d08   TERMINATED   False      True       True            False      True       True         True                 True        True                   4           34.2669    0.0701782   0.993768     0.945946 │
│ bohb_train_7e711310   TERMINATED   False      True       True            False      True       True         True                 True        True                   4           34.0045    0.140471    0.987378     0.947839 │
│ bohb_train_6ac02ae0   TERMINATED   False      True       True            False      True       True         True                 True        True                   4           39.3897    0.052625    0.99691      0.942427 │
│ bohb_train_61c9eec9   TERMINATED   False      True       True            False      True       True         True                 True        True                   4           35.1484    0.0510262   0.993294     0.940615 │
│ bohb_train_35c7783e   TERMINATED   False      True       True            False      True       True         False                True        True                   4           33.6651    0.0522656   0.992118     0.950213 │
│ bohb_train_a1099c4f   TERMINATED   False      True       True            False      True       True         False                True        True                   4           35.3363    0.0515605   0.994066     0.946096 │
│ bohb_train_ba2bfcb5   TERMINATED   True       False      True            True       True       True         False                False       True                   1           10.3571    0.18215     0.99828      0.5      │
│ bohb_train_64acd400   TERMINATED   False      False      True            False      False      True         True                 True        True                   2           10.9314    0.0614627   0.994294     0.941117 │
│ bohb_train_2153e4a9   TERMINATED   True       True       False           True       False      False        False                True        True                   1           12.288     0.145314    0.990783     0.898612 │
│ bohb_train_d8caa260   TERMINATED   False      True       False           False      True       False        True                 False       False                  2           18.2879    0.100342    0.986974     0.901797 │
│ bohb_train_f2c9a60a   TERMINATED   False      True       True            False      True       True         True                 False       True                   4           36.1368    0.0480463   0.997946     0.937852 │
│ bohb_train_9a6bcb9f   TERMINATED   False      True       True            False      True       True         False                True        True                   4           31.52      0.313309    0.949264     0.938936 │
│ bohb_train_071659a9   TERMINATED   False      True       True            False      True       True         False                True        True                   4           31.0103    0.20522     0.965538     0.9369   │
│ bohb_train_6b0bda99   TERMINATED   False      True       True            False      False      True         True                 False       True                   4           29.6157    0.0655245   0.998209     0.937984 │
│ bohb_train_4e2ac773   TERMINATED   False      False      False           False      False      False        False                True        True                   4           16.5396    0.413502    0.899652     0.929367 │
│ bohb_train_fb60825a   TERMINATED   False      True       True            False      True       True         False                True        True                   1            8.34538   0.121774    0.99828      0.5      │
│ bohb_train_eec641e8   TERMINATED   False      True       True            False      True       True         True                 True        True                   4           36.0461    0.0507582   0.994839     0.946482 │
│ bohb_train_5905d3ba   TERMINATED   False      True       True            False      True       True         True                 True        True                   1            8.74695   0.224125    0.999245     0.897757 │
│ bohb_train_97c2547f   TERMINATED   True       False      True            False      True       False        False                True        False                  2           15.2884    0.0701952   0.99928      0.907961 │
│ bohb_train_54d6a464   TERMINATED   False      True       True            False      True       True         True                 True        True                   4           35.7184    0.0501689   0.994646     0.941292 │
│ bohb_train_947ff57b   TERMINATED   False      True       False           True       True       False        False                False       False                  2           19.5497    0.0550149   0.997841     0.912333 │
│ bohb_train_82afb857   TERMINATED   False      True       True            False      True       True         True                 True        True                   4           37.1871    0.0478161   0.995769     0.946948 │
│ bohb_train_37c93cd8   TERMINATED   True       True       True            False      False      True         False                True        False                  4           29.9655    0.0481421   0.997928     0.942937 │
│ bohb_train_9f14a509   TERMINATED   False      True       False           False      True       True         True                 True        True                   4           32.3815    0.0583339   0.9921       0.950204 │
│ bohb_train_2418874a   TERMINATED   False      True       True            False      True       True         True                 True        True                   4           34.5653    0.0658699   0.98829      0.943203 │
│ bohb_train_f83d3fff   TERMINATED   False      True       True            False      True       True         True                 True        True                   1            9.19149   0.051351    0.99928      0.907961 │
│ bohb_train_374d28cd   TERMINATED   True       True       True            True       True       False        True                 False       True                   1           14.1793    0.0831778   0.990116     0.903371 │
│ bohb_train_bc9bd59f   TERMINATED   False      True       True            False      True       True         False                True        True                   4           35.2323    0.0605416   0.988975     0.943546 │
│ bohb_train_2f685333   TERMINATED   True       True       True            True       False      False        False                False       True                   2           20.9509    0.0601523   0.996664     0.93721  │
│ bohb_train_2030e0e6   TERMINATED   False      True       True            False      True       True         False                True        True                   2           16.975     0.0454175   0.998069     0.937914 │
│ bohb_train_324c9f04   TERMINATED   False      True       True            False      True       True         False                True        True                   4           34.9795    0.0523209   0.993645     0.945884 │
│ bohb_train_e9c5addb   TERMINATED   False      True       True            False      True       True         False                True        True                   4           32.7332    0.0675298   0.986359     0.942235 │
│ bohb_train_9c482e06   TERMINATED   False      False      True            True       True       True         False                False       False                  4           25.806     0.0639159   0.996822     0.942383 │
│ bohb_train_bcc38d2a   TERMINATED   False      False      False           True       False      True         True                 True        False                  4           32.0352    0.0736698   0.994101     0.94102  │
│ bohb_train_90a664fd   TERMINATED   False      True       True            False      True       True         False                True        True                   4           33.2476    0.073192    0.985534     0.941822 │
│ bohb_train_cac29229   TERMINATED   False      True       False           True       True       True         False                True        True                   1           11.6135    0.278324    0.98643      0.937177 │
│ bohb_train_4f1ca575   TERMINATED   True       True       False           False      True       False        True                 True        False                  1           10.5565    0.25057     0.99828      0.5      │
│ bohb_train_c3e0307f   TERMINATED   False      True       True            False      True       True         True                 True        True                   4           39.1682    0.0599      0.990046     0.944082 │
│ bohb_train_6418b5ae   TERMINATED   True       True       False           False      False      True         False                False       True                   2           14.7182    0.0528382   0.994505     0.941222 │
│ bohb_train_11d9fe84   TERMINATED   False      True       True            False      True       True         True                 True        True                   4           36.6442    0.0458669   0.997402     0.942673 │
│ bohb_train_ad014623   TERMINATED   True       False      False           False      True       False        True                 False       True                   4           35.3179    0.0504638   0.99777      0.937764 │
│ bohb_train_97021f91   TERMINATED   False      True       False           True       True       True         True                 False       True                   2           21.2126    0.0510215   0.996032     0.941987 │
│ bohb_train_18af109d   TERMINATED   False      True       True            False      True       True         True                 True        True                   4           32.3126    0.426071    0.867982     0.913504 │
│ bohb_train_c0f99e5b   TERMINATED   False      True       True            False      True       True         True                 True        True                   4           34.1839    0.0596821   0.988852     0.953671 │
│ bohb_train_0803e954   TERMINATED   False      True       True            False      True       True         True                 True        True                   4           34.2801    0.0652229   0.98564      0.952061 │
│ bohb_train_912dfeaa   TERMINATED   False      True       True            False      True       True         True                 True        True                   4           36.9045    0.0516188   0.998315     0.932944 │
│ bohb_train_582a09f8   TERMINATED   False      True       True            False      True       True         True                 True        True                   1            8.81364   0.136826    0.99828      0.5      │
│ bohb_train_51e934a6   TERMINATED   False      True       True            False      True       True         True                 True        True                   2           19.0804    0.0490911   0.998297     0.932935 │
│ bohb_train_6f495314   TERMINATED   False      True       True            False      True       True         True                 True        True                   1            9.63112   0.0881006   0.999245     0.872291 │
│ bohb_train_c2e13ced   TERMINATED   False      True       False           True       True       False        True                 True        True                   2           24.9127    0.115765    0.971665     0.89413  │
│ bohb_train_79af4c32   TERMINATED   False      True       True            False      True       True         True                 True        True                   4           35.4149    0.0498919   0.995102     0.941521 │
│ bohb_train_cedd6c2f   TERMINATED   False      True       True            False      False      False        True                 True        True                   4           27.4939    0.390082    0.977792     0.937944 │
│ bohb_train_9d784267   TERMINATED   False      True       True            False      True       True         True                 True        True                   4           34.8971    0.0655659   0.992627     0.940281 │
│ bohb_train_10125dde   TERMINATED   False      True       False           False      True       True         False                False       True                   4           32.0425    0.0544563   0.993434     0.945779 │
│ bohb_train_6a45c137   TERMINATED   True       True       True            True       True       False        False                False       False                  4           52.1758    0.060299    0.998999     0.912914 │
│ bohb_train_379c14df   TERMINATED   False      True       True            False      True       True         False                True        True                   2           17.9867    0.0512324   0.993838     0.940888 │
│ bohb_train_909ed489   TERMINATED   False      True       True            False      True       True         False                True        True                   4           35.3264    0.0681847   0.985534     0.946915 │
│ bohb_train_1b4e2b81   TERMINATED   True       True       False           True       True       False        True                 False       False                  1           14.5565    0.0626053   0.998613     0.907627 │
│ bohb_train_f1f4ca74   TERMINATED   False      True       True            False      True       True         False                True        True                   1            8.86708   0.0499022   0.997999     0.932785 │
│ bohb_train_1d939d80   TERMINATED   False      True       True            False      True       True         False                True        True                   2           16.6174    0.0479901   0.997244     0.937501 │
│ bohb_train_67cc13c9   TERMINATED   False      True       True            False      True       True         False                True        True                   4           33.3903    0.499843    0.833292     0.891036 │
│ bohb_train_a5bc0f0f   TERMINATED   False      True       True            False      True       True         False                True        True                   4           32.3711    0.324132    0.925389     0.926977 │
│ bohb_train_ca8d4742   TERMINATED   False      False      True            True       True       True         True                 False       False                  4           33.8626    0.0559057   0.997665     0.932618 │
│ bohb_train_2ec62dcd   TERMINATED   False      True       True            False      True       True         False                True        True                   4           33.113     0.0511499   0.994698     0.946412 │
│ bohb_train_00799f3d   TERMINATED   False      True       True            False      True       True         False                True        True                   4           32.0172    0.145068    0.950809     0.934616 │
│ bohb_train_0e92d3f2   TERMINATED   False      True       True            False      True       True         True                 True        True                   1            8.54985   0.116449    0.998824     0.714189 │
│ bohb_train_0074d1cd   TERMINATED   False      True       True            False      True       True         True                 True        True                   4           35.9717    0.0540112   0.992451     0.945287 │
│ bohb_train_9aa918aa   TERMINATED   False      False      False           False      True       True         False                True        True                   1            5.32337   0.180055    0.99828      0.5      │
│ bohb_train_d8e2d590   TERMINATED   False      True       True            False      True       True         True                 True        True                   2           17.5981    0.0494282   0.997261     0.937509 │
│ bohb_train_51b5192d   TERMINATED   False      True       True            False      True       True         True                 True        True                   4           38.5383    0.0475005   0.99605      0.947089 │
│ bohb_train_a2fdf3ca   TERMINATED   False      True       False           False      True       False        True                 False       True                   2           16.5252    0.0726908   0.999263     0.907952 │
│ bohb_train_cb0a8daa   TERMINATED   False      True       True            False      True       True         True                 True        True                   4           37.4589    0.232506    0.99928      0.907961 │
│ bohb_train_e27119b1   TERMINATED   True       False      True            False      True       True         False                True        True                   4           31.3547    0.0805931   0.990344     0.944231 │
│ bohb_train_8b22223b   TERMINATED   True       True       False           True       True       True         True                 True        False                  4           63.3477    0.0630869   0.993346     0.945735 │
│ bohb_train_cf1adc82   TERMINATED   False      True       True            False      True       True         True                 True        True                   4           34.5577    0.0894391   0.9865       0.942306 │
│ bohb_train_dff89e3a   TERMINATED   False      True       True            False      True       True         True                 True        True                   2           19.2524    0.0510877   0.994646     0.941292 │
│ bohb_train_c98bb4b2   TERMINATED   True       False      True            False      True       False        True                 False       True                   1            8.58207   0.077154    0.999192     0.907917 │
│ bohb_train_f056770e   TERMINATED   False      True       True            False      True       True         True                 True        True                   1            8.96562   0.0487833   0.997753     0.932662 │
│ bohb_train_fcaf0181   TERMINATED   False      True       True            False      True       True         True                 True        True                   4           38.3857    0.0557351   0.994347     0.946236 │
│ bohb_train_ede4ef60   TERMINATED   False      True       True            False      True       True         True                 True        True                   2           16.8332    0.179055    0.99928      0.907961 │
│ bohb_train_b9400f47   TERMINATED   True       True       True            True       True       True         False                False       True                   4           52.1309    0.0894766   0.995313     0.936533 │
│ bohb_train_fbeffebe   TERMINATED   False      True       True            False      True       True         True                 True        True                   4           41.6864    0.243951    0.987114     0.947707 │
│ bohb_train_864ca110   TERMINATED   False      True       True            False      True       True         True                 True        True                   4           34.5639    0.0466375   0.996226     0.942084 │
│ bohb_train_b6918eb3   TERMINATED   False      True       True            False      True       True         True                 True        True                   4           39.5566    0.353536    0.947878     0.928055 │
│ bohb_train_820617b9   TERMINATED   False      True       True            False      True       True         True                 True        True                   4           39.3611    0.0532605   0.993768     0.945946 │
│ bohb_train_ba5a91ec   TERMINATED   False      True       True            False      True       True         True                 True        True                   1            8.59394   0.0463479   0.998402     0.927894 │
│ bohb_train_e8c5d525   TERMINATED   False      True       True            False      True       True         True                 True        True                   1           10.5417    0.049512    0.99928      0.907961 │
│ bohb_train_21afaed5   TERMINATED   False      True       True            False      True       True         True                 True        True                   4           35.8579    0.0512248   0.995594     0.941767 │
│ bohb_train_d1b03a8a   TERMINATED   True       True       True            True       False      False        False                False       False                  2           20.7293    0.0527461   0.999034     0.923118 │
│ bohb_train_42dcf35b   TERMINATED   False      True       True            False      True       True         True                 True        True                   2           17.2641    0.0470987   0.99749      0.937624 │
│ bohb_train_92faeb63   TERMINATED   False      True       True            False      True       True         True                 True        True                   4           36.2116    0.0593681   0.992995     0.945559 │
│ bohb_train_0860cda1   TERMINATED   False      True       True            False      True       True         True                 True        True                   4           33.6741    0.282957    0.956726     0.942673 │
│ bohb_train_ec0d4287   TERMINATED   False      True       True            False      True       True         True                 True        True                   4           34.5014    0.14006     0.99217      0.940053 │
│ bohb_train_cafe2f65   TERMINATED   False      True       True            False      True       True         True                 True        True                   4           32.9821    0.118532    0.997156     0.94255  │
│ bohb_train_e674294d   TERMINATED   False      True       True            False      True       True         True                 True        True                   4           34.5646    0.0497629   0.998104     0.937931 │
│ bohb_train_1386d4ef   TERMINATED   True       True       True            True       False      False        True                 True        True                   1           12.7512    0.0563725   0.998508     0.917761 │
│ bohb_train_f2854065   TERMINATED   False      True       True            False      True       True         True                 True        True                   4           37.1914    0.0791063   0.993206     0.940571 │
│ bohb_train_60fddd2f   TERMINATED   True       False      False           False      True       False        True                 False       False                  1            7.98609   0.0731732   0.99928      0.907961 │
│ bohb_train_1ffa542b   TERMINATED   True       False      False           True       False      False        False                False       False                  2           15.7385    0.0536277   0.998666     0.922933 │
│ bohb_train_5e463728   TERMINATED   False      True       True            False      True       True         True                 True        True                   2           19.3241    0.232184    0.999263     0.907952 │
│ bohb_train_ffe35b45   TERMINATED   False      True       True            False      True       True         True                 True        True                   4           35.6443    0.046979    0.99698      0.947555 │
│ bohb_train_5bafc5b2   TERMINATED   False      False      False           True       False      False        True                 False       False                  4           24.8876    0.0692505   0.991977     0.939956 │
│ bohb_train_71ae63cd   TERMINATED   False      True       True            False      True       True         True                 True        True                   4           40.3036    0.0513498   0.997016     0.937386 │
│ bohb_train_bbe82424   TERMINATED   False      True       True            False      True       True         True                 True        True                   4           34.015     0.058404    0.990485     0.949395 │
│ bohb_train_64d62285   TERMINATED   False      True       True            False      True       True         True                 True        True                   4           34.3857    0.0502119   0.995172     0.941556 │
│ bohb_train_9ec9f5f7   TERMINATED   False      False      False           True       True       True         True                 False       True                   1            7.29731   0.0603845   0.993943     0.930754 │
│ bohb_train_e8ca90f3   TERMINATED   False      True       True            False      True       True         True                 True        True                   4           38.4516    0.21895     0.97307      0.945766 │
│ bohb_train_a99bbb98   TERMINATED   False      True       True            False      True       True         True                 True        True                   1            8.47796   0.0754828   0.998894     0.923047 │
│ bohb_train_114c1e87   TERMINATED   False      True       False           True       False      False        False                True        False                  2           19.4759    0.0628601   0.992679     0.940308 │
│ bohb_train_c4e606ba   TERMINATED   False      True       True            False      True       True         True                 True        True                   2           16.8769    0.142117    0.99928      0.907961 │
│ bohb_train_0d4ab696   TERMINATED   True       True       False           True       False      False        True                 True        True                   4           47.3183    0.0745971   0.992416     0.935082 │
│ bohb_train_aecdb10e   TERMINATED   False      True       False           True       False      False        True                 False       True                   4           35.0326    0.0503892   0.996594     0.942268 │
│ bohb_train_8eb2891f   TERMINATED   False      False      False           True       False      True         True                 False       False                  4           28.7923    0.0680997   0.99777      0.937764 │
│ bohb_train_0410df84   TERMINATED   False      True       True            False      True       True         True                 True        True                   4           42.0728    0.0865285   0.998964     0.917989 │
│ bohb_train_47b3b96a   TERMINATED   False      True       True            False      True       True         True                 True        True                   4           33.8429    0.0662232   0.986324     0.947311 │
│ bohb_train_cd9b9efa   TERMINATED   False      True       True            False      True       True         True                 True        True                   2           18.146     0.0490595   0.99698      0.937369 │
│ bohb_train_09b667da   TERMINATED   False      True       True            False      True       True         True                 True        True                   4           36.4573    0.0482549   0.996243     0.947186 │
│ bohb_train_f999311f   TERMINATED   False      True       True            False      True       True         True                 True        True                   1            8.90877   0.100487    0.99928      0.907961 │
│ bohb_train_5557795e   TERMINATED   False      True       True            False      True       True         True                 True        True                   1            8.92408   0.110201    0.998771     0.917893 │
│ bohb_train_87711a72   TERMINATED   False      False      True            False      False      False        False                False       False                  4           19.3128    0.196846    0.996366     0.937061 │
│ bohb_train_33e080b4   TERMINATED   False      False      True            True       True       False        False                False       True                   2           13.4956    0.0562479   0.993504     0.930534 │
│ bohb_train_00e9f675   TERMINATED   False      True       True            False      True       True         True                 True        True                   4           33.0121    0.135018    0.974281     0.951466 │
│ bohb_train_4b7af0b7   TERMINATED   False      True       True            False      True       True         True                 True        True                   4           35.1559    0.0533968   0.996208     0.942075 │
│ bohb_train_8fd32fe6   TERMINATED   False      True       True            False      True       True         True                 True        True                   4           35.1713    0.0488379   0.998034     0.937896 │
│ bohb_train_30d19767   TERMINATED   False      True       True            False      True       True         True                 True        True                   4           42.6634    0.0574496   0.997384     0.947757 │
│ bohb_train_041f8707   TERMINATED   False      True       True            False      True       True         True                 True        True                   4           36.9385    0.0508626   0.994979     0.94146  │
│ bohb_train_9332d464   TERMINATED   False      True       True            False      True       True         False                True        True                   2           18.3872    0.0577515   0.997788     0.937773 │
│ bohb_train_39870409   TERMINATED   False      True       True            False      True       True         False                True        True                   1            8.53853   0.13668     0.99828      0.5      │
│ bohb_train_81f04cbd   TERMINATED   False      False      True            True       True       False        True                 True        False                  1            9.45499   0.058095    0.99907      0.907856 │
│ bohb_train_81e9d4e2   TERMINATED   True       True       True            True       False      False        True                 False       True                   2           24.5493    0.0617831   0.991679     0.939806 │
│ bohb_train_ca863446   TERMINATED   False      True       True            False      True       True         False                True        True                   4           34.6597    0.0505851   0.995313     0.94672  │
│ bohb_train_5f4180f9   TERMINATED   False      True       True            False      True       True         False                True        True                   4           33.3474    0.0693175   0.983463     0.956064 │
│ bohb_train_764657b2   TERMINATED   False      True       True            False      True       True         False                True        True                   4           32.9259    0.0531349   0.994154     0.946139 │
│ bohb_train_a5c0f639   TERMINATED   False      True       True            False      True       True         False                True        True                   4           33.3253    0.0527032   0.992592     0.945357 │
│ bohb_train_3a383d23   TERMINATED   False      True       True            False      True       True         False                True        True                   4           32.7555    0.0584398   0.988571     0.948437 │
│ bohb_train_c8e16c78   TERMINATED   False      True       True            False      True       True         False                True        True                   1            8.79561   0.0475862   0.998929     0.923065 │
│ bohb_train_682f9cee   TERMINATED   True       True       True            True       True       True         False                False       True                   1           13.4597    0.218781    0.99828      0.5      │
│ bohb_train_b3f15927   TERMINATED   False      True       True            False      True       True         False                True        True                   4           35.3085    0.0518189   0.994312     0.946219 │
│ bohb_train_e4718a0e   TERMINATED   False      False      True            False      False      False        True                 False       True                   2           10.5228    0.0609682   0.995225     0.941583 │
│ bohb_train_cf7a7cc0   TERMINATED   False      True       True            False      True       True         False                True        True                   4           34.2104    0.21085     0.949405     0.939006 │
│ bohb_train_aa3454ac   TERMINATED   False      True       True            False      True       True         False                True        True                   2           16.6696    0.0935211   0.991328     0.944724 │
│ bohb_train_10429799   TERMINATED   False      True       True            False      True       True         False                True        True                   4           32.9372    0.0824126   0.98434      0.951411 │
│ bohb_train_fa8e00ff   TERMINATED   True       False      False           True       True       True         False                True        False                  4           43.3169    0.161442    0.999105     0.831474 │
│ bohb_train_c3d083ec   TERMINATED   False      True       True            False      True       True         False                True        True                   4           33.4961    0.0533675   0.992785     0.945454 │
│ bohb_train_4eb4155e   TERMINATED   False      True       False           True       True       False        False                True        True                   4           44.9887    0.0492177   0.997349     0.93246  │
│ bohb_train_4c8f7aa7   TERMINATED   False      True       False           True       True       True         True                 True        True                   1           13.5054    0.0688226   0.997507     0.907073 │
│ bohb_train_e16254c1   TERMINATED   False      True       True            False      True       True         False                True        True                   4           35.3725    0.0542997   0.996822     0.942383 │
│ bohb_train_629abf25   TERMINATED   False      True       True            True       True       True         False                True        True                   2           26.753     0.0567207   0.995699     0.931633 │
│ bohb_train_ab05bf5f   TERMINATED   False      True       True            False      True       True         False                True        True                   1            9.02994   0.106532    0.998315     0.55095  │
│ bohb_train_caafd4ff   TERMINATED   False      True       True            False      True       True         False                True        True                   2           16.4211    0.130008    0.99856      0.927974 │
│ bohb_train_b8520f18   TERMINATED   True       False      True            False      True       True         False                True        False                  4           33.0536    0.0718281   0.983831     0.956249 │
│ bohb_train_00c21592   TERMINATED   False      True       True            False      True       True         False                True        True                   4           33.0718    0.0944009   0.98736      0.952923 │
│ bohb_train_6f30bb79   TERMINATED   False      True       True            False      True       True         False                True        True                   4           33.0529    0.0495948   0.995137     0.946632 │
│ bohb_train_356f4da2   TERMINATED   False      True       True            False      True       True         False                True        True                   4           33.346     0.0660268   0.985903     0.952193 │
│ bohb_train_f92bcbd8   TERMINATED   False      True       True            False      True       True         False                True        True                   4           33.6505    0.0596712   0.993961     0.946043 │
│ bohb_train_f3294b95   TERMINATED   True       True       False           False      True       False        True                 True        False                  1           11.4512    0.0991765   0.99921      0.872273 │
│ bohb_train_486e7835   TERMINATED   False      True       True            False      True       True         False                True        True                   1            8.43249   0.0753622   0.999052     0.918033 │
│ bohb_train_bf423b90   TERMINATED   False      True       True            False      True       True         False                True        True                   4           35.6888    0.051917    0.994768     0.946447 │
│ bohb_train_4f168fe6   TERMINATED   False      True       True            False      True       True         False                True        True                   2           16.6207    0.0457489   0.997946     0.937852 │
│ bohb_train_42c4c561   TERMINATED   False      True       True            False      True       False        True                 True        True                   2           16.8403    0.069976    0.99928      0.907961 │
│ bohb_train_e09f601c   TERMINATED   False      False      False           True       True       False        True                 True        False                  4           36.1613    0.0579617   0.989291     0.943704 │
│ bohb_train_f4419a80   TERMINATED   False      True       True            False      True       True         False                True        True                   4           32.0599    0.180778    0.992012     0.945067 │
│ bohb_train_9bb85b89   TERMINATED   False      False      False           False      True       True         True                 False       True                   4           19.2126    0.389775    0.995242     0.946685 │
│ bohb_train_96282896   TERMINATED   True       True       True            True       False      False        True                 True        True                   4           52.32      0.100956    0.981567     0.944928 │
│ bohb_train_24fe0e7d   TERMINATED   True       False      False           True       True       False        False                True        False                  4           42.8609    0.0718197   0.993522     0.94073  │
│ bohb_train_251936c1   TERMINATED   False      True       True            False      True       True         False                True        True                   4           35.4713    0.0549914   0.998297     0.938028 │
│ bohb_train_ebb98afc   TERMINATED   True       False      True            True       False      False        True                 True        False                  2           20.2593    0.0638976   0.997103     0.93743  │
│ bohb_train_61a040fe   TERMINATED   False      True       True            False      True       True         False                True        True                   1            8.30771   0.105464    0.998718     0.68867  │
│ bohb_train_78d1d85e   TERMINATED   False      True       False           True       True       False        False                False       False                  1            9.96058   0.159617    0.99828      0.5      │
│ bohb_train_f3fe91ab   TERMINATED   True       False      False           False      True       False        False                False       True                   2           14.707     0.248392    0.99828      0.5      │
│ bohb_train_9ac1fb37   TERMINATED   False      True       True            False      True       True         False                True        True                   4           34.3133    0.0524227   0.994698     0.946412 │
│ bohb_train_08a3de99   TERMINATED   False      True       True            False      True       True         False                True        True                   4           32.8005    0.0670071   0.984428     0.956548 │
│ bohb_train_8c802cf5   TERMINATED   True       True       True            False      False      True         True                 False       False                  4           35.1002    0.047344    0.998912     0.938336 │
│ bohb_train_20ad5fc7   TERMINATED   False      True       True            True       True       True         True                 False       False                  4           42.0194    0.0468846   0.997841     0.92252  │
│ bohb_train_c4092943   TERMINATED   False      True       True            False      True       True         False                True        True                   4           33.6757    0.0586881   0.991187     0.944654 │
│ bohb_train_d6ace20b   TERMINATED   False      True       True            False      False      True         False                True        True                   4           27.8777    0.176109    0.959008     0.938723 │
│ bohb_train_bdf5464a   TERMINATED   False      False      True            True       True       True         True                 True        True                   1            8.46421   0.953736    0.283119     0.595102 │
│ bohb_train_78dd8543   TERMINATED   False      False      False           False      True       False        True                 True        False                  2           11.7219    0.0669507   0.99921      0.918112 │
│ bohb_train_6e659497   TERMINATED   False      True       True            False      True       True         False                True        True                   1            8.32073   0.0977113   0.998894     0.734597 │
│ bohb_train_097d10ed   TERMINATED   False      True       True            False      True       True         False                True        True                   4           35.2469    0.0508799   0.996348     0.942145 │
│ bohb_train_7a76550f   TERMINATED   True       False      False           False      True       False        True                 False       True                   2           16.0568    0.248452    0.99828      0.5      │
│ bohb_train_98513521   TERMINATED   True       True       True            True       False      True         False                True        False                  4           49.1388    0.0680842   0.99512      0.921157 │
│ bohb_train_b35403e1   TERMINATED   False      True       True            False      True       True         False                True        True                   4           32.6718    0.0713601   0.993066     0.945594 │
│ bohb_train_ac4e3d77   TERMINATED   False      True       True            False      True       True         False                True        True                   4           33.1114    0.0584398   0.988571     0.948437 │
│ bohb_train_33495d69   TERMINATED   False      True       True            False      True       True         False                True        True                   4           33.2126    0.0552895   0.991872     0.944996 │
│ bohb_train_98609e5f   TERMINATED   False      True       True            False      True       True         False                True        True                   1            8.12781   0.140049    0.99828      0.5      │
│ bohb_train_a165fa38   TERMINATED   False      True       True            False      True       True         False                True        True                   2           18.0624    0.0504333   0.994768     0.941354 │
│ bohb_train_7bf71fbd   TERMINATED   False      True       True            False      True       True         False                True        True                   1            8.63559   0.119196    0.99828      0.5      │
│ bohb_train_6d902a96   TERMINATED   False      False      True            True       True       True         True                 False       False                  4           33.6347    0.107614    0.998613     0.933093 │
│ bohb_train_79c4c453   TERMINATED   False      True       True            False      True       False        False                False       True                   4           33.901     0.054794    0.998297     0.943121 │
│ bohb_train_b684abcc   TERMINATED   False      True       True            False      True       True         False                True        True                   2           16.8768    0.0511165   0.994172     0.946148 │
│ bohb_train_f6d7b148   TERMINATED   False      True       True            False      True       True         False                True        True                   4           33.2333    0.0586881   0.991187     0.944654 │
│ bohb_train_5f934a15   TERMINATED   True       True       False           True       False      False        False                False       True                   4           39.6011    0.0540235   0.998174     0.932873 │
│ bohb_train_a6f7427b   TERMINATED   False      True       True            False      True       True         False                True        True                   4           33.2622    0.0535104   0.992574     0.945348 │
│ bohb_train_f7206cd9   TERMINATED   False      True       True            False      True       False        True                 True        False                  4           37.0244    0.0829448   0.99928      0.907961 │
│ bohb_train_4ce435e3   TERMINATED   False      True       True            False      True       True         False                True        True                   2           17.7816    0.0537325   0.993487     0.940712 │
│ bohb_train_df8040c7   TERMINATED   False      True       True            False      True       True         False                True        True                   4           35.7951    0.0528904   0.993557     0.94584  │
│ bohb_train_413e9870   TERMINATED   False      True       True            False      True       True         False                True        True                   1            8.52457   0.124848    0.99828      0.5      │
│ bohb_train_49a9ee96   TERMINATED   False      True       True            False      True       True         False                True        True                   1            8.94026   0.062035    0.99928      0.907961 │
│ bohb_train_5ef47ae7   TERMINATED   False      True       True            False      True       True         False                True        True                   4           33.8972    0.0518897   0.994768     0.941354 │
│ bohb_train_21da6dfc   TERMINATED   False      True       True            False      True       True         False                True        True                   2           16.5378    0.262181    0.99928      0.913054 │
│ bohb_train_81761067   TERMINATED   False      True       True            False      True       True         False                True        True                   4           33.0911    0.0552895   0.991872     0.944996 │
│ bohb_train_86027768   TERMINATED   True       True       True            False      True       True         False                True        False                  4           40.5547    0.211136    0.987658     0.947979 │
│ bohb_train_f9531119   TERMINATED   False      True       True            False      True       True         False                True        True                   4           32.3404    0.114622    0.986658     0.947478 │
│ bohb_train_c784a70e   TERMINATED   False      False      True            True       False      False        False                False       True                   4           22.6231    0.0606493   0.996717     0.937237 │
│ bohb_train_ff749cf1   TERMINATED   False      True       True            False      True       True         False                True        True                   1            8.5088    0.070678    0.999245     0.897757 │
│ bohb_train_e6a423fc   TERMINATED   False      True       True            False      True       True         False                True        True                   1            8.57494   0.0489017   0.999263     0.907952 │
│ bohb_train_bb2bb4fd   TERMINATED   False      True       True            False      True       True         False                True        True                   4           34.975     0.0617835   0.988729     0.943422 │
│ bohb_train_ab4e9e08   TERMINATED   False      True       True            False      True       True         False                True        True                   2           16.8005    0.0514645   0.994084     0.946104 │
│ bohb_train_d46c737b   TERMINATED   False      True       True            False      True       True         False                True        True                   4           34.9372    0.0528406   0.9921       0.950204 │
│ bohb_train_2dac6fd3   TERMINATED   False      True       True            False      True       True         False                True        True                   2           16.6832    0.0497005   0.995348     0.941644 │
│ bohb_train_24adbb07   TERMINATED   False      False      True            True       False      False        True                 True        False                  4           31.1707    0.0557787   0.997911     0.942928 │
│ bohb_train_c3ca9388   TERMINATED   False      True       True            False      True       True         False                True        True                   4           32.9016    0.073192    0.985534     0.941822 │
│ bohb_train_90892980   TERMINATED   True       True       False           True       False      False        False                False       True                   4           40.306     0.71319     0.944103     0.915978 │
│ bohb_train_668c9665   TERMINATED   False      True       True            False      True       True         False                True        True                   4           33.4941    0.0534225   0.991661     0.949984 │
│ bohb_train_46a2d5ad   TERMINATED   True       False      False           False      True       False        False                True        True                   1            8.27024   0.0713645   0.999157     0.907899 │
│ bohb_train_5621e6a9   TERMINATED   False      True       True            False      True       True         False                True        True                   4           35.8276    0.057414    0.990064     0.949184 │
│ bohb_train_7469f0d6   TERMINATED   True       False      True            True       True       True         False                True        True                   1           12.3121    0.156091    0.99828      0.5      │
│ bohb_train_0a4d2c61   TERMINATED   True       False      True            True       False      False        False                False       True                   2           17.4576    0.0919623   0.991398     0.934572 │
│ bohb_train_f82ee111   TERMINATED   False      True       True            False      True       True         False                True        True                   2           16.7465    0.0479117   0.997437     0.937597 │
│ bohb_train_8529afc9   TERMINATED   False      True       True            False      True       True         False                True        True                   4           34.4601    0.0537126   0.990064     0.949184 │
│ bohb_train_60767962   TERMINATED   False      True       True            False      True       True         False                True        True                   4           33.4216    0.0558989   0.990046     0.949175 │
│ bohb_train_767bbfda   TERMINATED   False      True       False           True       True       False        True                 False       True                   4           40.1261    0.05581     0.998964     0.907803 │
│ bohb_train_4ec502ba   TERMINATED   False      True       True            True       True       True         True                 True        False                  4           55.6015    0.0754945   0.98585      0.947074 │
│ bohb_train_22088669   TERMINATED   False      False      False           True       True       True         True                 True        True                   4           32.8903    0.0593344   0.994452     0.946289 │
│ bohb_train_2a3e9533   TERMINATED   False      True       False           True       True       True         False                False       False                  2           21.1843    0.0534027   0.996647     0.937202 │
│ bohb_train_8829d0c7   TERMINATED   False      True       True            False      True       True         False                True        True                   4           35.4041    0.0503566   0.995436     0.946781 │
│ bohb_train_7c552de0   TERMINATED   False      False      True            True       True       False        False                False       False                  1            6.85009   0.0593205   0.999228     0.892655 │
│ bohb_train_1859ce07   TERMINATED   False      True       True            True       True       True         False                False       True                   1           10.6653    0.0555918   0.995664     0.921429 │
│ bohb_train_43aca861   TERMINATED   False      True       True            True       True       True         False                True        True                   4           50.1214    0.0652933   0.985394     0.946845 │
│ bohb_train_ad76ceeb   TERMINATED   False      True       True            False      True       False        False                False       True                   4           34.2854    0.067852    0.991766     0.93985  │
│ bohb_train_6462b058   TERMINATED   False      True       True            False      True       True         False                True        True                   2           16.3044    0.0726365   0.999052     0.918033 │
│ bohb_train_299b1d90   TERMINATED   False      True       True            False      True       True         False                True        True                   4           32.2009    0.538433    0.790948     0.880014 │
│ bohb_train_56def0cc   TERMINATED   False      True       True            False      True       True         False                True        True                   4           33.5145    0.073192    0.985534     0.941822 │
│ bohb_train_d3a62608   TERMINATED   False      True       False           True       True       True         True                 False       False                  4           40.7433    0.672113    0.448984     0.718924 │
│ bohb_train_4763da01   TERMINATED   False      True       True            False      True       True         False                True        True                   4           34.815     0.115755    0.975141     0.951896 │
│ bohb_train_a149677a   TERMINATED   False      False      True            False      True       False        True                 False       True                   2           12.5748    0.0555852   0.997683     0.942814 │
│ bohb_train_06478380   TERMINATED   True       False      True            True       False      True         True                 True        False                  1           10.7372    0.0550491   0.996103     0.921649 │
│ bohb_train_6c357277   TERMINATED   False      True       True            False      True       True         False                True        True                   1            9.14157   0.0477372   0.998771     0.917893 │
│ bohb_train_fe27a083   TERMINATED   True       False      False           False      True       True         False                True        True                   2           14.9199    0.185965    0.99828      0.5      │
│ bohb_train_5fbbf709   TERMINATED   False      True       True            False      True       True         False                True        True                   4           34.6009    0.0645671   0.988115     0.948208 │
│ bohb_train_e2574f31   TERMINATED   False      False      True            False      False      True         True                 False       False                  4           19.0843    0.0932425   0.999315     0.907979 │
│ bohb_train_a1e75504   TERMINATED   False      True       False           False      False      True         True                 True        True                   4           24.7603    0.272743    0.917243     0.933084 │
│ bohb_train_d99bf863   TERMINATED   False      False      True            True       True       True         True                 True        False                  4           40.8872    0.057027    0.996032     0.941987 │
│ bohb_train_5af20a6d   TERMINATED   False      False      False           False      True       True         False                False       False                  4           20.5941    0.0552468   0.993908     0.946016 │
│ bohb_train_66ae184a   TERMINATED   False      True       True            False      True       True         False                True        True                   4           35.637     0.0563119   0.989748     0.949026 │
│ bohb_train_b78d29c4   TERMINATED   False      True       True            False      True       True         False                True        True                   1            8.54717   0.116877    0.99828      0.5      │
│ bohb_train_6da11a81   TERMINATED   False      True       True            False      True       True         False                True        True                   1            8.83657   0.070678    0.999245     0.897757 │
│ bohb_train_ef6c1a99   TERMINATED   False      False      True            True       False      False        False                False       True                   2           11.6314    0.0518799   0.998648     0.933111 │
│ bohb_train_ea86067b   TERMINATED   False      True       True            False      True       True         False                True        True                   4           34.4136    0.0523114   0.995681     0.946904 │
│ bohb_train_fb816352   TERMINATED   False      True       True            False      True       True         False                True        True                   4           34.8924    0.0622826   0.991363     0.944741 │
│ bohb_train_3e2c4a78   TERMINATED   True       True       True            False      False      False        True                 False       True                   2           17.0854    0.252282    0.99828      0.5      │
│ bohb_train_781f8252   TERMINATED   False      True       True            False      True       True         True                 True        False                  4           34.7094    0.0628672   0.993838     0.940888 │
│ bohb_train_e425751d   TERMINATED   False      True       True            False      True       True         False                True        True                   4           33.2481    0.0486105   0.995313     0.941627 │
│ bohb_train_42d1b0a3   TERMINATED   False      True       True            False      True       True         False                True        True                   4           32.6066    0.073192    0.985534     0.941822 │
│ bohb_train_2917dbec   TERMINATED   False      True       True            False      True       True         False                True        True                   1            8.87607   0.0497874   0.99928      0.907961 │
│ bohb_train_c2d0042b   TERMINATED   False      True       True            False      True       True         False                True        True                   1            8.44105   0.140241    0.99828      0.5      │
│ bohb_train_f9a3176c   TERMINATED   False      True       True            False      True       True         False                True        True                   2           18.277     0.0524352   0.993294     0.940615 │
│ bohb_train_66a7f537   TERMINATED   False      True       True            False      True       True         False                True        True                   4           34.6684    0.0562354   0.990871     0.944495 │
│ bohb_train_7310d2f3   TERMINATED   False      True       True            False      True       True         False                True        True                   4           34.4821    0.0528406   0.9921       0.950204 │
│ bohb_train_21aae844   TERMINATED   True       False      True            True       True       False        False                True        True                   2           23.2366    0.121877    0.998666     0.897467 │
│ bohb_train_ce3c31ac   TERMINATED   False      True       True            False      True       True         False                True        True                   4           34.1602    0.183304    0.98743      0.937679 │
│ bohb_train_14336f49   TERMINATED   True       True       False           False      True       False        False                False       True                   4           38.6295    0.0699885   0.99928      0.907961 │
│ bohb_train_0d5d9ac7   TERMINATED   False      True       True            False      True       False        False                True        True                   4           32.4587    0.0700339   0.99928      0.907961 │
│ bohb_train_314ba68d   TERMINATED   False      True       True            False      False      True         False                False       True                   4           25.9283    0.0502833   0.99605      0.941996 │
│ bohb_train_46c91a42   TERMINATED   False      True       True            False      True       True         False                True        True                   1            8.22422   0.166563    0.99828      0.5      │
│ bohb_train_557cbf97   TERMINATED   False      True       True            False      True       True         False                True        True                   4           36.0121    0.0508311   0.993785     0.945955 │
│ bohb_train_02baa39b   TERMINATED   False      True       True            False      True       True         False                True        True                   2           18.3757    0.0504167   0.99928      0.918148 │
│ bohb_train_f4b09cd4   TERMINATED   False      True       True            False      False      True         True                 True        True                   1            7.30993   0.259221    0.999263     0.862113 │
│ bohb_train_8aa78f36   TERMINATED   False      True       True            False      True       True         False                True        True                   4           33.6004    0.164537    0.976353     0.942317 │
│ bohb_train_7f46292b   TERMINATED   False      True       True            False      True       True         False                True        True                   4           33.7221    0.303455    0.937063     0.932825 │
│ bohb_train_7090e705   TERMINATED   True       True       True            False      False      False        False                False       True                   2           15.1921    0.252202    0.99828      0.5      │
│ bohb_train_d0791959   TERMINATED   False      True       True            False      True       True         False                True        True                   4           32.8822    0.0590026   0.995383     0.946755 │
│ bohb_train_645d3132   TERMINATED   True       True       False           False      False      True         True                 True        True                   4           29.0566    0.398382    0.99828      0.5      │
│ bohb_train_5b3fc7e4   TERMINATED   False      True       True            False      True       True         False                True        True                   4           33.376     0.07007     0.993434     0.945779 │
│ bohb_train_7f1def6d   TERMINATED   False      True       True            False      True       True         False                True        True                   4           35.8754    0.049327    0.996735     0.942339 │
│ bohb_train_f07a19d0   TERMINATED   False      True       True            False      True       True         False                True        True                   1            8.58743   0.0677392   0.99928      0.907961 │
│ bohb_train_da1eab75   TERMINATED   False      True       True            False      True       True         False                True        True                   2           18.2803    0.0547516   0.997928     0.937843 │
│ bohb_train_3f751e7c   TERMINATED   False      True       True            False      True       True         False                True        True                   1            8.65879   0.0479261   0.998806     0.923003 │
│ bohb_train_3a85ff72   TERMINATED   False      True       True            False      True       True         False                True        True                   4           34.6658    0.0496154   0.994698     0.946412 │
│ bohb_train_23e19fc2   TERMINATED   False      True       True            False      True       True         False                True        True                   4           34.387     0.0664613   0.985324     0.94681  │
│ bohb_train_1b747b7a   TERMINATED   False      True       True            False      True       True         False                True        True                   2           16.1894    0.212385    0.999175     0.928281 │
│ bohb_train_bec91a01   TERMINATED   False      True       True            False      True       True         False                True        True                   4           32.0758    0.699491    0.465345     0.732212 │
│ bohb_train_6a99b0a2   TERMINATED   False      True       True            False      True       True         False                True        True                   4           33.35      0.0640294   0.985956     0.947126 │
│ bohb_train_be371643   TERMINATED   False      False      True            True       True       True         False                False       False                  4           26.2603    0.0645318   0.993066     0.945594 │
│ bohb_train_d175565d   TERMINATED   False      True       True            False      True       True         False                True        True                   1            8.39432   0.120661    0.999263     0.867206 │
│ bohb_train_513d2216   TERMINATED   True       False      True            True       False      True         True                 True        True                   1           10.4521    0.0689936   0.99935      0.907996 │
│ bohb_train_43869c92   TERMINATED   False      False      False           False      True       True         True                 False       False                  4           23.8745    0.0555795   0.993083     0.945603 │
│ bohb_train_e658ef37   TERMINATED   False      True       False           True       False      False        True                 False       False                  2           16.6557    0.071776    0.994154     0.941046 │
│ bohb_train_e7602086   TERMINATED   True       False      False           True       True       False        True                 False       True                   2           20.4252    0.0678109   0.999228     0.907935 │
│ bohb_train_265a5bf2   TERMINATED   True       True       True            False      True       True         True                 True        False                  4           44.0187    0.0628469   0.99928      0.907961 │
│ bohb_train_c0664a07   TERMINATED   True       True       True            True       False      False        False                False       True                   4           41.6726    0.0557698   0.997735     0.94284  │
│ bohb_train_cce2641f   TERMINATED   False      True       True            False      True       True         False                True        True                   4           32.8602    0.142402    0.983428     0.950953 │
│ bohb_train_44682c7b   TERMINATED   False      True       True            False      True       True         False                True        True                   4           33.0982    0.0584398   0.988571     0.948437 │
│ bohb_train_86d93d85   TERMINATED   False      True       True            False      True       True         False                True        True                   4           32.9186    0.0673933   0.986588     0.947443 │
│ bohb_train_d088d0a4   TERMINATED   False      True       True            True       True       False        False                False       True                   1           10.7041    0.0590199   0.998736     0.912782 │
│ bohb_train_3ab18883   TERMINATED   False      True       True            True       False      True         True                 False       True                   1            9.3695    0.0796139   0.999052     0.872194 │
│ bohb_train_67a1df1c   TERMINATED   False      True       True            False      True       True         False                True        True                   4           35.6761    0.0526637   0.991924     0.945023 │
│ bohb_train_e39e7bfe   TERMINATED   False      False      False           False      False      False        False                True        True                   2            8.67502   0.308894    0.90929      0.934194 │
│ bohb_train_362e8be7   TERMINATED   True       True       True            False      True       False        True                 True        False                  4           41.998     0.0735158   0.99928      0.907961 │
│ bohb_train_66b64ba3   TERMINATED   False      False      False           True       False      True         True                 True        False                  2           16.5723    0.0780752   0.999105     0.800915 │
│ bohb_train_e7640b0c   TERMINATED   False      True       True            False      True       True         False                True        True                   4           32.9402    0.0535104   0.992574     0.945348 │
│ bohb_train_7bcb326e   TERMINATED   True       True       True            False      True       False        False                False       True                   4           40.4349    0.250464    0.99828      0.5      │
│ bohb_train_0ebdd618   TERMINATED   False      True       True            False      True       True         False                True        True                   4           31.8898    0.699491    0.465345     0.732212 │
│ bohb_train_97b0a3f6   TERMINATED   False      True       True            False      True       True         False                True        True                   4           32.5999    0.0473045   0.996893     0.937325 │
│ bohb_train_81cab357   TERMINATED   True       True       True            False      False      True         False                True        False                  1            7.8282    0.123511    0.999386     0.908014 │
│ bohb_train_05a44f98   TERMINATED   False      True       False           True       True       True         True                 True        True                   2           27.6127    0.0500988   0.997876     0.922537 │
│ bohb_train_56bcdb96   TERMINATED   False      True       True            False      True       True         False                True        True                   4           35.5525    0.0582271   0.989133     0.953811 │
│ bohb_train_1aa5a329   TERMINATED   True       False      True            True       True       False        False                False       True                   1           10.4874    0.240034    0.99828      0.5      │
│ bohb_train_ff1a037b   TERMINATED   False      True       True            False      True       True         False                True        True                   4           34.7537    0.0593272   0.990538     0.944328 │
│ bohb_train_98068f03   TERMINATED   False      True       True            True       True       True         True                 True        True                   4           52.3365    0.0513462   0.999175     0.918095 │
│ bohb_train_d7838941   TERMINATED   False      True       True            True       True       False        False                False       False                  2           20.5748    0.0582016   0.99756      0.917286 │
│ bohb_train_ca552383   TERMINATED   False      True       True            True       True       False        False                True        False                  4           47.957     0.0553087   0.993575     0.945849 │
│ bohb_train_7020ddb2   TERMINATED   False      True       True            False      True       True         False                True        True                   4           33.3714    0.0703655   0.987044     0.942578 │
│ bohb_train_13131336   TERMINATED   False      True       True            False      True       True         False                True        True                   4           32.9982    0.0503158   0.994681     0.94131  │
│ bohb_train_8fbeff26   TERMINATED   False      True       True            False      True       True         False                True        True                   1            8.65158   0.057314    0.99928      0.907961 │
│ bohb_train_e52988ac   TERMINATED   False      True       True            False      True       True         False                True        True                   2           18.2994    0.0504333   0.994768     0.941354 │
│ bohb_train_e9593ea7   TERMINATED   False      False      False           True       True       False        True                 True        False                  4           36.2087    0.0637157   0.988431     0.943273 │
│ bohb_train_9f43117b   TERMINATED   False      True       True            False      True       True         False                True        True                   1            8.65035   0.0567847   0.99928      0.907961 │
│ bohb_train_4936e767   TERMINATED   False      True       True            False      True       True         False                True        True                   4           34.1614    0.0510126   0.99433      0.946227 │
│ bohb_train_4023f9c6   TERMINATED   False      True       True            False      True       True         False                True        True                   2           16.3654    0.0756125   0.998876     0.917945 │
│ bohb_train_7123a8ad   TERMINATED   False      True       True            False      True       True         False                True        True                   4           32.1679    0.0510353   0.993715     0.94592  │
│ bohb_train_d186f4cf   TERMINATED   False      False      False           False      False      False        False                True        True                   4           16.215     0.413502    0.899652     0.929367 │
│ bohb_train_31a4b1cf   TERMINATED   False      True       True            False      False      True         True                 True        True                   4           26.0853    2.8424      0.00172045   0.5      │
│ bohb_train_6dab2829   TERMINATED   False      True       False           True       True       False        True                 False       False                  4           42.1583    0.0773659   0.999245     0.907943 │
│ bohb_train_d2f24cff   TERMINATED   False      False      True            False      False      True         False                True        True                   1            4.78265   0.424232    0.999263     0.867206 │
│ bohb_train_26b34e81   TERMINATED   False      False      False           False      False      False        True                 False       True                   2           11.4456    0.0536741   0.998525     0.933049 │
│ bohb_train_c49e5991   TERMINATED   False      False      False           True       True       True         True                 True        True                   4           33.1033    0.227851    0.917752     0.933339 │
│ bohb_train_d0e85e11   TERMINATED   False      False      False           True       True       True         True                 True        True                   1            8.40171   0.111317    0.995752     0.941846 │
│ bohb_train_04cc341a   TERMINATED   False      True       True            False      True       True         False                True        True                   2           16.3254    0.0525844   0.99907      0.918042 │
│ bohb_train_9f604791   TERMINATED   False      True       True            False      True       True         False                True        True                   4           34.4067    0.075326    0.989958     0.944038 │
│ bohb_train_062fcf94   TERMINATED   False      True       True            False      True       True         False                True        True                   4           32.6182    0.123746    0.984972     0.941541 │
│ bohb_train_e4d7cc2a   TERMINATED   False      True       True            False      True       True         False                True        True                   4           33.0001    0.0642862   0.987114     0.942613 │
│ bohb_train_19dac198   TERMINATED   False      True       True            False      False      True         False                True        True                   4           25.9885    0.140279    0.973948     0.946205 │
│ bohb_train_5f5b29e4   TERMINATED   False      False      True            False      True       True         False                False       True                   4           20.828     0.0703764   0.996875     0.942409 │
│ bohb_train_43630735   TERMINATED   True       False      True            True       False      False        False                False       False                  1            8.5019    0.116076    0.992486     0.909651 │
│ bohb_train_d2c29808   TERMINATED   False      True       True            False      True       True         False                True        True                   4           35.1922    0.115755    0.975141     0.951896 │
│ bohb_train_6cc0dddb   TERMINATED   False      True       True            False      True       True         False                True        True                   2           18.2942    0.0476122   0.996331     0.937043 │
│ bohb_train_692ad1a5   TERMINATED   True       True       False           True       True       False        True                 True        True                   1           15.3931    0.0783379   0.999052     0.851821 │
│ bohb_train_314a0d1e   TERMINATED   False      True       True            False      True       True         False                True        True                   4           34.4902    0.0523114   0.995681     0.946904 │
│ bohb_train_7010937d   TERMINATED   False      True       True            False      True       True         False                True        True                   4           34.2274    0.265283    0.936361     0.932473 │
│ bohb_train_ab3dace8   TERMINATED   False      True       True            False      True       True         False                True        True                   2           16.1116    0.109924    0.99928      0.907961 │
│ bohb_train_90ebb1dc   TERMINATED   True       True       False           False      True       False        True                 True        True                   4           44.2505    0.0702011   0.99928      0.907961 │
│ bohb_train_f3086083   TERMINATED   True       False      True            False      False      False        True                 True        True                   4           28.1068    0.259403    0.99828      0.5      │
│ bohb_train_0ec743d6   TERMINATED   False      True       True            False      True       True         False                True        True                   4           32.6788    0.138144    0.986728     0.94242  │
│ bohb_train_cefa3462   TERMINATED   False      False      False           False      False      True         True                 False       True                   4           21.9223    0.0661902   0.994277     0.946201 │
│ bohb_train_bd97453e   TERMINATED   True       False      True            False      True       False        False                True        False                  1            7.92731   0.0699467   0.99928      0.907961 │
│ bohb_train_ed8f1b2f   TERMINATED   True       True       False           False      False      True         False                True        True                   1            7.56838   0.0935948   0.998947     0.91798  │
│ bohb_train_b79885f0   TERMINATED   False      True       True            True       True       True         False                True        True                   2           24.9062    0.0545263   0.995787     0.931677 │
│ bohb_train_69b68e40   TERMINATED   True       False      False           True       True       True         True                 True        False                  4           49.0483    0.0483092   0.998596     0.927991 │
│ bohb_train_bfacf36e   TERMINATED   False      False      True            True       False      True         False                False       True                   2           11.62      0.0542357   0.999263     0.918139 │
│ bohb_train_369e9cc7   TERMINATED   False      True       True            False      True       True         False                True        True                   4           32.2693    0.143197    0.985464     0.94688  │
│ bohb_train_35ba62e7   TERMINATED   False      True       False           True       False      False        True                 False       False                  4           39.6468    0.0669273   0.993961     0.940949 │
│ bohb_train_7ca3cd57   TERMINATED   True       False      True            False      True       False        False                False       False                  4           30.2078    0.231437    0.99828      0.5      │
│ bohb_train_17335a9a   TERMINATED   False      True       True            False      True       True         False                True        True                   4           32.525     0.114707    0.97393      0.941103 │
│ bohb_train_e28daa30   TERMINATED   False      True       True            False      True       True         False                True        True                   1            8.24421   0.0644597   0.99928      0.907961 │
│ bohb_train_8d92f4fa   TERMINATED   True       False      True            False      False      False        False                False       False                  2           13.5639    0.461195    0.99921      0.918112 │
│ bohb_train_6be612f7   TERMINATED   True       True       False           False      True       False        False                True        True                   1           10.3269    0.248952    0.99828      0.5      │
│ bohb_train_13427285   TERMINATED   False      True       True            False      True       True         False                True        True                   4           34.8292    0.0531413   0.994452     0.946289 │
│ bohb_train_f90ece13   TERMINATED   False      True       True            False      True       True         False                True        True                   4           33.1533    0.145398    0.976616     0.942449 │
│ bohb_train_aae5755f   TERMINATED   False      True       True            False      True       True         False                True        True                   4           34.5949    0.05434     0.991907     0.945014 │
│ bohb_train_067645cf   TERMINATED   False      True       False           False      False      False        True                 False       True                   2           14.8614    0.0735569   0.989326     0.938628 │
│ bohb_train_35e5ff6f   TERMINATED   False      True       True            False      True       True         False                True        True                   4           33.3694    0.0584398   0.988571     0.948437 │
│ bohb_train_12781e34   TERMINATED   False      True       True            False      True       True         False                True        True                   4           32.7061    0.0675298   0.986359     0.942235 │
│ bohb_train_3a6224bb   TERMINATED   False      False      True            True       False      False        False                True        True                   4           29.9994    0.0621743   0.992837     0.940387 │
│ bohb_train_f2c9057e   TERMINATED   False      True       True            False      True       True         False                True        True                   1            8.47351   0.109493    0.99828      0.5      │
│ bohb_train_ff8d553e   TERMINATED   False      True       True            False      True       True         False                True        True                   4           35.1251    0.0550182   0.991696     0.944908 │
│ bohb_train_c62ad9a6   TERMINATED   False      False      False           True       True       False        False                True        False                  1            8.25492   0.0555512   0.999263     0.907952 │
│ bohb_train_104929b1   TERMINATED   False      True       True            False      True       True         False                True        True                   2           17.2016    0.0482721   0.995927     0.941934 │
│ bohb_train_464102ee   TERMINATED   False      False      True            True       True       False        False                False       False                  2           12.4561    0.0547351   0.998806     0.907724 │
│ bohb_train_2fdabe75   TERMINATED   False      True       True            False      True       True         False                True        True                   4           35.352     0.0508799   0.996348     0.942145 │
│ bohb_train_0b7b7ae2   TERMINATED   True       False      False           True       True       True         False                False       True                   4           38.8161    0.0603564   0.99777      0.937764 │
│ bohb_train_659c9f81   TERMINATED   False      True       False           False      False      True         False                False       True                   4           23.4443    0.127743    0.999263     0.897766 │
│ bohb_train_328d8371   TERMINATED   False      True       True            False      True       True         False                True        True                   4           32.9859    0.0618437   0.98973      0.943924 │
│ bohb_train_1eb38647   TERMINATED   False      True       True            False      True       True         False                True        True                   4           33.3293    0.111526    0.979811     0.954235 │
│ bohb_train_ec06f514   TERMINATED   False      True       True            False      True       True         False                True        True                   2           17.6049    0.0537325   0.993487     0.940712 │
│ bohb_train_12026893   TERMINATED   True       False      True            False      False      True         True                 True        True                   1            7.31601   0.0482742   0.998929     0.917972 │
│ bohb_train_ab6d2d96   TERMINATED   False      True       True            False      True       True         False                True        True                   4           35.6938    0.0617835   0.988729     0.943422 │
│ bohb_train_6448b12d   TERMINATED   False      True       False           True       True       True         True                 True        False                  1           12.1937    0.10351     0.99828      0.5      │
│ bohb_train_59a66b8a   TERMINATED   False      False      True            False      True       False        True                 False       False                  2           11.5372    0.0737757   0.99928      0.907961 │
│ bohb_train_ae25b90d   TERMINATED   True       True       False           True       False      True         False                False       False                  4           42.4263    0.0509484   0.99856      0.93816  │
│ bohb_train_63c82df3   TERMINATED   False      True       True            False      True       True         False                True        True                   4           32.5961    0.0571532   0.991644     0.944882 │
│ bohb_train_be8e3001   TERMINATED   False      True       True            False      True       True         False                True        True                   4           32.2073    0.29923     0.954584     0.9416   │
│ bohb_train_ce2f98e0   TERMINATED   False      True       True            False      True       True         False                True        True                   4           32.6052    0.119859    0.990906     0.944513 │
│ bohb_train_e17048e9   TERMINATED   False      True       True            False      True       True         False                True        True                   4           32.9002    0.202451    0.967031     0.947834 │
│ bohb_train_2b89b39c   TERMINATED   True       False      False           True       False      True         False                True        False                  1           10.0077    0.103021    0.997999     0.897133 │
│ bohb_train_46bed81e   TERMINATED   False      True       True            False      True       True         False                True        True                   4           35.5603    0.0546444   0.992697     0.94541  │
│ bohb_train_9aaefaa4   TERMINATED   False      True       True            False      True       True         False                True        True                   1            8.28674   0.114656    0.99828      0.5      │
│ bohb_train_c379dd7e   TERMINATED   True       False      False           False      False      True         True                 False       True                   2           13.8541    0.0574392   0.995348     0.941644 │
│ bohb_train_7dc88b80   TERMINATED   False      True       True            False      True       True         False                True        True                   4           34.8764    0.0600386   0.990204     0.944161 │
│ bohb_train_b4280130   TERMINATED   False      True       True            False      True       True         False                True        True                   4           34.5346    0.0478913   0.997419     0.937588 │
│ bohb_train_58ff4ec3   TERMINATED   True       False      False           True       True       False        False                False       True                   2           18.936     0.0624765   0.997595     0.91221  │
│ bohb_train_9750a33c   TERMINATED   False      True       False           False      True       False        True                 False       True                   4           32.4414    0.0554182   0.99454      0.946333 │
│ bohb_train_dd503356   TERMINATED   True       False      True            True       False      False        False                True        True                   4           39.0739    0.133528    0.977792     0.912478 │
│ bohb_train_b77098f4   TERMINATED   False      True       True            False      True       True         False                True        True                   4           33.0096    0.0584398   0.988571     0.948437 │
│ bohb_train_88f1c2a0   TERMINATED   False      True       True            False      True       True         False                True        True                   4           36.282     0.0559873   0.998332     0.938046 │
│ bohb_train_063de64d   TERMINATED   False      True       False           True       True       False        True                 False       True                   1           10.755     0.139769    0.956603     0.906958 │
│ bohb_train_85fdad94   TERMINATED   True       True       True            True       True       True         True                 False       True                   1           14.776     0.0584929   0.995734     0.921465 │
│ bohb_train_c985f93e   TERMINATED   False      True       True            False      True       True         True                 True        True                   2           21.9023    0.0640154   0.999034     0.918024 │
│ bohb_train_7636a635   TERMINATED   False      True       False           True       True       True         False                True        True                   4           49.6144    0.0550117   0.99203      0.945076 │
│ bohb_train_874c7af9   TERMINATED   False      True       True            False      True       True         True                 True        True                   4           36.0133    0.058951    0.989379     0.948841 │
│ bohb_train_dfdec345   TERMINATED   False      True       True            True       True       True         True                 False       True                   2           24.0222    0.0849483   0.99928      0.907961 │
│ bohb_train_bce4e237   TERMINATED   False      True       True            False      True       True         True                 True        True                   4           33.391     0.0510923   0.992855     0.950582 │
│ bohb_train_3a2ae2e4   TERMINATED   False      True       True            False      False      True         False                True        False                  4           25.195     0.205509    0.99117      0.939551 │
│ bohb_train_efca6e53   TERMINATED   False      True       True            True       False      True         True                 True        True                   4           43.9568    0.0740092   0.993417     0.935584 │
│ bohb_train_06107d5d   TERMINATED   False      True       True            False      True       True         True                 True        True                   1            8.39612   0.0491253   0.997683     0.932627 │
│ bohb_train_e2e82ad1   TERMINATED   False      False      False           False      False      False        True                 True        False                  4           21.2576    0.717036    0.837418     0.893103 │
│ bohb_train_838ed763   TERMINATED   False      True       True            False      True       True         True                 True        True                   1            9.19793   0.183025    0.999245     0.897757 │
│ bohb_train_c046cec1   TERMINATED   False      True       True            False      True       True         True                 True        True                   2           18.4028    0.0501971   0.996384     0.942163 │
│ bohb_train_4715279f   TERMINATED   False      True       True            False      True       True         True                 True        True                   4           37.4008    0.0458046   0.998859     0.92303  │
│ bohb_train_332f8085   TERMINATED   True       False      True            True       True       True         False                False       True                   2           20.2176    0.0675073   0.999263     0.907952 │
│ bohb_train_b68ad7f6   TERMINATED   False      True       True            False      True       True         True                 True        True                   4           36.1072    0.0964543   0.991275     0.939604 │
│ bohb_train_bb61f649   TERMINATED   True       False      False           True       True       True         True                 False       False                  4           38.5756    0.0513133   0.996945     0.942444 │
│ bohb_train_bca358cf   TERMINATED   False      True       True            False      True       True         True                 True        True                   4           40.7304    0.123034    0.998473     0.938116 │
│ bohb_train_cc376926   TERMINATED   False      False      True            True       False      False        True                 True        True                   4           37.5595    0.0595564   0.99835      0.943148 │
│ bohb_train_56aab0c0   TERMINATED   False      True       True            False      True       True         True                 True        True                   2           20.5514    0.0486481   0.996278     0.94211  │
│ bohb_train_57bf2e21   TERMINATED   False      True       True            False      True       True         True                 True        True                   4           36.9277    0.0562668   0.993399     0.945761 │
│ bohb_train_034b7cbd   TERMINATED   False      True       True            True       True       True         True                 True        True                   1           13.3564    0.0574917   0.99928      0.902868 │
│ bohb_train_bc53b870   TERMINATED   True       False      False           False      False      True         True                 True        False                  1            6.31816   0.193256    0.999298     0.90797  │
│ bohb_train_369f2586   TERMINATED   False      True       True            False      True       True         True                 True        True                   2           17.0236    0.0486161   0.999245     0.91813  │
│ bohb_train_d52f9095   TERMINATED   False      True       True            False      True       True         True                 True        True                   4           36.3506    0.0612      0.991837     0.944979 │
│ bohb_train_3814ec0d   TERMINATED   False      False      True            False      False      False        False                False       True                   4           18.5206    0.275942    0.997858     0.937808 │
│ bohb_train_3a09e948   TERMINATED   False      True       True            False      True       True         True                 True        True                   4           39.1108    0.0649597   0.990854     0.944486 │
│ bohb_train_25d3620c   TERMINATED   False      True       True            False      True       True         True                 True        True                   4           33.241     0.051414    0.993136     0.945629 │
│ bohb_train_aae2631f   TERMINATED   False      True       True            False      True       True         True                 True        True                   4           39.3156    0.332328    0.979337     0.938718 │
│ bohb_train_e4b33521   TERMINATED   False      True       True            False      True       True         True                 True        True                   4           36.4625    0.0507642   0.994698     0.941319 │
│ bohb_train_82d6d8c8   TERMINATED   True       False      True            False      False      False        False                False       True                   1            6.70206   0.249226    0.99828      0.5      │
│ bohb_train_0e8c5c8b   TERMINATED   True       True       False           True       False      True         False                False       False                  1           10.377     0.0990715   0.98506      0.905932 │
│ bohb_train_61b80cbe   TERMINATED   False      True       True            False      True       True         True                 True        True                   2           17.5479    0.0715186   0.998771     0.933172 │
│ bohb_train_8469b7bf   TERMINATED   False      True       True            False      True       True         True                 True        True                   4           35.1615    0.063681    0.992995     0.940466 │
│ bohb_train_50a11d89   TERMINATED   False      True       True            False      True       True         True                 True        True                   4           40.7263    0.0571147   0.992802     0.945462 │
│ bohb_train_9e101c97   TERMINATED   True       True       True            False      True       True         True                 True        False                  2           23.6488    0.109696    0.999228     0.862095 │
│ bohb_train_b3facc98   TERMINATED   False      True       True            False      True       True         True                 True        True                   4           39.5422    0.587696    0.803237     0.881076 │
│ bohb_train_426c2560   TERMINATED   False      True       True            False      True       True         True                 True        True                   4           36.4099    0.120076    0.99045      0.949377 │
│ bohb_train_5751a068   TERMINATED   False      True       True            False      True       True         True                 True        True                   4           33.571     0.0877353   0.999175     0.918095 │
│ bohb_train_5203c2f1   TERMINATED   False      True       True            False      True       True         True                 True        True                   1           10.4669    0.0464658   0.99907      0.918042 │
│ bohb_train_5e17623f   TERMINATED   False      True       True            False      True       True         False                True        True                   4           35.6471    0.0513107   0.994259     0.946192 │
│ bohb_train_1b8447a5   TERMINATED   False      True       True            False      True       True         False                True        True                   1            8.79377   0.0486931   0.99914      0.907891 │
│ bohb_train_665804ad   TERMINATED   False      True       True            False      True       True         False                True        True                   2           16.7828    0.0474776   0.99691      0.937333 │
│ bohb_train_b3beb9a8   TERMINATED   False      True       True            False      True       True         False                True        True                   4           35.0437    0.0510126   0.99433      0.946227 │
│ bohb_train_3f22857e   TERMINATED   False      True       True            False      True       True         False                True        True                   4           32.9439    0.09053     0.987834     0.948067 │
│ bohb_train_593e3ae9   TERMINATED   False      False      True            False      False      False        True                 False       False                  2            9.25844   0.0993229   0.997261     0.937509 │
│ bohb_train_11171778   TERMINATED   False      True       False           True       False      False        True                 False       False                  4           31.8147    0.0501374   0.998683     0.922942 │
│ bohb_train_980a80b7   TERMINATED   False      True       True            False      True       True         False                True        True                   4           32.1279    0.268591    0.933956     0.931268 │
│ bohb_train_42dd5378   TERMINATED   False      True       True            True       True       True         False                False       True                   4           42.4458    0.0584438   0.994452     0.941196 │
│ bohb_train_29183b36   TERMINATED   True       True       True            False      False      True         False                False       True                   1            8.1539    0.122582    0.999052     0.790702 │
│ bohb_train_86e36562   TERMINATED   False      True       True            False      True       True         False                True        True                   4           35.0398    0.0520473   0.992592     0.945357 │
│ bohb_train_ed5c7dc9   TERMINATED   True       True       False           False      False      True         True                 True        False                  1            7.81385   0.065742    0.993329     0.915167 │
│ bohb_train_891b827f   TERMINATED   False      True       True            False      True       True         False                True        True                   2           16.4765    0.120082    0.992662     0.945392 │
│ bohb_train_b81c04f9   TERMINATED   True       True       True            False      True       False        False                True        False                  2           20.5847    0.0728191   0.99928      0.907961 │
│ bohb_train_437e6fa2   TERMINATED   True       True       False           False      False      True         False                False       True                   4           29.9344    0.0506752   0.996647     0.942295 │
│ bohb_train_fe25a5d6   TERMINATED   True       True       True            False      True       True         True                 True        True                   4           42.3544    0.0562723   0.990134     0.944126 │
│ bohb_train_c8179747   TERMINATED   False      True       True            False      True       True         False                True        True                   4           32.7808    0.0670071   0.984428     0.956548 │
│ bohb_train_bc4504c7   TERMINATED   False      True       True            False      True       True         False                True        True                   4           32.7815    0.0482489   0.996032     0.94708  │
│ bohb_train_4531d81f   TERMINATED   False      True       True            False      True       True         False                True        True                   4           32.9626    0.0534225   0.991661     0.949984 │
│ bohb_train_be33ed49   TERMINATED   False      True       True            False      True       True         False                True        True                   1            8.86698   0.0466153   0.997928     0.93275  │
│ bohb_train_fc67096b   TERMINATED   False      True       True            False      True       True         False                True        True                   1            8.73453   0.0486931   0.99914      0.907891 │
│ bohb_train_1f69e89d   TERMINATED   True       False      False           False      True       True         False                True        False                  2           16.1335    0.0576642   0.995734     0.946931 │
│ bohb_train_d8640469   TERMINATED   False      True       True            False      True       True         False                True        True                   4           34.4598    0.15473     0.969383     0.949012 │
│ bohb_train_f5e72e4f   TERMINATED   False      False      True            False      False      False        False                False       False                  4           19.5509    0.376162    0.998244     0.927815 │
│ bohb_train_4167720b   TERMINATED   False      True       True            False      True       True         False                True        True                   2           16.6611    0.0756572   0.998157     0.943051 │
│ bohb_train_1815866c   TERMINATED   False      True       True            False      True       True         False                True        True                   4           32.8353    0.0847178   0.987799     0.94805  │
│ bohb_train_a0c87326   TERMINATED   False      True       True            False      True       True         False                True        True                   4           31.7753    0.769876    0.289877     0.644327 │
│ bohb_train_78a0e7bd   TERMINATED   False      False      True            False      False      False        True                 False       True                   4           20.9943    0.13804     0.997841     0.937799 │
│ bohb_train_cd130fac   TERMINATED   False      True       False           False      False      False        True                 True        False                  4           27.0615    0.0725437   0.998438     0.938098 │
│ bohb_train_0f62cc6f   TERMINATED   False      True       True            False      True       True         False                True        True                   4           35.9436    0.057414    0.990064     0.949184 │
│ bohb_train_d4fd5162   TERMINATED   False      True       True            False      False      True         False                True        True                   2           13.7374    0.0682348   0.993487     0.940712 │
│ bohb_train_62757057   TERMINATED   True       False      False           True       True       False        True                 False       False                  1            9.82674   0.0587478   0.99835      0.912588 │
│ bohb_train_46aa563e   TERMINATED   False      True       True            False      True       True         False                True        True                   1            8.35984   0.0686236   0.999263     0.897766 │
│ bohb_train_b9a5f9d8   TERMINATED   False      True       True            False      True       True         False                True        True                   2           16.6465    0.0467367   0.998086     0.922643 │
│ bohb_train_281dd982   TERMINATED   False      True       True            False      True       True         False                True        True                   4           33.8958    0.0896163   0.990889     0.944504 │
│ bohb_train_50ae7e8b   TERMINATED   False      True       True            False      True       True         False                True        True                   4           33.6165    0.0615593   0.989309     0.943713 │
│ bohb_train_d8e2fd1f   TERMINATED   False      True       True            False      True       True         False                True        True                   4           32.327     0.123587    0.990467     0.944293 │
│ bohb_train_ccd268da   TERMINATED   False      True       True            False      True       True         False                True        True                   4           33.1356    0.0612378   0.991889     0.945005 │
│ bohb_train_020265c5   TERMINATED   False      True       True            False      True       True         False                True        True                   4           33.0256    0.0533675   0.992785     0.945454 │
│ bohb_train_4097ff96   TERMINATED   False      False      False           True       True       False        True                 True        True                   4           33.9617    0.0522115   0.993294     0.945709 │
│ bohb_train_9c25a4fd   TERMINATED   True       False      False           False      True       False        False                False       True                   1            7.69747   0.0699395   0.99928      0.907961 │
│ bohb_train_bc8f1298   TERMINATED   False      True       True            False      True       True         False                True        True                   1            8.922     0.0517032   0.999298     0.90797  │
│ bohb_train_c24f676e   TERMINATED   False      True       True            False      False      True         False                True        False                  2           13.2555    1.06967     0.577736     0.783411 │
│ bohb_train_925a9fae   TERMINATED   False      True       True            False      True       True         False                True        True                   4           33.9708    0.0565717   0.9898       0.949052 │
│ bohb_train_bfbaa280   TERMINATED   False      True       True            False      True       True         False                True        True                   4           34.1857    0.0600386   0.990204     0.944161 │
│ bohb_train_762d16dd   TERMINATED   False      True       True            False      True       True         False                True        True                   2           16.0714    0.0888375   0.99928      0.907961 │
│ bohb_train_7ad1cbc2   TERMINATED   True       False      True            True       False      False        True                 False       True                   4           38.113     0.0595399   0.99907      0.918042 │
│ bohb_train_d39b2df0   TERMINATED   False      True       False           False      False      False        False                False       True                   4           22.6115    0.207551    0.9967       0.932135 │
│ bohb_train_16cdfc0a   TERMINATED   False      True       False           False      True       False        False                True        False                  4           29.6915    0.0707487   0.99928      0.907961 │
│ bohb_train_42993cb8   TERMINATED   False      True       True            False      True       True         False                True        True                   4           35.908     0.0547568   0.99591      0.947019 │
│ bohb_train_59eed483   TERMINATED   False      True       True            False      True       True         False                True        True                   1            8.11106   0.147038    0.99828      0.5      │
│ bohb_train_94a16e6b   TERMINATED   False      True       True            False      True       True         False                True        True                   2           17.5704    0.0525628   0.992855     0.940396 │
│ bohb_train_aeef3f0b   TERMINATED   False      True       True            False      True       True         False                True        True                   1            8.60391   0.149402    0.99828      0.5      │
│ bohb_train_650bc6f5   TERMINATED   True       False      False           False      True       True         True                 True        True                   2           17.3       0.250743    0.999298     0.90797  │
│ bohb_train_49e1feaf   TERMINATED   False      True       True            False      True       True         False                True        True                   4           34.2557    0.398168    0.892648     0.910579 │
│ bohb_train_a98a5afe   TERMINATED   True       False      True            True       True       False        True                 False       True                   4           46.5308    0.0580338   0.99921      0.918112 │
│ bohb_train_3a2a183e   TERMINATED   False      True       True            False      True       True         False                True        True                   4           33.2707    0.0511869   0.993575     0.940756 │
│ bohb_train_09ca8501   TERMINATED   False      True       True            False      True       True         False                True        True                   4           32.887     0.0628605   0.985201     0.946748 │
│ bohb_train_b19e083e   TERMINATED   False      True       True            True       False      False        False                False       False                  4           33.0632    0.0539154   0.997981     0.932777 │
│ bohb_train_7215dff9   TERMINATED   False      True       True            False      True       True         False                True        True                   4           36.1531    0.0535844   0.993171     0.945647 │
│ bohb_train_b6a920f3   TERMINATED   False      True       True            False      True       True         False                True        True                   2           18.2023    0.0590062   0.99828      0.938019 │
│ bohb_train_3a1f4359   TERMINATED   False      True       True            True       True       True         True                 False       True                   1           11.2994    0.0641231   0.99282      0.930192 │
│ bohb_train_ff8e43a3   TERMINATED   False      True       True            False      True       True         False                True        True                   1            8.99535   0.0515905   0.998964     0.923082 │
│ bohb_train_2d362cfc   TERMINATED   False      True       True            False      True       True         False                True        True                   4           34.5515    0.0532316   0.994347     0.946236 │
│ bohb_train_c91da71f   TERMINATED   False      True       True            False      True       True         False                True        True                   4           33.4343    0.141033    0.983463     0.945878 │
│ bohb_train_ff81e428   TERMINATED   False      True       True            False      True       True         False                True        True                   2           16.3416    0.207306    0.995699     0.94182  │
│ bohb_train_89a3b206   TERMINATED   False      True       True            False      True       True         False                True        True                   4           33.5797    0.0473045   0.996893     0.937325 │
│ bohb_train_c0e8ad6d   TERMINATED   False      True       True            False      True       False        True                 False       True                   4           33.3829    0.0551315   0.996577     0.947353 │
│ bohb_train_c2db7780   TERMINATED   False      False      False           False      True       True         True                 False       False                  4           21.8074    0.141797    0.99605      0.947089 │
│ bohb_train_7c7849f1   TERMINATED   True       True       False           False      True       True         True                 False       False                  4           41.6789    0.0572334   0.99454      0.946333 │
│ bohb_train_15c51ab0   TERMINATED   False      False      True            True       True       False        True                 True        False                  1            9.97629   0.0692436   0.994874     0.905754 │
│ bohb_train_33a65794   TERMINATED   False      True       True            False      True       True         False                True        True                   1            8.77658   0.166421    0.99828      0.5      │
│ bohb_train_fb0c9cb9   TERMINATED   False      True       True            False      True       True         False                True        True                   2           17.0481    0.050464    0.999192     0.907917 │
│ bohb_train_69586b7c   TERMINATED   False      False      True            True       True       True         True                 False       False                  4           31.6274    0.0678494   0.996945     0.942444 │
│ bohb_train_03238382   TERMINATED   True       True       False           False      True       False        False                True        True                   4           41.1973    0.093727    0.989379     0.943748 │
│ bohb_train_f77b3652   TERMINATED   True       True       True            False      True       False        True                 True        True                   2           21.4978    0.0738061   0.99928      0.907961 │
│ bohb_train_b3e7dcb1   TERMINATED   True       True       True            False      True       False        False                True        False                  4           39.8176    0.0699684   0.99928      0.907961 │
│ bohb_train_0885509a   TERMINATED   False      True       True            False      True       True         False                True        True                   4           32.159     0.126922    0.985762     0.941936 │
│ bohb_train_1983d648   TERMINATED   False      True       True            False      True       True         False                True        True                   4           33.0128    0.0608166   0.990292     0.944205 │
│ bohb_train_ce38a798   TERMINATED   False      True       True            False      True       True         False                True        True                   2           18.2251    0.0524352   0.993294     0.940615 │
│ bohb_train_03c7ebba   TERMINATED   False      True       True            False      True       True         False                True        True                   4           35.1948    0.0462721   0.996278     0.947203 │
│ bohb_train_14b66a1d   TERMINATED   False      True       True            False      True       True         False                True        True                   1            8.53754   0.0482948   0.999298     0.913063 │
│ bohb_train_64225347   TERMINATED   False      True       True            False      True       True         False                True        True                   1            8.72612   0.154218    0.99828      0.5      │
│ bohb_train_689c73ba   TERMINATED   False      True       True            False      True       True         False                True        True                   4           35.2156    0.0532316   0.994347     0.946236 │
│ bohb_train_0d4c2ddb   TERMINATED   False      True       True            False      True       True         False                True        True                   4           35.0488    0.0461446   0.997086     0.942515 │
│ bohb_train_71519e12   TERMINATED   True       False      True            True       False      False        False                True        True                   2           20.3214    0.0816204   0.998648     0.922924 │
│ bohb_train_622a26d2   TERMINATED   False      True       True            False      True       True         False                True        True                   4           33.1295    0.0503158   0.994681     0.94131  │
│ bohb_train_63d8393c   TERMINATED   False      True       True            False      True       True         False                True        True                   4           32.0436    0.581507    0.726291     0.852723 │
│ bohb_train_e40c2aad   TERMINATED   False      True       False           False      False      False        False                True        True                   4           23.9197    0.0651285   0.998859     0.92303  │
│ bohb_train_b630c756   TERMINATED   True       True       True            False      True       False        True                 True        True                   1           11.3346    0.0775158   0.999228     0.892655 │
│ bohb_train_793e2f1b   TERMINATED   False      True       True            False      True       True         False                True        True                   2           18.0852    0.0539684   0.993188     0.940563 │
│ bohb_train_4a81acc2   TERMINATED   False      True       True            True       True       False        True                 False       False                  1           10.8026    0.0731662   0.999034     0.907838 │
│ bohb_train_8a901a23   TERMINATED   False      True       True            False      True       True         False                True        True                   4           34.949     0.0518897   0.994768     0.941354 │
│ bohb_train_093f9823   TERMINATED   False      True       True            False      True       False        True                 True        False                  2           17.0412    0.0778972   0.999263     0.902859 │
│ bohb_train_fcca3788   TERMINATED   False      True       True            False      True       True         False                True        True                   4           33.6682    0.257933    0.973544     0.94091  │
│ bohb_train_495cad16   TERMINATED   True       True       False           False      False      False        True                 False       True                   4           29.1122    0.0511728   0.995874     0.941908 │
│ bohb_train_5e9f276b   TERMINATED   False      True       True            False      True       True         False                True        True                   4           32.1406    0.324132    0.925389     0.926977 │
│ bohb_train_01971f89   TERMINATED   False      False      True            False      True       False        False                False       False                  4           20.6651    0.0588846   0.99756      0.947845 │
│ bohb_train_efb300e4   TERMINATED   False      True       True            False      True       True         False                True        True                   4           32.7459    0.364654    0.919947     0.924252 │
│ bohb_train_ca3f18cf   TERMINATED   False      True       True            False      True       True         False                True        True                   4           36.0488    0.0536897   0.996542     0.947335 │
│ bohb_train_14adf326   TERMINATED   False      True       True            False      True       True         False                True        True                   2           17.8274    0.0538304   0.999298     0.913063 │
│ bohb_train_1b584214   TERMINATED   False      False      False           False      False      False        False                False       False                  1            4.67815   0.276441    0.99914      0.907891 │
│ bohb_train_053508a1   TERMINATED   False      True       True            False      True       True         False                True        True                   1            8.22596   0.113415    0.99828      0.5      │
│ bohb_train_1ad77f3c   TERMINATED   False      True       True            False      True       True         False                True        True                   2           17.3275    0.0497554   0.998947     0.923074 │
│ bohb_train_001fc78a   TERMINATED   False      False      False           False      False      True         False                False       False                  4           18.2406    0.102366    0.988835     0.943475 │
│ bohb_train_fd7b4388   TERMINATED   False      True       True            False      True       True         False                True        True                   4           32.7718    0.0647895   0.99361      0.945867 │
│ bohb_train_29464442   TERMINATED   False      True       True            False      True       True         False                True        True                   4           32.8321    0.0709799   0.984182     0.946238 │
│ bohb_train_c1066ee7   TERMINATED   True       True       True            False      True       False        False                True        True                   4           40.2237    0.070018    0.999263     0.907952 │
│ bohb_train_bad0ba8f   TERMINATED   False      True       True            False      True       True         False                True        True                   4           32.7001    0.11409     0.984042     0.946168 │
│ bohb_train_0b35192a   TERMINATED   False      True       True            False      True       True         False                True        True                   2           17.0751    0.0572779   0.99928      0.907961 │
│ bohb_train_99556e30   TERMINATED   False      True       True            False      True       True         True                 True        True                   1            8.83876   0.105838    0.99828      0.5      │
│ bohb_train_0d20bb94   TERMINATED   True       False      False           True       False      True         False                True        True                   1            9.83059   0.086716    0.999105     0.811101 │
│ bohb_train_6f0b8c99   TERMINATED   False      True       True            False      True       True         True                 True        True                   4           38.032     0.0494578   0.994698     0.941319 │
│ bohb_train_013efdb3   TERMINATED   False      True       True            False      True       True         True                 True        True                   4           35.6025    0.0542497   0.998385     0.927886 │
│ bohb_train_377da938   TERMINATED   False      True       False           True       True       True         False                True        True                   2           23.0381    0.648011    0.468523     0.72871  │
│ bohb_train_cb38d819   TERMINATED   True       True       True            True       True       True         True                 False       True                   4           54.1305    0.0495894   0.995014     0.94657  │
│ bohb_train_4c3e40b2   TERMINATED   False      True       True            False      True       True         True                 True        True                   4           35.5628    0.0521059   0.997437     0.94269  │
│ bohb_train_e048550f   TERMINATED   False      True       True            False      True       True         True                 True        True                   4           39.7448    0.0554939   0.993645     0.945884 │
│ bohb_train_0d5dff62   TERMINATED   False      True       True            False      True       True         True                 True        True                   4           36.1651    0.0619192   0.988185     0.948243 │
│ bohb_train_fbc5dd62   TERMINATED   False      True       True            True       False      False        True                 False       True                   2           18.7647    0.0737826   0.99907      0.918042 │
│ bohb_train_428e0af3   TERMINATED   False      True       True            True       True       True         True                 True        True                   1           13.4467    0.0600212   0.994259     0.920726 │
│ bohb_train_67b155f3   TERMINATED   False      False      True            True       False      True         False                False       False                  1            6.02476   0.0903695   0.992363     0.914683 │
│ bohb_train_d5e66554   TERMINATED   False      True       True            True       True       True         False                False       True                   4           42.3061    1.74372     0.00184333   0.500062 │
│ bohb_train_2b503fce   TERMINATED   False      True       True            False      True       True         False                True        True                   4           34.6614    0.0603405   0.987518     0.947909 │
│ bohb_train_35e3d9ad   TERMINATED   False      True       True            False      True       True         False                True        True                   4           34.8495    0.0508799   0.996348     0.942145 │
│ bohb_train_60253317   TERMINATED   True       False      False           True       False      True         False                True        True                   2           19.2305    0.0657584   0.998736     0.917875 │
│ bohb_train_d74327c5   TERMINATED   True       True       True            True       False      False        True                 False       False                  4           48.2386    0.0587824   0.99907      0.907856 │
│ bohb_train_b919b41f   TERMINATED   False      False      False           False      False      True         True                 False       True                   4           18.2173    0.0655412   0.994435     0.94628  │
│ bohb_train_bc471b84   TERMINATED   False      True       True            False      True       True         False                True        True                   4           33.4008    0.0534225   0.991661     0.949984 │
│ bohb_train_3adb0d46   TERMINATED   False      True       True            False      True       True         False                True        True                   4           35.7461    0.0595993   0.98987      0.943994 │
│ bohb_train_8d5f3499   TERMINATED   False      True       True            False      True       True         False                True        True                   1            8.58617   0.160032    0.99828      0.5      │
│ bohb_train_68450667   TERMINATED   False      False      True            True       False      True         True                 False       True                   1            8.7078    0.0842518   0.998051     0.922625 │
│ bohb_train_3547addd   TERMINATED   True       False      True            True       True       False        False                False       True                   2           19.7185    0.0581488   0.996454     0.921825 │
│ bohb_train_41b8f768   TERMINATED   False      True       True            False      True       True         False                True        True                   4           34.9684    0.0508799   0.996348     0.942145 │
│ bohb_train_1f3177df   TERMINATED   False      True       True            False      True       True         False                True        True                   4           34.4227    0.0504816   0.994505     0.946315 │
│ bohb_train_0b294ca1   TERMINATED   True       False      True            False      False      True         True                 True        True                   2           15.4143    0.0490826   0.999034     0.923118 │
│ bohb_train_f9e4bb3f   TERMINATED   False      True       True            False      True       True         False                True        True                   4           33.1188    0.0515134   0.99368      0.945902 │
│ bohb_train_ee5616a4   TERMINATED   False      False      False           False      True       True         False                False       False                  4           20.5603    0.0480699   0.994119     0.946122 │
│ bohb_train_7b5b5cda   TERMINATED   False      True       True            False      True       True         False                True        True                   4           33.7477    0.0533675   0.992785     0.945454 │
│ bohb_train_6fb656e8   TERMINATED   False      True       True            False      True       True         False                True        True                   2           17.9574    0.0537325   0.993487     0.940712 │
│ bohb_train_ca50326c   TERMINATED   False      True       True            False      True       True         False                True        True                   1            8.52894   0.0483783   0.997928     0.93275  │
│ bohb_train_e46c05c4   TERMINATED   False      True       True            False      True       True         False                True        True                   4           35.5734    0.0617835   0.988729     0.943422 │
│ bohb_train_dbbb4dc8   TERMINATED   False      True       True            True       True       True         False                True        True                   1           12.884     0.104255    0.998701     0.637729 │
│ bohb_train_f0bfdc2c   TERMINATED   False      True       True            False      True       True         False                True        True                   4           35.319     0.0565717   0.9898       0.949052 │
│ bohb_train_a8a76180   TERMINATED   False      True       True            False      True       False        False                False       False                  2           16.2383    0.0701954   0.99928      0.907961 │
│ bohb_train_665c32f8   TERMINATED   True       True       False           True       False      False        False                True        True                   4           46.4339    0.22647     0.974351     0.926035 │
│ bohb_train_dc604977   TERMINATED   False      True       True            False      True       True         False                True        True                   4           31.9729    0.237953    0.961659     0.945144 │
│ bohb_train_fc994d8e   TERMINATED   False      False      True            True       False      False        True                 True        False                  4           29.1641    0.0601282   0.993926     0.940932 │
│ bohb_train_2bcd0ae7   TERMINATED   False      False      False           False      True       True         False                True        False                  4           20.0065    0.0649224   0.985798     0.957234 │
│ bohb_train_3b9d0d98   TERMINATED   False      True       True            False      True       True         False                True        True                   1            8.45799   0.0786002   0.999192     0.918104 │
│ bohb_train_f56ca4ef   TERMINATED   False      False      True            True       True       True         True                 False       False                  2           18.2552    0.150984    0.999245     0.897757 │
│ bohb_train_4494b25b   TERMINATED   False      True       True            False      True       True         False                True        True                   4           35.4696    0.0470067   0.99605      0.947089 │
│ bohb_train_65f23438   TERMINATED   False      True       True            True       True       True         False                True        False                  1           12.8043    0.0582623   0.995594     0.921394 │
│ bohb_train_7a3e4282   TERMINATED   False      True       True            False      True       True         False                True        True                   4           34.8603    0.0510822   0.997086     0.942515 │
│ bohb_train_283a28e0   TERMINATED   True       True       False           True       True       False        True                 True        True                   2           29.2906    0.122671    0.998244     0.499982 │
│ bohb_train_3468f579   TERMINATED   False      True       True            False      True       True         False                True        True                   4           34.2316    0.0523209   0.993645     0.945884 │
│ bohb_train_46f9a241   TERMINATED   False      True       True            False      True       True         False                True        True                   4           33.3079    0.0592513   0.988571     0.948437 │
│ bohb_train_22a4b1a4   TERMINATED   False      True       False           False      False      False        False                True        False                  4           22.6268    0.9868      0.834504     0.896736 │
│ bohb_train_628317b1   TERMINATED   False      False      False           True       True       True         True                 True        False                  4           31.3144    0.153693    0.951792     0.950388 │
│ bohb_train_d35b809a   TERMINATED   True       True       True            True       False      True         True                 True        False                  4           53.0138    0.105153    0.990555     0.944337 │
│ bohb_train_d0135231   TERMINATED   False      True       True            False      True       True         False                True        True                   1            8.05005   0.104794    0.998824     0.709096 │
│ bohb_train_7a1b541f   TERMINATED   False      True       True            False      True       True         False                True        True                   2           18.0291    0.0547516   0.997928     0.937843 │
│ bohb_train_e483da68   TERMINATED   False      True       True            False      True       True         False                True        True                   1            8.81367   0.0501296   0.99928      0.907961 │
│ bohb_train_30e0c057   TERMINATED   False      True       True            False      True       True         False                True        True                   4           33.5225    0.285377    0.935957     0.932271 │
│ bohb_train_7be601fe   TERMINATED   False      False      True            False      True       True         True                 False       True                   2           10.7621    0.16226     0.99828      0.5      │
│ bohb_train_666fcbfa   TERMINATED   False      False      False           True       True       False        False                False       True                   4           24.7349    0.0608948   0.991433     0.944777 │
│ bohb_train_67146328   TERMINATED   False      True       True            False      True       True         False                True        True                   4           32.4655    0.0847178   0.987799     0.94805  │
│ bohb_train_dad2f914   TERMINATED   False      True       True            False      True       True         False                True        True                   4           33.6462    0.0591364   0.990801     0.94446  │
│ bohb_train_f9dc73c7   TERMINATED   False      True       True            False      True       True         False                True        True                   4           33.1635    0.115775    0.979829     0.949151 │
│ bohb_train_a09afb33   TERMINATED   False      True       True            False      True       True         False                True        True                   2           17.7949    0.0605286   0.998613     0.938186 │
│ bohb_train_1a37cd1f   TERMINATED   False      True       True            False      True       True         False                True        True                   1            8.87874   0.0478072   0.998666     0.922933 │
│ bohb_train_fdf863f8   TERMINATED   True       True       False           True       False      False        False                False       True                   1           10.697     0.319746    0.997841     0.49978  │
│ bohb_train_6ec5158f   TERMINATED   False      True       True            False      True       True         False                True        True                   4           34.9375    0.0547818   0.991608     0.944865 │
│ bohb_train_41b1a492   TERMINATED   False      True       True            False      True       True         False                True        True                   4           34.1722    0.124532    0.982638     0.945465 │
│ bohb_train_0a3d0e98   TERMINATED   False      True       True            False      False      False        False                False       True                   4           26.7634    0.0545292   0.998701     0.933137 │
│ bohb_train_bf82e3a3   TERMINATED   True       False      True            True       True       True         False                False       True                   2           20.1609    0.0640511   0.994242     0.920717 │
│ bohb_train_19e5371d   TERMINATED   True       True       True            True       False      False        True                 True        False                  4           55.4205    0.0621148   0.997051     0.932311 │
│ bohb_train_16cdcb4e   TERMINATED   False      True       True            False      True       True         False                True        True                   4           32.8389    0.0586818   0.989414     0.943765 │
│ bohb_train_c9a7ef95   TERMINATED   False      True       True            False      True       True         False                True        True                   4           32.0434    0.157025    0.973386     0.945924 │
│ bohb_train_1809c74a   TERMINATED   False      True       False           True       True       True         True                 False       True                   1           10.9239    0.0577143   0.998982     0.907812 │
│ bohb_train_5433d63b   TERMINATED   False      True       True            False      True       True         False                True        True                   1            8.9194    0.0478072   0.998666     0.922933 │
│ bohb_train_bc61735a   TERMINATED   False      False      False           True       True       True         True                 False       True                   2           13.519     0.0931674   0.971771     0.934929 │
│ bohb_train_e8144b00   TERMINATED   False      True       True            False      True       True         False                True        True                   4           35.5133    0.0553818   0.990309     0.944214 │
│ bohb_train_6477843c   TERMINATED   False      True       True            False      True       True         False                True        True                   2           16.696     0.0503618   0.998876     0.928132 │
│ bohb_train_fe0cc901   TERMINATED   False      False      False           True       False      False        True                 False       True                   4           22.8966    0.0557928   0.995137     0.941539 │
│ bohb_train_46ba3184   TERMINATED   False      False      True            True       True       True         True                 True        False                  4           33.5371    0.070145    0.990783     0.944451 │
│ bohb_train_70eda441   TERMINATED   False      True       True            False      True       True         False                True        True                   4           33.6614    0.0479982   0.99619      0.942066 │
│ bohb_train_6f1bda61   TERMINATED   True       True       False           True       False      False        False                True        True                   4           46.0361    0.0606592   0.994435     0.941187 │
│ bohb_train_3645a251   TERMINATED   False      True       True            False      True       True         False                True        True                   4           32.4351    0.282043    0.95325      0.940932 │
│ bohb_train_041981fc   TERMINATED   False      True       True            True       False      False        False                False       True                   2           18.1268    0.0661246   0.994786     0.910803 │
│ bohb_train_281e9ce4   TERMINATED   False      True       False           False      False      False        True                 True        False                  1            7.71038   0.0678043   0.998402     0.922801 │
│ bohb_train_4050163d   TERMINATED   False      True       True            False      True       True         False                True        True                   4           35.7466    0.0600683   0.989432     0.953961 │
│ bohb_train_e7f03754   TERMINATED   False      True       True            False      True       True         False                True        True                   1            8.51585   0.11847     0.99828      0.5      │
│ bohb_train_a81379da   TERMINATED   False      True       True            False      True       True         False                True        True                   4           34.1847    0.0976511   0.979688     0.943987 │
│ bohb_train_aa641558   TERMINATED   False      True       True            False      True       True         False                True        True                   4           33.4917    0.255417    0.943032     0.935814 │
│ bohb_train_d25e120f   TERMINATED   False      True       True            False      True       True         False                True        True                   2           16.918     0.0474461   0.996893     0.937325 │
│ bohb_train_e7edd85f   TERMINATED   False      False      False           False      True       False        False                False       False                  4           19.5027    0.0745473   0.99928      0.907961 │
│ bohb_train_5b6b3769   TERMINATED   False      True       True            False      True       True         False                True        True                   4           32.3385    0.0758204   0.981233     0.954948 │
│ bohb_train_bff297a3   TERMINATED   True       False      True            True       True       True         False                False       False                  4           39.1265    0.0503076   0.992556     0.940246 │
│ bohb_train_290ce4d5   TERMINATED   False      True       True            False      True       True         False                True        True                   1            8.51439   0.0584473   0.99928      0.907961 │
│ bohb_train_6229f983   TERMINATED   True       True       True            True       False      True         False                False       True                   2           22.0823    0.132598    0.987852     0.932796 │
│ bohb_train_1503da36   TERMINATED   False      True       True            False      True       True         False                True        True                   4           34.592     0.0570979   0.993346     0.945735 │
│ bohb_train_d1fedc21   TERMINATED   True       False      False           True       True       False        False                False       True                   1            9.76697   0.174387    0.979899     0.506074 │
│ bohb_train_3da2b88c   TERMINATED   False      True       True            False      True       True         False                True        True                   4           34.5841    0.0601394   0.990151     0.944135 │
│ bohb_train_09df3aa5   TERMINATED   False      True       True            False      True       False        True                 True        False                  2           16.6041    0.071335    0.999122     0.907882 │
│ bohb_train_2f6e9a37   TERMINATED   False      True       True            False      True       True         False                True        True                   4           31.7881    0.0570573   0.992118     0.94512  │
│ bohb_train_b2a1c784   TERMINATED   False      True       True            False      True       True         False                True        True                   4           32.7308    0.0642862   0.987114     0.942613 │
│ bohb_train_f0ea2e0f   TERMINATED   False      True       True            False      True       True         False                True        True                   4           32.3869    0.0893353   0.989607     0.943862 │
│ bohb_train_cd458ef0   TERMINATED   False      True       True            False      True       True         False                True        True                   4           33.2229    0.073192    0.985534     0.941822 │
│ bohb_train_e71af0cd   TERMINATED   False      True       True            False      True       True         False                True        True                   1            8.61969   0.0895774   0.999175     0.872256 │
│ bohb_train_1dd52780   TERMINATED   True       False      False           True       False      False        False                False       True                   1            8.03065   0.838223    0.72996      0.849468 │
│ bohb_train_797461ab   TERMINATED   False      True       True            False      True       True         False                True        True                   4           36.044     0.0528904   0.993557     0.94584  │
│ bohb_train_b088ff82   TERMINATED   True       True       False           True       False      True         False                False       True                   2           20.7882    0.0488356   0.999017     0.923109 │
│ bohb_train_542dcd1a   TERMINATED   False      True       True            False      True       True         False                False       True                   4           34.8961    0.0539768   0.996542     0.942242 │
│ bohb_train_a908bfd9   TERMINATED   False      True       True            False      True       True         False                True        True                   2           16.3337    0.0965272   0.99928      0.907961 │
│ bohb_train_99e907ff   TERMINATED   False      True       True            False      True       True         False                True        True                   4           32.435     0.130867    0.980671     0.94448  │
│ bohb_train_32262731   TERMINATED   False      True       True            False      True       True         False                True        True                   4           32.4179    0.172224    0.974544     0.951598 │
│ bohb_train_dc634411   TERMINATED   False      True       True            False      True       True         False                True        True                   4           32.8853    0.0515134   0.99368      0.945902 │
│ bohb_train_36461035   TERMINATED   True       True       False           True       True       True         False                False       False                  4           51.0499    0.0922714   0.996735     0.937246 │
│ bohb_train_9e82f107   TERMINATED   False      True       True            False      True       True         False                True        True                   2           17.8764    0.0563418   0.997788     0.942866 │
│ bohb_train_7d1fee0d   TERMINATED   False      False      True            False      True       True         False                False       True                   1            5.41746   0.109468    0.999192     0.836612 │
│ bohb_train_d754035b   TERMINATED   False      True       True            False      True       True         False                True        True                   4           34.9303    0.0617835   0.988729     0.943422 │
│ bohb_train_fc028845   TERMINATED   True       False      False           False      True       False        False                False       True                   1            7.77354   0.0713645   0.999157     0.907899 │
│ bohb_train_c59b87f5   TERMINATED   False      True       True            False      True       True         False                True        True                   2           17.0892    0.050464    0.999192     0.907917 │
│ bohb_train_717c2463   TERMINATED   False      True       True            False      True       True         False                True        True                   4           35.0374    0.0531413   0.994452     0.946289 │
│ bohb_train_65fea6ca   TERMINATED   False      True       True            False      True       True         False                True        True                   4           32.5018    0.115775    0.979829     0.949151 │
│ bohb_train_91fa2a94   TERMINATED   True       True       False           False      False      False        False                True        True                   4           28.0674    0.0794146   0.980338     0.944313 │
│ bohb_train_d568fef6   TERMINATED   False      True       True            False      True       True         False                True        True                   4           33.0029    0.0867464   0.985499     0.951991 │
│ bohb_train_7234ab8b   TERMINATED   False      True       True            False      True       True         False                True        True                   4           33.9632    0.0584398   0.988571     0.948437 │
│ bohb_train_19d94052   TERMINATED   False      False      False           True       True       False        True                 False       False                  1            6.59903   0.0600311   0.998244     0.897256 │
│ bohb_train_6f83fb9a   TERMINATED   True       False      True            True       True       False        True                 True        True                   1           12.6661    0.119057    0.997893     0.89708  │
│ bohb_train_2d85805f   TERMINATED   False      True       False           False      True       False        True                 False       False                  2           17.194     0.0853561   0.999263     0.902859 │
│ bohb_train_cbf29d56   TERMINATED   False      True       False           True       True       True         False                True        True                   4           49.5897    0.0549457   0.997086     0.942515 │
│ bohb_train_1129cd12   TERMINATED   False      True       True            False      True       True         False                True        True                   2           16.635     0.0487822   0.995049     0.941495 │
│ bohb_train_f0c62cbe   TERMINATED   False      True       True            False      True       True         False                True        True                   4           34.6952    0.05434     0.991907     0.945014 │
│ bohb_train_4fe7ae2e   TERMINATED   False      False      False           True       True       True         False                True        False                  4           32.2054    0.0694735   0.994751     0.946438 │
│ bohb_train_a29dcb3d   TERMINATED   True       True       True            False      True       True         False                False       True                   4           41.8527    0.0501886   0.9944       0.941169 │
│ bohb_train_5b4b5719   TERMINATED   False      True       True            False      True       True         False                True        True                   4           32.7223    0.661206    0.585232     0.787165 │
│ bohb_train_437c37f8   TERMINATED   False      False      True            False      True       False        False                True        False                  4           21.4262    0.101529    0.961395     0.939918 │
│ bohb_train_30cd70d1   TERMINATED   False      True       True            False      True       True         False                True        True                   1            8.35619   0.105464    0.998718     0.68867  │
│ bohb_train_68b40858   TERMINATED   False      True       True            True       True       True         False                False       False                  2           22.6539    0.176723    0.978108     0.90245  │
│ bohb_train_840b0278   TERMINATED   False      True       True            False      True       True         False                True        True                   1            8.27369   0.0938744   0.999087     0.79072  │
│ bohb_train_31a4c44b   TERMINATED   False      True       False           True       True       False        False                True        True                   4           49.0455    0.0496655   0.997946     0.932759 │
│ bohb_train_dea32a8e   TERMINATED   True       False      False           True       True       True         True                 False       False                  4           41.9299    0.0574058   0.991608     0.949958 │
│ bohb_train_6e18b158   TERMINATED   False      True       True            False      False      True         False                True        True                   4           27.0618    0.672831    0.746972     0.852895 │
│ bohb_train_fa0469fc   TERMINATED   False      True       True            False      True       True         False                True        True                   2           16.2222    0.0866144   0.99921      0.918112 │
│ bohb_train_40786186   TERMINATED   True       True       False           True       False      False        False                True        True                   4           46.5312    0.069962    0.996577     0.932073 │
│ bohb_train_4f63f59e   TERMINATED   False      True       True            False      True       True         False                True        True                   4           32.9862    0.0608166   0.990292     0.944205 │
│ bohb_train_3117bbd7   TERMINATED   False      True       True            False      True       True         False                True        True                   4           32.9901    0.072398    0.984551     0.951516 │
│ bohb_train_237ced85   TERMINATED   True       False      False           False      False      False        True                 True        False                  4           24.9142    0.186195    0.990309     0.944214 │
│ bohb_train_fce7f5d4   TERMINATED   False      True       True            False      True       True         False                True        True                   1            9.09246   0.0466153   0.997928     0.93275  │
│ bohb_train_75fb9925   TERMINATED   False      True       True            False      True       True         False                True        True                   2           17.9654    0.053388    0.993487     0.940712 │
│ bohb_train_2227f82e   TERMINATED   False      True       False           False      False      True         False                True        True                   1            6.54484   0.122348    0.998982     0.917998 │
│ bohb_train_8c9d8802   TERMINATED   False      True       True            False      True       True         False                True        True                   4           34.5699    0.15473     0.969383     0.949012 │
│ bohb_train_0e1fbcce   TERMINATED   True       True       False           True       False      True         False                False       False                  4           42.8612    0.0552363   0.997068     0.937413 │
│ bohb_train_c7c48982   TERMINATED   True       True       True            True       True       False        False                True        False                  2           30.0745    0.21169     0.99828      0.5      │
│ bohb_train_5ec89c02   TERMINATED   True       True       True            False      False      False        False                True        False                  4           29.395     0.470293    0.964081     0.941264 │
│ bohb_train_65d788e8   TERMINATED   False      True       True            False      True       True         False                True        True                   4           32.9432    0.0567898   0.9898       0.949052 │
│ bohb_train_2e015082   TERMINATED   False      True       True            True       False      False        True                 True        False                  4           46.4162    0.0578901   0.996506     0.926945 │
│ bohb_train_4d896b4f   TERMINATED   True       True       False           True       False      True         False                True        True                   1           11.6609    0.11833     0.998631     0.64788  │
│ bohb_train_e3a5f47f   TERMINATED   False      True       True            False      True       True         False                True        True                   4           35.878     0.0539694   0.993013     0.945568 │
│ bohb_train_50fb2245   TERMINATED   False      True       True            False      False      True         False                True        True                   2           14.1559    0.174758    0.983902     0.941004 │
│ bohb_train_8dd3c7f2   TERMINATED   True       True       True            False      False      False        False                False       True                   1            7.64959   0.092216    0.997735     0.932653 │
│ bohb_train_60c64f86   TERMINATED   False      True       True            False      True       True         False                True        True                   4           35.5676    0.0515126   0.994066     0.946096 │
│ bohb_train_9f759899   TERMINATED   True       False      True            True       False      True         True                 True        False                  2           21.0931    0.0773643   0.994786     0.941363 │
│ bohb_train_242acd0a   TERMINATED   False      True       True            False      True       True         False                True        True                   4           32.2886    0.072398    0.984551     0.951516 │
│ bohb_train_63cbb936   TERMINATED   False      True       True            False      True       True         False                True        True                   4           33.1595    0.0552895   0.991872     0.944996 │
│ bohb_train_36b8c724   TERMINATED   False      True       True            False      True       True         False                True        True                   4           32.9918    0.0526193   0.992978     0.94555  │
│ bohb_train_5dedfa3a   TERMINATED   False      True       True            False      True       True         False                True        True                   4           33.2315    0.0618437   0.98973      0.943924 │
│ bohb_train_21707ab4   TERMINATED   True       True       True            True       True       False        False                True        False                  1           15.1256    0.0592274   0.997279     0.912052 │
│ bohb_train_2c62f1d8   TERMINATED   True       True       True            False      False      False        False                True        True                   1            7.67073   0.249991    0.99828      0.5      │
│ bohb_train_e1ac137b   TERMINATED   False      True       True            False      True       True         False                True        True                   2           18.0983    0.0473832   0.997103     0.93743  │
│ bohb_train_8db22bd2   TERMINATED   False      True       True            False      True       True         False                True        True                   4           35.0852    0.0503544   0.995857     0.946992 │
│ bohb_train_9d53ebca   TERMINATED   True       False      True            False      False      True         False                False       False                  4           25.9794    0.0464534   0.998596     0.938178 │
│ bohb_train_397d2c92   TERMINATED   False      True       True            False      True       True         False                True        True                   2           16.836     0.0481067   0.995945     0.941943 │
│ bohb_train_10c3acaa   TERMINATED   True       False      False           False      False      True         False                False       True                   4           24.6119    0.0732941   0.989063     0.948683 │
│ bohb_train_40c7d1a7   TERMINATED   False      True       True            False      True       True         False                True        True                   4           33.0126    0.0584398   0.988571     0.948437 │
│ bohb_train_98dd7a69   TERMINATED   True       True       True            True       True       True         False                True        False                  4           59.8273    0.051185    0.993206     0.945665 │
│ bohb_train_f5b0d05f   TERMINATED   False      True       True            False      True       True         False                True        True                   4           33.1736    0.0693175   0.983463     0.956064 │
│ bohb_train_1099b90d   TERMINATED   False      True       True            False      True       True         False                True        True                   1            8.76612   0.0486931   0.99914      0.907891 │
│ bohb_train_1fef5b45   TERMINATED   False      True       True            False      True       True         False                True        True                   4           35.1084    0.0516024   0.993891     0.946008 │
│ bohb_train_707382b8   TERMINATED   False      True       True            False      True       True         False                True        True                   1            8.67356   0.0467662   0.998016     0.932794 │
│ bohb_train_700b8d84   TERMINATED   False      True       True            False      True       True         False                True        True                   2           17.3116    0.0489162   0.996822     0.942383 │
│ bohb_train_c20bf743   TERMINATED   False      True       True            False      True       True         False                True        True                   2           16.4851    0.200577    0.998578     0.927982 │
│ bohb_train_7c8b0011   TERMINATED   False      True       True            False      True       True         False                True        True                   4           34.3176    0.171188    0.957849     0.943236 │
│ bohb_train_32061f12   TERMINATED   False      True       True            False      True       True         False                True        True                   4           32.9278    0.073192    0.985534     0.941822 │
│ bohb_train_9d3f695e   TERMINATED   False      True       True            False      False      True         False                True        True                   4           25.872     4.18889     0.00172045   0.5      │
│ bohb_train_e38fadc7   TERMINATED   False      True       True            False      True       True         False                True        True                   4           32.9025    0.073192    0.985534     0.941822 │
│ bohb_train_7e53a80f   TERMINATED   False      True       True            False      True       True         False                True        True                   4           33.7233    0.0628605   0.985201     0.946748 │
│ bohb_train_a6675516   TERMINATED   False      True       True            False      True       True         False                True        True                   1            8.24365   0.117228    0.99828      0.5      │
│ bohb_train_dc88a445   TERMINATED   False      False      True            True       True       False        True                 True        True                   2           18.8789    0.0588878   0.996489     0.942216 │
│ bohb_train_f09c55cb   TERMINATED   False      False      False           False      True       True         False                True        True                   4           21.1839    0.180907    0.971858     0.950252 │
│ bohb_train_ec44748e   TERMINATED   False      True       True            False      True       True         False                True        True                   1            8.62749   0.0467662   0.998016     0.932794 │
│ bohb_train_c78c902d   TERMINATED   False      True       True            True       False      False        False                True        True                   4           41.9616    0.0641011   0.99612      0.942031 │
│ bohb_train_04a26d8e   TERMINATED   False      True       True            False      False      True         False                False       True                   2           13.5927    0.051841    0.998912     0.923056 │
│ bohb_train_66038378   TERMINATED   False      True       True            False      True       True         False                True        True                   4           32.7881    0.0535104   0.992574     0.945348 │
│ bohb_train_48219b84   TERMINATED   False      True       False           False      False      True         False                True        False                  4           24.3077    0.581597    0.816105     0.887521 │
│ bohb_train_dd5e292d   TERMINATED   False      True       True            False      True       True         False                True        True                   4           33.0404    0.0660268   0.985903     0.952193 │
│ bohb_train_560f90e7   TERMINATED   False      True       True            False      True       True         False                True        True                   4           33.1143    0.0660268   0.985903     0.952193 │
│ bohb_train_bc369d9c   TERMINATED   False      False      False           False      False      False        False                True        True                   2            9.51283   0.193307    0.923668     0.926116 │
│ bohb_train_0d5ef565   TERMINATED   False      True       True            False      True       True         False                True        True                   1            8.57402   0.0475649   0.999175     0.923188 │
│ bohb_train_37010c1a   TERMINATED   False      True       True            False      True       True         False                True        True                   4           35.0708    0.0534807   0.993329     0.940633 │
│ bohb_train_9862bfd6   TERMINATED   False      True       True            False      True       True         False                True        True                   1            8.88376   0.0543825   0.99928      0.907961 │
│ bohb_train_90eb9b22   TERMINATED   False      True       True            False      True       True         False                True        True                   2           16.8141    0.17166     0.998754     0.92807  │
│ bohb_train_78cd0b47   TERMINATED   False      True       True            False      True       True         False                True        True                   4           35.1515    0.05434     0.991907     0.945014 │
│ bohb_train_4c170c25   TERMINATED   True       False      True            False      True       True         True                 True        True                   4           32.886     0.192942    0.993294     0.940615 │
│ bohb_train_4fd6c23c   TERMINATED   False      True       True            False      True       True         False                True        True                   4           32.7425    0.0510353   0.993715     0.94592  │
│ bohb_train_d3f7a3f8   TERMINATED   False      False      True            True       False      True         False                True        True                   4           30.8097    0.0592551   0.998244     0.938002 │
│ bohb_train_91e108dc   TERMINATED   True       True       True            False      False      True         False                True        True                   4           30.5082    0.0478338   0.99849      0.943218 │
│ bohb_train_46d91899   TERMINATED   False      True       True            False      True       True         False                True        True                   4           35.4799    0.0578073   0.99066      0.94439  │
│ bohb_train_319f5631   TERMINATED   False      True       True            False      False      True         True                 False       True                   1            6.75852   0.815124    0.99828      0.5      │
│ bohb_train_7bd69a34   TERMINATED   False      False      True            False      True       True         True                 True        True                   1            7.17215   0.0479087   0.998841     0.917928 │
│ bohb_train_0162cbfa   TERMINATED   False      True       True            False      True       True         False                True        True                   2           17.0465    0.0470225   0.99849      0.922845 │
│ bohb_train_270762db   TERMINATED   False      True       True            False      True       True         False                True        True                   4           34.7005    0.0591937   0.988764     0.948533 │
│ bohb_train_dda648ca   TERMINATED   False      False      False           True       False      True         True                 True        False                  2           14.1088    0.129024    0.998718     0.67339  │
│ bohb_train_e1ba845c   TERMINATED   False      True       True            False      True       True         False                True        True                   4           32.951     0.0703655   0.987044     0.942578 │
│ bohb_train_a5eac898   TERMINATED   False      False      False           False      False      True         False                False       False                  4           17.2806    0.102366    0.988835     0.943475 │
│ bohb_train_ed53af50   TERMINATED   True       False      True            True       False      True         False                True        True                   4           39.0768    0.142333    0.986412     0.911702 │
│ bohb_train_7f78d8c3   TERMINATED   True       True       False           True       False      False        True                 False       True                   4           44.2352    0.0600127   0.999192     0.907917 │
│ bohb_train_1fed806f   TERMINATED   False      True       True            False      True       True         False                True        True                   1            8.41445   0.0787293   0.999298     0.90797  │
│ bohb_train_73538ac4   TERMINATED   False      True       True            False      True       True         False                True        True                   1            8.81849   0.0468624   0.998859     0.92303  │
│ bohb_train_1845d6d9   TERMINATED   False      True       True            False      True       True         False                True        True                   4           35.1167    0.0518189   0.994312     0.946219 │
│ bohb_train_8f0cdc86   TERMINATED   False      True       False           False      False      False        True                 True        False                  2           12.8895    0.191984    0.979952     0.944119 │
│ bohb_train_6d82352b   TERMINATED   False      True       True            False      True       True         False                True        True                   2           16.4272    0.238437    0.999263     0.918139 │
│ bohb_train_85a5b81e   TERMINATED   False      True       True            False      True       True         False                True        True                   4           35.0766    0.0830742   0.984832     0.946564 │
│ bohb_train_3e1cc53f   TERMINATED   False      True       True            False      True       True         False                True        True                   4           32.9732    0.073192    0.985534     0.941822 │
│ bohb_train_86580bb5   TERMINATED   False      True       True            False      True       True         False                True        True                   4           32.0364    0.270721    0.949668     0.939138 │
│ bohb_train_1b0ea734   TERMINATED   False      True       True            False      True       True         False                True        True                   4           33.6788    0.0615593   0.989309     0.943713 │
│ bohb_train_7f61d60b   TERMINATED   False      False      True            False      False      True         False                False       False                  4           18.9968    0.0981858   0.992486     0.945304 │
│ bohb_train_15f6c2e4   TERMINATED   False      True       True            False      True       True         False                True        True                   1            8.42181   0.157431    0.99828      0.5      │
│ bohb_train_a6078471   TERMINATED   True       False      True            True       True       True         False                False       True                   2           21.5495    0.129309    0.99928      0.907961 │
│ bohb_train_238b6ec3   TERMINATED   False      True       True            False      True       True         False                True        True                   4           34.7581    0.192095    0.958306     0.943464 │
│ bohb_train_c78477d4   TERMINATED   False      True       True            False      True       True         False                True        True                   1            8.3729    0.0576699   0.999298     0.913063 │
│ bohb_train_9402d31f   TERMINATED   False      True       True            False      True       True         False                True        True                   4           33.558     0.14391     0.972139     0.9453   │
│ bohb_train_da03dcfd   TERMINATED   False      True       True            False      True       True         False                True        True                   4           34.9032    0.0547328   0.994242     0.946183 │
│ bohb_train_7032f8b7   TERMINATED   False      True       True            False      True       False        True                 True        False                  2           18.1813    0.0551178   0.998982     0.923091 │
│ bohb_train_c28744e2   TERMINATED   False      True       True            False      True       True         False                True        True                   4           32.9988    0.0740092   0.983428     0.956047 │
│ bohb_train_fb16af78   TERMINATED   False      True       True            False      True       True         False                True        True                   4           32.5342    0.146211    0.985622     0.941866 │
│ bohb_train_64f1f344   TERMINATED   False      True       True            False      True       True         False                True        True                   4           33.3394    0.0693175   0.983463     0.956064 │
│ bohb_train_f0957ce5   TERMINATED   False      True       False           False      False      True         True                 True        False                  2           13.6562    0.080755    0.997016     0.937386 │
│ bohb_train_ae4b3d9e   TERMINATED   False      True       True            False      True       True         False                True        True                   1            8.47332   0.0938744   0.999087     0.79072  │
│ bohb_train_5f13a3d7   TERMINATED   False      True       False           True       True       False        True                 False       True                   1           10.6118    0.0614114   0.996331     0.906484 │
│ bohb_train_fecf40c3   TERMINATED   False      True       True            False      True       True         False                True        True                   4           34.9254    0.0497137   0.995611     0.946869 │
│ bohb_train_e4b6ddfe   TERMINATED   False      True       True            False      True       True         False                True        True                   4           34.5676    0.0523209   0.993645     0.945884 │
│ bohb_train_af93fbdd   TERMINATED   False      True       True            False      True       True         False                True        True                   4           32.2169    0.53787     0.767319     0.863086 │
│ bohb_train_8f3b4ce1   TERMINATED   False      False      False           False      False      False        False                False       False                  2            8.73135   0.101567    0.999263     0.907952 │
│ bohb_train_3869bc4f   TERMINATED   False      True       True            False      True       True         False                True        True                   4           32.9146    0.0511869   0.993575     0.940756 │
│ bohb_train_43a0eeae   TERMINATED   False      True       True            False      True       True         False                True        True                   4           33.1313    0.0770231   0.981532     0.955097 │
│ bohb_train_bce089c4   TERMINATED   False      True       True            False      True       True         False                True        True                   4           32.4668    0.196781    0.963168     0.940807 │
│ bohb_train_d242d0ec   TERMINATED   False      True       True            False      True       True         False                True        True                   1            8.31407   0.118453    0.99828      0.5      │
│ bohb_train_7556789e   TERMINATED   False      True       True            False      True       True         False                True        True                   4           35.6566    0.0522321   0.995541     0.946834 │
│ bohb_train_a808caa1   TERMINATED   False      False      True            True       True       True         True                 False       False                  2           15.1983    0.187795    0.99928      0.907961 │
│ bohb_train_ea5f7962   TERMINATED   False      True       True            False      True       True         False                True        True                   1            8.65731   0.0735796   0.999298     0.90797  │
│ bohb_train_f3ff036a   TERMINATED   False      True       True            False      True       True         False                True        True                   2           17.0986    0.0482804   0.997033     0.942488 │
│ bohb_train_76ca8e2a   TERMINATED   False      True       True            False      True       True         False                True        True                   4           34.7206    0.0615884   0.988554     0.943335 │
│ bohb_train_352d3cd4   TERMINATED   False      True       True            False      True       True         False                True        True                   4           32.3233    0.13891     0.986886     0.942499 │
│ bohb_train_013e02f3   TERMINATED   False      True       True            False      True       True         False                True        True                   4           32.5782    0.170937    0.96926      0.943858 │
│ bohb_train_1b3f31b1   TERMINATED   False      True       True            False      True       True         False                True        True                   4           32.0771    0.0847178   0.987799     0.94805  │
│ bohb_train_ee92da7b   TERMINATED   False      True       True            False      True       True         False                True        True                   4           32.3295    0.0583824   0.992346     0.945234 │
│ bohb_train_a1e4c237   TERMINATED   False      True       True            False      True       True         False                True        True                   4           35.2092    0.0526637   0.991924     0.945023 │
│ bohb_train_9f2dad08   TERMINATED   False      True       True            False      True       True         False                True        True                   1            8.56753   0.0496848   0.999228     0.907935 │
│ bohb_train_a2615b80   TERMINATED   False      False      True            True       True       False        False                False       True                   1            7.30257   0.053347    0.99928      0.907961 │
│ bohb_train_c9b8c3e2   TERMINATED   False      False      True            False      False      False        True                 True        False                  2            9.54545   0.668253    0.378656     0.683699 │
│ bohb_train_2df0fcf5   TERMINATED   False      True       True            False      True       True         False                True        True                   2           16.0632    0.151067    0.998789     0.933181 │
│ bohb_train_6d6b8ded   TERMINATED   False      True       True            False      True       True         False                True        True                   4           35.2056    0.0509844   0.996893     0.942418 │
│ bohb_train_ea78d3a4   TERMINATED   False      True       True            False      True       True         False                True        True                   4           32.6094    0.0740092   0.983428     0.956047 │
│ bohb_train_38b9c02c   TERMINATED   False      True       True            False      True       True         False                True        True                   4           32.6044    0.131068    0.988466     0.943291 │
│ bohb_train_b13f83eb   TERMINATED   False      True       True            False      True       True         False                True        True                   4           32.1719    0.322769    0.93378      0.93118  │
│ bohb_train_ef261bea   TERMINATED   True       True       True            True       False      True         True                 True        True                   4           51.4176    0.143322    0.98643      0.932084 │
│ bohb_train_5ef476bb   TERMINATED   False      False      True            False      True       True         True                 False       False                  2           12.9873    0.0652021   0.998543     0.938151 │
│ bohb_train_edbab769   TERMINATED   False      True       True            False      True       True         False                False       False                  1            8.37323   0.136416    0.99828      0.5      │
│ bohb_train_a328da18   TERMINATED   False      True       True            False      True       True         False                True        True                   1            8.37861   0.0995101   0.999263     0.877393 │
│ bohb_train_97294b1b   TERMINATED   False      True       True            False      True       True         False                True        True                   4           34.2402    0.0593272   0.990538     0.944328 │
│ bohb_train_40d00a2e   TERMINATED   False      True       True            False      True       True         False                True        True                   4           35.0507    0.0547328   0.994242     0.946183 │
│ bohb_train_5c739ce5   TERMINATED   True       False      False           False      True       True         True                 True        False                  2           15.2542    0.244638    0.998947     0.91798  │
│ bohb_train_7c6155aa   TERMINATED   False      True       True            False      True       True         False                True        True                   4           32.9553    0.0858979   0.989028     0.943572 │
│ bohb_train_896962f0   TERMINATED   False      False      False           False      False      True         False                False       True                   4           17.8103    0.0660562   0.990783     0.954638 │
│ bohb_train_252c2b20   TERMINATED   True       True       True            True       True       True         False                False       True                   4           51.8374    0.0769746   0.998859     0.912843 │
│ bohb_train_6f4f1fc5   TERMINATED   True       False      True            True       False      True         False                False       False                  4           32.2565    0.0639328   0.996577     0.921887 │
│ bohb_train_b721a0e4   TERMINATED   True       True       False           False      False      True         False                False       True                   1            7.22947   0.151735    0.99849      0.561224 │
│ bohb_train_4415ae5f   TERMINATED   False      True       True            False      True       True         False                True        True                   4           34.658     0.0477048   0.995804     0.946966 │
│ bohb_train_842d3653   TERMINATED   False      True       True            False      True       True         False                True        True                   1            8.75996   0.0497874   0.99928      0.907961 │
│ bohb_train_7e1dab74   TERMINATED   False      True       True            False      False      False        False                True        True                   2           12.9886    0.123723    0.984656     0.941383 │
│ bohb_train_f52d33a8   TERMINATED   False      True       True            False      True       True         False                True        True                   4           34.7026    0.0549772   0.993504     0.940721 │
│ bohb_train_7cd0ca8c   TERMINATED   False      True       True            False      True       True         False                True        True                   2           16.3145    0.168389    0.999298     0.90797  │
│ bohb_train_e0b9ee6f   TERMINATED   True       True       True            False      True       False        True                 False       False                  4           39.7099    0.11434     0.984498     0.900557 │
│ bohb_train_0fef2053   TERMINATED   False      True       True            False      True       True         False                True        True                   4           33.1792    0.0495948   0.995137     0.946632 │
│ bohb_train_c7d07e89   TERMINATED   False      True       True            False      True       True         False                True        True                   4           33.1978    0.0497899   0.995084     0.941512 │
│ bohb_train_56ef0948   TERMINATED   False      True       True            False      True       True         False                True        True                   4           32.0064    0.402023    0.932815     0.930697 │
│ bohb_train_a37891b1   TERMINATED   False      True       True            False      True       True         False                True        True                   1            8.36252   0.166421    0.99828      0.5      │
│ bohb_train_58945d31   TERMINATED   False      True       True            False      True       True         False                True        True                   2           18.2027    0.0524188   0.993153     0.940545 │
│ bohb_train_f096953e   TERMINATED   False      True       True            False      True       True         False                True        True                   1            8.64368   0.10112     0.998736     0.688679 │
│ bohb_train_fb470c1b   TERMINATED   False      True       True            False      True       True         False                True        True                   4           34.6193    0.0528406   0.9921       0.950204 │
│ bohb_train_ed6dfd5c   TERMINATED   False      True       True            False      True       True         False                True        True                   4           33.432     0.371629    0.917664     0.923109 │
│ bohb_train_38b72992   TERMINATED   False      True       True            False      True       True         False                True        True                   4           34.1562    0.293094    0.957498     0.94306  │
│ bohb_train_7a993b55   TERMINATED   False      True       True            False      True       True         False                True        True                   2           16.8001    0.0841828   0.999263     0.918139 │
│ bohb_train_5eb2ac3e   TERMINATED   False      True       True            False      True       True         False                True        True                   4           33.3152    0.0511499   0.994698     0.946412 │
│ bohb_train_008652fa   TERMINATED   False      True       True            False      True       True         False                True        True                   4           31.709     0.312079    0.988729     0.943422 │
│ bohb_train_a029091a   TERMINATED   False      True       True            False      True       True         False                True        True                   4           33.3388    0.0496156   0.99512      0.94153  │
│ bohb_train_f37f7bec   TERMINATED   False      True       True            False      True       True         False                True        True                   1            8.64412   0.088164    0.99921      0.8519   │
│ bohb_train_57f26d23   TERMINATED   False      True       True            False      True       True         False                True        True                   1            8.60064   0.0483783   0.997928     0.93275  │
│ bohb_train_5b890543   TERMINATED   False      True       True            False      True       True         False                True        True                   2           17.9086    0.0512324   0.993838     0.940888 │
│ bohb_train_f9a2e31f   TERMINATED   False      True       True            False      True       True         False                True        True                   4           34.9613    0.0579024   0.991731     0.944926 │
│ bohb_train_c1429bb0   TERMINATED   False      True       True            False      True       True         False                True        True                   4           35.1672    0.0503544   0.995857     0.946992 │
│ bohb_train_5801fa79   TERMINATED   True       True       True            False      True       True         True                 True        True                   2           23.2866    0.0477466   0.997946     0.932759 │
│ bohb_train_78e9ed23   TERMINATED   False      True       True            False      True       True         False                True        True                   4           33.0265    0.0722873   0.992609     0.945366 │
│ bohb_train_02c56ded   TERMINATED   True       True       True            True       False      True         False                True        False                  4           48.5854    0.0755934   0.991468     0.939701 │
│ bohb_train_58be4afb   TERMINATED   True       True       True            False      False      False        False                False       False                  4           29.3405    0.0581835   0.990941     0.94453  │
│ bohb_train_9e059d0c   TERMINATED   False      True       True            False      True       True         False                True        True                   4           32.806     0.0623276   0.990257     0.949281 │
│ bohb_train_d6925951   TERMINATED   False      True       True            False      True       True         False                True        True                   2           17.8352    0.0540057   0.999263     0.913046 │
│ bohb_train_9b363fb2   TERMINATED   False      False      True            False      False      True         True                 False       False                  1            6.04908   0.548777    0.999245     0.867197 │
│ bohb_train_acaa2082   TERMINATED   True       True       False           False      True       False        True                 False       False                  1           10.7482    0.249359    0.99828      0.5      │
│ bohb_train_0835d837   TERMINATED   False      True       True            False      True       True         False                True        True                   4           34.7574    0.0528406   0.9921       0.950204 │
│ bohb_train_c57f45e7   TERMINATED   False      True       True            False      True       False        False                True        True                   4           34.2557    0.0545503   0.996542     0.947335 │
│ bohb_train_9cf3e22b   TERMINATED   False      True       False           False      True       False        True                 True        False                  2           15.8574    0.0711437   0.99928      0.907961 │
│ bohb_train_6492951a   TERMINATED   False      True       True            False      True       True         False                True        True                   4           32.1785    0.732558    0.436133     0.717581 │
│ bohb_train_6088a2c3   TERMINATED   False      True       True            False      True       True         False                True        True                   4           33.2855    0.0628886   0.98801      0.943062 │
│ bohb_train_22f5ecc4   TERMINATED   False      True       True            False      True       True         False                True        True                   4           33.1728    0.0602721   0.98815      0.948226 │
│ bohb_train_cc42239f   TERMINATED   False      True       True            False      True       True         False                True        True                   4           32.2772    0.581507    0.726291     0.852723 │
│ bohb_train_d7cf0d44   TERMINATED   True       False      False           True       False      False        False                False       True                   1            8.10342   0.235268    0.899863     0.904006 │
│ bohb_train_ded9cf13   TERMINATED   False      True       True            False      True       True         False                True        True                   2           18.2211    0.0526566   0.994786     0.941363 │
│ bohb_train_79538818   TERMINATED   False      True       True            False      True       True         False                True        True                   4           35.5981    0.0606982   0.988326     0.948313 │
│ bohb_train_99fd4eef   TERMINATED   False      True       True            False      True       True         False                True        True                   1            8.55645   0.105464    0.998718     0.68867  │
│ bohb_train_33583817   TERMINATED   False      True       True            False      True       True         False                True        True                   4           34.3469    0.0767099   0.988378     0.94834  │
│ bohb_train_fd426ad3   TERMINATED   False      False      True            False      True       False        False                False       False                  4           22.4037    0.0600129   0.997314     0.942629 │
│ bohb_train_c169d464   TERMINATED   False      True       True            False      True       True         False                True        True                   2           17.0956    0.0459448   0.998666     0.928026 │
│ bohb_train_bad8bb24   TERMINATED   False      True       True            False      True       True         False                True        True                   4           33.1717    0.0642862   0.987114     0.942613 │
│ bohb_train_97ea2607   TERMINATED   True       False      False           True       True       True         True                 True        True                   4           53.515     0.0483105   0.998841     0.917928 │
│ bohb_train_b2aae36d   TERMINATED   False      True       True            False      True       True         False                True        True                   4           32.7107    0.0608166   0.990292     0.944205 │
│ bohb_train_40774654   TERMINATED   False      True       True            False      True       True         False                True        True                   1            8.89902   0.0543825   0.99928      0.907961 │
│ bohb_train_658448e0   TERMINATED   True       True       True            False      True       True         False                False       True                   1           10.7706    0.0476495   0.999175     0.923188 │
│ bohb_train_0fb2ff5e   TERMINATED   False      True       False           True       False      False        True                 False       False                  2           17.5502    0.0618132   0.997612     0.922405 │
│ bohb_train_b3a2ac68   TERMINATED   False      True       True            False      True       True         False                True        True                   4           35.4329    0.0555094   0.991784     0.944952 │
│ bohb_train_9a6c26d1   TERMINATED   False      True       True            False      True       True         False                True        True                   4           33.693     0.518349    0.829781     0.889278 │
│ bohb_train_7a4c11bc   TERMINATED   False      False      True            False      True       False        False                True        False                  2           11.114     0.0842582   0.978968     0.938534 │
│ bohb_train_e451d098   TERMINATED   False      True       True            False      True       True         False                True        True                   4           32.8067    0.0693175   0.983463     0.956064 │
│ bohb_train_8ce3db95   TERMINATED   False      True       True            False      True       True         False                True        True                   4           32.6804    0.0533675   0.992785     0.945454 │
│ bohb_train_f24080f9   TERMINATED   False      True       True            False      True       True         False                True        True                   4           33.3378    0.0619144   0.989923     0.949114 │
│ bohb_train_44155e92   TERMINATED   False      True       True            False      True       True         False                True        True                   4           32.4312    0.180778    0.992012     0.945067 │
│ bohb_train_6d323f08   TERMINATED   False      True       True            False      True       True         False                True        True                   2           18.3246    0.0473832   0.997103     0.93743  │
│ bohb_train_8ca5822f   TERMINATED   False      True       False           False      True       True         True                 True        True                   4           37.6477    0.0586419   0.989186     0.953838 │
│ bohb_train_b6fa919f   TERMINATED   False      True       True            False      True       True         False                True        True                   1            8.83396   0.0481423   0.997893     0.932733 │
│ bohb_train_02651e59   TERMINATED   False      True       True            False      True       True         False                True        True                   1            8.90315   0.0466863   0.997858     0.932715 │
│ bohb_train_98da5b3f   TERMINATED   False      True       True            False      True       True         False                True        True                   4           35.044     0.0520048   0.994488     0.941213 │
│ bohb_train_b4ce6c5e   TERMINATED   False      True       True            False      True       True         False                True        True                   2           16.8676    0.0726365   0.999052     0.918033 │
│ bohb_train_0ec09333   TERMINATED   False      True       False           True       False      True         False                False       True                   4           33.0811    0.0667675   0.996735     0.942339 │
│ bohb_train_42c7f6e5   TERMINATED   False      True       True            False      True       True         False                True        True                   4           33.2334    0.0602721   0.98815      0.948226 │
│ bohb_train_ec5e4f59   TERMINATED   False      True       True            False      True       True         False                True        True                   4           32.2546    0.671148    0.545135     0.761989 │
│ bohb_train_45bebf33   TERMINATED   False      True       True            False      True       True         False                True        True                   4           33.1781    0.0503158   0.994681     0.94131  │
│ bohb_train_5a3c3b44   TERMINATED   False      True       True            False      True       True         False                True        True                   1            8.41313   0.12448     0.99828      0.5      │
│ bohb_train_57856753   TERMINATED   False      True       True            False      True       True         False                True        True                   1            8.50693   0.0501296   0.99928      0.907961 │
│ bohb_train_400d22e1   TERMINATED   True       False      True            True       False      False        True                 True        False                  2           22.0342    0.0623678   0.997384     0.922291 │
│ bohb_train_825288fa   TERMINATED   False      False      False           True       True       True         False                True        True                   4           34.9569    0.0594947   0.9954       0.946764 │
│ bohb_train_31ba06b5   TERMINATED   False      True       True            True       True       False        False                False       True                   2           21.1026    0.0557208   0.995664     0.931616 │
│ bohb_train_0d4a1d4c   TERMINATED   False      True       True            False      True       True         False                True        True                   4           34.9673    0.0600386   0.990204     0.944161 │
│ bohb_train_8cd9947f   TERMINATED   False      True       True            False      True       True         False                True        True                   4           33.3578    0.0770231   0.981532     0.955097 │
│ bohb_train_c4dc700e   TERMINATED   False      True       True            False      True       True         False                True        True                   4           33.2221    0.0558989   0.990046     0.949175 │
│ bohb_train_0bec71fe   TERMINATED   False      True       True            False      True       True         False                True        True                   4           33.1702    0.109948    0.981426     0.949951 │
│ bohb_train_a5a118ce   TERMINATED   False      True       True            False      True       True         False                True        True                   4           33.2705    0.0558989   0.990046     0.949175 │
│ bohb_train_5d0eeac1   TERMINATED   False      False      True            False      True       False        False                True        False                  1            5.4332    0.0509719   0.99928      0.907961 │
│ bohb_train_81456f93   TERMINATED   False      False      True            False      True       False        True                 False       True                   2           13.4138    0.0703515   0.999298     0.913063 │
│ bohb_train_e43409ca   TERMINATED   False      True       True            False      True       True         False                True        True                   1            8.37312   0.146614    0.99828      0.5      │
│ bohb_train_b633bbe2   TERMINATED   False      True       True            False      True       True         False                True        True                   4           34.887     0.0546876   0.992153     0.945137 │
│ bohb_train_3973933a   TERMINATED   False      True       True            False      True       True         False                True        True                   2           16.5077    0.117007    0.996348     0.937052 │
│ bohb_train_e8d6f08b   TERMINATED   False      True       True            False      True       True         False                True        True                   4           34.3019    0.0762838   0.991538     0.944829 │
│ bohb_train_7352cedb   TERMINATED   False      True       True            False      True       True         False                True        True                   4           33.0562    0.0670071   0.984428     0.956548 │
│ bohb_train_e26a9713   TERMINATED   False      True       True            False      True       True         False                True        True                   4           33.1733    0.0703655   0.987044     0.942578 │
│ bohb_train_cafcf97d   TERMINATED   False      True       True            False      True       True         False                True        True                   4           31.7042    0.581507    0.726291     0.852723 │
│ bohb_train_db7fb857   TERMINATED   False      True       True            False      True       True         False                True        True                   4           33.0344    0.0944009   0.98736      0.952923 │
│ bohb_train_df5a31ca   TERMINATED   False      False      False           False      False      True         False                True        False                  4           18.9225    0.113345    0.986149     0.947223 │
│ bohb_train_cf4bce9f   TERMINATED   False      True       True            False      True       True         False                True        True                   1            8.2029    0.172563    0.99828      0.5      │
│ bohb_train_7d47b5f5   TERMINATED   False      True       True            True       False      False        False                False       False                  2           18.2651    0.0608042   0.996243     0.92172  │
│ bohb_train_77f14c9e   TERMINATED   True       True       False           True       False      False        False                False       True                   1           10.4994    0.135948    0.999105     0.892593 │
│ bohb_train_277bf4dc   TERMINATED   False      True       True            False      True       True         False                True        True                   4           34.6807    0.0562354   0.990871     0.944495 │
│ bohb_train_468ce53c   TERMINATED   False      True       True            False      True       True         False                True        True                   2           17.3139    0.0485646   0.996489     0.937122 │
│ bohb_train_e3c36975   TERMINATED   False      True       True            False      True       True         False                True        True                   4           33.7721    0.0740092   0.983428     0.956047 │
│ bohb_train_16223e95   TERMINATED   True       True       True            True       False      True         False                True        True                   4           49.0686    0.0651842   0.993733     0.940835 │
│ bohb_train_bb9b571e   TERMINATED   False      True       True            False      True       True         False                True        True                   4           32.5963    0.0522656   0.992118     0.950213 │
│ bohb_train_c1cb68c9   TERMINATED   False      True       True            False      True       True         False                True        True                   4           33.1662    0.0535104   0.992574     0.945348 │
│ bohb_train_2a55bda1   TERMINATED   False      True       True            False      True       True         False                True        True                   1            8.69384   0.0606888   0.999298     0.913063 │
│ bohb_train_008ad5a5   TERMINATED   False      False      False           True       False      True         False                True        False                  4           30.817     0.0734153   0.99519      0.941565 │
│ bohb_train_6f5b454d   TERMINATED   False      True       True            False      True       True         False                True        True                   2           18.428     0.0526566   0.994786     0.941363 │
│ bohb_train_7bb49818   TERMINATED   False      False      False           True       True       False        True                 False       False                  1            6.72085   0.0551735   0.998841     0.917928 │
│ bohb_train_4ed45907   TERMINATED   False      True       False           False      False      True         True                 False       True                   2           12.3755    0.212134    0.99828      0.5      │
│ bohb_train_19514c24   TERMINATED   False      True       True            False      True       True         False                True        True                   4           33.9124    0.227459    0.962378     0.945504 │
│ bohb_train_638f72b1   TERMINATED   False      True       True            False      True       True         False                True        True                   4           32.3496    0.202451    0.967031     0.947834 │
│ bohb_train_1f740603   TERMINATED   False      True       True            False      True       True         False                True        True                   4           32.461     0.253459    0.973052     0.940664 │
│ bohb_train_cb8a2bea   TERMINATED   False      True       True            False      True       True         False                True        True                   4           32.703     0.0503158   0.994681     0.94131  │
│ bohb_train_331e3f38   TERMINATED   False      True       True            False      True       True         False                True        True                   4           33.0441    0.0615593   0.989309     0.943713 │
│ bohb_train_b1ced6ce   TERMINATED   False      True       True            False      True       True         False                True        True                   1            8.6589    0.0496848   0.999228     0.907935 │
│ bohb_train_4bdc71a3   TERMINATED   False      True       True            False      True       True         False                True        True                   2           18.0276    0.0636592   0.999298     0.913063 │
│ bohb_train_652a66fe   TERMINATED   False      True       True            False      True       True         False                True        True                   4           35.6137    0.0617835   0.988729     0.943422 │
│ bohb_train_215a183c   TERMINATED   False      True       True            False      True       True         True                 False       False                  1            8.87995   0.232776    0.99828      0.5      │
│ bohb_train_24b4a814   TERMINATED   False      True       False           False      True       True         True                 False       True                   4           39.2884    0.0583939   0.993364     0.945744 │
│ bohb_train_c483fac4   TERMINATED   False      True       True            False      False      False        False                True        False                  2           12.5553    0.721063    0.182806     0.590699 │
│ bohb_train_88b63739   TERMINATED   False      True       True            False      True       True         False                True        True                   4           32.6717    0.0709799   0.984182     0.946238 │
│ bohb_train_e7adb545   TERMINATED   False      True       True            False      True       True         False                True        True                   4           32.6788    0.0515134   0.99368      0.945902 │
│ bohb_train_226b5d2e   TERMINATED   False      True       True            False      True       True         False                True        True                   4           33.2108    0.065783    0.984463     0.956565 │
│ bohb_train_104225c3   TERMINATED   False      True       True            False      True       True         False                True        True                   4           34.022     0.0595976   0.988273     0.948287 │
│ bohb_train_7f8075d2   TERMINATED   False      True       True            False      True       True         False                True        True                   1            8.57989   0.0573131   0.998666     0.928026 │
│ bohb_train_09b5e33b   TERMINATED   False      True       True            False      True       True         False                True        True                   1            8.43683   0.105071    0.998841     0.719291 │
│ bohb_train_0d2ece9b   TERMINATED   False      True       True            False      True       True         False                True        True                   2           18.1292    0.0577515   0.997788     0.937773 │
│ bohb_train_b38a66fb   TERMINATED   True       True       False           False      False      False        False                True        False                  4           28.7494    0.0588951   0.998596     0.922898 │
│ bohb_train_3e913b4f   TERMINATED   True       True       True            False      True       False        False                True        False                  2           20.6731    0.0701      0.99928      0.907961 │
│ bohb_train_4a63e86c   TERMINATED   False      False      True            True       False      True         True                 True        True                   4           33.382     0.0602004   0.997683     0.942814 │
│ bohb_train_0b735b8a   TERMINATED   False      True       True            False      True       True         False                True        True                   4           33.1204    0.109948    0.981426     0.949951 │
│ bohb_train_09e417db   TERMINATED   False      True       True            False      True       True         False                True        True                   4           33.1301    0.0592513   0.988571     0.948437 │
│ bohb_train_48424f82   TERMINATED   False      True       True            False      True       True         False                True        True                   4           32.828     0.0612462   0.988062     0.948182 │
│ bohb_train_5cad7412   TERMINATED   False      True       True            False      True       True         False                True        True                   4           33.1595    0.15508     0.981496     0.949986 │
│ bohb_train_a7721b09   TERMINATED   False      True       True            False      True       True         False                True        True                   1            8.24287   0.173876    0.99828      0.5      │
│ bohb_train_214c9970   TERMINATED   False      True       True            False      True       True         False                True        True                   1            8.62537   0.0489017   0.999263     0.907952 │
│ bohb_train_9c7fcb1b   TERMINATED   False      True       True            False      True       True         False                True        True                   2           18.3738    0.0525974   0.994189     0.941064 │
│ bohb_train_cfdf2dbb   TERMINATED   False      True       True            False      True       True         False                True        True                   4           34.5535    0.0505851   0.995313     0.94672  │
│ bohb_train_4dd3945b   TERMINATED   False      True       True            False      True       True         False                True        True                   4           34.603     0.0524227   0.994698     0.946412 │
│ bohb_train_a67a8b00   TERMINATED   False      True       True            False      True       True         False                True        True                   2           16.4382    0.168389    0.999298     0.90797  │
│ bohb_train_46e5960f   TERMINATED   False      True       True            False      True       True         False                True        True                   4           33.5065    0.0618437   0.98973      0.943924 │
│ bohb_train_70e7b7d9   TERMINATED   False      True       True            False      True       True         False                True        True                   4           32.2787    0.142402    0.983428     0.950953 │
│ bohb_train_cf3bc43c   TERMINATED   False      True       True            False      True       True         False                True        True                   4           32.9264    0.0535104   0.992574     0.945348 │
│ bohb_train_585fbeaf   TERMINATED   False      True       True            False      True       True         False                True        True                   4           32.6077    0.0642862   0.987114     0.942613 │
│ bohb_train_134038fd   TERMINATED   False      True       True            False      True       True         False                True        True                   1            8.35382   0.105071    0.998841     0.719291 │
│ bohb_train_b3382d14   TERMINATED   False      True       True            False      True       True         False                True        True                   2           17.5132    0.0972232   0.992065     0.945093 │
│ bohb_train_9839bbf6   TERMINATED   False      True       True            False      True       True         False                True        True                   1            8.38873   0.0945494   0.999298     0.90797  │
│ bohb_train_fb837142   TERMINATED   False      True       True            False      True       True         False                True        True                   4           34.6142    0.0523209   0.993645     0.945884 │
│ bohb_train_a4a6d120   TERMINATED   False      False      True            False      True       False        False                False       True                   4           23.0447    0.0569014   0.995681     0.946904 │
│ bohb_train_82e3f24b   TERMINATED   False      True       False           True       True       True         False                False       True                   2           19.3795    0.314636    0.920368     0.934649 │
│ bohb_train_f1890c09   TERMINATED   False      True       True            False      True       True         False                True        True                   4           33.2894    0.0615593   0.989309     0.943713 │
│ bohb_train_e5f9db99   TERMINATED   False      True       True            False      True       True         False                True        True                   4           32.5072    0.117203    0.979548     0.954103 │
│ bohb_train_35f039a1   TERMINATED   True       True       False           True       False      False        False                False       False                  4           38.9959    0.0625654   0.997577     0.917295 │
│ bohb_train_35cb17ed   TERMINATED   False      True       True            False      True       False        False                True        True                   4           32.6233    0.0568242   0.993188     0.945656 │
│ bohb_train_ef744d94   TERMINATED   False      True       True            False      True       True         False                True        True                   1            8.46758   0.0501296   0.99928      0.907961 │
│ bohb_train_45bfa3ae   TERMINATED   False      False      False           False      True       False        False                False       True                   2           11.4502    0.0525705   0.998455     0.9432   │
│ bohb_train_289ec5fb   TERMINATED   False      True       True            False      True       True         False                True        True                   1            8.77536   0.0616681   0.998385     0.932979 │
│ bohb_train_c369de9a   TERMINATED   False      True       True            False      True       True         False                True        True                   4           35.0087    0.0532316   0.994347     0.946236 │
│ bohb_train_be4a4371   TERMINATED   False      True       True            False      True       True         False                True        True                   2           16.4332    0.301292    0.998894     0.933234 │
│ bohb_train_0bb40bb9   TERMINATED   False      True       False           False      True       True         False                True        False                  4           31.9747    0.290552    0.97156      0.950103 │
│ bohb_train_79a22b82   TERMINATED   False      True       True            False      True       True         False                True        True                   4           32.8911    0.246215    0.935992     0.932288 │
│ bohb_train_99c41482   TERMINATED   False      True       False           True       True       False        True                 True        False                  4           46.782     0.0707891   0.994488     0.941213 │
│ bohb_train_01f294e1   TERMINATED   False      True       True            False      True       True         False                True        True                   4           32.6538    0.0758204   0.981233     0.954948 │
│ bohb_train_1803aaa2   TERMINATED   False      True       True            False      True       True         False                True        True                   4           32.2195    0.13891     0.986886     0.942499 │
│ bohb_train_af3ad29b   TERMINATED   False      True       True            False      True       True         False                True        True                   1            8.50973   0.138548    0.99828      0.5      │
│ bohb_train_b935f630   TERMINATED   False      True       True            False      True       True         False                True        True                   4           36.1552    0.0528904   0.993557     0.94584  │
│ bohb_train_71cf34f4   TERMINATED   False      True       True            False      True       True         False                True        True                   1            8.62324   0.0668939   0.999263     0.897766 │
│ bohb_train_0bb477b9   TERMINATED   False      True       True            False      True       True         False                True        True                   2           16.9763    0.0637568   0.996963     0.942453 │
│ bohb_train_d2eda29e   TERMINATED   False      True       True            False      True       True         False                True        True                   4           35.16      0.0560549   0.990432     0.949369 │
│ bohb_train_31e051a7   TERMINATED   False      True       True            False      True       True         False                True        True                   4           35.2597    0.0603405   0.987518     0.947909 │
│ bohb_train_a3c8ef02   TERMINATED   False      True       True            False      True       True         False                True        True                   2           16.6527    0.0520437   0.998297     0.927842 │
│ bohb_train_3c112134   TERMINATED   False      True       True            False      True       True         False                True        True                   4           32.9178    0.0571532   0.991644     0.944882 │
│ bohb_train_ccd2e064   TERMINATED   False      False      True            False      False      True         True                 True        True                   4           20.8305    0.286099    0.962203     0.93523  │
│ bohb_train_503bd585   TERMINATED   False      True       True            False      True       True         False                True        True                   4           32.4538    0.192839    0.989818     0.943968 │
│ bohb_train_02a860de   TERMINATED   False      True       True            False      True       True         False                True        True                   1            8.30767   0.140241    0.99828      0.5      │
│ bohb_train_7831a240   TERMINATED   False      True       True            False      True       True         False                True        True                   4           35.9515    0.0585017   0.998332     0.938046 │
│ bohb_train_7c3ccd2b   TERMINATED   False      True       True            False      True       True         False                True        True                   2           18.3868    0.0480912   0.996313     0.937034 │
│ bohb_train_bf311b60   TERMINATED   False      True       True            False      True       True         False                True        True                   1            8.78777   0.100605    0.998964     0.765192 │
│ bohb_train_95a5125a   TERMINATED   False      False      True            False      True       False        False                True        True                   4           23.293     0.0710805   0.985973     0.942042 │
│ bohb_train_a2f57910   TERMINATED   False      True       True            False      True       True         False                True        True                   2           16.1967    0.183142    0.99928      0.907961 │
│ bohb_train_c7eace13   TERMINATED   False      True       True            False      True       True         False                True        True                   4           32.1139    0.313309    0.949264     0.938936 │
│ bohb_train_c0acdfcb   TERMINATED   True       False      False           False      False      True         False                True        False                  4           22.626     0.113574    0.998455     0.933014 │
│ bohb_train_0ae62829   TERMINATED   False      True       True            False      True       True         False                True        True                   4           32.9224    0.0502457   0.99368      0.945902 │
│ bohb_train_4b758ed2   TERMINATED   False      True       True            False      True       True         False                True        True                   4           32.6335    0.181849    0.971595     0.95012  │
│ bohb_train_c5d91d76   TERMINATED   False      True       True            False      True       True         False                True        True                   1            8.68024   0.0668939   0.999263     0.897766 │
│ bohb_train_7bf6d2b2   TERMINATED   False      True       True            False      True       True         False                True        True                   1            8.718     0.0486931   0.99914      0.907891 │
│ bohb_train_ef3228db   TERMINATED   False      True       True            False      True       True         False                True        True                   2           18.2394    0.0495622   0.998947     0.93326  │
│ bohb_train_e629993e   TERMINATED   False      True       True            False      True       True         False                True        True                   4           34.5686    0.0684956   0.990625     0.944372 │
│ bohb_train_5401874f   TERMINATED   False      True       True            False      True       False        True                 True        False                  4           34.3782    0.0606358   0.991328     0.944724 │
│ bohb_train_ce6c9075   TERMINATED   False      True       True            False      True       True         False                True        True                   4           34.2201    0.171188    0.957849     0.943236 │
│ bohb_train_4a32c92e   TERMINATED   False      True       True            False      True       True         False                True        True                   2           16.1101    0.109924    0.99928      0.907961 │
│ bohb_train_72405655   TERMINATED   True       False      False           True       False      False        False                False       False                  4           30.1263    0.0613013   0.99691      0.93224  │
│ bohb_train_e4b4899c   TERMINATED   False      True       True            False      True       True         False                True        True                   4           31.8776    0.740268    0.393666     0.696311 │
│ bohb_train_4b8209f5   TERMINATED   False      True       False           False      True       True         False                False       True                   4           31.841     0.0491121   0.996313     0.942128 │
│ bohb_train_568ed633   TERMINATED   True       True       False           False      False      False        True                 True        False                  2           15.4071    0.070995    0.998982     0.928185 │
│ bohb_train_a6f8680d   TERMINATED   False      False      False           True       False      False        False                True        True                   4           29.5222    0.0664762   0.993733     0.940835 │
│ bohb_train_f2901339   TERMINATED   False      True       True            False      True       True         False                True        True                   1            9.02314   0.0467335   0.997999     0.932785 │
│ bohb_train_53084b8d   TERMINATED   False      True       True            False      True       True         False                True        True                   1            8.72345   0.0473595   0.997753     0.937756 │
│ bohb_train_80b05ba6   TERMINATED   True       True       True            True       False      True         True                 False       True                   4           46.5133    0.0542932   0.998051     0.942998 │
│ bohb_train_1e9ae736   TERMINATED   False      True       True            False      True       True         False                True        True                   4           34.8174    0.0510126   0.99433      0.946227 │
│ bohb_train_08353159   TERMINATED   False      True       True            False      True       True         False                True        True                   2           16.8428    0.0471823   0.99756      0.937659 │
│ bohb_train_a4e40b0d   TERMINATED   True       False      True            False      True       True         False                True        False                  4           31.4718    0.0484228   0.997472     0.942708 │
│ bohb_train_e2f27ad0   TERMINATED   False      True       True            False      True       True         False                True        True                   4           33.5348    0.0571532   0.991644     0.944882 │
│ bohb_train_96030040   TERMINATED   False      True       True            False      True       True         False                True        True                   4           33.6909    0.0534669   0.994558     0.946342 │
│ bohb_train_761c2c70   TERMINATED   True       True       False           True       True       True         True                 True        True                   1           15.4089    0.0732739   0.999245     0.88757  │
│ bohb_train_fbfe1435   TERMINATED   False      True       True            False      True       True         False                True        True                   1            8.66825   0.0554102   0.99914      0.918077 │
│ bohb_train_b84110f9   TERMINATED   False      True       True            False      True       True         False                True        True                   2           17.8353    0.0501757   0.994944     0.941442 │
│ bohb_train_dac88f73   TERMINATED   False      True       True            False      True       True         False                True        True                   4           35.0134    0.0547328   0.994242     0.946183 │
│ bohb_train_f5b27b44   TERMINATED   False      False      False           True       False      False        True                 True        False                  4           29.0802    0.0663528   0.993803     0.94087  │
│ bohb_train_931b6a9c   TERMINATED   False      False      False           False      False      False        True                 False       False                  4           18.232     0.0923098   0.988677     0.948489 │
│ bohb_train_8c2afa64   TERMINATED   False      True       False           True       True       False        False                False       False                  2           19.9685    0.0531231   0.998209     0.922704 │
│ bohb_train_659b01bb   TERMINATED   True       True       True            False      True       True         False                True        False                  4           41.0119    0.0630592   0.987676     0.942895 │
│ bohb_train_075f2e7c   TERMINATED   False      True       True            True       True       False        True                 False       False                  4           40.5818    0.0561767   0.997191     0.937474 │
│ bohb_train_48ea820f   TERMINATED   False      True       True            False      True       True         False                True        True                   4           32.4143    0.0718903   0.992574     0.945348 │
│ bohb_train_5f696e14   TERMINATED   False      True       True            False      True       True         False                True        True                   2           17.804     0.0526566   0.994786     0.941363 │
│ bohb_train_ddf8450f   TERMINATED   True       False      True            False      True       True         False                True        True                   4           34.1504    0.0537275   0.992872     0.945498 │
│ bohb_train_5c2cbefc   TERMINATED   False      True       False           True       True       True         False                True        True                   1           12.1834    0.0718172   0.989923     0.918554 │
│ bohb_train_455a0c53   TERMINATED   False      True       False           False      True       False        True                 True        False                  1            8.61239   0.0798226   0.999228     0.892655 │
│ bohb_train_0483d66d   TERMINATED   False      True       True            False      True       True         False                True        True                   4           34.8912    0.05218     0.995787     0.946957 │
│ bohb_train_ba59cbe3   TERMINATED   False      True       True            False      True       True         False                True        True                   4           34.4715    0.0518897   0.994768     0.941354 │
│ bohb_train_5ec19959   TERMINATED   False      True       True            False      True       True         False                True        True                   2           16.9213    0.0597342   0.994909     0.941424 │
│ bohb_train_b2fe0655   TERMINATED   False      False      False           True       True       False        False                True        False                  4           30.4588    0.0568072   0.989783     0.94395  │
│ bohb_train_998d2375   TERMINATED   True       True       True            False      False      True         False                False       True                   4           29.4973    0.116229    0.998912     0.928149 │
│ bohb_train_febf6e62   TERMINATED   False      False      True            False      True       False        True                 True        True                   4           21.995     0.0692515   0.993118     0.945621 │
│ bohb_train_08c3bd4f   TERMINATED   False      True       True            False      True       True         False                True        True                   1            8.49256   0.127634    0.99828      0.5      │
│ bohb_train_26ce097a   TERMINATED   False      True       True            False      True       True         False                True        True                   4           35.4526    0.0554794   0.991608     0.944865 │
│ bohb_train_366b2626   TERMINATED   False      True       True            False      True       True         False                True        True                   1            8.3043    0.109698    0.99914      0.816212 │
│ bohb_train_cb5c063a   TERMINATED   False      True       True            False      True       True         False                True        True                   2           17.0263    0.0456903   0.998034     0.942989 │
│ bohb_train_3bb2dfe4   TERMINATED   False      False      False           False      True       True         True                 False       False                  4           22.4286    0.0467534   0.992837     0.950573 │
│ bohb_train_9d6ec9c8   TERMINATED   False      True       True            False      True       True         False                True        True                   4           34.9604    0.0532316   0.994347     0.946236 │
│ bohb_train_92c7e730   TERMINATED   False      True       True            False      True       True         False                True        True                   2           16.2897    0.19109     0.99928      0.918148 │
│ bohb_train_48404a1b   TERMINATED   False      True       True            False      True       True         False                True        True                   4           33.0606    0.0670071   0.984428     0.956548 │
│ bohb_train_57ae4abc   TERMINATED   False      False      False           False      True       True         False                True        False                  4           20.4289    0.0649224   0.985798     0.957234 │
│ bohb_train_a203d92a   TERMINATED   False      True       True            False      True       True         False                True        True                   4           32.9042    0.0701145   0.982339     0.955502 │
│ bohb_train_9ca0318c   TERMINATED   False      True       True            False      True       True         False                True        True                   2           17.7548    0.0506121   0.994909     0.946518 │
│ bohb_train_306e854e   TERMINATED   False      True       True            False      True       True         False                True        True                   4           35.4662    0.0518189   0.994312     0.946219 │
│ bohb_train_b9834e8e   TERMINATED   True       True       False           True       False      True         True                 True        False                  1           14.0718    0.0654487   0.999105     0.91806  │
│ bohb_train_1af699b3   TERMINATED   False      True       True            False      True       True         False                True        True                   1            8.3103    0.131487    0.99828      0.5      │
│ bohb_train_e2fd6614   TERMINATED   False      True       True            False      True       True         False                True        True                   4           35.3963    0.0603405   0.987518     0.947909 │
│ bohb_train_d8b9b311   TERMINATED   False      False      True            True       False      True         True                 True        True                   2           18.6465    0.0654781   0.997893     0.927639 │
│ bohb_train_95b8fe23   TERMINATED   False      True       True            False      True       True         False                True        True                   4           33.7392    0.054768    0.99282      0.945471 │
│ bohb_train_0d2fa00e   TERMINATED   False      True       True            False      True       True         False                True        True                   4           32.0493    0.422965    0.875338     0.907002 │
│ bohb_train_09a28eeb   TERMINATED   False      True       True            False      True       True         False                True        True                   4           33.0458    0.07007     0.993434     0.945779 │
│ bohb_train_c4842c7a   TERMINATED   False      True       True            False      True       True         False                True        True                   4           32.5734    0.145068    0.950809     0.934616 │
│ bohb_train_2ab22130   TERMINATED   True       False      False           False      False      True         False                False       True                   2           13.0256    0.0793509   0.992135     0.945128 │
│ bohb_train_f10104de   TERMINATED   False      True       False           False      True       False        True                 False       True                   4           33.6971    0.049276    0.997577     0.947854 │
│ bohb_train_74030982   TERMINATED   False      False      False           False      True       True         True                 False       True                   1            5.84816   0.0503831   0.999298     0.918156 │
│ bohb_train_c38be182   TERMINATED   True       True       False           True       True       True         False                True        False                  1           14.7122    0.171415    0.99828      0.5      │
│ bohb_train_3b6c2466   TERMINATED   False      True       True            False      True       True         False                True        True                   4           34.9231    0.0562354   0.990871     0.944495 │
│ bohb_train_60bad286   TERMINATED   False      True       True            False      True       True         False                True        True                   4           34.8385    0.0497137   0.995611     0.946869 │
│ bohb_train_d3417e7c   TERMINATED   False      True       True            False      True       True         False                True        True                   2           16.6704    0.212385    0.999175     0.928281 │
│ bohb_train_d459d34e   TERMINATED   False      True       True            False      True       True         False                True        True                   4           32.5277    0.270721    0.949668     0.939138 │
│ bohb_train_780ded84   TERMINATED   False      True       True            False      True       True         False                True        True                   4           32.9304    0.0675298   0.986359     0.942235 │
│ bohb_train_3495a5b4   TERMINATED   False      False      False           False      False      True         False                False       True                   4           17.8015    0.0660562   0.990783     0.954638 │
│ bohb_train_72e31638   TERMINATED   False      True       True            False      True       True         False                True        True                   4           35.8709    0.0559873   0.998332     0.938046 │
│ bohb_train_5b9c0ae9   TERMINATED   False      True       True            False      True       True         False                True        True                   1            8.48571   0.174845    0.99828      0.5      │
│ bohb_train_1133774c   TERMINATED   False      True       True            False      False      True         True                 False       True                   2           17.9796    0.0719875   0.984569     0.936245 │
│ bohb_train_b1ad0c31   TERMINATED   False      True       True            False      True       True         False                True        True                   1            8.86252   0.0497874   0.99928      0.907961 │
│ bohb_train_f67e1c7b   TERMINATED   False      True       True            False      True       True         False                True        True                   4           33.8157    0.293094    0.957498     0.94306  │
│ bohb_train_4625c98c   TERMINATED   False      True       True            False      True       True         False                True        True                   2           17.0354    0.0467367   0.998086     0.922643 │
│ bohb_train_68231503   TERMINATED   False      True       True            False      True       True         False                True        True                   4           32.3735    0.0636241   0.993645     0.945884 │
│ bohb_train_01069f18   TERMINATED   False      True       True            False      True       True         False                True        True                   4           33.3147    0.0740092   0.983428     0.956047 │
│ bohb_train_cc393c1b   TERMINATED   False      True       True            False      True       True         False                True        True                   4           33.7851    0.0693175   0.983463     0.956064 │
│ bohb_train_853dee80   TERMINATED   False      True       True            False      True       True         False                True        True                   4           32.7312    0.244384    0.950722     0.939666 │
│ bohb_train_f8f45599   TERMINATED   False      True       True            False      True       True         False                True        True                   2           17.948     0.0463682   0.997858     0.922529 │
│ bohb_train_40f240b3   TERMINATED   False      True       True            False      True       True         False                True        True                   4           35.6994    0.0503566   0.995436     0.946781 │
│ bohb_train_99abac64   TERMINATED   False      True       True            False      True       True         False                True        True                   1            8.57253   0.118453    0.99828      0.5      │
│ bohb_train_7abd507c   TERMINATED   True       True       False           True       True       True         True                 False       True                   1           13.334     0.116021    0.99828      0.5      │
│ bohb_train_b69953fc   TERMINATED   False      True       False           True       False      False        True                 False       False                  2           19.1854    0.0732262   0.996366     0.921781 │
│ bohb_train_d936c032   TERMINATED   False      True       False           True       False      False        True                 True        True                   4           41.6363    0.054883    0.995734     0.941838 │
│ bohb_train_1e95c5d7   TERMINATED   False      True       True            False      True       True         False                True        True                   4           33.3406    0.0533675   0.992785     0.945454 │
│ bohb_train_522d0cc7   TERMINATED   False      True       True            False      True       True         False                True        True                   4           33.1971    0.0511499   0.994698     0.946412 │
│ bohb_train_86ea6937   TERMINATED   False      True       True            False      True       True         False                True        True                   4           32.6321    0.122097    0.978143     0.948307 │
│ bohb_train_95a81946   TERMINATED   False      False      True            False      True       False        False                False       False                  4           20.8516    0.0618413   0.996261     0.947195 │
│ bohb_train_5fa5259e   TERMINATED   True       False      False           False      False      True         False                True        True                   1            6.51824   0.133717    0.999122     0.81111  │
│ bohb_train_f410fe76   TERMINATED   False      True       True            False      True       True         False                True        True                   4           36.0117    0.0502114   0.996454     0.947291 │
│ bohb_train_2242f169   TERMINATED   False      True       False           True       False      False        True                 False       False                  2           17.4269    0.0547588   0.998596     0.917805 │
│ bohb_train_5a026583   TERMINATED   False      True       True            False      True       True         False                True        True                   1            8.77632   0.13668     0.99828      0.5      │
│ bohb_train_33885fa3   TERMINATED   False      True       True            False      True       True         False                True        True                   4           34.6635    0.0489646   0.995576     0.946852 │
│ bohb_train_c9612dc7   TERMINATED   False      True       True            False      True       True         False                True        True                   2           16.6752    0.0457489   0.997946     0.937852 │
│ bohb_train_7cec7b5c   TERMINATED   False      True       True            False      True       True         False                True        True                   4           32.9874    0.246215    0.935992     0.932288 │
│ bohb_train_0e67462a   TERMINATED   True       True       True            False      True       True         False                False       False                  4           39.4641    0.612866    0.999298     0.90797  │
│ bohb_train_c7534138   TERMINATED   False      True       True            False      True       True         False                True        True                   4           32.5495    0.0703655   0.987044     0.942578 │
│ bohb_train_1fdf9325   TERMINATED   False      True       True            True       False      True         True                 False       True                   4           42.4213    0.0541615   0.998297     0.943121 │
│ bohb_train_681cff56   TERMINATED   False      True       True            False      True       True         False                True        True                   1            8.80558   0.0497874   0.99928      0.907961 │
│ bohb_train_9aa069d0   TERMINATED   False      True       True            False      True       True         False                True        True                   4           36.1043    0.0681847   0.985534     0.946915 │
│ bohb_train_867411cb   TERMINATED   False      True       True            False      True       True         False                True        True                   1            8.44737   0.118453    0.99828      0.5      │
│ bohb_train_2b6c74bf   TERMINATED   False      True       True            True       True       False        False                False       False                  2           20.3343    0.0580607   0.998736     0.912782 │
│ bohb_train_8d22bdba   TERMINATED   False      True       True            False      True       True         False                True        True                   4           34.1331    0.0614263   0.993224     0.945673 │
│ bohb_train_bbfe5d17   TERMINATED   False      False      True            False      True       True         True                 True        False                  2           11.2732    0.045858    0.996787     0.942365 │
│ bohb_train_aa046469   TERMINATED   False      True       True            False      True       True         False                True        True                   4           32.3988    0.0930921   0.986412     0.952448 │
│ bohb_train_95df0831   TERMINATED   False      True       True            False      True       True         False                True        True                   4           32.5692    0.864425    0.0836874    0.541054 │
│ bohb_train_82019574   TERMINATED   False      True       True            False      True       True         False                True        True                   4           31.8126    0.146211    0.985622     0.941866 │
│ bohb_train_afed1ae4   TERMINATED   False      True       True            False      True       True         False                True        True                   4           33.7895    0.0522459   0.992995     0.945559 │
│ bohb_train_27be4267   TERMINATED   False      True       True            False      True       True         False                True        True                   2           18.2095    0.0480912   0.996313     0.937034 │
│ bohb_train_e72591b3   TERMINATED   False      True       False           False      True       False        False                False       True                   1            8.13688   0.0717349   0.99914      0.907891 │
│ bohb_train_1438b668   TERMINATED   False      True       True            False      True       True         False                True        True                   4           35.6978    0.0506743   0.996032     0.94708  │
│ bohb_train_1f2efb6e   TERMINATED   False      True       True            False      True       True         False                True        True                   1            8.81812   0.0486931   0.99914      0.907891 │
│ bohb_train_bea73c50   TERMINATED   False      True       True            False      True       True         False                True        True                   4           33.7966    0.0803241   0.98743      0.942772 │
│ bohb_train_008ace22   TERMINATED   False      True       True            False      True       True         False                True        True                   4           34.4032    0.0524227   0.994698     0.946412 │
│ bohb_train_58297c31   TERMINATED   False      True       False           True       True       True         True                 True        False                  2           23.6882    0.0554435   0.994049     0.940993 │
│ bohb_train_b2532d3b   TERMINATED   False      True       True            False      True       True         False                True        True                   4           31.9498    0.244384    0.950722     0.939666 │
│ bohb_train_a2b900bc   TERMINATED   False      True       False           False      True       True         False                False       False                  4           31.0797    0.0539156   0.994716     0.951514 │
│ bohb_train_05949c23   TERMINATED   False      True       True            False      True       True         False                True        True                   4           32.4886    0.0642862   0.987114     0.942613 │
│ bohb_train_fa330356   TERMINATED   False      True       True            False      True       True         False                True        True                   1            8.64649   0.0501296   0.99928      0.907961 │
│ bohb_train_2ca6546c   TERMINATED   True       True       False           True       True       False        True                 False       True                   1           12.8968    0.0984444   0.989748     0.903187 │
│ bohb_train_776a452d   TERMINATED   False      True       True            False      True       True         False                True        True                   2           18.1657    0.053388    0.993487     0.940712 │
│ bohb_train_0ac08fff   TERMINATED   False      True       True            False      True       True         False                True        True                   4           34.5257    0.0503544   0.995857     0.946992 │
│ bohb_train_0d74aa12   TERMINATED   False      True       True            False      True       True         False                True        True                   4           34.5681    0.0723056   0.988185     0.953336 │
│ bohb_train_783c60be   TERMINATED   False      True       True            False      True       True         False                True        True                   4           35.041     0.0579024   0.991731     0.944926 │
│ bohb_train_92f435ff   TERMINATED   False      True       True            False      True       True         False                True        True                   2           16.5288    0.0492992   0.994944     0.941442 │
│ bohb_train_38c4c708   TERMINATED   False      True       True            False      True       True         False                False       False                  4           32.1466    0.11564     0.998666     0.93312  │
│ bohb_train_cc628b52   TERMINATED   False      True       True            False      True       True         False                True        True                   4           33.4249    0.0660268   0.985903     0.952193 │
│ bohb_train_25f9d1f2   TERMINATED   False      True       True            False      True       True         False                True        True                   4           33.3216    0.0522459   0.992995     0.945559 │
│ bohb_train_50bea130   TERMINATED   False      True       True            False      True       True         False                True        True                   1            8.41424   0.0644597   0.99928      0.907961 │
│ bohb_train_f0a83641   TERMINATED   False      True       True            False      True       True         False                True        True                   2           18.3117    0.0468831   0.997595     0.922397 │
│ bohb_train_a0404d30   TERMINATED   False      True       True            False      True       True         False                True        True                   4           35.3788    0.0617835   0.988729     0.943422 │
│ bohb_train_2246257e   TERMINATED   False      True       True            False      True       True         False                True        True                   1            8.44794   0.191611    0.99828      0.5      │
│ bohb_train_f6a634ea   TERMINATED   False      True       True            False      True       True         False                True        True                   4           35.4773    0.0523209   0.993645     0.945884 │
│ bohb_train_277209ed   TERMINATED   False      False      False           False      True       False        True                 False       False                  2           10.6588    0.0736576   0.99928      0.907961 │
│ bohb_train_e9760939   TERMINATED   False      True       True            False      True       True         False                True        True                   4           33.6046    0.0612378   0.991889     0.945005 │
│ bohb_train_aa1ab87e   TERMINATED   True       False      True            False      True       True         True                 False       True                   4           33.3276    0.0491681   0.997419     0.937588 │
│ bohb_train_e72b6b75   TERMINATED   False      True       True            False      True       True         False                True        True                   4           32.3834    0.126764    0.984358     0.946326 │
│ bohb_train_17fa3030   TERMINATED   False      True       True            False      True       True         False                True        True                   4           33.275     0.0584398   0.988571     0.948437 │
│ bohb_train_f6da5340   TERMINATED   False      True       True            False      True       True         False                True        True                   2           18.1527    0.0501757   0.994944     0.941442 │
│ bohb_train_11396f2c   TERMINATED   False      True       True            False      True       True         False                True        True                   4           35.4099    0.0546444   0.992697     0.94541  │
│ bohb_train_b866afa9   TERMINATED   False      True       False           False      False      True         True                 True        False                  1            6.54614   0.0563625   0.994452     0.931009 │
│ bohb_train_a321f28a   TERMINATED   False      True       True            False      True       True         False                True        True                   1            8.44019   0.12438     0.99828      0.5      │
│ bohb_train_83f41956   TERMINATED   True       True       False           True       True       True         False                False       False                  4           51.5185    0.0556717   0.992872     0.945498 │
│ bohb_train_e287b7c9   TERMINATED   True       False      True            True       False      False        True                 False       True                   2           17.017     0.0549803   0.998982     0.928185 │
│ bohb_train_b451fb6e   TERMINATED   False      True       True            False      True       True         False                True        True                   4           35.2463    0.0514511   0.992082     0.945102 │
│ bohb_train_931c25f6   TERMINATED   False      True       True            False      True       True         False                True        True                   4           32.9909    0.0602721   0.98815      0.948226 │
│ bohb_train_edd2339b   TERMINATED   False      True       True            False      True       True         False                True        True                   4           32.2527    0.123587    0.990467     0.944293 │
│ bohb_train_ea2dd5f5   TERMINATED   False      True       True            False      True       True         True                 False       True                   4           34.4201    0.0858921   0.995313     0.94672  │
│ bohb_train_98450f74   TERMINATED   False      True       True            False      True       True         False                True        True                   1            8.72055   0.0543825   0.99928      0.907961 │
│ bohb_train_6949abe4   TERMINATED   True       True       False           False      True       True         True                 True        True                   1           11.0441    0.0533947   0.99928      0.913054 │
│ bohb_train_9fb8e158   TERMINATED   True       False      True            False      False      False        False                True        True                   2           13.178     0.137502    0.983779     0.940943 │
│ bohb_train_c48c3c53   TERMINATED   False      True       True            False      True       True         False                True        True                   4           34.0307    0.165254    0.951336     0.939973 │
│ bohb_train_914803c8   TERMINATED   True       True       True            False      True       False        False                False       False                  2           20.2587    0.0701667   0.999263     0.907952 │
│ bohb_train_7dbd0a90   TERMINATED   False      True       True            False      True       True         False                True        True                   4           33.9789    0.0894528   0.99282      0.945471 │
│ bohb_train_432864f9   TERMINATED   False      True       True            False      True       True         False                True        True                   4           33.588     0.054768    0.99282      0.945471 │
│ bohb_train_3f601b62   TERMINATED   False      True       True            False      True       True         False                True        True                   4           33.0536    0.0584398   0.988571     0.948437 │
│ bohb_train_817d0c63   TERMINATED   False      True       True            False      True       True         False                True        True                   4           32.8919    0.0586881   0.991187     0.944654 │
│ bohb_train_86bf9bf1   TERMINATED   False      True       True            True       False      True         False                False       True                   4           34.5972    0.0505746   0.996226     0.942084 │
│ bohb_train_5b056ebd   TERMINATED   False      True       True            False      True       True         False                True        True                   1            8.37297   0.0956244   0.999263     0.907952 │
│ bohb_train_280e4aa9   TERMINATED   False      True       True            False      True       True         False                True        True                   1            8.7303    0.077814    0.999228     0.918121 │
│ bohb_train_99f51e33   TERMINATED   False      True       True            False      True       True         False                True        True                   2           17.9839    0.0577515   0.997788     0.937773 │
│ bohb_train_14c50e1f   TERMINATED   False      False      True            False      True       True         False                False       False                  4           22.4746    0.0994955   0.981321     0.949898 │
│ bohb_train_72567693   TERMINATED   True       False      False           False      True       False        False                True        False                  2           15.0317    0.279516    0.99828      0.5      │
│ bohb_train_23b232c8   TERMINATED   False      True       True            False      True       True         False                True        True                   4           35.0601    0.0520048   0.994488     0.941213 │
│ bohb_train_a1d89fcb   TERMINATED   False      True       False           True       True       True         False                True        False                  4           45.1127    0.627361    0.493013     0.740976 │
│ bohb_train_439b629c   TERMINATED   False      True       True            False      True       True         False                True        True                   4           31.8385    0.611749    0.65391      0.81647  │
│ bohb_train_69290c74   TERMINATED   False      True       True            False      True       True         False                True        True                   4           32.731     0.0602721   0.98815      0.948226 │
│ bohb_train_a7de05b7   TERMINATED   False      True       True            False      True       True         False                True        True                   4           32.8697    0.0713601   0.993066     0.945594 │
│ bohb_train_39e61c46   TERMINATED   False      True       True            False      True       True         False                True        True                   1            8.55064   0.0506928   0.998209     0.932891 │
│ bohb_train_862f765d   TERMINATED   False      False      False           True       True       True         False                False       True                   1            6.58156   0.05732     0.997964     0.912395 │
│ bohb_train_5509741f   TERMINATED   True       True       True            True       False      False        False                True        False                  2           24.132     0.100745    0.994628     0.941284 │
│ bohb_train_1d50bf33   TERMINATED   False      True       True            False      True       True         False                True        True                   4           35.3139    0.0606982   0.988326     0.948313 │
│ bohb_train_5fdf2b3d   TERMINATED   False      True       True            True       False      True         True                 True        False                  4           43.4298    0.0656642   0.998069     0.922634 │
│ bohb_train_5e37605f   TERMINATED   True       False      True            True       True       False        False                False       False                  2           19.6579    0.0800522   0.999157     0.907899 │
│ bohb_train_63682981   TERMINATED   False      True       True            False      True       True         False                True        True                   4           33.0479    0.0496156   0.99512      0.94153  │
│ bohb_train_05c2ed0e   TERMINATED   False      False      True            True       False      True         False                True        False                  4           28.0567    0.117426    0.998701     0.698848 │
│ bohb_train_67fbb66e   TERMINATED   True       False      True            False      False      False        True                 False       False                  4           24.773     0.0495596   0.997261     0.942603 │
│ bohb_train_aba91df7   TERMINATED   False      False      False           False      True       True         True                 False       True                   4           20.9557    0.0517103   0.993153     0.955825 │
│ bohb_train_cc948413   TERMINATED   True       False      False           False      True       True         True                 False       False                  1            9.14046   0.341853    0.99828      0.5      │
│ bohb_train_a670fc02   TERMINATED   False      True       True            False      True       True         False                True        True                   4           35.9603    0.051917    0.994768     0.946447 │
│ bohb_train_0cac6d11   TERMINATED   False      True       True            False      True       True         False                True        True                   1            8.48049   0.140049    0.99828      0.5      │
│ bohb_train_73c90e54   TERMINATED   False      True       True            False      True       True         False                True        True                   2           16.7929    0.0506147   0.994716     0.941328 │
│ bohb_train_a6f28512   TERMINATED   False      True       True            False      True       True         False                True        True                   4           35.3138    0.0510126   0.99433      0.946227 │
│ bohb_train_6a6151ed   TERMINATED   False      True       True            False      True       False        True                 True        True                   4           39.1562    0.0510006   0.997823     0.942884 │
│ bohb_train_3e541795   TERMINATED   True       False      True            True       True       False        True                 True        True                   2           24.6802    0.107565    0.959376     0.933814 │
│ bohb_train_52d88d56   TERMINATED   False      True       True            False      True       True         False                True        True                   4           32.8562    0.07007     0.993434     0.945779 │
│ bohb_train_0a5b2f87   TERMINATED   False      True       True            False      True       True         False                True        True                   4           32.8716    0.0770231   0.981532     0.955097 │
│ bohb_train_94da649e   TERMINATED   True       False      False           False      True       False        True                 True        True                   4           29.7358    0.0762366   0.99928      0.907961 │
│ bohb_train_355382fd   TERMINATED   False      True       True            False      True       True         False                True        True                   2           17.7526    0.0577515   0.997788     0.937773 │
│ bohb_train_2cc998ff   TERMINATED   False      True       True            False      True       True         False                True        True                   1            8.65554   0.118453    0.99828      0.5      │
│ bohb_train_0504ed2e   TERMINATED   False      True       True            False      True       True         False                True        True                   4           35.4937    0.0721083   0.982585     0.955625 │
│ bohb_train_00cc6fd5   TERMINATED   False      True       False           False      False      True         True                 False       True                   1            7.58945   0.0533693   0.997683     0.932627 │
│ bohb_train_3622c63a   TERMINATED   False      True       True            False      True       True         False                True        True                   4           34.2266    0.0976511   0.979688     0.943987 │
│ bohb_train_1c319e33   TERMINATED   False      True       True            False      True       True         False                True        True                   2           16.4827    0.286116    0.998631     0.933102 │
│ bohb_train_84abbe0f   TERMINATED   False      True       False           False      False      True         False                False       True                   4           25.3749    0.074344    0.991257     0.944689 │
│ bohb_train_8817032e   TERMINATED   False      True       True            False      True       True         False                True        True                   4           33.214     0.0496156   0.99512      0.94153  │
│ bohb_train_bcc7cc84   TERMINATED   False      True       True            False      True       True         False                True        True                   4           32.7071    0.0893353   0.989607     0.943862 │
│ bohb_train_3a87e439   TERMINATED   False      True       True            False      True       True         False                True        True                   4           32.312     0.170419    0.956129     0.937281 │
│ bohb_train_3979bf77   TERMINATED   False      False      True            False      False      False        False                False       False                  2           10.1775    0.516662    0.998824     0.923012 │
│ bohb_train_6ef0ddfb   TERMINATED   True       True       False           True       True       True         True                 False       True                   1           13.7637    0.0663087   0.999157     0.907899 │
│ bohb_train_fc390480   TERMINATED   False      True       True            False      True       True         False                True        True                   1            8.29678   0.115587    0.998244     0.525449 │
│ bohb_train_61420f02   TERMINATED   False      True       True            False      True       True         False                True        True                   4           34.4539    0.0893465   0.980829     0.944559 │
│ bohb_train_710c50f1   TERMINATED   False      True       True            False      True       True         False                True        True                   4           34.928     0.05434     0.991907     0.945014 │
│ bohb_train_a13fd2da   TERMINATED   False      True       True            False      True       True         False                True        True                   4           33.7751    0.145398    0.976616     0.942449 │
│ bohb_train_acc048a7   TERMINATED   False      True       True            False      True       True         False                True        True                   2           16.9539    0.0479901   0.997244     0.937501 │
│ bohb_train_86b2a716   TERMINATED   False      True       True            False      True       True         False                True        True                   4           33.4761    0.065783    0.984463     0.956565 │
│ bohb_train_bd2f70d4   TERMINATED   False      False      True            True       True       False        True                 True        True                   4           35.409     0.0516965   0.995172     0.941556 │
│ bohb_train_9fdb7451   TERMINATED   False      True       True            False      True       True         False                True        True                   4           31.4626    0.740268    0.393666     0.696311 │
│ bohb_train_62627735   TERMINATED   False      True       True            False      True       True         False                True        True                   2           17.9092    0.047218    0.998999     0.918007 │
│ bohb_train_65b37245   TERMINATED   False      True       True            True       True       True         False                False       False                  1           10.3394    0.551732    0.800446     0.844025 │
│ bohb_train_76bfeec9   TERMINATED   False      True       True            False      True       True         False                True        True                   4           35.6254    0.0524787   0.993926     0.946025 │
│ bohb_train_7d36bb6e   TERMINATED   True       False      False           True       True       True         True                 True        True                   1           11.8106    0.161246    0.99828      0.5      │
│ bohb_train_5fd273db   TERMINATED   False      True       True            False      True       True         False                True        True                   4           35.4218    0.0615884   0.988554     0.943335 │
│ bohb_train_074f727e   TERMINATED   True       False      False           False      True       True         True                 True        True                   2           15.7177    0.0609338   0.998789     0.917901 │
│ bohb_train_666839bc   TERMINATED   False      True       True            True       True       False        True                 False       False                  4           44.6074    0.061224    0.989203     0.938567 │
│ bohb_train_d8fce8c7   TERMINATED   False      True       True            False      True       True         False                True        True                   4           32.353     0.53985     0.728977     0.854069 │
│ bohb_train_49a72521   TERMINATED   False      True       True            False      True       True         False                True        True                   4           31.9161    0.883126    0.0710825    0.534741 │
│ bohb_train_b6879d0d   TERMINATED   False      True       True            False      True       True         False                True        True                   4           33.2981    0.0533675   0.992785     0.945454 │
│ bohb_train_e1b33f0e   TERMINATED   True       False      True            False      False      True         True                 True        True                   1            6.50873   0.060803    0.99928      0.887588 │
│ bohb_train_cf913341   TERMINATED   False      True       True            False      True       True         False                True        True                   1            8.69945   0.0479161   0.998841     0.923021 │
│ bohb_train_8334cde7   TERMINATED   False      True       True            False      True       True         False                True        True                   2           18.3038    0.047641    0.997051     0.937404 │
│ bohb_train_90fa5d9f   TERMINATED   False      True       True            False      True       True         False                True        True                   4           35.6541    0.0600386   0.990204     0.944161 │
│ bohb_train_4fdc455e   TERMINATED   False      True       True            False      True       True         False                True        True                   2           16.1614    0.109924    0.99928      0.907961 │
│ bohb_train_00e38e41   TERMINATED   False      True       True            False      True       True         False                True        True                   4           34.8539    0.0497137   0.995611     0.946869 │
│ bohb_train_2541d09d   TERMINATED   False      True       True            False      True       True         False                True        True                   4           33.1383    0.0602721   0.98815      0.948226 │
│ bohb_train_2c4aaaea   TERMINATED   False      True       True            False      True       True         False                True        True                   4           32.0117    0.20522     0.965538     0.9369   │
│ bohb_train_29d88661   TERMINATED   False      True       True            False      True       True         False                True        True                   4           33.4565    0.0584398   0.988571     0.948437 │
│ bohb_train_1c016d9e   TERMINATED   False      False      True            False      False      False        True                 False       False                  4           21.1576    0.116441    0.999298     0.90797  │
│ bohb_train_8ca1179e   TERMINATED   True       True       True            False      True       False        False                True        False                  1           10.3309    0.0704878   0.99928      0.907961 │
│ bohb_train_868917b2   TERMINATED   False      True       True            False      True       True         False                True        True                   2           18.0026    0.0590062   0.99828      0.938019 │
│ bohb_train_42703cfe   TERMINATED   True       False      True            True       False      False        True                 True        False                  1           10.6926    0.0634062   0.997788     0.922493 │
│ bohb_train_763036d3   TERMINATED   False      True       True            False      True       True         False                True        True                   4           34.8475    0.0598616   0.989309     0.943713 │
│ bohb_train_8ea8ef86   TERMINATED   False      True       True            False      True       True         False                True        True                   4           34.9195    0.0565717   0.9898       0.949052 │
│ bohb_train_0ff1533f   TERMINATED   False      True       True            False      True       True         False                True        True                   4           34.7854    0.0510822   0.997086     0.942515 │
│ bohb_train_a989054d   TERMINATED   False      True       True            False      True       True         False                True        True                   2           16.7091    0.0467367   0.998086     0.922643 │
│ bohb_train_a2ca4c42   TERMINATED   True       False      True            False      True       False        True                 True        False                  4           33.218     0.147052    0.987307     0.94271  │
│ bohb_train_1b2dac4e   TERMINATED   False      True       True            False      True       True         False                True        True                   4           33.3719    0.054768    0.99282      0.945471 │
│ bohb_train_baae3831   TERMINATED   False      True       True            False      True       True         False                True        True                   4           33.508     0.0703655   0.987044     0.942578 │
│ bohb_train_efef60f2   TERMINATED   False      True       True            False      True       True         False                True        True                   2           18.0784    0.0463682   0.997858     0.922529 │
│ bohb_train_a3be8c3b   TERMINATED   True       False      True            False      True       True         False                False       False                  1            7.90424   0.195684    0.99828      0.5      │
│ bohb_train_2f907243   TERMINATED   False      True       True            False      True       True         False                True        True                   4           35.1206    0.0605416   0.988975     0.943546 │
│ bohb_train_a5687c5f   TERMINATED   True       False      True            True       True       False        True                 False       True                   1           11.9089    0.246327    0.99828      0.5      │
│ bohb_train_c8a40188   TERMINATED   True       True       True            False      False      False        False                True        False                  2           15.4937    0.25124     0.99828      0.5      │
│ bohb_train_813747e2   TERMINATED   False      True       True            False      False      False        True                 False       False                  4           28.5229    0.0621131   0.99928      0.907961 │
│ bohb_train_bf305f0f   TERMINATED   False      True       True            False      True       True         False                True        True                   4           33.1561    0.0684881   0.981356     0.949916 │
│ bohb_train_e1211b67   TERMINATED   False      True       True            False      True       True         False                True        True                   4           33.4419    0.0608166   0.990292     0.944205 │
│ bohb_train_6ddf16ac   TERMINATED   False      True       True            False      True       True         False                True        True                   4           33.2269    0.0526193   0.992978     0.94555  │
│ bohb_train_5a22858a   TERMINATED   False      False      True            True       False      True         False                False       False                  4           21.6856    0.134163    0.999157     0.816221 │
│ bohb_train_39ed9bc1   TERMINATED   False      True       True            False      False      True         True                 False       False                  2           15.1842    0.0633483   0.998894     0.933234 │
│ bohb_train_885df36d   TERMINATED   False      True       True            False      True       True         False                True        True                   1            8.43771   0.127634    0.99828      0.5      │
│ bohb_train_502ef367   TERMINATED   False      True       True            True       True       False        False                True        True                   1           12.6402    0.0980787   0.987623     0.902123 │
│ bohb_train_00dba8ad   TERMINATED   True       False      True            False      True       True         False                False       False                  4           33.6943    0.0494935   0.998824     0.928105 │
│ bohb_train_01e586a9   TERMINATED   False      True       True            False      True       True         False                True        True                   4           34.6967    0.0523114   0.995681     0.946904 │
│ bohb_train_79f8d959   TERMINATED   False      True       True            False      True       True         False                True        True                   4           35.3592    0.0531413   0.994452     0.946289 │
│ bohb_train_aedaf04a   TERMINATED   False      True       True            False      True       True         False                True        True                   2           16.1867    0.262181    0.99928      0.913054 │
│ bohb_train_18622813   TERMINATED   False      True       True            False      True       True         False                True        True                   4           33.5399    0.0680613   0.982269     0.950373 │
│ bohb_train_dddf82c8   TERMINATED   True       False      False           False      False      True         True                 True        False                  4           30.2063    0.0605087   0.99835      0.938055 │
│ bohb_train_e6f06d23   TERMINATED   False      False      True            False      True       False        True                 True        False                  4           23.5313    0.0912277   0.994417     0.946271 │
│ bohb_train_0175b3a7   TERMINATED   True       False      False           False      True       False        False                True        True                   1            7.87126   0.0713645   0.999157     0.907899 │
│ bohb_train_3b5d712b   TERMINATED   False      True       True            False      True       True         False                True        True                   2           17.8869    0.0474592   0.997226     0.942585 │
│ bohb_train_59a23c0a   TERMINATED   True       False      True            False      False      False        True                 True        False                  1            6.69687   0.253832    0.99828      0.5      │
│ bohb_train_d10631e0   TERMINATED   False      True       True            False      True       True         False                True        True                   4           34.8783    0.0520088   0.993698     0.945911 │
│ bohb_train_754b3f5b   TERMINATED   False      True       False           True       True       False        False                False       False                  2           19.8432    0.102485    0.99828      0.5      │
│ bohb_train_2b1705ae   TERMINATED   False      True       True            False      True       True         False                True        True                   4           34.5943    0.0560549   0.990432     0.949369 │
│ bohb_train_d01505d4   TERMINATED   False      True       True            False      True       True         False                True        True                   4           33.3516    0.0475569   0.996542     0.937149 │
│ bohb_train_33b4a509   TERMINATED   False      True       False           True       False      False        True                 False       True                   4           34.1568    0.0568479   0.998596     0.922898 │
│ bohb_train_37880a7d   TERMINATED   False      True       True            False      True       True         False                True        True                   4           33.4178    0.0584398   0.988571     0.948437 │
│ bohb_train_420209b5   TERMINATED   False      True       True            False      True       True         False                True        True                   4           33.0918    0.0701145   0.982339     0.955502 │
│ bohb_train_4dd1ca01   TERMINATED   False      True       True            False      True       True         False                True        True                   1            8.08782   0.19104     0.99828      0.5      │
│ bohb_train_be44b767   TERMINATED   False      True       True            False      True       True         False                True        True                   4           35.318     0.0544186   0.990783     0.949544 │
│ bohb_train_96e81e9d   TERMINATED   False      True       True            False      True       True         False                True        True                   2           18.0888    0.052052    0.997121     0.922159 │
│ bohb_train_de66046b   TERMINATED   False      True       True            False      True       True         False                True        True                   1            8.58275   0.112843    0.999245     0.862104 │
│ bohb_train_5165c3fb   TERMINATED   False      True       True            False      True       True         False                True        True                   2           16.755     0.0532644   0.998613     0.928    │
│ bohb_train_64470cbe   TERMINATED   True       True       True            True       True       True         False                True        True                   4           60.1196    0.062039    0.993118     0.925248 │
│ bohb_train_f68bc8ba   TERMINATED   False      False      False           True       False      True         False                False       False                  4           22.6827    0.0763887   0.995523     0.936639 │
│ bohb_train_b47168ab   TERMINATED   False      True       True            False      True       True         False                True        True                   4           32.1748    0.0567898   0.9898       0.949052 │
│ bohb_train_15529145   TERMINATED   False      True       True            False      True       True         False                True        True                   4           32.2815    0.0502457   0.99368      0.945902 │
│ bohb_train_6007fdb2   TERMINATED   False      True       True            False      True       True         False                True        True                   4           31.5188    0.650967    0.578403     0.778652 │
│ bohb_train_4ce143be   TERMINATED   False      True       False           False      False      False        False                False       True                   4           25.1267    0.207551    0.9967       0.932135 │
│ bohb_train_d2505f0a   TERMINATED   False      True       True            False      True       True         False                True        True                   1            8.2697    0.141012    0.99828      0.5      │
│ bohb_train_6ced09cd   TERMINATED   False      False      False           True       True       False        False                True        False                  1            7.7986    0.0555512   0.999263     0.907952 │
│ bohb_train_d7b6a135   TERMINATED   False      False      True            True       True       True         False                True        False                  2           16.7863    0.0596852   0.989677     0.943897 │
│ bohb_train_913ab3e4   TERMINATED   False      True       True            False      True       False        True                 True        True                   2           16.7609    0.0703592   0.99928      0.907961 │
│ bohb_train_4570991d   TERMINATED   False      True       True            False      True       True         False                True        True                   4           34.425     0.0767099   0.988378     0.94834  │
│ bohb_train_6281bb4a   TERMINATED   True       True       True            True       False      True         False                True        False                  4           49.7134    0.131852    0.990924     0.939428 │
│ bohb_train_041fd480   TERMINATED   False      True       True            False      True       True         False                True        True                   4           32.733     0.072398    0.984551     0.951516 │
│ bohb_train_491f87ca   TERMINATED   False      True       True            False      True       True         False                True        True                   4           33.1693    0.0515134   0.99368      0.945902 │
│ bohb_train_8353bcad   TERMINATED   False      True       True            True       True       True         True                 False       False                  4           43.5471    0.0514705   0.999052     0.923126 │
│ bohb_train_af13e125   TERMINATED   False      True       True            False      True       True         False                True        True                   1            8.3432    0.172563    0.99828      0.5      │
│ bohb_train_2c20e3ea   TERMINATED   False      True       True            False      True       True         False                True        True                   1            8.80196   0.0489017   0.999263     0.907952 │
│ bohb_train_1b93e8c2   TERMINATED   True       True       True            True       False      False        False                True        False                  4           50.6404    0.0597248   0.994417     0.941178 │
│ bohb_train_51132f84   TERMINATED   False      True       True            False      True       True         False                True        True                   2           16.9713    0.0499967   0.994821     0.94138  │
│ bohb_train_84fe12d4   TERMINATED   False      True       True            False      True       True         False                True        True                   4           34.7433    0.0518442   0.99145      0.949879 │
│ bohb_train_03410e35   TERMINATED   False      True       True            False      True       True         False                True        True                   4           35.5501    0.0565717   0.9898       0.949052 │
│ bohb_train_b3766c2b   TERMINATED   False      True       True            False      True       True         False                True        True                   2           16.8834    0.0499967   0.994821     0.94138  │
│ bohb_train_6753ab05   TERMINATED   True       False      False           False      True       True         False                False       False                  4           29.849     0.0499401   0.994136     0.946131 │
│ bohb_train_ec5af5ab   TERMINATED   True       True       False           True       True       False        True                 False       True                   4           53.7613    0.0976942   0.998315     0.902384 │
│ bohb_train_b690b1e4   TERMINATED   False      True       True            False      True       True         False                True        True                   4           32.7533    0.0768967   0.991837     0.944979 │
│ bohb_train_76c15499   TERMINATED   False      True       True            False      True       True         False                True        True                   1            8.52716   0.145303    0.99828      0.5      │
│ bohb_train_080c417d   TERMINATED   False      True       True            False      True       True         False                True        True                   2           18.4974    0.0561322   0.998578     0.938169 │
│ bohb_train_71a4732a   TERMINATED   True       True       False           False      False      False        True                 True        True                   1            8.53104   0.0510591   0.999087     0.918051 │
│ bohb_train_9e2e6a05   TERMINATED   False      True       True            False      True       True         False                True        True                   4           34.9239    0.0562354   0.990871     0.944495 │
│ bohb_train_b45077f1   TERMINATED   True       True       True            True       False      True         False                True        False                  2           23.9525    0.085545    0.999192     0.907917 │
│ bohb_train_33788e89   TERMINATED   False      True       True            False      True       True         False                True        True                   4           35.0098    0.0515126   0.994066     0.946096 │
│ bohb_train_92e7ff79   TERMINATED   False      True       True            False      True       True         False                True        True                   4           34.2209    0.0684956   0.990625     0.944372 │
│ bohb_train_ee193f3d   TERMINATED   False      True       True            False      True       True         False                True        True                   4           32.1057    0.20522     0.965538     0.9369   │
│ bohb_train_8eb1c980   TERMINATED   False      True       False           False      True       True         False                False       True                   4           32.3579    0.0491121   0.996313     0.942128 │
│ bohb_train_6ae85dfa   TERMINATED   False      True       True            False      True       True         False                True        True                   4           33.5982    0.0526193   0.992978     0.94555  │
│ bohb_train_9b7cfd60   TERMINATED   False      True       True            False      True       True         False                True        True                   4           35.8112    0.0535844   0.993171     0.945647 │
│ bohb_train_a65c7227   TERMINATED   False      True       True            False      True       True         False                True        True                   1            8.83621   0.0486931   0.99914      0.907891 │
│ bohb_train_aaad1fed   TERMINATED   False      False      True            True       True       False        False                False       True                   2           15.1045    0.111324    0.99928      0.907961 │
│ bohb_train_1060c70e   TERMINATED   False      True       True            False      True       True         False                True        True                   1            8.72856   0.0488731   0.997806     0.932689 │
│ bohb_train_0dfc130c   TERMINATED   False      False      True            False      False      True         True                 True        True                   4           21.4233    0.415503    0.853288     0.906145 │
│ bohb_train_6c015e55   TERMINATED   False      True       True            False      True       True         False                True        True                   2           16.3276    0.301292    0.998894     0.933234 │
│ bohb_train_4174c0ed   TERMINATED   False      True       True            False      True       True         False                True        True                   4           32.8574    0.0592513   0.988571     0.948437 │
│ bohb_train_28d8aa07   TERMINATED   True       True       False           False      True       True         False                True        True                   4           39.2722    0.28035     0.996454     0.942198 │
│ bohb_train_6c198c03   TERMINATED   False      True       True            False      True       True         False                True        True                   4           32.2065    0.381088    0.956655     0.932451 │
│ bohb_train_96cc9db6   TERMINATED   False      True       True            False      True       True         False                True        True                   4           32.2143    0.883126    0.0710825    0.534741 │
│ bohb_train_7c46d788   TERMINATED   True       True       False           True       True       True         True                 True        False                  1           15.8723    0.0700273   0.999175     0.907908 │
│ bohb_train_047f32e0   TERMINATED   False      True       True            False      True       True         False                True        True                   1            8.5914    0.0644597   0.99928      0.907961 │
│ bohb_train_c7834773   TERMINATED   False      True       True            False      True       True         False                True        True                   2           18.6346    0.0605286   0.998613     0.938186 │
│ bohb_train_ccb27200   TERMINATED   False      True       True            False      True       True         False                True        True                   4           35.3066    0.0503544   0.995857     0.946992 │
│ bohb_train_0177c150   TERMINATED   True       False      True            False      False      True         False                False       False                  4           24.6777    0.0525334   0.999315     0.918165 │
│ bohb_train_8f22051b   TERMINATED   False      True       True            False      True       True         False                True        True                   4           35.3926    0.0547818   0.991608     0.944865 │
│ bohb_train_fb988b7b   TERMINATED   False      True       True            False      True       False        True                 True        True                   2           17.4315    0.0594078   0.998069     0.932821 │
│ bohb_train_9377ccbc   TERMINATED   False      True       True            False      True       True         False                True        True                   4           33.7467    0.0558989   0.990046     0.949175 │
│ bohb_train_70a762b3   TERMINATED   False      True       True            False      True       True         False                True        True                   4           33.5354    0.0693175   0.983463     0.956064 │
│ bohb_train_59649d00   TERMINATED   True       False      False           False      False      False        True                 False       True                   4           23.5229    0.0718925   0.996208     0.936982 │
│ bohb_train_b99dd7a5   TERMINATED   True       False      True            False      False      False        False                True        False                  1            6.40246   0.253408    0.99828      0.5      │
│ bohb_train_386f779e   TERMINATED   True       False      True            False      True       True         True                 False       False                  1           10.0343    0.17541     0.99928      0.907961 │
│ bohb_train_1143476b   TERMINATED   False      True       True            False      True       True         False                True        True                   2           17.8966    0.0526566   0.994786     0.941363 │
│ bohb_train_6e8ef830   TERMINATED   False      True       True            False      True       True         False                True        True                   4           34.0638    0.0703712   0.986693     0.952589 │
│ bohb_train_d6bbf683   TERMINATED   False      True       True            False      True       True         False                True        True                   4           35.3019    0.05218     0.995787     0.946957 │
│ bohb_train_374874a8   TERMINATED   False      True       True            False      True       True         False                True        True                   2           17.0439    0.0472757   0.9967       0.937228 │
│ bohb_train_3e58592e   TERMINATED   True       True       False           False      False      False        True                 False       False                  4           28.9972    0.0524761   0.994646     0.941292 │
│ bohb_train_3c46b80c   TERMINATED   False      True       True            False      True       True         False                True        True                   4           33.3792    0.0571532   0.991644     0.944882 │
│ bohb_train_cdb71d18   TERMINATED   False      True       True            False      True       True         False                True        True                   4           33.7345    0.0602721   0.98815      0.948226 │
│ bohb_train_1b190886   TERMINATED   False      True       True            False      True       True         False                True        True                   4           33.7125    0.0660268   0.985903     0.952193 │
│ bohb_train_88b1e315   TERMINATED   False      True       True            True       True       True         True                 False       True                   1           10.7791    0.919177    0.229416     0.563112 │
│ bohb_train_cde4739c   TERMINATED   False      False      False           True       False      False        True                 True        False                  4           33.1268    0.0623743   0.995014     0.941477 │
│ bohb_train_47fb873c   TERMINATED   False      True       True            False      True       True         False                True        True                   2           17.6349    0.0680605   0.99842      0.927903 │
│ bohb_train_f07b50b2   TERMINATED   False      True       True            False      True       True         False                True        True                   1            8.42091   0.146802    0.99828      0.5      │
│ bohb_train_12485bb4   TERMINATED   False      True       False           False      True       True         False                False       False                  4           32.1802    0.148268    0.999315     0.907979 │
│ bohb_train_405210d0   TERMINATED   True       True       False           True       True       False        False                False       False                  2           25.274     0.0594445   0.992978     0.940457 │
│ bohb_train_78dea796   TERMINATED   False      True       True            False      True       True         False                True        True                   4           34.9278    0.0518442   0.99145      0.949879 │
│ bohb_train_31947fea   TERMINATED   False      True       True            False      True       True         False                True        True                   4           33.1786    0.048612    0.995418     0.946773 │
│ bohb_train_1636ff76   TERMINATED   False      True       True            False      True       True         False                True        True                   4           33.0039    0.0608166   0.990292     0.944205 │
│ bohb_train_16ccdff7   TERMINATED   False      True       False           True       False      True         True                 False       True                   4           35.9225    0.0512229   0.996331     0.942137 │
│ bohb_train_b959271c   TERMINATED   True       True       False           True       False      False        False                True        False                  1           12.187     0.0586933   0.997718     0.917365 │
│ bohb_train_0f9be992   TERMINATED   False      True       True            False      True       True         False                True        True                   4           35.5425    0.0547568   0.99591      0.947019 │
│ bohb_train_f3e1cc84   TERMINATED   False      True       True            False      True       True         False                True        True                   2           18.2365    0.0504333   0.994768     0.941354 │
│ bohb_train_fbaa7d6e   TERMINATED   False      False      False           False      True       True         True                 False       False                  1            6.29946   0.157642    0.999175     0.877349 │
│ bohb_train_efba66e0   TERMINATED   False      False      False           False      True       True         False                False       True                   4           22.558     0.0535829   0.993645     0.945884 │
│ bohb_train_e22a1a66   TERMINATED   True       False      True            True       False      True         False                False       True                   2           16.5034    0.0878802   0.998999     0.770303 │
│ bohb_train_cebef4d9   TERMINATED   False      True       True            True       True       False        False                False       False                  4           40.4858    0.0576464   0.992872     0.945498 │
│ bohb_train_f0402480   TERMINATED   False      True       True            False      True       True         False                True        True                   4           32.5412    0.170937    0.96926      0.943858 │
│ bohb_train_6588e0cb   TERMINATED   False      True       False           False      True       True         True                 False       False                  4           31.6569    0.213812    0.99928      0.907961 │
│ bohb_train_427dd1a3   TERMINATED   True       False      False           False      True       False        False                False       True                   4           29.6381    0.0797943   0.999315     0.892699 │
│ bohb_train_5e610dc2   TERMINATED   True       True       True            True       False      False        True                 False       True                   2           22.814     0.0607804   0.997016     0.932293 │
│ bohb_train_771dec36   TERMINATED   False      True       True            False      True       True         False                True        True                   1            8.7672    0.0478072   0.998666     0.922933 │
│ bohb_train_73c93a4d   TERMINATED   False      True       True            False      True       True         False                True        True                   4           35.9851    0.0632803   0.98671      0.957691 │
│ bohb_train_8d0766f6   TERMINATED   False      False      True            True       True       True         False                True        False                  1            8.78131   0.11584     0.994417     0.920805 │
│ bohb_train_27da4613   TERMINATED   False      True       True            False      True       True         False                True        True                   4           34.0286    0.0976511   0.979688     0.943987 │
│ bohb_train_f48ee058   TERMINATED   False      True       True            False      True       False        True                 True        True                   2           18.6848    0.070708    0.99928      0.907961 │
│ bohb_train_e2208fe9   TERMINATED   False      True       True            False      True       True         False                True        True                   4           32.6197    0.105524    0.983586     0.951033 │
│ bohb_train_16617459   TERMINATED   False      False      False           False      True       True         True                 True        True                   4           22.1501    0.0514335   0.992521     0.945322 │
│ bohb_train_3aec436b   TERMINATED   True       False      True            True       True       False        False                False       False                  4           38.895     0.0662833   0.998964     0.907803 │
│ bohb_train_a2a6d1ef   TERMINATED   False      True       True            False      True       True         False                True        True                   4           34.0702    0.072398    0.984551     0.951516 │
│ bohb_train_fb45369e   TERMINATED   False      True       True            False      True       True         False                True        True                   4           35.6053    0.0654407   0.98657      0.952527 │
│ bohb_train_65c8088b   TERMINATED   True       False      True            True       True       True         False                False       True                   1           10.5463    0.0667508   0.997841     0.90724  │
│ bohb_train_b3d8447d   TERMINATED   False      True       True            False      True       True         False                True        True                   1            8.21295   0.166421    0.99828      0.5      │
│ bohb_train_7d917e61   TERMINATED   False      True       True            True       True       False        True                 True        False                  2           25.0604    0.0535986   0.998806     0.91791  │
│ bohb_train_6c45c6a2   TERMINATED   True       True       False           False      False      False        True                 False       False                  2           16.8843    0.251034    0.99828      0.5      │
│ bohb_train_2bff54d8   TERMINATED   False      True       True            False      True       False        False                True        True                   4           34.2845    0.0659766   0.991784     0.944952 │
│ bohb_train_c9d3dc47   TERMINATED   False      True       True            False      True       True         False                True        True                   4           33.3847    0.0533675   0.992785     0.945454 │
│ bohb_train_f09ba2ac   TERMINATED   True       True       False           False      True       False        False                True        True                   4           38.5144    0.0687358   0.999017     0.912922 │
│ bohb_train_03167032   TERMINATED   False      True       True            False      True       True         False                True        True                   4           32.7164    0.256427    0.974948     0.946707 │
│ bohb_train_8e4af3e7   TERMINATED   False      True       True            False      True       True         False                True        True                   4           33.3621    0.0568101   0.993364     0.945744 │
│ bohb_train_f3c280ee   TERMINATED   False      True       True            False      True       True         False                True        True                   1            8.70301   0.173876    0.99828      0.5      │
│ bohb_train_9ba2626c   TERMINATED   False      False      False           True       True       True         True                 True        False                  4           36.9307    0.0568791   0.995067     0.946597 │
│ bohb_train_3e4a7248   TERMINATED   False      True       True            False      True       True         False                True        True                   1            8.61968   0.140049    0.99828      0.5      │
│ bohb_train_e77cb7a7   TERMINATED   True       True       False           False      True       True         True                 False       True                   2           22.1716    0.0507044   0.99598      0.936867 │
│ bohb_train_aa0d8a66   TERMINATED   False      True       True            False      True       True         False                True        True                   4           34.7839    0.0645671   0.988115     0.948208 │
│ bohb_train_1603eac4   TERMINATED   True       True       False           True       False      False        True                 True        True                   4           47.4554    0.140419    0.983182     0.940644 │
│ bohb_train_d6d645c5   TERMINATED   False      True       False           True       True       True         True                 False       True                   2           20.4287    0.297089    0.852323     0.880195 │
│ bohb_train_e2d63efd   TERMINATED   False      True       True            False      True       True         False                True        True                   4           32.3547    0.246215    0.935992     0.932288 │
│ bohb_train_981e40e8   TERMINATED   False      True       True            False      True       True         False                True        True                   4           33.3271    0.0594676   0.991064     0.944592 │
│ bohb_train_28aa2fc2   TERMINATED   False      True       True            False      True       True         False                True        True                   4           32.8133    0.246215    0.935992     0.932288 │
│ bohb_train_387625e4   TERMINATED   True       True       True            True       True       True         True                 True        True                   1           15.8742    0.160384    0.99828      0.5      │
│ bohb_train_85042dda   TERMINATED   False      True       False           False      False      True         True                 False       False                  1            6.29778   0.205861    0.998648     0.652982 │
│ bohb_train_1a8c8d47   TERMINATED   False      True       True            True       True       True         True                 False       False                  2           22.9801    0.168142    0.999263     0.907952 │
│ bohb_train_ae578213   TERMINATED   False      True       True            False      True       True         False                True        True                   4           35.2946    0.0527742   0.994189     0.941064 │
│ bohb_train_47fa58b0   TERMINATED   False      True       True            False      True       True         False                True        True                   4           35.2181    0.0515126   0.994066     0.946096 │
│ bohb_train_13860be3   TERMINATED   True       True       True            True       True       True         True                 False       False                  2           26.1227    0.159388    0.99828      0.5      │
│ bohb_train_6c150b3f   TERMINATED   False      True       True            False      True       False        False                True        True                   4           32.1949    0.0699554   0.99928      0.907961 │
│ bohb_train_a5948cd2   TERMINATED   False      True       True            False      True       False        False                True        True                   4           32.2079    0.0699554   0.99928      0.907961 │
│ bohb_train_edb13db4   TERMINATED   False      True       True            False      True       False        False                True        False                  4           31.7241    0.071603    0.992293     0.945207 │
│ bohb_train_5af41bc8   TERMINATED   False      True       False           True       False      True         False                False       False                  4           33.4468    0.0474689   0.997209     0.942576 │
│ bohb_train_008fed26   TERMINATED   False      True       True            False      True       True         False                True        True                   4           36.1306    0.0547568   0.99591      0.947019 │
│ bohb_train_6d64d1cc   TERMINATED   False      True       True            True       True       True         False                False       False                  2           22.6322    0.0642537   0.998929     0.923065 │
│ bohb_train_b2f009ff   TERMINATED   True       False      True            True       True       True         True                 False       False                  1           10.3948    0.0864615   0.998947     0.907794 │
│ bohb_train_9adb00d0   TERMINATED   False      True       True            False      True       True         False                True        True                   1            8.71852   0.0677392   0.99928      0.907961 │
│ bohb_train_7fb87564   TERMINATED   True       False      True            False      True       True         False                True        True                   2           16.26      0.0508022   0.999298     0.918156 │
│ bohb_train_ba0e73e6   TERMINATED   False      True       True            False      True       True         False                True        True                   4           34.8907    0.0471446   0.997226     0.942585 │
│ bohb_train_0837c9dc   TERMINATED   False      True       True            False      True       True         False                True        True                   4           33.1746    0.0684881   0.981356     0.949916 │
│ bohb_train_69f8db63   TERMINATED   False      True       False           False      False      False        True                 False       True                   4           29.8044    0.0585308   0.99382      0.940879 │
│ bohb_train_806f27e2   TERMINATED   False      True       True            False      True       True         False                True        True                   4           32.8195    0.0533675   0.992785     0.945454 │
│ bohb_train_b6f307d1   TERMINATED   False      True       True            False      True       True         False                True        True                   4           32.7876    0.181849    0.971595     0.95012  │
│ bohb_train_bc2772a4   TERMINATED   False      True       True            False      True       True         False                True        True                   4           35.5579    0.0507085   0.996208     0.942075 │
│ bohb_train_d49894be   TERMINATED   False      True       True            False      True       True         False                True        True                   1            8.71344   0.0924751   0.999175     0.918095 │
│ bohb_train_c4ca1142   TERMINATED   True       True       False           True       False      False        False                True        False                  1           12.0289    0.090767    0.98592      0.90127  │
│ bohb_train_25b7a411   TERMINATED   False      True       False           True       False      True         True                 True        True                   2           23.8177    0.0631315   0.997138     0.937448 │
│ bohb_train_184f7009   TERMINATED   False      True       True            False      True       False        False                True        False                  2           16.2437    0.0711761   0.99928      0.907961 │
│ bohb_train_b5ad0003   TERMINATED   False      True       True            False      True       True         False                True        True                   4           34.1907    0.21085     0.949405     0.939006 │
│ bohb_train_a139239a   TERMINATED   False      True       True            False      True       True         False                True        True                   4           34.5184    0.0591364   0.990801     0.94446  │
│ bohb_train_d7ce5b8b   TERMINATED   False      True       True            False      True       True         False                True        True                   4           33.3861    0.0714429   0.983305     0.955985 │
│ bohb_train_5cf53011   TERMINATED   False      True       True            False      True       True         False                True        True                   4           33.1408    0.0591364   0.990801     0.94446  │
│ bohb_train_28ec8f6b   TERMINATED   False      True       True            False      True       True         False                True        True                   4           33.9121    0.0571532   0.991644     0.944882 │
│ bohb_train_7fb2c41d   TERMINATED   False      False      False           False      False      False        False                False       False                  2            9.29412   0.101567    0.999263     0.907952 │
│ bohb_train_c221a8b3   TERMINATED   False      True       True            False      True       True         False                True        True                   1            8.64031   0.070678    0.999245     0.897757 │
│ bohb_train_c865a2c9   TERMINATED   False      True       True            False      True       True         False                True        True                   1            8.79445   0.103941    0.998754     0.703967 │
│ bohb_train_c114669b   TERMINATED   False      True       True            False      True       True         False                True        True                   4           34.6381    0.0744295   0.98025      0.949362 │
│ bohb_train_3eb4d775   TERMINATED   False      True       True            False      True       True         False                True        True                   4           33.8964    0.332316    0.945736     0.937168 │
│ bohb_train_d026cc7d   TERMINATED   False      True       True            False      True       True         False                True        True                   2           16.7526    0.220319    0.999298     0.918156 │
│ bohb_train_c6a94720   TERMINATED   False      True       True            False      True       True         False                True        True                   4           33.3578    0.0573011   0.98808      0.94819  │
│ bohb_train_73cb109f   TERMINATED   False      False      True            True       True       True         False                False       False                  4           25.4427    0.066608    0.984955     0.941532 │
│ bohb_train_31bb037f   TERMINATED   False      True       True            False      True       True         False                True        True                   4           33.4932    0.0675298   0.986359     0.942235 │
│ bohb_train_6852a301   TERMINATED   False      True       True            False      True       True         False                True        True                   4           33.1927    0.0713601   0.993066     0.945594 │
│ bohb_train_fa96f512   TERMINATED   False      True       True            False      True       True         False                True        True                   2           17.4107    0.0459927   0.998736     0.933155 │
│ bohb_train_5fc95d19   TERMINATED   False      True       True            False      True       True         False                True        True                   1            8.81875   0.0499111   0.999298     0.90797  │
│ bohb_train_a8017d1f   TERMINATED   False      True       False           True       False      False        True                 True        True                   1           10.6549    0.0577375   0.999298     0.90797  │
│ bohb_train_c67351bb   TERMINATED   False      True       True            False      True       True         False                True        True                   4           35.0464    0.0610976   0.988027     0.953257 │
│ bohb_train_f7e95ecb   TERMINATED   False      True       True            False      True       True         False                True        True                   2           16.3225    0.115363    0.99928      0.907961 │
│ bohb_train_951bb3b5   TERMINATED   False      True       True            False      True       True         False                True        True                   4           33.9343    0.118638    0.985657     0.941884 │
│ bohb_train_a3cfb255   TERMINATED   True       False      True            True       True       True         True                 True        False                  4           45.8656    0.100104    0.995067     0.95169  │
│ bohb_train_90de475c   TERMINATED   False      False      False           True       True       True         False                True        True                   4           31.2839    0.0589124   0.990274     0.944196 │
│ bohb_train_4fe00c3d   TERMINATED   False      False      False           True       False      True         True                 False       False                  4           26.0131    0.0950078   0.999052     0.790702 │
│ bohb_train_435a86e5   TERMINATED   False      True       True            False      True       True         False                True        True                   4           32.6169    0.0930921   0.986412     0.952448 │
│ bohb_train_cfcba9b2   TERMINATED   False      True       True            False      True       True         False                True        True                   1            8.2708    0.117228    0.99828      0.5      │
│ bohb_train_263adea0   TERMINATED   True       True       False           True       False      False        False                False       False                  2           21.5313    0.0663845   0.997332     0.922265 │
│ bohb_train_883d2507   TERMINATED   False      True       True            False      True       True         False                True        True                   4           35.6013    0.0506743   0.996032     0.94708  │
│ bohb_train_d160fde1   TERMINATED   False      False      False           False      True       False        True                 True        True                   1            5.76199   0.0578427   0.99928      0.907961 │
│ bohb_train_e2739865   TERMINATED   False      True       True            False      True       False        False                False       True                   2           16.7963    0.0553617   0.99928      0.907961 │
│ bohb_train_7bff3be9   TERMINATED   False      True       True            False      True       True         True                 False       True                   4           35.5922    0.0497571   0.995594     0.941767 │
│ bohb_train_dd9b53d9   TERMINATED   False      True       True            False      True       True         False                True        True                   4           33.5788    0.049111    0.996015     0.936885 │
│ bohb_train_b6082285   TERMINATED   False      True       False           False      True       False        True                 False       False                  4           31.1901    0.0703715   0.999263     0.907952 │
│ bohb_train_59e57e03   TERMINATED   False      True       True            False      True       True         False                True        True                   4           33.3399    0.0515134   0.99368      0.945902 │
│ bohb_train_a761b0b3   TERMINATED   False      True       True            False      True       True         False                True        True                   4           33.4586    0.0642862   0.987114     0.942613 │
│ bohb_train_bd8e5596   TERMINATED   False      True       True            False      True       True         False                True        True                   2           17.6936    0.0531782   0.997138     0.937448 │
│ bohb_train_3a8946f3   TERMINATED   False      True       True            False      True       True         False                True        True                   1            8.61308   0.106156    0.998438     0.586664 │
│ bohb_train_62e77de4   TERMINATED   False      True       True            False      True       True         False                True        True                   4           35.291     0.174653    0.954759     0.941688 │
│ bohb_train_8a8aac29   TERMINATED   True       True       True            True       True       True         True                 False       False                  1           16.1343    0.131609    0.998473     0.714013 │
│ bohb_train_e1d7d9db   TERMINATED   False      True       True            False      True       True         False                True        True                   4           34.7248    0.0523226   0.992679     0.950494 │
│ bohb_train_c374dfef   TERMINATED   True       False      True            True       False      True         True                 True        False                  4           42.9153    0.0859128   0.995278     0.931422 │
│ bohb_train_b24169cc   TERMINATED   True       True       False           True       False      True         False                False       False                  2           20.352     0.0603432   0.996489     0.916749 │
│ bohb_train_3decaf68   TERMINATED   False      True       True            False      True       True         False                True        True                   4           32.3495    0.500532    0.808855     0.88389  │
│ bohb_train_b2f279a6   TERMINATED   False      True       True            False      True       True         False                True        True                   4           33.596     0.0602721   0.98815      0.948226 │
│ bohb_train_8ea31c9c   TERMINATED   False      True       True            False      True       True         False                True        True                   4           33.5156    0.0496156   0.99512      0.94153  │
│ bohb_train_8870a0d1   TERMINATED   False      True       True            False      True       True         False                True        True                   1            8.48292   0.11803     0.99828      0.5      │
│ bohb_train_b7559ceb   TERMINATED   False      True       True            False      False      False        True                 True        True                   2           14.035     0.0662396   0.996471     0.937114 │
│ bohb_train_04133364   TERMINATED   True       True       False           True       True       False        True                 False       False                  1           14.9485    0.119311    0.99828      0.5      │
│ bohb_train_090c5280   TERMINATED   False      True       True            False      True       True         False                True        True                   4           34.6445    0.0537126   0.990064     0.949184 │
│ bohb_train_88c0ebe8   TERMINATED   False      True       True            False      True       True         False                True        True                   4           33.7089    0.343282    0.900811     0.914667 │
│ bohb_train_43c0226f   TERMINATED   False      False      False           False      True       True         True                 False       False                  2           11.3185    0.0568829   0.992293     0.940114 │
│ bohb_train_e64f8632   TERMINATED   False      True       True            False      True       True         False                True        True                   4           33.1113    0.0642862   0.987114     0.942613 │
│ bohb_train_e6b006b6   TERMINATED   False      True       True            False      True       True         False                True        True                   4           33.0611    0.0608166   0.990292     0.944205 │
│ bohb_train_3a989237   TERMINATED   False      True       True            False      True       True         False                True        True                   4           31.8356    0.402023    0.932815     0.930697 │
│ bohb_train_b9979514   TERMINATED   False      True       True            False      True       True         False                True        True                   4           32.3849    0.544162    0.787016     0.883138 │
│ bohb_train_d0312d54   TERMINATED   False      True       True            False      True       True         False                True        True                   1            8.46127   0.158533    0.99828      0.5      │
│ bohb_train_82a064a4   TERMINATED   True       False      False           False      False      False        True                 True        False                  4           23.9861    0.459497    0.942874     0.940828 │
│ bohb_train_7c3b92e0   TERMINATED   True       False      True            False      False      False        False                True        False                  1            6.51223   0.253247    0.99828      0.5      │
│ bohb_train_6fb171c7   TERMINATED   False      True       True            False      True       True         False                True        True                   2           16.5151    0.12686     0.99928      0.918148 │
│ bohb_train_5b4b157d   TERMINATED   True       False      False           True       True       False        False                False       False                  2           19.0814    0.0647621   0.998701     0.907671 │
│ bohb_train_841218cd   TERMINATED   False      True       True            False      True       True         False                True        True                   4           35.3555    0.0537126   0.990064     0.949184 │
│ bohb_train_608c2cc9   TERMINATED   False      True       True            False      True       True         False                True        True                   4           33.0835    0.0534225   0.991661     0.949984 │
│ bohb_train_350f2d30   TERMINATED   True       False      True            True       False      True         True                 False       True                   4           34.8105    0.0573239   0.99612      0.931845 │
│ bohb_train_c5a7670c   TERMINATED   False      True       True            False      True       True         False                True        True                   4           33.1661    0.0704705   0.990889     0.944504 │
│ bohb_train_095cd3a9   TERMINATED   False      True       True            False      True       True         False                True        True                   4           32.4011    0.177137    0.965258     0.946946 │
│ bohb_train_529c498b   TERMINATED   False      True       True            False      True       True         False                True        True                   1            8.61532   0.131487    0.99828      0.5      │
│ bohb_train_762f9a0d   TERMINATED   False      True       True            False      True       True         False                True        True                   2           18.1933    0.0490737   0.997068     0.927226 │
│ bohb_train_39e59a16   TERMINATED   False      True       True            False      True       True         False                True        True                   1            8.69095   0.106532    0.998315     0.55095  │
│ bohb_train_d67f8088   TERMINATED   False      True       True            False      True       True         False                True        True                   4           34.7211    0.0479828   0.995804     0.941873 │
│ bohb_train_3f551cf7   TERMINATED   False      True       True            False      True       True         False                True        True                   4           34.388     0.091467    0.980039     0.949256 │
│ bohb_train_fa36fe5b   TERMINATED   False      True       True            False      True       True         False                True        True                   2           16.2522    0.174524    0.99928      0.907961 │
│ bohb_train_a3bc017e   TERMINATED   False      True       True            False      True       True         False                True        True                   4           32.7392    0.0824126   0.98434      0.951411 │
│ bohb_train_253fb3f1   TERMINATED   False      True       True            False      True       False        False                True        True                   4           32.511     0.0713348   0.988361     0.943238 │
│ bohb_train_12dc62b3   TERMINATED   False      True       True            False      True       True         False                True        True                   4           33.3732    0.0824937   0.991099     0.94461  │
│ bohb_train_a9eac641   TERMINATED   True       True       True            False      False      False        False                False       False                  4           29.5333    0.0860626   0.994558     0.941248 │
│ bohb_train_3713a17e   TERMINATED   False      True       True            False      True       True         False                True        True                   2           18.11      0.0524352   0.993294     0.940615 │
│ bohb_train_1070baba   TERMINATED   False      True       True            False      True       True         False                True        True                   4           35.3908    0.051917    0.994768     0.946447 │
│ bohb_train_f8d8a69f   TERMINATED   False      True       True            False      True       True         False                True        True                   1            8.33996   0.146802    0.99828      0.5      │
│ bohb_train_c18471d5   TERMINATED   False      True       True            False      True       True         False                True        True                   1            8.74151   0.0623716   0.99907      0.918042 │
│ bohb_train_57caee49   TERMINATED   False      True       True            False      True       True         False                True        True                   4           34.9707    0.05434     0.991907     0.945014 │
│ bohb_train_7f05b3f6   TERMINATED   True       True       False           False      True       False        True                 False       False                  2           21.8269    0.249501    0.99828      0.5      │
│ bohb_train_8c19e114   TERMINATED   True       False      True            True       False      True         True                 True        True                   4           41.5164    0.0635164   0.997981     0.93787  │
│ bohb_train_cbd19188   TERMINATED   False      True       True            False      True       True         False                True        True                   4           33.0424    0.0571532   0.991644     0.944882 │
│ bohb_train_ccce1dbf   TERMINATED   True       True       True            True       False      False        False                False       True                   4           41.1104    0.0586397   0.994452     0.936103 │
│ bohb_train_bb230f82   TERMINATED   False      True       True            False      True       True         False                True        True                   4           32.906     0.0709799   0.984182     0.946238 │
│ bohb_train_d4350499   TERMINATED   False      True       True            False      True       True         False                True        True                   2           17.8755    0.0636749   0.99928      0.907961 │
│ bohb_train_98ede6f0   TERMINATED   False      True       True            False      True       True         False                True        True                   1            8.81779   0.0519549   0.99928      0.907961 │
│ bohb_train_d42d3d79   TERMINATED   False      False      True            False      True       False        False                True        False                  1            5.6369    0.0509719   0.99928      0.907961 │
│ bohb_train_1b5ee039   TERMINATED   True       True       True            True       False      False        True                 False       False                  4           45.0889    0.0640164   0.996945     0.942444 │
│ bohb_train_b46a0d9c   TERMINATED   True       True       True            True       False      True         False                False       True                   4           44.7571    0.0784289   0.999298     0.918156 │
│ bohb_train_effea72d   TERMINATED   False      True       True            False      True       True         False                True        True                   2           16.9473    0.0499657   0.994804     0.941372 │
│ bohb_train_74724c09   TERMINATED   False      True       True            False      True       True         False                False       True                   4           33.339     0.0498245   0.994856     0.946491 │
│ bohb_train_8c7cc51a   TERMINATED   True       True       True            True       True       True         True                 False       False                  4           53.3569    0.05519     0.992276     0.945199 │
│ bohb_train_cc9a3617   TERMINATED   False      True       True            False      True       True         False                True        True                   4           32.9748    0.0595976   0.988273     0.948287 │
│ bohb_train_070332c4   TERMINATED   False      True       True            False      True       True         False                True        True                   4           33.4051    0.0770231   0.981532     0.955097 │
│ bohb_train_6a9008b2   TERMINATED   False      True       True            False      True       True         False                True        True                   4           35.377     0.0559721   0.990713     0.944416 │
│ bohb_train_90426ae6   TERMINATED   False      True       False           False      True       False        True                 True        True                   2           19.8516    0.087334    0.999105     0.907873 │
│ bohb_train_bc93b041   TERMINATED   False      True       True            False      True       True         False                True        True                   1            8.74238   0.0496848   0.999228     0.907935 │
│ bohb_train_2920e7bc   TERMINATED   False      True       True            False      True       True         False                True        True                   1            8.47923   0.19104     0.99828      0.5      │
│ bohb_train_a86c12de   TERMINATED   False      True       True            False      True       False        False                True        True                   2           16.844     0.0708854   0.999175     0.907908 │
│ bohb_train_66c670ce   TERMINATED   False      True       True            False      True       True         False                True        True                   4           35.0904    0.0573424   0.989853     0.949078 │
│ bohb_train_a9460aef   TERMINATED   True       True       True            False      False      True         True                 True        True                   4           34.7552    0.113318    0.998754     0.922977 │
│ bohb_train_798537f1   TERMINATED   False      True       True            False      True       True         False                True        True                   4           33.0316    0.0596712   0.993961     0.946043 │
│ bohb_train_bdf7b855   TERMINATED   True       True       False           True       True       False        True                 True        False                  4           57.8355    0.131996    0.988501     0.887282 │
│ bohb_train_4d6d8e17   TERMINATED   False      True       True            False      True       True         False                True        True                   4           33.8919    0.065783    0.984463     0.956565 │
│ bohb_train_966d048e   TERMINATED   False      True       True            False      True       True         False                True        True                   1            8.3085    0.122324    0.99928      0.867215 │
│ bohb_train_55c54d27   TERMINATED   False      True       True            False      True       True         False                True        True                   4           35.7911    0.0566929   0.989695     0.948999 │
│ bohb_train_e79c1ab1   TERMINATED   False      True       True            False      True       True         False                True        True                   1            8.52487   0.119196    0.99828      0.5      │
│ bohb_train_024c8074   TERMINATED   True       True       False           False      True       False        False                True        False                  2           19.7817    0.0838726   0.999228     0.892655 │
│ bohb_train_dd8858e7   TERMINATED   False      False      True            False      True       False        False                True        True                   4           23.0434    0.0594565   0.990994     0.944557 │
│ bohb_train_6fc1e4e0   TERMINATED   False      True       True            False      True       True         False                True        True                   2           16.826     0.049848    0.994909     0.941424 │
│ bohb_train_93881ce2   TERMINATED   False      True       True            False      True       True         False                True        True                   4           32.7945    0.0615593   0.989309     0.943713 │
│ bohb_train_c4816bd1   TERMINATED   True       False      True            False      True       True         False                False       False                  4           30.5948    0.207633    0.99928      0.907961 │
│ bohb_train_99ed4ca7   TERMINATED   True       False      True            False      True       False        False                True        True                   4           31.2034    0.0700551   0.99928      0.907961 │
│ bohb_train_6293ea18   TERMINATED   False      True       True            True       False      False        True                 True        True                   4           45.9184    0.0619497   0.993996     0.935874 │
│ bohb_train_6a4be05f   TERMINATED   False      True       False           False      False      False        False                False       False                  2           12.5414    0.0736218   0.986851     0.937388 │
│ bohb_train_5c355535   TERMINATED   False      False      True            False      True       True         False                False       False                  4           23.9933    0.0580322   0.992486     0.940211 │
│ bohb_train_df86b164   TERMINATED   False      True       True            False      True       True         False                True        True                   1            8.77463   0.0597249   0.999298     0.913063 │
│ bohb_train_f800b151   TERMINATED   False      True       True            False      True       True         False                True        True                   1            8.34537   0.0946523   0.99921      0.846807 │
│ bohb_train_9ee6208e   TERMINATED   False      True       True            False      True       True         False                True        True                   4           34.6873    0.0496154   0.994698     0.946412 │
│ bohb_train_1406c7fb   TERMINATED   False      True       True            False      True       True         False                True        True                   4           35.1427    0.0615884   0.988554     0.943335 │
│ bohb_train_04e87938   TERMINATED   False      True       True            False      True       True         False                True        True                   2           16.8823    0.0471866   0.995822     0.941882 │
│ bohb_train_1fc7e59e   TERMINATED   False      True       True            False      True       True         False                True        True                   4           33.0264    0.0744897   0.992363     0.945243 │
│ bohb_train_e6de1a83   TERMINATED   True       False      False           True       True       True         True                 False       True                   4           38.433     0.076218    0.999034     0.907838 │
│ bohb_train_16cd763b   TERMINATED   True       True       True            True       False      True         False                True        True                   4           49.2307    0.129728    0.998964     0.907803 │
│ bohb_train_efef6e0b   TERMINATED   False      False      False           True       False      True         True                 True        False                  4           31.0948    0.0715389   0.99605      0.941996 │
│ bohb_train_de1675eb   TERMINATED   False      True       False           True       True       False        True                 True        False                  1           13.0294    0.0691955   0.994698     0.931132 │
│ bohb_train_d9ba39d0   TERMINATED   False      True       False           True       False      False        False                False       False                  2           17.4695    0.063526    0.995664     0.941802 │
│ bohb_train_43176a9d   TERMINATED   False      True       True            False      True       True         False                True        True                   1            8.57173   0.147038    0.99828      0.5      │
│ bohb_train_8c7a1aaa   TERMINATED   False      True       True            False      True       True         False                True        True                   2           16.5001    0.0923203   0.995137     0.941539 │
│ bohb_train_edb5c812   TERMINATED   False      True       False           False      False      True         True                 True        False                  4           27.7798    0.844692    0.602805     0.785781 │
│ bohb_train_3c8d92aa   TERMINATED   False      True       True            False      True       False        False                True        True                   4           32.4431    0.0665299   0.987044     0.942578 │
│ bohb_train_0ae6ea2e   TERMINATED   False      True       True            True       False      True         True                 True        True                   4           42.317     0.0547347   0.997946     0.922572 │
│ bohb_train_6ada8870   TERMINATED   False      True       True            False      True       True         False                True        True                   4           33.2225    0.0515134   0.99368      0.945902 │
│ bohb_train_9c001182   TERMINATED   False      False      True            False      True       False        True                 True        False                  4           21.7987    0.123786    0.993171     0.945647 │
│ bohb_train_87d65a1d   TERMINATED   False      True       True            True       True       False        False                True        True                   1           12.3801    0.0627272   0.998157     0.907398 │
│ bohb_train_b32f933e   TERMINATED   False      True       True            False      True       True         False                True        True                   2           18.254     0.0514198   0.9944       0.946263 │
│ bohb_train_5e46ab01   TERMINATED   False      True       True            False      True       True         False                True        True                   4           35.1009    0.0528904   0.993557     0.94584  │
│ bohb_train_c2699235   TERMINATED   False      True       True            False      True       True         False                True        True                   1            9.04682   0.0481423   0.997893     0.932733 │
│ bohb_train_975af58a   TERMINATED   False      True       True            False      True       True         False                True        True                   4           34.7626    0.0555094   0.991784     0.944952 │
│ bohb_train_147eb262   TERMINATED   False      True       True            False      True       True         False                True        True                   2           17.4613    0.0472757   0.9967       0.937228 │
│ bohb_train_4f177ac2   TERMINATED   False      False      True            False      False      False        True                 True        False                  4           20.118     0.416471    0.96933      0.943893 │
│ bohb_train_89e96ded   TERMINATED   False      True       True            False      True       True         False                True        True                   4           32.8114    0.364654    0.919947     0.924252 │
│ bohb_train_75c9e058   TERMINATED   False      True       True            False      True       True         False                True        True                   4           31.7363    0.488599    0.802008     0.880461 │
│ bohb_train_91fb161a   TERMINATED   False      False      False           True       False      True         False                False       True                   4           22.1574    0.0659452   0.99382      0.940879 │
│ bohb_train_481dac4c   TERMINATED   False      True       True            False      True       True         False                True        True                   4           35.8762    0.0539694   0.993013     0.945568 │
│ bohb_train_e368df6e   TERMINATED   False      True       True            False      True       True         False                True        True                   1            8.77192   0.0499022   0.997999     0.932785 │
│ bohb_train_d4e4ea6e   TERMINATED   False      True       True            False      True       True         False                True        True                   2           18.5286    0.0577515   0.997788     0.937773 │
│ bohb_train_ad253a2d   TERMINATED   True       False      False           True       True       True         True                 False       False                  1           10.0164    0.0947592   0.987957     0.912476 │
│ bohb_train_837a4f54   TERMINATED   False      True       True            False      True       True         False                True        True                   4           35.2501    0.0518442   0.99145      0.949879 │
│ bohb_train_e3156986   TERMINATED   True       False      False           True       True       True         False                False       True                   4           40.8785    0.0468749   0.995611     0.93159  │
│ bohb_train_e3e357ce   TERMINATED   False      True       True            False      True       True         False                True        True                   2           16.5051    0.150923    0.99928      0.907961 │
│ bohb_train_1e4cdf79   TERMINATED   True       True       False           True       False      False        False                False       False                  4           39.8134    0.0525002   0.998789     0.922995 │
│ bohb_train_397bacf5   TERMINATED   False      True       True            False      True       True         False                True        True                   4           33.2704    0.0694626   0.983182     0.955924 │
│ bohb_train_c305114b   TERMINATED   False      True       True            False      True       True         False                True        True                   4           33.619     0.0646483   0.991573     0.944847 │
│ bohb_train_44c6f0c3   TERMINATED   True       False      False           True       True       True         False                False       False                  4           40.2319    0.0718044   0.996155     0.942049 │
│ bohb_train_ad570bc0   TERMINATED   False      True       True            False      True       True         False                True        True                   1            8.8417    0.0497874   0.99928      0.907961 │
│ bohb_train_5fbb112d   TERMINATED   False      True       True            False      True       True         False                True        True                   1            8.88215   0.0677392   0.99928      0.907961 │
│ bohb_train_b5b891d1   TERMINATED   False      False      True            True       False      True         False                True        False                  2           15.0555    0.07363     0.999105     0.836568 │
│ bohb_train_68b89677   TERMINATED   True       False      True            True       False      True         False                True        True                   4           40.4882    0.0975628   0.998982     0.800853 │
│ bohb_train_863b470d   TERMINATED   True       False      True            True       True       True         False                True        True                   2           23.3852    0.891933    0.177838     0.578024 │
│ bohb_train_a210a39c   TERMINATED   False      True       True            True       False      False        True                 False       False                  4           36.3168    0.0667158   0.994224     0.941081 │
│ bohb_train_694078d7   TERMINATED   False      False      True            True       False      False        False                False       False                  4           22.1787    0.0552148   0.996577     0.94226  │
│ bohb_train_4d34edd0   TERMINATED   False      True       True            False      True       True         False                True        True                   4           33.3579    0.0481095   0.995576     0.946852 │
│ bohb_train_b49c70d7   TERMINATED   True       True       False           True       True       True         False                True        True                   4           57.6255    0.190425    0.999245     0.88757  │
│ bohb_train_579ced28   TERMINATED   False      True       True            False      True       True         False                True        True                   1            8.38364   0.0735796   0.999298     0.90797  │
│ bohb_train_13454597   TERMINATED   False      True       True            False      True       True         False                True        True                   2           18.476     0.0547516   0.997928     0.937843 │
│ bohb_train_ab02980d   TERMINATED   False      True       True            True       True       False        False                True        False                  1           12.776     0.0540281   0.998297     0.912562 │
│ bohb_train_a9191e0c   TERMINATED   False      True       True            False      True       True         False                True        True                   4           35.5486    0.0526018   0.99382      0.945972 │
│ bohb_train_0dd78d16   TERMINATED   False      True       True            False      True       True         False                True        True                   4           34.6414    0.0555094   0.991784     0.944952 │
│ bohb_train_6565a175   TERMINATED   False      True       True            False      True       True         False                True        True                   2           16.8055    0.0485646   0.996489     0.937122 │
│ bohb_train_7b5041be   TERMINATED   False      True       True            False      True       True         False                True        True                   4           32.4737    0.216403    0.951125     0.939868 │
│ bohb_train_60516f63   TERMINATED   False      True       True            False      True       True         False                True        True                   4           31.9564    0.114707    0.97393      0.941103 │
│ bohb_train_380f7d30   TERMINATED   True       False      True            False      True       True         False                False       True                   4           31.08      0.047534    0.996858     0.937307 │
│ bohb_train_6dbc9f6e   TERMINATED   False      True       True            False      True       True         False                True        True                   4           32.4681    0.0594676   0.991064     0.944592 │
│ bohb_train_5b345c8b   TERMINATED   False      True       True            False      True       True         False                True        True                   1            8.50984   0.0497874   0.99928      0.907961 │
│ bohb_train_c988db11   TERMINATED   False      True       True            False      True       True         False                True        True                   2           17.511     0.0605286   0.998613     0.938186 │
│ bohb_train_39f7f583   TERMINATED   False      True       True            False      True       True         False                True        True                   1            8.7041    0.0477372   0.998771     0.917893 │
│ bohb_train_d09e8068   TERMINATED   False      False      True            False      False      True         False                True        False                  4           20.1383    1.9052      0.110986     0.554727 │
│ bohb_train_c084dc67   TERMINATED   True       False      True            True       False      False        True                 False       False                  2           18.7388    0.0589687   0.999263     0.902859 │
│ bohb_train_4ae46e57   TERMINATED   False      True       True            False      True       True         False                True        True                   4           34.018     0.37219     0.897528     0.918116 │
│ bohb_train_1ff60571   TERMINATED   False      True       True            False      True       True         False                True        True                   4           32.9087    0.0515134   0.99368      0.945902 │
│ bohb_train_b915c63f   TERMINATED   False      True       True            False      True       True         False                True        True                   4           33.5527    0.0567898   0.9898       0.949052 │
│ bohb_train_4bface10   TERMINATED   True       False      False           True       False      True         False                True        False                  4           37.2564    0.0793049   0.992855     0.940396 │
│ bohb_train_1c6ea148   TERMINATED   False      True       True            False      True       True         False                True        True                   4           32.9602    0.0595976   0.988273     0.948287 │
│ bohb_train_b5201fa9   TERMINATED   True       False      True            False      True       False        False                True        False                  4           33.0979    0.0694077   0.984937     0.941523 │
│ bohb_train_da2e3327   TERMINATED   False      False      False           True       True       False        False                False       False                  1            6.25262   0.055844    0.999192     0.907917 │
│ bohb_train_7b589d8c   TERMINATED   False      True       True            False      True       True         False                True        True                   1            8.6712    0.0475649   0.999175     0.923188 │
│ bohb_train_534ae223   TERMINATED   False      True       True            False      True       True         False                True        True                   2           17.1318    0.0489835   0.996348     0.937052 │
│ bohb_train_3a98b259   TERMINATED   False      True       True            False      True       True         False                True        True                   4           35.0176    0.049989    0.994136     0.946131 │
│ bohb_train_eb908828   TERMINATED   False      True       True            False      True       True         False                True        True                   4           34.3293    0.0543032   0.995084     0.946606 │
│ bohb_train_e64aa695   TERMINATED   False      True       True            False      True       True         False                True        True                   2           16.8238    0.0596266   0.997244     0.937501 │
│ bohb_train_9b0f2091   TERMINATED   True       True       False           True       True       False        False                False       True                   4           50.7723    0.0504044   0.992872     0.950591 │
│ bohb_train_c1bdfb15   TERMINATED   False      True       True            False      True       True         False                True        True                   4           33.6256    0.0694626   0.983182     0.955924 │
│ bohb_train_b6963835   TERMINATED   False      True       True            False      True       True         False                True        True                   4           31.605     0.268591    0.933956     0.931268 │
│ bohb_train_a75e087a   TERMINATED   False      True       True            False      True       True         False                True        True                   4           36.2195    0.0507085   0.996208     0.942075 │
│ bohb_train_b3bff011   TERMINATED   True       True       False           True       True       False        True                 False       True                   1           13.3837    0.202366    0.99828      0.5      │
│ bohb_train_f9b5febe   TERMINATED   True       False      False           True       False      False        False                False       True                   1            8.28394   0.161584    0.998789     0.698892 │
│ bohb_train_a83bb69e   TERMINATED   False      False      True            False      True       True         False                False       True                   2           11.0247    0.0653972   0.999245     0.928316 │
│ bohb_train_b55cc033   TERMINATED   False      True       True            False      True       True         False                True        True                   4           34.3093    0.0518933   0.994751     0.941345 │
│ bohb_train_e2052b55   TERMINATED   False      True       True            False      True       True         False                True        True                   2           16.6857    0.0523646   0.993698     0.945911 │
│ bohb_train_4064569b   TERMINATED   False      True       False           True       True       True         True                 True        True                   4           47.1462    0.286451    0.86742      0.913223 │
│ bohb_train_5c479310   TERMINATED   False      True       True            False      True       True         False                True        True                   4           33.2954    0.0586103   0.989309     0.953899 │
│ bohb_train_922324a9   TERMINATED   False      True       True            False      True       True         False                True        True                   4           33.1961    0.0628886   0.98801      0.943062 │
│ bohb_train_24136bdc   TERMINATED   False      True       True            False      True       True         False                True        True                   4           32.2414    0.255139    0.937186     0.932886 │
╰──────────────────────────────────────────────────────────────────────────────────────────────────────────────────────────────────────────────────────────────────────────────────────────────────────────────────────────────╯

总时间：16163.594041347504 s
最佳配置：{'loss': 0.06328033704014135, 'acc': 0.9867104385379727, 'bacc': 0.9576910138130188, 'training_iteration': 4, 'trial_id': '73c93a4d', 'date': '2025-11-17_00-00-11', 'time_this_iter_s': 9.178033351898193, 'time_total_s': 35.98513960838318, 'config': {'use_l1': False, 'l1_lambda': 0.0, 'use_l2': True, 'l2_lambda': 5e-05, 'use_dropout': True, 'drop_rate': 0.2, 'use_bn': False, 'use_ln': True, 'use_skip': True, 'skip_type': 'normal', 'skip_step': 1, 'skip_drop_prob': 0.0, 'use_data_augment': False, 'da_type': 'None', 'cutout_ratio': 0.0, 'cutout_prob': 0.0, 'mixup_alpha': 0.0, 'mixup_prob': 0.0, 'cutmix_alpha': 0.0, 'cutmix_prob': 0.0, 'fgsm_epsilon': 0.0, 'fgsm_prob': 0.0, 'use_swa': True, 'use_lookahead': True}}
✅ 字典已保存到: /data/ruipeng/workdir/autoreg/.exp_results/20251117/bohb_003434.json
