Trial status: 2000 TERMINATED
Current time: 2025-11-15 10:07:24. Total running time: 1hr 22min 38s
Logical resource usage: 2.0/8 CPUs, 1.0/4 GPUs (0.0/1.0 accelerator_type:G)
╭──────────────────────────────────────────────────────────────────────────────────────────────────────────────────────────────────────────────────────────────────────────────────────────────────────────────────────────────╮
│ Trial name               status       use_l1     use_l2     use_dropout     use_bn     use_ln     use_skip     use_data_augment     use_swa     use_lookahead       iter     total time (s)       loss        acc       bacc │
├──────────────────────────────────────────────────────────────────────────────────────────────────────────────────────────────────────────────────────────────────────────────────────────────────────────────────────────────┤
│ asha_train_4821b_00000   TERMINATED   False      False      False           False      False      False        True                 False       True                   1            1.71547   0.388228   0.817893   0.820644 │
│ asha_train_4821b_00001   TERMINATED   True       True       True            True       True       False        True                 False       False                  1            5.1811    0.44929    0.793633   0.806456 │
│ asha_train_4821b_00002   TERMINATED   False      True       True            False      True       False        True                 False       True                   1            3.19635   0.422395   0.767837   0.814124 │
│ asha_train_4821b_00003   TERMINATED   False      False      False           False      False      False        False                True        False                  4            5.04959   0.391379   0.806428   0.823661 │
│ asha_train_4821b_00004   TERMINATED   True       False      False           True       False      False        False                True        True                   2            5.60955   0.384228   0.819941   0.820377 │
│ asha_train_4821b_00005   TERMINATED   True       True       True            True       False      True         True                 False       True                   1            3.7719    0.462946   0.832634   0.795595 │
│ asha_train_4821b_00006   TERMINATED   True       False      True            False      False      True         True                 False       True                   2            4.47478   0.55354    0.815539   0.818803 │
│ asha_train_4821b_00007   TERMINATED   True       False      True            True       False      True         False                False       True                   4           10.5279    0.387933   0.774081   0.82116  │
│ asha_train_4821b_00008   TERMINATED   True       False      False           True       False      True         False                False       True                   1            2.70014   0.416779   0.762924   0.81192  │
│ asha_train_4821b_00009   TERMINATED   False      True       True            True       True       False        True                 False       False                  1            3.75229   0.395689   0.827823   0.816617 │
│ asha_train_4821b_00010   TERMINATED   True       True       True            False      True       False        False                True        False                  2            6.77684   0.430111   0.803358   0.820616 │
│ asha_train_4821b_00011   TERMINATED   True       False      True            True       False      True         True                 True        False                  1            3.30958   0.596976   0.800696   0.588895 │
│ asha_train_4821b_00012   TERMINATED   True       True       False           False      False      False        False                True        True                   4            8.87609   0.382752   0.816972   0.822823 │
│ asha_train_4821b_00013   TERMINATED   True       True       True            True       True       True         False                True        True                   1            5.24933   0.449263   0.787184   0.805148 │
│ asha_train_4821b_00014   TERMINATED   False      True       True            True       True       False        False                False       True                   4           13.483     0.378237   0.816972   0.823556 │
│ asha_train_4821b_00015   TERMINATED   False      True       True            False      True       True         False                False       True                   1            3.07737   0.426665   0.853311   0.791305 │
│ asha_train_4821b_00016   TERMINATED   False      False      True            False      False      True         False                True        False                  1            1.95528   0.550143   0.84154    0.809511 │
│ asha_train_4821b_00017   TERMINATED   False      False      True            False      False      False        False                False       False                  1            1.65951   0.390149   0.830587   0.816235 │
│ asha_train_4821b_00018   TERMINATED   False      True       True            True       True       False        False                False       True                   4           13.3072    0.381197   0.814925   0.821624 │
│ asha_train_4821b_00019   TERMINATED   True       False      False           False      True       True         False                False       True                   1            2.50066   0.681203   0.239328   0.5      │
│ asha_train_4821b_00020   TERMINATED   True       False      True            True       False      False        True                 False       True                   1            3.55662   0.435306   0.810523   0.806126 │
│ asha_train_4821b_00021   TERMINATED   False      False      False           False      False      True         False                True        False                  4            5.1501    0.376865   0.816358   0.824911 │
│ asha_train_4821b_00022   TERMINATED   False      True       False           True       True       True         False                False       False                  2            6.85679   0.446174   0.768042   0.816457 │
│ asha_train_4821b_00023   TERMINATED   False      False      True            False      True       True         True                 True        True                   1            2.03392   0.555905   0.853004   0.743321 │
│ asha_train_4821b_00024   TERMINATED   True       False      True            True       False      True         False                True        False                  4           12.3158    0.378366   0.819531   0.820548 │
│ asha_train_4821b_00025   TERMINATED   False      True       True            True       True       True         True                 True        True                   2            7.88719   0.44221    0.778176   0.818575 │
│ asha_train_4821b_00026   TERMINATED   False      False      True            False      False      True         True                 True        False                  1            1.84447   0.49026    0.833043   0.8136   │
│ asha_train_4821b_00027   TERMINATED   False      True       True            True       False      True         False                False       False                  2            5.56278   0.389111   0.831303   0.81656  │
│ asha_train_4821b_00028   TERMINATED   False      False      False           False      False      True         True                 False       True                   4            5.73057   0.382537   0.822397   0.821992 │
│ asha_train_4821b_00029   TERMINATED   False      True       True            False      True       False        True                 False       False                  2            6.33146   0.382128   0.835295   0.813028 │
│ asha_train_4821b_00030   TERMINATED   True       False      True            True       False      True         True                 True        True                   1            3.88315   0.412137   0.785648   0.811028 │
│ asha_train_4821b_00031   TERMINATED   False      True       False           True       False      True         True                 False       True                   1            3.37169   0.449416   0.714403   0.789994 │
│ asha_train_4821b_00032   TERMINATED   True       True       True            True       False      False        False                False       True                   4           13.5031    0.379429   0.80909    0.822919 │
│ asha_train_4821b_00033   TERMINATED   False      False      True            True       True       False        False                False       False                  1            2.18687   0.396099   0.824649   0.812773 │
│ asha_train_4821b_00034   TERMINATED   False      False      True            True       False      True         False                False       True                   2            3.89768   0.459904   0.694749   0.78499  │
│ asha_train_4821b_00035   TERMINATED   True       True       True            False      True       False        False                True        True                   4           12.9864    0.38893    0.818508   0.822953 │
│ asha_train_4821b_00036   TERMINATED   False      True       True            True       False      True         True                 True        True                   1            3.66342   0.459658   0.842256   0.80705  │
│ asha_train_4821b_00037   TERMINATED   False      True       True            False      True       True         True                 False       True                   1            3.26715   0.414236   0.853311   0.801419 │
│ asha_train_4821b_00038   TERMINATED   True       False      False           False      False      True         True                 False       True                   4            7.67561   0.374407   0.819531   0.8226   │
│ asha_train_4821b_00039   TERMINATED   True       False      True            True       False      False        True                 True        False                  1            3.54792   0.422011   0.797728   0.814864 │
│ asha_train_4821b_00040   TERMINATED   True       False      True            False      True       False        True                 True        False                  2            5.59435   0.378057   0.832224   0.817019 │
│ asha_train_4821b_00041   TERMINATED   True       True       False           False      True       True         True                 False       True                   1            3.80922   0.572585   0.672126   0.77437  │
│ asha_train_4821b_00042   TERMINATED   True       False      False           False      True       False        False                True        False                  4            9.31392   0.376928   0.830996   0.821048 │
│ asha_train_4821b_00043   TERMINATED   False      False      True            False      False      True         False                False       True                   1            1.73832   0.380166   0.819941   0.818179 │
│ asha_train_4821b_00044   TERMINATED   True       True       True            True       False      False        True                 True        True                   4           15.789     0.389612   0.788003   0.818732 │
│ asha_train_4821b_00045   TERMINATED   False      True       True            False      True       False        False                True        True                   4           10.4352    0.386533   0.812263   0.823246 │
│ asha_train_4821b_00046   TERMINATED   True       True       True            True       False      True         True                 True        True                   1            4.27515   0.455037   0.805712   0.81337  │
│ asha_train_4821b_00047   TERMINATED   True       False      False           False      False      True         True                 True        False                  2            4.25794   0.382212   0.824445   0.821432 │
│ asha_train_4821b_00048   TERMINATED   True       True       False           False      False      False        True                 False       True                   2            5.25231   0.380924   0.811956   0.820699 │
│ asha_train_4821b_00049   TERMINATED   False      True       True            False      True       True         False                True        False                  1            2.97609   0.629849   0.775514   0.531009 │
│ asha_train_4821b_00050   TERMINATED   False      True       True            True       False      True         False                True        True                   1            3.71183   0.555981   0.836217   0.703118 │
│ asha_train_4821b_00051   TERMINATED   True       False      True            False      False      True         False                False       True                   2            4.3228    0.377019   0.818917   0.819851 │
│ asha_train_4821b_00052   TERMINATED   False      True       True            True       False      True         False                True        True                   2            6.40008   0.383628   0.778381   0.821641 │
│ asha_train_4821b_00053   TERMINATED   False      False      False           True       False      False        False                True        False                  4            8.0511    0.381665   0.80172    0.82379  │
│ asha_train_4821b_00054   TERMINATED   True       False      True            True       True       True         True                 False       True                   1            3.5133    0.431701   0.785751   0.816225 │
│ asha_train_4821b_00055   TERMINATED   False      True       True            True       True       False        True                 False       False                  1            3.65909   0.400147   0.823728   0.815392 │
│ asha_train_4821b_00056   TERMINATED   False      False      True            False      True       False        False                False       False                  1            1.88511   0.383073   0.832327   0.814594 │
│ asha_train_4821b_00057   TERMINATED   True       False      False           True       True       True         True                 False       False                  1            3.34351   0.49805    0.809602   0.813874 │
│ asha_train_4821b_00058   TERMINATED   False      False      False           True       False      True         False                True        True                   1            2.44346   0.435636   0.817177   0.813577 │
│ asha_train_4821b_00059   TERMINATED   True       True       False           True       False      True         False                False       False                  1            3.75406   0.383311   0.817484   0.816124 │
│ asha_train_4821b_00060   TERMINATED   True       True       True            True       False      False        True                 True        True                   4           15.0925    0.385002   0.815027   0.82389  │
│ asha_train_4821b_00061   TERMINATED   False      False      False           True       True       False        False                False       True                   2            3.99152   0.387418   0.810216   0.817796 │
│ asha_train_4821b_00062   TERMINATED   False      True       True            True       False      True         False                False       True                   1            2.92188   0.553703   0.832327   0.7032   │
│ asha_train_4821b_00063   TERMINATED   True       True       True            True       True       True         True                 True        False                  1            5.23635   0.504834   0.622786   0.739447 │
│ asha_train_4821b_00064   TERMINATED   False      False      True            True       False      False        False                False       False                  4            6.92581   0.382481   0.797932   0.824965 │
│ asha_train_4821b_00065   TERMINATED   False      False      True            False      True       True         True                 False       True                   1            2.04892   0.62705    0.836421   0.677749 │
│ asha_train_4821b_00066   TERMINATED   True       False      False           True       True       True         False                False       False                  1            3.31314   0.450849   0.760979   0.815039 │
│ asha_train_4821b_00067   TERMINATED   False      True       True            True       False      True         False                True        True                   1            3.78384   0.650998   0.782885   0.551391 │
│ asha_train_4821b_00068   TERMINATED   False      False      False           False      True       True         False                True        True                   1            2.00766   0.449431   0.856587   0.780413 │
│ asha_train_4821b_00069   TERMINATED   True       False      False           True       False      False        True                 False       True                   4           10.834     0.376447   0.812161   0.82523  │
│ asha_train_4821b_00070   TERMINATED   False      True       True            True       False      True         True                 True        True                   4           13.4978    0.378543   0.811035   0.824637 │
│ asha_train_4821b_00071   TERMINATED   True       False      True            False      True       True         False                False       False                  1            2.83382   0.393136   0.844406   0.810808 │
│ asha_train_4821b_00072   TERMINATED   False      True       True            True       False      False        False                True        False                  1            3.46755   0.399933   0.824445   0.815863 │
│ asha_train_4821b_00073   TERMINATED   False      False      False           False      True       False        True                 True        False                  1            2.46974   0.394747   0.780121   0.811938 │
│ asha_train_4821b_00074   TERMINATED   True       True       True            True       True       True         True                 False       False                  2            9.91046   0.412413   0.785956   0.817093 │
│ asha_train_4821b_00075   TERMINATED   True       False      False           True       True       False        False                True        False                  1            3.5393    0.467677   0.759546   0.788154 │
│ asha_train_4821b_00076   TERMINATED   False      False      True            False      True       False        True                 True        False                  2            3.6991    0.39488    0.828232   0.819964 │
│ asha_train_4821b_00077   TERMINATED   False      True       True            False      True       False        False                False       True                   4           10.0932    0.385879   0.816767   0.822102 │
│ asha_train_4821b_00078   TERMINATED   True       True       False           True       True       True         False                False       False                  2            8.34073   0.404539   0.830177   0.811129 │
│ asha_train_4821b_00079   TERMINATED   True       False      True            False      True       True         False                False       True                   4            9.88262   0.518265   0.846248   0.808502 │
│ asha_train_4821b_00080   TERMINATED   False      False      True            False      True       True         False                True        True                   4            7.0862    0.379259   0.783704   0.823381 │
│ asha_train_4821b_00081   TERMINATED   False      True       True            True       False      False        False                True        False                  1            3.365     0.396854   0.807862   0.818007 │
│ asha_train_4821b_00082   TERMINATED   True       False      False           True       True       True         True                 True        True                   1            4.00963   0.591509   0.64807    0.702861 │
│ asha_train_4821b_00083   TERMINATED   False      True       True            True       True       False        False                False       True                   1            3.76994   0.46733    0.808578   0.809537 │
│ asha_train_4821b_00084   TERMINATED   True       True       False           False      False      False        True                 True        True                   2            5.05723   0.375965   0.812775   0.821677 │
│ asha_train_4821b_00085   TERMINATED   True       True       False           False      False      True         True                 True        True                   2            5.43256   0.437312   0.817279   0.818335 │
│ asha_train_4821b_00086   TERMINATED   True       True       False           True       True       False        True                 True        True                   1            5.75199   0.396669   0.816256   0.816489 │
│ asha_train_4821b_00087   TERMINATED   True       False      True            False      True       True         False                True        True                   1            2.83838   0.420009   0.853721   0.797437 │
│ asha_train_4821b_00088   TERMINATED   True       False      True            False      False      False        False                True        False                  1            2.16748   0.693097   0.760672   0.5      │
│ asha_train_4821b_00089   TERMINATED   True       False      False           False      True       True         True                 False       False                  1            3.07661   0.384488   0.825468   0.815216 │
│ asha_train_4821b_00090   TERMINATED   True       True       True            True       False      True         True                 True        False                  1            4.51365   0.472601   0.854642   0.78192  │
│ asha_train_4821b_00091   TERMINATED   True       False      False           False      False      True         True                 True        True                   1            2.17121   0.674907   0.816563   0.627906 │
│ asha_train_4821b_00092   TERMINATED   True       False      True            True       True       True         False                False       False                  1            3.52413   0.41563    0.789231   0.813969 │
│ asha_train_4821b_00093   TERMINATED   False      False      True            False      True       True         True                 False       False                  1            2.44482   0.413274   0.848193   0.798054 │
│ asha_train_4821b_00094   TERMINATED   False      False      True            False      True       True         False                True        False                  1            2.1039    0.387898   0.838878   0.811719 │
│ asha_train_4821b_00095   TERMINATED   False      False      True            False      False      False        False                False       False                  1            1.70411   0.390556   0.828027   0.816019 │
│ asha_train_4821b_00096   TERMINATED   False      True       False           True       False      True         False                False       False                  1            3.00874   0.411084   0.840721   0.810145 │
│ asha_train_4821b_00097   TERMINATED   False      False      False           True       True       False        False                False       True                   2            4.0833    0.387418   0.810216   0.817796 │
│ asha_train_4821b_00098   TERMINATED   True       False      False           True       True       False        False                False       True                   1            3.34294   0.395881   0.807862   0.812584 │
│ asha_train_4821b_00099   TERMINATED   True       True       True            False      False      True         True                 False       False                  1            3.17595   0.444655   0.830279   0.804748 │
│ asha_train_4821b_00100   TERMINATED   False      True       False           True       False      False        True                 False       True                   1            3.10917   0.434048   0.825878   0.80801  │
│ asha_train_4821b_00101   TERMINATED   True       False      False           True       False      False        False                True        False                  1            3.1768    0.42424    0.761286   0.795893 │
│ asha_train_4821b_00102   TERMINATED   True       False      False           True       True       False        True                 True        False                  1            4.46456   0.443734   0.772443   0.800589 │
│ asha_train_4821b_00103   TERMINATED   True       False      False           False      True       True         False                True        True                   1            2.73349   0.489442   0.851981   0.736345 │
│ asha_train_4821b_00104   TERMINATED   True       False      False           False      False      True         True                 True        False                  1            2.30518   0.669374   0.790153   0.562617 │
│ asha_train_4821b_00105   TERMINATED   True       True       True            False      True       False        True                 False       True                   4           12.8979    0.401057   0.827004   0.818131 │
│ asha_train_4821b_00106   TERMINATED   True       True       False           True       True       False        False                False       False                  1            4.27393   0.402239   0.836831   0.807148 │
│ asha_train_4821b_00107   TERMINATED   True       False      False           True       True       True         False                False       True                   1            3.28452   0.4337     0.807657   0.807466 │
│ asha_train_4821b_00108   TERMINATED   False      True       False           True       True       False        False                True        True                   2            7.33619   0.380975   0.816153   0.818327 │
│ asha_train_4821b_00109   TERMINATED   True       True       True            True       False      True         True                 True        True                   2            8.37233   0.379014   0.786979   0.821137 │
│ asha_train_4821b_00110   TERMINATED   True       True       False           False      False      True         False                False       False                  1            2.61416   0.512219   0.8485     0.784918 │
│ asha_train_4821b_00111   TERMINATED   False      True       True            True       True       False        False                False       False                  4           13.1138    0.396173   0.8052     0.820655 │
│ asha_train_4821b_00112   TERMINATED   True       True       True            True       True       True         True                 False       False                  2            8.90741   0.471924   0.770499   0.818219 │
│ asha_train_4821b_00113   TERMINATED   True       False      False           True       False      True         False                True        False                  1            3.22616   0.430613   0.74112    0.803012 │
│ asha_train_4821b_00114   TERMINATED   False      False      True            False      False      False        False                False       False                  4            5.41489   0.385977   0.816358   0.824032 │
│ asha_train_4821b_00115   TERMINATED   True       True       False           False      False      True         True                 True        False                  2            5.04213   0.397056   0.830177   0.820657 │
│ asha_train_4821b_00116   TERMINATED   True       False      True            True       False      True         True                 False       False                  1            2.94793   0.42373    0.764254   0.813968 │
│ asha_train_4821b_00117   TERMINATED   True       False      True            True       False      True         True                 True        False                  4           12.5829    0.384536   0.836012   0.818482 │
│ asha_train_4821b_00118   TERMINATED   True       False      False           True       True       True         True                 False       True                   2            6.61388   0.428937   0.776129   0.815763 │
│ asha_train_4821b_00119   TERMINATED   True       True       False           False      False      True         True                 True        True                   2            4.92978   0.38582    0.815641   0.819603 │
│ asha_train_4821b_00120   TERMINATED   True       False      True            True       True       True         True                 False       False                  1            3.60014   0.477442   0.711332   0.785484 │
│ asha_train_4821b_00121   TERMINATED   True       True       False           True       True       False        False                False       False                  1            4.56365   0.491236   0.835705   0.759359 │
│ asha_train_4821b_00122   TERMINATED   True       False      True            True       True       True         True                 False       False                  1            3.6084    0.448993   0.770908   0.801925 │
│ asha_train_4821b_00123   TERMINATED   False      False      True            True       True       False        False                True        False                  2            5.1136    0.387077   0.816563   0.821528 │
│ asha_train_4821b_00124   TERMINATED   True       False      False           False      False      True         True                 True        True                   2            4.11803   0.378493   0.815539   0.820709 │
│ asha_train_4821b_00125   TERMINATED   False      False      True            True       True       False        True                 True        True                   2            5.75769   0.379852   0.813082   0.819973 │
│ asha_train_4821b_00126   TERMINATED   True       True       False           False      True       True         False                False       True                   1            3.66908   0.448553   0.856178   0.780437 │
│ asha_train_4821b_00127   TERMINATED   True       True       False           True       True       False        False                False       False                  1            4.61184   0.49156    0.79783    0.797196 │
│ asha_train_4821b_00128   TERMINATED   False      True       False           True       True       False        False                True        False                  1            3.98409   0.417555   0.835807   0.800906 │
│ asha_train_4821b_00129   TERMINATED   True       True       True            False      False      False        True                 False       False                  1            3.0671    0.693096   0.760672   0.5      │
│ asha_train_4821b_00130   TERMINATED   True       False      True            True       False      False        True                 False       True                   4           10.5744    0.391967   0.820145   0.818753 │
│ asha_train_4821b_00131   TERMINATED   True       True       True            True       True       True         False                False       True                   1            4.55113   0.444893   0.760057   0.80007  │
│ asha_train_4821b_00132   TERMINATED   False      False      False           False      True       False        False                False       False                  2            3.00309   0.379351   0.830996   0.820315 │
│ asha_train_4821b_00133   TERMINATED   False      False      False           True       False      True         False                True        False                  1            2.26334   0.723211   0.760672   0.5      │
│ asha_train_4821b_00134   TERMINATED   False      False      True            True       True       False        False                False       True                   2            4.3752    0.383862   0.813287   0.820987 │
│ asha_train_4821b_00135   TERMINATED   True       True       True            False      False      False        False                False       True                   2            4.8406    0.37822    0.820964   0.820904 │
│ asha_train_4821b_00136   TERMINATED   False      True       False           True       True       False        True                 False       True                   1            3.92075   0.414398   0.802027   0.805524 │
│ asha_train_4821b_00137   TERMINATED   True       True       True            False      False      True         False                False       True                   4            9.9346    0.375244   0.818815   0.821689 │
│ asha_train_4821b_00138   TERMINATED   False      False      True            True       True       False        True                 False       True                   1            2.36833   0.393097   0.797728   0.81545  │
│ asha_train_4821b_00139   TERMINATED   True       False      True            True       False      False        False                True        True                   4           12.0061    0.383185   0.814413   0.824512 │
│ asha_train_4821b_00140   TERMINATED   False      False      True            False      True       False        False                True        False                  2            3.41713   0.378999   0.832634   0.820659 │
│ asha_train_4821b_00141   TERMINATED   False      False      True            True       False      True         True                 True        True                   1            2.59593   0.521059   0.834579   0.794675 │
│ asha_train_4821b_00142   TERMINATED   True       False      False           False      True       False        True                 True        False                  2            4.99354   0.39256    0.813901   0.818166 │
│ asha_train_4821b_00143   TERMINATED   False      False      False           True       False      False        False                True        True                   4            7.99105   0.375853   0.814515   0.826485 │
│ asha_train_4821b_00144   TERMINATED   True       False      True            True       False      True         True                 True        True                   2            6.6678    0.396237   0.766199   0.81891  │
│ asha_train_4821b_00145   TERMINATED   True       False      False           False      False      False        False                False       False                  4            6.97778   0.382642   0.80694    0.823558 │
│ asha_train_4821b_00146   TERMINATED   True       False      True            False      True       True         False                False       False                  1            2.78124   0.385218   0.836421   0.813768 │
│ asha_train_4821b_00147   TERMINATED   True       False      True            True       True       True         True                 False       False                  1            3.52366   0.475274   0.699867   0.770766 │
│ asha_train_4821b_00148   TERMINATED   True       False      True            True       False      True         False                False       True                   1            3.13576   0.425481   0.744907   0.806674 │
│ asha_train_4821b_00149   TERMINATED   True       False      False           True       False      False        True                 True        True                   1            3.31386   0.542292   0.684205   0.760031 │
│ asha_train_4821b_00150   TERMINATED   True       False      False           False      False      False        True                 True        True                   2            3.74753   0.381803   0.817586   0.819856 │
│ asha_train_4821b_00151   TERMINATED   True       True       True            True       False      True         True                 True        True                   1            4.35814   0.556965   0.846351   0.761373 │
│ asha_train_4821b_00152   TERMINATED   True       False      True            True       False      True         False                True        False                  4           12.2791    0.374551   0.794554   0.824504 │
│ asha_train_4821b_00153   TERMINATED   False      False      True            False      False      False        False                False       True                   4            5.61553   0.375984   0.816358   0.82198  │
│ asha_train_4821b_00154   TERMINATED   False      False      False           True       False      True         True                 False       False                  1            2.2385    0.56369    0.794349   0.798279 │
│ asha_train_4821b_00155   TERMINATED   False      True       True            True       True       True         True                 False       False                  1            3.64767   0.510517   0.709284   0.783405 │
│ asha_train_4821b_00156   TERMINATED   True       False      True            True       True       False        False                True        False                  1            3.7594    0.395989   0.825775   0.814099 │
│ asha_train_4821b_00157   TERMINATED   True       False      True            False      True       False        True                 True        True                   4           10.9169    0.382426   0.823523   0.82068  │
│ asha_train_4821b_00158   TERMINATED   False      True       True            True       True       True         True                 False       True                   1            3.70937   0.519255   0.671307   0.757416 │
│ asha_train_4821b_00159   TERMINATED   False      True       True            True       True       True         False                True        True                   1            4.03113   0.510129   0.762514   0.75654  │
│ asha_train_4821b_00160   TERMINATED   True       True       False           True       True       False        True                 True        False                  2            9.29097   0.439031   0.835705   0.809486 │
│ asha_train_4821b_00161   TERMINATED   False      True       False           False      False      True         False                True        False                  1            2.22562   0.510573   0.838366   0.814167 │
│ asha_train_4821b_00162   TERMINATED   False      True       False           False      True       True         False                True        False                  1            2.94684   0.640057   0.77316    0.526091 │
│ asha_train_4821b_00163   TERMINATED   True       False      False           False      False      False        True                 False       True                   1            2.37022   0.693094   0.760672   0.5      │
│ asha_train_4821b_00164   TERMINATED   False      True       False           False      False      False        True                 True        True                   2            3.6986    0.37974    0.81687    0.819238 │
│ asha_train_4821b_00165   TERMINATED   False      True       False           True       False      True         True                 True        True                   4           12.339     0.377973   0.807657   0.824908 │
│ asha_train_4821b_00166   TERMINATED   True       False      False           False      True       True         False                True        False                  1            2.59356   0.563057   0.852185   0.740291 │
│ asha_train_4821b_00167   TERMINATED   False      False      False           True       False      False        False                True        True                   4            7.95335   0.375853   0.814515   0.826485 │
│ asha_train_4821b_00168   TERMINATED   False      True       True            True       True       True         False                False       False                  1            3.73245   0.431458   0.777562   0.808644 │
│ asha_train_4821b_00169   TERMINATED   True       False      False           False      True       True         False                False       True                   1            2.77127   0.45813    0.857406   0.77333  │
│ asha_train_4821b_00170   TERMINATED   False      True       True            False      False      False        False                True        False                  2            4.02886   0.39738    0.826594   0.820354 │
│ asha_train_4821b_00171   TERMINATED   False      False      False           False      False      True         False                False       True                   4            5.2419    0.383229   0.820248   0.823071 │
│ asha_train_4821b_00172   TERMINATED   True       False      False           False      True       False        True                 False       True                   1            2.81613   0.413961   0.830382   0.807746 │
│ asha_train_4821b_00173   TERMINATED   True       True       True            False      True       False        True                 True        True                   4           13.3922    0.379024   0.810625   0.82554  │
│ asha_train_4821b_00174   TERMINATED   True       False      True            False      True       False        False                False       False                  2            4.82389   0.390877   0.847477   0.806671 │
│ asha_train_4821b_00175   TERMINATED   False      True       False           False      True       False        True                 True        False                  2            5.22496   0.387102   0.807145   0.820468 │
│ asha_train_4821b_00176   TERMINATED   True       True       True            False      False      True         True                 True        False                  4           10.1565    0.397944   0.812877   0.823503 │
│ asha_train_4821b_00177   TERMINATED   True       True       True            True       True       True         False                False       True                   1            4.60868   0.551629   0.792507   0.759692 │
│ asha_train_4821b_00178   TERMINATED   False      True       False           True       False      False        True                 False       False                  1            3.30228   0.532233   0.832531   0.787906 │
│ asha_train_4821b_00179   TERMINATED   True       False      False           False      True       False        False                True        False                  2            4.80086   0.380085   0.829768   0.818922 │
│ asha_train_4821b_00180   TERMINATED   True       False      False           False      False      True         True                 False       True                   1            2.16834   0.639189   0.848193   0.777681 │
│ asha_train_4821b_00181   TERMINATED   False      True       False           False      True       True         True                 False       True                   1            3.07392   0.430492   0.856178   0.786154 │
│ asha_train_4821b_00182   TERMINATED   True       True       True            True       True       False        True                 False       True                   2            9.46898   0.42108    0.801208   0.803374 │
│ asha_train_4821b_00183   TERMINATED   False      True       True            True       False      True         False                True        False                  1            3.59236   0.62964    0.783806   0.549065 │
│ asha_train_4821b_00184   TERMINATED   False      False      False           False      True       True         True                 True        True                   1            2.04191   0.456632   0.855973   0.774147 │
│ asha_train_4821b_00185   TERMINATED   True       True       True            False      True       True         False                False       False                  1            3.64051   0.389291   0.839595   0.812483 │
│ asha_train_4821b_00186   TERMINATED   False      False      True            True       False      False        False                False       True                   4            7.14591   0.380246   0.805405   0.824014 │
│ asha_train_4821b_00187   TERMINATED   True       False      False           False      True       True         False                True        False                  2            4.85855   0.42781    0.768963   0.819261 │
│ asha_train_4821b_00188   TERMINATED   True       False      True            False      True       False        True                 True        True                   2            5.35919   0.407972   0.803972   0.819261 │
│ asha_train_4821b_00189   TERMINATED   True       True       False           False      False      True         True                 False       True                   4            9.45853   0.382101   0.824956   0.821476 │
│ asha_train_4821b_00190   TERMINATED   False      True       False           True       True       False        False                False       True                   2            6.7573    0.38627    0.811956   0.820845 │
│ asha_train_4821b_00191   TERMINATED   False      False      False           True       False      False        False                False       False                  2            3.35903   0.385284   0.774491   0.81967  │
│ asha_train_4821b_00192   TERMINATED   False      False      True            False      False      False        False                False       True                   4            5.76326   0.376937   0.813901   0.820951 │
│ asha_train_4821b_00193   TERMINATED   True       True       True            False      True       True         False                False       False                  1            3.69756   0.441237   0.759136   0.815587 │
│ asha_train_4821b_00194   TERMINATED   True       False      False           True       True       False        False                False       True                   2            6.33101   0.390527   0.809602   0.816659 │
│ asha_train_4821b_00195   TERMINATED   True       True       True            False      False      True         True                 False       True                   1            2.80217   0.664869   0.788515   0.558463 │
│ asha_train_4821b_00196   TERMINATED   False      False      True            False      True       True         True                 True        False                  1            1.93304   0.639713   0.618999   0.743993 │
│ asha_train_4821b_00197   TERMINATED   False      True       True            False      False      False        True                 False       True                   1            2.78816   0.693095   0.760672   0.5      │
│ asha_train_4821b_00198   TERMINATED   False      False      True            True       False      False        False                True        False                  4            8.70242   0.384576   0.799468   0.823483 │
│ asha_train_4821b_00199   TERMINATED   False      True       True            False      True       True         False                True        False                  2            5.39277   0.376619   0.824752   0.820755 │
│ asha_train_4821b_00200   TERMINATED   False      False      True            True       True       False        False                True        False                  1            2.65109   0.396314   0.828642   0.814517 │
│ asha_train_4821b_00201   TERMINATED   False      False      False           True       True       False        True                 True        False                  1            3.11967   0.416897   0.808783   0.804395 │
│ asha_train_4821b_00202   TERMINATED   False      False      True            True       False      False        True                 True        True                   1            3.03466   0.400535   0.805712   0.813076 │
│ asha_train_4821b_00203   TERMINATED   True       True       False           True       False      False        False                False       True                   1            3.66692   0.446337   0.828539   0.811665 │
│ asha_train_4821b_00204   TERMINATED   False      True       False           False      True       True         True                 True        False                  4            9.99168   0.478546   0.832634   0.81934  │
│ asha_train_4821b_00205   TERMINATED   False      True       True            True       False      True         False                True        False                  1            3.51181   0.405849   0.751971   0.81161  │
│ asha_train_4821b_00206   TERMINATED   False      False      False           False      False      False        False                True        True                   4            5.11113   0.377109   0.81124    0.823159 │
│ asha_train_4821b_00207   TERMINATED   False      True       True            True       False      True         True                 True        True                   4           13.7452    0.390138   0.805302   0.825999 │
│ asha_train_4821b_00208   TERMINATED   False      False      True            False      False      False        False                True        False                  4            5.35598   0.465148   0.806121   0.823313 │
│ asha_train_4821b_00209   TERMINATED   False      False      True            False      False      False        False                False       True                   4            5.42047   0.381443   0.813799   0.819565 │
│ asha_train_4821b_00210   TERMINATED   False      True       False           False      False      False        True                 False       True                   4            7.5357    0.375595   0.814208   0.82599  │
│ asha_train_4821b_00211   TERMINATED   False      True       True            False      True       False        True                 False       False                  2            5.68136   0.393623   0.835193   0.811495 │
│ asha_train_4821b_00212   TERMINATED   False      False      True            False      False      True         True                 True        True                   4            6.039     0.377548   0.81861    0.825219 │
│ asha_train_4821b_00213   TERMINATED   False      False      False           False      False      False        True                 False       True                   4            5.60999   0.37772    0.813696   0.823162 │
│ asha_train_4821b_00214   TERMINATED   False      False      True            True       True       False        True                 True        False                  1            3.04543   0.409439   0.834374   0.809491 │
│ asha_train_4821b_00215   TERMINATED   True       False      True            True       True       False        True                 True        True                   1            4.27411   0.414519   0.803153   0.809342 │
│ asha_train_4821b_00216   TERMINATED   True       True       True            False      True       True         True                 False       True                   1            3.90669   0.525092   0.853414   0.746668 │
│ asha_train_4821b_00217   TERMINATED   True       True       True            False      False      False        True                 True        True                   1            2.99993   0.693094   0.760672   0.5      │
│ asha_train_4821b_00218   TERMINATED   False      True       False           True       False      False        False                False       True                   4           10.1574    0.377871   0.792405   0.824117 │
│ asha_train_4821b_00219   TERMINATED   True       True       False           False      True       False        True                 False       False                  2            6.42975   0.391849   0.83202    0.816005 │
│ asha_train_4821b_00220   TERMINATED   True       False      True            True       False      True         True                 True        True                   1            3.9024    0.461953   0.84328    0.810948 │
│ asha_train_4821b_00221   TERMINATED   False      True       False           True       True       False        False                False       True                   1            3.43162   0.396865   0.792609   0.810473 │
│ asha_train_4821b_00222   TERMINATED   False      False      True            True       True       False        False                False       False                  1            2.24608   0.396507   0.823114   0.814695 │
│ asha_train_4821b_00223   TERMINATED   True       False      False           True       False      True         True                 True        True                   2            6.18856   0.386963   0.792814   0.817937 │
│ asha_train_4821b_00224   TERMINATED   True       True       True            True       False      False        False                False       False                  2            7.42576   0.393402   0.805302   0.81955  │
│ asha_train_4821b_00225   TERMINATED   False      False      True            False      False      True         True                 True        False                  1            1.79968   0.66374    0.849422   0.743311 │
│ asha_train_4821b_00226   TERMINATED   False      False      False           True       False      True         True                 True        False                  4            8.77799   0.373026   0.814618   0.823914 │
│ asha_train_4821b_00227   TERMINATED   True       False      True            True       False      True         False                False       False                  4           10.218     0.394241   0.820555   0.81741  │
│ asha_train_4821b_00228   TERMINATED   True       False      True            True       True       False        True                 True        True                   2            8.06288   0.390258   0.802948   0.819614 │
│ asha_train_4821b_00229   TERMINATED   True       False      True            True       False      False        False                False       False                  2            5.40568   0.396424   0.812673   0.818678 │
│ asha_train_4821b_00230   TERMINATED   True       True       True            False      False      False        True                 True        True                   4           10.2728    0.376483   0.825468   0.823571 │
│ asha_train_4821b_00231   TERMINATED   True       False      True            False      False      False        True                 False       True                   4            8.34246   0.373297   0.820248   0.823657 │
│ asha_train_4821b_00232   TERMINATED   False      False      False           False      False      True         False                False       True                   4            5.10089   0.383229   0.820248   0.823071 │
│ asha_train_4821b_00233   TERMINATED   True       True       True            True       True       True         False                False       False                  2            9.00047   0.480037   0.751868   0.811542 │
│ asha_train_4821b_00234   TERMINATED   False      False      True            False      False      True         True                 False       True                   2            3.39783   0.380311   0.825161   0.821317 │
│ asha_train_4821b_00235   TERMINATED   True       True       False           False      True       True         True                 True        False                  1            3.51326   0.670941   0.760672   0.5      │
│ asha_train_4821b_00236   TERMINATED   False      False      False           False      False      False        True                 True        True                   4            5.66247   0.380522   0.804791   0.823464 │
│ asha_train_4821b_00237   TERMINATED   True       True       False           True       False      False        False                False       False                  1            3.52301   0.666903   0.779302   0.541854 │
│ asha_train_4821b_00238   TERMINATED   False      True       True            False      False      False        True                 True        False                  1            2.40218   0.693097   0.760672   0.5      │
│ asha_train_4821b_00239   TERMINATED   True       False      False           False      True       True         False                False       False                  1            2.58602   0.666909   0.501587   0.671067 │
│ asha_train_4821b_00240   TERMINATED   True       False      False           False      True       True         True                 True        False                  1            2.87775   0.429244   0.854233   0.791178 │
│ asha_train_4821b_00241   TERMINATED   False      True       True            False      True       False        False                False       False                  2            5.31746   0.402556   0.822807   0.818743 │
│ asha_train_4821b_00242   TERMINATED   False      False      True            False      False      True         True                 True        False                  4            6.37895   0.415736   0.804586   0.823916 │
│ asha_train_4821b_00243   TERMINATED   False      False      True            True       False      False        True                 True        True                   2            5.16886   0.392335   0.817586   0.816924 │
│ asha_train_4821b_00244   TERMINATED   False      False      False           True       False      False        False                True        True                   4            8.11219   0.375853   0.814515   0.826485 │
│ asha_train_4821b_00245   TERMINATED   False      True       True            False      True       False        True                 True        True                   1            3.15142   0.391433   0.826594   0.814637 │
│ asha_train_4821b_00246   TERMINATED   True       False      False           True       False      False        False                False       False                  2            4.87649   0.386566   0.80131    0.82059  │
│ asha_train_4821b_00247   TERMINATED   True       False      False           True       True       True         False                False       False                  2            6.28936   0.426795   0.78053    0.819683 │
│ asha_train_4821b_00248   TERMINATED   True       False      True            True       False      False        False                True        False                  1            3.47738   0.403989   0.834169   0.813167 │
│ asha_train_4821b_00249   TERMINATED   True       False      False           True       False      False        False                True        False                  1            3.24837   0.455169   0.721568   0.786642 │
│ asha_train_4821b_00250   TERMINATED   True       False      False           True       False      False        True                 False       True                   4           10.7625    0.396841   0.816153   0.82507  │
│ asha_train_4821b_00251   TERMINATED   False      True       False           True       True       True         True                 False       False                  1            3.53987   0.497365   0.779302   0.815358 │
│ asha_train_4821b_00252   TERMINATED   True       True       True            True       True       True         True                 True        True                   4           20.0725    0.380817   0.802334   0.824634 │
│ asha_train_4821b_00253   TERMINATED   False      False      False           True       True       True         True                 False       False                  1            2.23686   0.570609   0.635582   0.738477 │
│ asha_train_4821b_00254   TERMINATED   True       True       True            False      False      False        False                True        True                   1            2.68011   0.693095   0.760672   0.5      │
│ asha_train_4821b_00255   TERMINATED   False      True       True            True       False      False        True                 False       True                   4           10.8412    0.386622   0.807145   0.823253 │
│ asha_train_4821b_00256   TERMINATED   False      False      False           True       True       False        True                 True        True                   2            5.0383    0.384718   0.823216   0.819892 │
│ asha_train_4821b_00257   TERMINATED   True       True       True            True       False      False        True                 True        True                   2            8.10865   0.394293   0.819224   0.821372 │
│ asha_train_4821b_00258   TERMINATED   True       False      True            False      True       False        True                 False       True                   4           10.2935    0.374009   0.82772    0.82124  │
│ asha_train_4821b_00259   TERMINATED   True       False      True            False      False      False        True                 True        False                  2            3.82392   0.404336   0.81687    0.817186 │
│ asha_train_4821b_00260   TERMINATED   False      False      True            True       False      True         True                 True        False                  1            2.67954   0.391554   0.793531   0.81489  │
│ asha_train_4821b_00261   TERMINATED   True       True       False           False      True       False        True                 False       True                   4           12.8312    0.37792    0.814925   0.821917 │
│ asha_train_4821b_00262   TERMINATED   False      False      True            True       False      True         True                 True        True                   2            5.14308   0.393203   0.771317   0.81861  │
│ asha_train_4821b_00263   TERMINATED   True       True       True            False      False      True         False                True        True                   2            4.7529    0.381977   0.811035   0.821559 │
│ asha_train_4821b_00264   TERMINATED   False      False      False           True       False      True         True                 True        True                   2            4.25533   0.401064   0.802334   0.818624 │
│ asha_train_4821b_00265   TERMINATED   False      True       False           False      False      False        True                 True        False                  2            4.00101   0.381401   0.813185   0.819747 │
│ asha_train_4821b_00266   TERMINATED   True       True       False           True       False      False        False                False       False                  1            3.47928   0.505077   0.830587   0.794982 │
│ asha_train_4821b_00267   TERMINATED   False      True       False           True       True       False        False                True        True                   2            7.44445   0.3845     0.817177   0.820613 │
│ asha_train_4821b_00268   TERMINATED   False      False      True            False      True       False        True                 True        True                   4            7.2392    0.373888   0.805405   0.828998 │
│ asha_train_4821b_00269   TERMINATED   True       False      False           True       False      True         False                True        False                  2            5.93518   0.380958   0.820452   0.819688 │
│ asha_train_4821b_00270   TERMINATED   True       False      True            True       True       False        True                 False       True                   2            6.99598   0.395876   0.791074   0.819724 │
│ asha_train_4821b_00271   TERMINATED   True       False      False           True       True       False        True                 False       True                   1            3.34514   0.402089   0.81257    0.81524  │
│ asha_train_4821b_00272   TERMINATED   True       False      False           True       False      False        False                True        False                  4           11.3666    0.38438    0.816256   0.824258 │
│ asha_train_4821b_00273   TERMINATED   True       False      True            False      False      False        True                 True        False                  1            2.34443   0.693096   0.760672   0.5      │
│ asha_train_4821b_00274   TERMINATED   True       False      False           False      True       False        False                False       True                   1            2.63247   0.410641   0.846965   0.805455 │
│ asha_train_4821b_00275   TERMINATED   False      True       False           False      False      False        True                 True        True                   4            7.56716   0.378314   0.81646    0.82322  │
│ asha_train_4821b_00276   TERMINATED   False      False      True            True       True       False        False                False       True                   2            4.4459    0.387464   0.812366   0.820675 │
│ asha_train_4821b_00277   TERMINATED   False      True       False           False      False      False        False                True        True                   1            2.19359   0.693095   0.760672   0.5      │
│ asha_train_4821b_00278   TERMINATED   True       False      False           False      False      False        False                True        True                   4            7.02993   0.376956   0.811956   0.82319  │
│ asha_train_4821b_00279   TERMINATED   False      False      True            True       True       False        True                 True        True                   2            5.53177   0.380942   0.820043   0.821177 │
│ asha_train_4821b_00280   TERMINATED   False      False      False           False      True       False        True                 True        True                   4            6.4867    0.369284   0.809192   0.826943 │
│ asha_train_4821b_00281   TERMINATED   False      True       True            False      False      False        False                False       False                  4            7.7937    0.395493   0.803255   0.825093 │
│ asha_train_4821b_00282   TERMINATED   True       True       False           True       False      False        True                 False       False                  1            4.07439   0.571181   0.842051   0.714575 │
│ asha_train_4821b_00283   TERMINATED   True       True       True            True       True       False        False                False       True                   1            4.63553   0.397577   0.798342   0.813509 │
│ asha_train_4821b_00284   TERMINATED   True       False      False           True       True       False        True                 True        False                  2            7.28014   0.397556   0.832941   0.821594 │
│ asha_train_4821b_00285   TERMINATED   False      False      True            True       False      False        True                 True        True                   4            9.33902   0.390936   0.810625   0.824954 │
│ asha_train_4821b_00286   TERMINATED   False      False      True            True       False      False        False                True        False                  4            8.70106   0.385177   0.802027   0.82282  │
│ asha_train_4821b_00287   TERMINATED   True       False      True            True       True       False        True                 False       True                   2            6.68657   0.395582   0.803665   0.820525 │
│ asha_train_4821b_00288   TERMINATED   False      False      True            True       True       True         False                False       False                  2            4.64522   0.453581   0.768554   0.817087 │
│ asha_train_4821b_00289   TERMINATED   False      True       True            True       False      True         False                True        False                  2            6.51262   0.389429   0.836626   0.81361  │
│ asha_train_4821b_00290   TERMINATED   False      False      True            False      True       False        False                False       False                  1            2.04184   0.383073   0.832327   0.814594 │
│ asha_train_4821b_00291   TERMINATED   True       True       False           True       True       True         False                True        True                   1            4.96248   0.437019   0.815027   0.807767 │
│ asha_train_4821b_00292   TERMINATED   True       False      True            True       True       True         True                 True        False                  1            4.20181   0.500417   0.763742   0.785636 │
│ asha_train_4821b_00293   TERMINATED   False      False      False           True       False      False        False                True        False                  4            7.70962   0.381665   0.80172    0.82379  │
│ asha_train_4821b_00294   TERMINATED   False      False      False           False      True       False        False                False       True                   4            6.26955   0.374742   0.826287   0.823376 │
│ asha_train_4821b_00295   TERMINATED   True       True       False           True       False      False        False                False       True                   1            3.36393   0.546539   0.846351   0.73924  │
│ asha_train_4821b_00296   TERMINATED   True       False      False           False      False      True         False                False       False                  4            7.20694   0.390367   0.822909   0.82013  │
│ asha_train_4821b_00297   TERMINATED   False      True       False           True       True       True         False                True        True                   1            4.17213   0.427776   0.75023    0.804456 │
│ asha_train_4821b_00298   TERMINATED   False      True       True            True       True       True         True                 False       True                   1            3.69869   0.559339   0.606817   0.730709 │
│ asha_train_4821b_00299   TERMINATED   False      False      True            True       True       True         False                True        True                   2            5.72099   0.435655   0.780018   0.821545 │
│ asha_train_4821b_00300   TERMINATED   False      False      True            True       False      False        True                 False       False                  4            7.76841   0.388025   0.814413   0.820848 │
│ asha_train_4821b_00301   TERMINATED   False      True       True            True       False      True         True                 False       True                   1            3.21525   0.475593   0.843177   0.815424 │
│ asha_train_4821b_00302   TERMINATED   False      False      True            False      True       False        True                 True        True                   1            2.46736   0.393151   0.791279   0.813996 │
│ asha_train_4821b_00303   TERMINATED   False      True       False           True       True       True         True                 True        False                  2            7.58825   0.390109   0.827209   0.820464 │
│ asha_train_4821b_00304   TERMINATED   False      True       True            True       True       False        True                 True        False                  1            4.01      0.397291   0.821886   0.813741 │
│ asha_train_4821b_00305   TERMINATED   True       True       True            True       True       True         True                 True        True                   1            5.03092   0.451199   0.775207   0.799621 │
│ asha_train_4821b_00306   TERMINATED   True       False      True            True       False      True         False                False       False                  2            5.58006   0.421965   0.847579   0.79897  │
│ asha_train_4821b_00307   TERMINATED   True       True       True            False      True       False        False                True        False                  1            3.35991   0.391945   0.836421   0.813622 │
│ asha_train_4821b_00308   TERMINATED   False      False      True            True       False      False        True                 False       True                   4            7.3003    0.379683   0.802129   0.825818 │
│ asha_train_4821b_00309   TERMINATED   False      True       True            True       True       False        False                False       True                   1            3.68559   0.397532   0.802641   0.815015 │
│ asha_train_4821b_00310   TERMINATED   False      False      True            True       False      True         True                 False       True                   1            2.4415    0.391217   0.770396   0.813608 │
│ asha_train_4821b_00311   TERMINATED   False      True       True            False      False      True         False                False       True                   4            7.7996    0.376995   0.816256   0.824111 │
│ asha_train_4821b_00312   TERMINATED   False      False      True            False      True       False        False                False       True                   4            6.52869   0.372087   0.827413   0.82353  │
│ asha_train_4821b_00313   TERMINATED   False      True       False           True       False      True         True                 False       False                  4           10.8759    0.380978   0.817893   0.821523 │
│ asha_train_4821b_00314   TERMINATED   False      False      False           False      False      False        True                 True        True                   4            6.02939   0.372282   0.819634   0.823107 │
│ asha_train_4821b_00315   TERMINATED   False      False      False           True       True       True         False                False       False                  1            2.20256   0.459043   0.683079   0.777613 │
│ asha_train_4821b_00316   TERMINATED   True       True       False           True       True       False        True                 True        False                  1            5.2252    0.405145   0.827516   0.811872 │
│ asha_train_4821b_00317   TERMINATED   False      False      True            False      True       True         False                True        False                  1            2.13158   0.570871   0.815744   0.62297  │
│ asha_train_4821b_00318   TERMINATED   False      False      False           True       True       True         True                 False       True                   1            2.96836   0.40995    0.79394    0.812814 │
│ asha_train_4821b_00319   TERMINATED   False      True       False           True       True       True         False                True        True                   4           14.5348    0.409311   0.786877   0.819897 │
│ asha_train_4821b_00320   TERMINATED   True       True       False           False      False      True         False                True        False                  1            2.52761   0.612921   0.851264   0.751704 │
│ asha_train_4821b_00321   TERMINATED   True       False      True            False      True       False        False                True        True                   4            9.5672    0.376471   0.815027   0.82301  │
│ asha_train_4821b_00322   TERMINATED   True       False      True            False      False      False        True                 True        False                  1            2.10572   0.693096   0.760672   0.5      │
│ asha_train_4821b_00323   TERMINATED   False      False      True            False      True       True         True                 True        False                  1            2.07113   0.391963   0.840925   0.812332 │
│ asha_train_4821b_00324   TERMINATED   True       True       True            False      False      True         False                True        False                  2            4.90092   0.386101   0.822397   0.819207 │
│ asha_train_4821b_00325   TERMINATED   False      False      True            True       True       True         True                 False       True                   2            5.36523   0.453563   0.767632   0.815455 │
│ asha_train_4821b_00326   TERMINATED   True       False      True            False      True       False        True                 False       True                   2            5.51225   0.382674   0.824854   0.820382 │
│ asha_train_4821b_00327   TERMINATED   True       True       False           True       False      True         True                 False       False                  2            7.15476   0.391237   0.831713   0.81507  │
│ asha_train_4821b_00328   TERMINATED   False      False      True            False      False      True         True                 True        True                   1            1.92111   0.676614   0.833862   0.750232 │
│ asha_train_4821b_00329   TERMINATED   True       True       True            True       True       True         False                True        False                  2           10.262     0.432258   0.772239   0.818483 │
│ asha_train_4821b_00330   TERMINATED   False      True       False           False      False      True         True                 False       False                  1            2.2227    0.668693   0.767223   0.513687 │
│ asha_train_4821b_00331   TERMINATED   True       False      True            True       True       False        True                 False       False                  1            3.91587   0.399047   0.819531   0.809555 │
│ asha_train_4821b_00332   TERMINATED   True       True       True            False      True       True         False                True        True                   1            3.49857   0.419518   0.847681   0.801089 │
│ asha_train_4821b_00333   TERMINATED   False      True       True            True       True       False        False                True        False                  4           14.8985    0.387188   0.80909    0.823652 │
│ asha_train_4821b_00334   TERMINATED   False      False      True            True       False      True         False                True        False                  4            8.89993   0.373768   0.807964   0.822765 │
│ asha_train_4821b_00335   TERMINATED   False      False      False           False      False      True         True                 False       False                  1            1.56734   0.652702   0.844099   0.799614 │
│ asha_train_4821b_00336   TERMINATED   True       True       False           True       False      True         True                 True        False                  2            7.74233   0.419823   0.832531   0.820885 │
│ asha_train_4821b_00337   TERMINATED   True       True       True            False      True       False        False                True        False                  2            6.65033   0.37892    0.823319   0.81952  │
│ asha_train_4821b_00338   TERMINATED   False      True       False           True       False      False        False                True        False                  1            3.30584   0.449773   0.807452   0.80953  │
│ asha_train_4821b_00339   TERMINATED   False      False      False           False      False      True         False                False       True                   1            1.56644   0.464374   0.836421   0.814794 │
│ asha_train_4821b_00340   TERMINATED   True       False      False           False      False      False        False                False       False                  4            6.96142   0.376715   0.810933   0.825889 │
│ asha_train_4821b_00341   TERMINATED   True       True       False           False      True       False        False                True        True                   4           12.5031    0.372569   0.804279   0.827818 │
│ asha_train_4821b_00342   TERMINATED   False      True       False           True       False      True         True                 False       False                  1            2.84749   0.550873   0.848398   0.786317 │
│ asha_train_4821b_00343   TERMINATED   False      False      True            False      False      True         True                 False       True                   2            3.44745   0.383675   0.821988   0.819524 │
│ asha_train_4821b_00344   TERMINATED   True       True       True            False      False      True         False                False       True                   4            9.70049   0.381224   0.821578   0.820428 │
│ asha_train_4821b_00345   TERMINATED   True       True       True            True       True       False        True                 False       False                  1            4.85223   0.447936   0.827618   0.795376 │
│ asha_train_4821b_00346   TERMINATED   True       False      True            True       False      False        True                 True        True                   1            3.55478   0.425277   0.773467   0.806246 │
│ asha_train_4821b_00347   TERMINATED   True       False      True            True       False      True         False                False       True                   1            3.01131   0.418479   0.757191   0.804048 │
│ asha_train_4821b_00348   TERMINATED   True       False      True            True       False      True         False                False       False                  2            5.45364   0.38303    0.804381   0.821436 │
│ asha_train_4821b_00349   TERMINATED   True       False      False           False      True       False        True                 True        True                   4            9.56993   0.370134   0.804688   0.82838  │
│ asha_train_4821b_00350   TERMINATED   True       False      False           False      True       True         True                 True        False                  1            2.84464   0.591343   0.856485   0.7802   │
│ asha_train_4821b_00351   TERMINATED   False      False      True            False      True       False        True                 True        True                   4            7.65291   0.371695   0.813185   0.824731 │
│ asha_train_4821b_00352   TERMINATED   False      True       False           False      False      False        False                False       True                   4            7.23497   0.378269   0.809807   0.82251  │
│ asha_train_4821b_00353   TERMINATED   True       False      False           True       True       True         False                True        True                   2            7.38661   0.421992   0.775924   0.820612 │
│ asha_train_4821b_00354   TERMINATED   False      True       True            False      False      True         False                False       False                  1            2.26401   0.397711   0.834476   0.813223 │
│ asha_train_4821b_00355   TERMINATED   True       True       True            True       True       False        False                False       False                  1            4.85514   0.407504   0.810933   0.814456 │
│ asha_train_4821b_00356   TERMINATED   True       False      True            False      True       False        True                 True        False                  2            5.55446   0.397453   0.813492   0.821561 │
│ asha_train_4821b_00357   TERMINATED   True       True       False           False      False      False        True                 False       False                  1            2.8794    0.693096   0.760672   0.5      │
│ asha_train_4821b_00358   TERMINATED   False      False      False           False      True       True         True                 False       True                   1            2.2414    0.547901   0.849933   0.725472 │
│ asha_train_4821b_00359   TERMINATED   False      False      False           False      True       True         False                True        True                   1            2.07685   0.449431   0.856587   0.780413 │
│ asha_train_4821b_00360   TERMINATED   False      False      True            True       True       False        True                 True        True                   4           10.5104    0.387204   0.807964   0.824524 │
│ asha_train_4821b_00361   TERMINATED   False      True       True            True       True       False        True                 True        False                  1            4.08453   0.401633   0.830177   0.812009 │
│ asha_train_4821b_00362   TERMINATED   True       False      False           True       True       False        False                False       True                   1            3.24798   0.496589   0.765073   0.737849 │
│ asha_train_4821b_00363   TERMINATED   False      False      True            True       True       False        False                True        True                   1            2.9755    0.397276   0.811649   0.81566  │
│ asha_train_4821b_00364   TERMINATED   True       True       True            True       True       False        False                False       False                  1            4.65911   0.523749   0.795987   0.706136 │
│ asha_train_4821b_00365   TERMINATED   False      False      False           True       True       True         True                 True        False                  1            2.91014   0.401581   0.818917   0.813402 │
│ asha_train_4821b_00366   TERMINATED   False      True       False           False      False      False        True                 True        True                   4            7.67521   0.373504   0.811751   0.826134 │
│ asha_train_4821b_00367   TERMINATED   False      False      True            False      True       True         True                 True        False                  1            2.32915   0.640851   0.581943   0.721394 │
│ asha_train_4821b_00368   TERMINATED   True       True       False           False      True       True         True                 False       False                  1            3.41995   0.408569   0.849012   0.807534 │
│ asha_train_4821b_00369   TERMINATED   True       False      True            False      True       True         False                True        True                   1            2.78831   0.421131   0.853004   0.793742 │
│ asha_train_4821b_00370   TERMINATED   False      True       True            True       True       True         False                True        True                   1            4.4396    0.450526   0.771932   0.814617 │
│ asha_train_4821b_00371   TERMINATED   True       False      True            False      False      True         True                 True        False                  1            2.3616    0.481338   0.840516   0.812649 │
│ asha_train_4821b_00372   TERMINATED   True       False      False           True       False      False        True                 False       True                   1            3.42425   0.409665   0.782168   0.808594 │
│ asha_train_4821b_00373   TERMINATED   False      True       False           True       True       True         False                True        False                  1            4.14306   0.407952   0.792609   0.815603 │
│ asha_train_4821b_00374   TERMINATED   False      True       False           False      False      True         False                True        False                  1            2.24377   0.579462   0.837343   0.815839 │
│ asha_train_4821b_00375   TERMINATED   False      False      True            False      True       True         True                 False       True                   1            2.26549   0.403988   0.847067   0.802737 │
│ asha_train_4821b_00376   TERMINATED   True       False      False           False      True       True         True                 False       True                   1            2.80027   0.432887   0.853311   0.786029 │
│ asha_train_4821b_00377   TERMINATED   True       True       False           True       True       False        False                True        True                   1            4.98225   0.482127   0.837854   0.76854  │
│ asha_train_4821b_00378   TERMINATED   False      True       True            False      True       True         False                True        True                   1            3.15146   0.39965    0.847272   0.808735 │
│ asha_train_4821b_00379   TERMINATED   False      True       False           False      False      True         True                 True        True                   2            4.28399   0.381772   0.813287   0.818935 │
│ asha_train_4821b_00380   TERMINATED   True       True       False           True       False      False        False                True        True                   1            4.1206    0.594715   0.677449   0.725983 │
│ asha_train_4821b_00381   TERMINATED   False      True       True            False      False      False        True                 False       True                   1            2.32975   0.693094   0.760672   0.5      │
│ asha_train_4821b_00382   TERMINATED   False      False      True            False      False      False        False                True        True                   4            5.631     0.396622   0.81257    0.823594 │
│ asha_train_4821b_00383   TERMINATED   True       True       False           True       True       False        True                 True        True                   1            5.03707   0.402435   0.816358   0.815824 │
│ asha_train_4821b_00384   TERMINATED   False      True       False           False      True       True         False                True        False                  4           10.2066    0.384323   0.823626   0.821041 │
│ asha_train_4821b_00385   TERMINATED   True       True       False           True       False      False        False                False       True                   1            3.77974   0.416198   0.800901   0.812992 │
│ asha_train_4821b_00386   TERMINATED   True       True       False           True       True       True         True                 False       True                   1            4.71698   0.435278   0.807759   0.816181 │
│ asha_train_4821b_00387   TERMINATED   True       True       False           False      False      False        False                False       True                   1            2.62488   0.693094   0.760672   0.5      │
│ asha_train_4821b_00388   TERMINATED   True       True       True            False      True       False        False                False       True                   4           13.1695    0.371912   0.827823   0.822187 │
│ asha_train_4821b_00389   TERMINATED   True       False      False           True       True       True         False                True        False                  1            3.51585   0.618217   0.706111   0.653508 │
│ asha_train_4821b_00390   TERMINATED   False      True       False           False      True       False        False                False       True                   4            9.55573   0.37376    0.827823   0.823213 │
│ asha_train_4821b_00391   TERMINATED   False      True       False           False      False      True         False                True        False                  2            3.93476   0.381307   0.821169   0.820305 │
│ asha_train_4821b_00392   TERMINATED   True       True       True            False      False      True         False                False       False                  2            5.16828   0.385723   0.82383    0.81839  │
│ asha_train_4821b_00393   TERMINATED   False      True       False           True       False      False        False                True        False                  2            6.07756   0.400719   0.819122   0.817201 │
│ asha_train_4821b_00394   TERMINATED   False      False      True            True       False      True         True                 False       False                  2            4.32356   0.386581   0.823421   0.818414 │
│ asha_train_4821b_00395   TERMINATED   True       True       True            True       True       False        True                 True        False                  1            5.11338   0.401041   0.805917   0.814091 │
│ asha_train_4821b_00396   TERMINATED   True       True       False           True       True       True         True                 True        True                   1            5.28022   0.464244   0.828232   0.802962 │
│ asha_train_4821b_00397   TERMINATED   True       False      False           True       True       True         True                 True        True                   1            4.06304   0.414203   0.817791   0.814567 │
│ asha_train_4821b_00398   TERMINATED   True       False      True            True       True       True         False                False       False                  2            6.68318   0.439234   0.765073   0.816411 │
│ asha_train_4821b_00399   TERMINATED   True       True       True            False      False      False        False                False       False                  4            8.98505   0.385105   0.822704   0.821608 │
│ asha_train_4821b_00400   TERMINATED   False      True       False           False      True       False        False                False       False                  2            4.96809   0.379099   0.821476   0.819921 │
│ asha_train_4821b_00401   TERMINATED   False      False      True            False      False      False        True                 False       False                  2            3.37312   0.387009   0.825264   0.819332 │
│ asha_train_4821b_00402   TERMINATED   False      True       True            False      False      False        False                False       False                  4            7.47211   0.38503    0.813799   0.823815 │
│ asha_train_4821b_00403   TERMINATED   False      True       True            True       True       True         True                 False       True                   2            7.04667   0.426128   0.7792     0.818222 │
│ asha_train_4821b_00404   TERMINATED   True       False      False           True       False      True         True                 True        False                  2            5.8544    0.38611    0.815334   0.8216   │
│ asha_train_4821b_00405   TERMINATED   True       True       False           True       True       False        True                 False       False                  1            4.90877   0.438484   0.81257    0.80454  │
│ asha_train_4821b_00406   TERMINATED   False      False      False           False      False      False        False                False       False                  4            4.75116   0.389319   0.817177   0.821199 │
│ asha_train_4821b_00407   TERMINATED   False      False      False           True       True       True         True                 False       True                   1            2.30772   0.550792   0.661173   0.744012 │
│ asha_train_4821b_00408   TERMINATED   False      True       True            True       True       True         True                 False       False                  1            4.24033   0.587729   0.543863   0.691234 │
│ asha_train_4821b_00409   TERMINATED   False      False      False           False      False      False        True                 True        True                   4            5.48092   0.376597   0.812161   0.826403 │
│ asha_train_4821b_00410   TERMINATED   False      True       True            False      True       False        True                 False       True                   4           11.1125    0.375642   0.829563   0.820986 │
│ asha_train_4821b_00411   TERMINATED   True       True       False           False      False      False        False                False       True                   4            8.63868   0.379374   0.819122   0.822917 │
│ asha_train_4821b_00412   TERMINATED   False      False      False           False      True       False        False                True        False                  4            5.76857   0.375065   0.829665   0.819734 │
│ asha_train_4821b_00413   TERMINATED   False      False      False           True       True       True         True                 True        False                  1            3.05835   0.421424   0.75453    0.810214 │
│ asha_train_4821b_00414   TERMINATED   False      True       False           False      False      True         True                 True        False                  1            2.48787   0.401042   0.836831   0.806709 │
│ asha_train_4821b_00415   TERMINATED   True       True       False           True       False      False        True                 True        True                   1            4.15307   0.405465   0.82035    0.813904 │
│ asha_train_4821b_00416   TERMINATED   False      False      True            False      True       False        False                True        True                   4            6.62009   0.370582   0.814618   0.828311 │
│ asha_train_4821b_00417   TERMINATED   True       False      False           False      False      True         True                 True        False                  1            2.29799   0.646442   0.851878   0.790363 │
│ asha_train_4821b_00418   TERMINATED   False      True       True            True       False      False        False                True        True                   4           12.3519    0.375458   0.807247   0.824786 │
│ asha_train_4821b_00419   TERMINATED   False      True       False           False      True       True         True                 False       True                   1            3.01532   0.647215   0.819941   0.633058 │
│ asha_train_4821b_00420   TERMINATED   False      False      False           True       False      True         True                 False       False                  2            3.89898   0.395917   0.797932   0.819542 │
│ asha_train_4821b_00421   TERMINATED   False      True       False           True       True       True         True                 False       True                   1            4.15079   0.422461   0.787184   0.811891 │
│ asha_train_4821b_00422   TERMINATED   True       True       True            False      True       True         True                 False       False                  1            3.957     0.426224   0.85413    0.789205 │
│ asha_train_4821b_00423   TERMINATED   False      True       True            True       False      False        False                False       False                  2            5.79453   0.387728   0.78657    0.821307 │
│ asha_train_4821b_00424   TERMINATED   True       False      False           True       True       False        False                False       True                   1            3.5183    0.469432   0.757498   0.789007 │
│ asha_train_4821b_00425   TERMINATED   True       True       True            True       False      False        True                 False       True                   1            3.86515   0.563491   0.806633   0.637502 │
│ asha_train_4821b_00426   TERMINATED   False      False      True            True       True       False        False                True        True                   4           10.2522    0.373665   0.815027   0.822717 │
│ asha_train_4821b_00427   TERMINATED   True       False      True            False      False      True         True                 True        True                   4            8.01601   0.544313   0.803972   0.823805 │
│ asha_train_4821b_00428   TERMINATED   False      False      True            False      True       False        False                False       True                   4            6.63877   0.373202   0.827823   0.821454 │
│ asha_train_4821b_00429   TERMINATED   False      False      False           True       True       False        False                True        False                  1            2.54012   0.401095   0.837854   0.811632 │
│ asha_train_4821b_00430   TERMINATED   False      True       True            False      False      True         False                False       True                   1            2.47598   0.593017   0.853516   0.777369 │
│ asha_train_4821b_00431   TERMINATED   True       True       False           True       False      False        False                False       False                  1            3.63148   0.405594   0.765176   0.811642 │
│ asha_train_4821b_00432   TERMINATED   True       False      False           False      False      True         False                False       True                   1            2.19685   0.562729   0.850752   0.802521 │
│ asha_train_4821b_00433   TERMINATED   True       True       True            True       True       False        False                False       False                  1            4.82208   0.442498   0.76364    0.799786 │
│ asha_train_4821b_00434   TERMINATED   False      False      False           True       False      False        False                True        True                   4            8.05267   0.375853   0.814515   0.826485 │
│ asha_train_4821b_00435   TERMINATED   True       False      True            False      True       False        True                 True        True                   4            9.75994   0.383877   0.815437   0.825332 │
│ asha_train_4821b_00436   TERMINATED   False      True       True            False      False      False        False                False       False                  4            7.63095   0.383095   0.813696   0.822282 │
│ asha_train_4821b_00437   TERMINATED   False      False      False           False      True       False        True                 True        False                  2            3.21388   0.373894   0.821374   0.821466 │
│ asha_train_4821b_00438   TERMINATED   False      False      True            True       True       False        False                True        False                  1            2.85115   0.396314   0.828642   0.814517 │
│ asha_train_4821b_00439   TERMINATED   True       False      True            False      False      True         True                 False       False                  4            7.95294   0.377565   0.82076    0.825459 │
│ asha_train_4821b_00440   TERMINATED   False      True       True            False      False      False        True                 False       True                   1            2.66936   0.693094   0.760672   0.5      │
│ asha_train_4821b_00441   TERMINATED   True       True       False           False      False      True         False                False       False                  2            4.75469   0.381798   0.825059   0.819931 │
│ asha_train_4821b_00442   TERMINATED   False      False      False           False      False      True         True                 False       True                   1            1.69199   0.617615   0.854642   0.765944 │
│ asha_train_4821b_00443   TERMINATED   False      True       True            False      True       True         True                 True        False                  4           10.6728    0.375919   0.829563   0.819813 │
│ asha_train_4821b_00444   TERMINATED   False      True       False           False      True       False        True                 True        False                  2            4.94399   0.378817   0.814208   0.820127 │
│ asha_train_4821b_00445   TERMINATED   True       True       True            False      True       True         False                True        False                  4           13.1153    0.370853   0.808988   0.824024 │
│ asha_train_4821b_00446   TERMINATED   True       True       False           True       False      True         False                False       True                   1            3.46864   0.602826   0.835193   0.717102 │
│ asha_train_4821b_00447   TERMINATED   False      False      True            True       False      True         False                True        True                   2            4.95576   0.419554   0.745931   0.810571 │
│ asha_train_4821b_00448   TERMINATED   False      True       False           False      False      True         False                True        True                   1            2.33523   0.566294   0.850752   0.750342 │
│ asha_train_4821b_00449   TERMINATED   True       True       True            False      True       True         True                 False       True                   1            3.92695   0.418284   0.853209   0.797247 │
│ asha_train_4821b_00450   TERMINATED   True       True       False           False      True       True         False                True        True                   1            3.62087   0.396689   0.841335   0.811282 │
│ asha_train_4821b_00451   TERMINATED   True       False      True            False      False      False        True                 False       True                   4            8.23245   0.37967    0.813594   0.824707 │
│ asha_train_4821b_00452   TERMINATED   False      True       True            True       True       True         False                True        True                   1            4.23849   0.407955   0.780223   0.814058 │
│ asha_train_4821b_00453   TERMINATED   False      False      True            False      True       True         True                 False       True                   1            2.31824   0.465163   0.855359   0.771251 │
│ asha_train_4821b_00454   TERMINATED   True       False      True            False      False      True         True                 True        False                  1            2.44646   0.652578   0.832531   0.813556 │
│ asha_train_4821b_00455   TERMINATED   True       False      False           False      False      False        False                False       True                   1            2.21531   0.693094   0.760672   0.5      │
│ asha_train_4821b_00456   TERMINATED   True       True       False           True       True       True         True                 False       True                   1            4.85991   0.534172   0.719828   0.780808 │
│ asha_train_4821b_00457   TERMINATED   True       False      False           False      True       False        False                False       False                  2            4.85664   0.389529   0.833965   0.810394 │
│ asha_train_4821b_00458   TERMINATED   False      True       False           False      True       True         False                False       False                  4            9.80749   0.377189   0.826799   0.81785  │
│ asha_train_4821b_00459   TERMINATED   False      False      True            True       True       False        False                False       True                   4            8.38574   0.383409   0.816358   0.822419 │
│ asha_train_4821b_00460   TERMINATED   True       False      False           True       False      False        True                 False       True                   1            2.90199   0.547078   0.846044   0.710457 │
│ asha_train_4821b_00461   TERMINATED   False      True       False           True       False      True         True                 False       False                  2            6.76266   0.399158   0.827004   0.812708 │
│ asha_train_4821b_00462   TERMINATED   True       True       True            False      True       True         True                 False       True                   1            4.35072   0.408053   0.770294   0.806212 │
│ asha_train_4821b_00463   TERMINATED   False      False      False           False      False      True         True                 False       True                   2            3.32783   0.421666   0.822193   0.819073 │
│ asha_train_4821b_00464   TERMINATED   False      True       False           False      True       False        True                 True        False                  1            3.13695   0.409192   0.758215   0.813662 │
│ asha_train_4821b_00465   TERMINATED   True       False      False           False      True       False        True                 False       True                   1            2.78558   0.392563   0.830689   0.811173 │
│ asha_train_4821b_00466   TERMINATED   False      True       False           False      True       False        True                 True        True                   4           10.0635    0.378628   0.804995   0.827703 │
│ asha_train_4821b_00467   TERMINATED   True       False      False           False      False      True         True                 False       False                  1            2.62331   0.397681   0.81687    0.812789 │
│ asha_train_4821b_00468   TERMINATED   True       False      True            False      True       False        False                False       True                   4            9.80775   0.38209    0.817382   0.822213 │
│ asha_train_4821b_00469   TERMINATED   True       True       True            False      False      False        False                True        False                  2            4.66955   0.394626   0.823319   0.820692 │
│ asha_train_4821b_00470   TERMINATED   True       False      False           False      False      True         True                 False       True                   2            3.78543   0.378458   0.820657   0.819969 │
│ asha_train_4821b_00471   TERMINATED   True       True       True            True       False      True         False                False       False                  1            3.52799   0.530169   0.831303   0.67204  │
│ asha_train_4821b_00472   TERMINATED   False      False      False           True       True       True         True                 True        True                   1            3.03015   0.469485   0.760364   0.800125 │
│ asha_train_4821b_00473   TERMINATED   False      True       False           False      False      False        False                True        False                  4            7.25082   0.385555   0.814208   0.824084 │
│ asha_train_4821b_00474   TERMINATED   True       True       True            False      False      True         True                 True        True                   4           10.2233    0.380565   0.810933   0.822811 │
│ asha_train_4821b_00475   TERMINATED   False      True       True            True       False      False        False                True        True                   4           12.6622    0.377473   0.808271   0.822674 │
│ asha_train_4821b_00476   TERMINATED   True       False      False           True       False      True         False                True        False                  2            6.06083   0.37762    0.811342   0.821174 │
│ asha_train_4821b_00477   TERMINATED   True       False      True            True       True       True         True                 False       False                  1            3.6008    0.475983   0.760979   0.814599 │
│ asha_train_4821b_00478   TERMINATED   False      True       True            False      False      False        False                True        True                   4            7.75042   0.39968    0.812673   0.824248 │
│ asha_train_4821b_00479   TERMINATED   False      True       True            False      True       True         True                 True        True                   1            3.03532   0.570971   0.812877   0.615517 │
│ asha_train_4821b_00480   TERMINATED   True       False      False           True       True       True         True                 True        False                  1            4.0143    0.52788    0.651039   0.753181 │
│ asha_train_4821b_00481   TERMINATED   False      False      False           False      False      True         False                False       False                  4            4.98349   0.397106   0.821476   0.8208   │
│ asha_train_4821b_00482   TERMINATED   True       False      False           True       False      False        True                 True        False                  4           11.5487    0.386654   0.818098   0.822391 │
│ asha_train_4821b_00483   TERMINATED   True       True       True            True       False      True         False                False       False                  4           13.1845    0.378759   0.813492   0.821415 │
│ asha_train_4821b_00484   TERMINATED   False      True       False           False      True       False        True                 False       True                   4           10.4692    0.378094   0.825673   0.816817 │
│ asha_train_4821b_00485   TERMINATED   False      False      True            True       False      True         False                True        False                  2            4.83209   0.412242   0.767837   0.819401 │
│ asha_train_4821b_00486   TERMINATED   False      False      False           False      False      True         True                 False       False                  4            5.76639   0.386399   0.817279   0.821413 │
│ asha_train_4821b_00487   TERMINATED   False      True       False           False      True       False        False                False       True                   4            9.69378   0.372791   0.823933   0.823881 │
│ asha_train_4821b_00488   TERMINATED   False      False      True            False      False      True         True                 True        False                  4            5.90552   0.3936     0.804791   0.825662 │
│ asha_train_4821b_00489   TERMINATED   False      False      False           False      True       True         False                False       True                   1            1.73193   0.665229   0.240864   0.501009 │
│ asha_train_4821b_00490   TERMINATED   False      False      False           False      True       False        True                 False       False                  2            3.85483   0.374148   0.826185   0.820817 │
│ asha_train_4821b_00491   TERMINATED   True       False      False           True       False      False        False                False       False                  1            2.82676   0.474068   0.84287    0.795288 │
│ asha_train_4821b_00492   TERMINATED   True       True       True            True       True       True         True                 True        False                  1            5.98413   0.404028   0.816767   0.813161 │
│ asha_train_4821b_00493   TERMINATED   False      True       False           False      True       False        False                False       True                   4            9.85577   0.373026   0.826594   0.821819 │
│ asha_train_4821b_00494   TERMINATED   True       False      False           True       True       True         True                 False       False                  1            3.66734   0.400985   0.781349   0.814505 │
│ asha_train_4821b_00495   TERMINATED   True       True       True            True       False      True         False                True        False                  1            4.24135   0.392193   0.827004   0.814613 │
│ asha_train_4821b_00496   TERMINATED   False      True       False           True       False      True         False                True        False                  2            6.17993   0.37883    0.821681   0.820495 │
│ asha_train_4821b_00497   TERMINATED   True       False      False           False      False      True         True                 False       True                   4            8.49167   0.454397   0.828642   0.820966 │
│ asha_train_4821b_00498   TERMINATED   True       False      False           False      False      True         False                True        False                  1            2.22706   0.58393    0.850036   0.754414 │
│ asha_train_4821b_00499   TERMINATED   False      False      True            True       False      True         False                False       True                   1            2.29147   0.452144   0.815437   0.800268 │
│ asha_train_4821b_00500   TERMINATED   False      True       True            False      True       True         True                 True        True                   1            3.22093   0.395884   0.842973   0.811185 │
│ asha_train_4821b_00501   TERMINATED   True       False      False           False      True       True         False                True        False                  1            2.63992   0.605786   0.85413    0.768832 │
│ asha_train_4821b_00502   TERMINATED   False      False      False           False      False      True         True                 False       False                  2            3.06072   0.403814   0.817586   0.819856 │
│ asha_train_4821b_00503   TERMINATED   False      True       False           False      True       True         True                 True        True                   1            3.09772   0.393214   0.835807   0.816149 │
│ asha_train_4821b_00504   TERMINATED   False      True       True            True       True       True         False                False       False                  1            3.57566   0.44647    0.717474   0.790693 │
│ asha_train_4821b_00505   TERMINATED   True       False      False           False      False      True         False                False       False                  2            3.90132   0.387055   0.832122   0.817098 │
│ asha_train_4821b_00506   TERMINATED   True       True       False           True       True       False        False                False       False                  1            4.72096   0.547986   0.788208   0.764781 │
│ asha_train_4821b_00507   TERMINATED   False      True       False           False      False      False        True                 False       True                   4            8.33372   0.38292    0.807555   0.823522 │
│ asha_train_4821b_00508   TERMINATED   True       True       False           False      True       False        True                 True        False                  4           12.4485    0.379898   0.817382   0.821627 │
│ asha_train_4821b_00509   TERMINATED   True       False      True            False      False      False        False                True        False                  2            3.71615   0.389086   0.83202    0.820695 │
│ asha_train_4821b_00510   TERMINATED   False      True       True            True       True       False        False                True        True                   4           15.142     0.375254   0.816665   0.821742 │
│ asha_train_4821b_00511   TERMINATED   False      False      False           False      False      True         True                 False       True                   1            1.56595   0.649693   0.806633   0.608921 │
│ asha_train_4821b_00512   TERMINATED   True       True       False           False      True       False        False                True        False                  4           12.4115    0.381024   0.832224   0.81482  │
│ asha_train_4821b_00513   TERMINATED   True       True       True            False      True       True         True                 False       True                   1            3.50073   0.549771   0.832736   0.667852 │
│ asha_train_4821b_00514   TERMINATED   False      True       False           False      True       True         False                True        True                   1            2.93398   0.411358   0.847067   0.807428 │
│ asha_train_4821b_00515   TERMINATED   True       False      False           True       True       False        True                 False       True                   1            3.39031   0.50922    0.735592   0.782376 │
│ asha_train_4821b_00516   TERMINATED   True       False      True            False      False      False        False                False       False                  4            7.47652   0.376958   0.810728   0.823262 │
│ asha_train_4821b_00517   TERMINATED   True       False      False           True       True       True         True                 True        True                   1            4.45427   0.436452   0.804484   0.806113 │
│ asha_train_4821b_00518   TERMINATED   False      False      True            True       False      False        True                 False       False                  2            4.13108   0.381587   0.817074   0.819519 │
│ asha_train_4821b_00519   TERMINATED   False      False      True            False      False      False        False                True        False                  4            5.65476   0.398853   0.811137   0.824411 │
│ asha_train_4821b_00520   TERMINATED   False      True       False           False      True       False        True                 True        False                  4            9.46401   0.372459   0.829768   0.821414 │
│ asha_train_4821b_00521   TERMINATED   False      True       True            True       True       False        False                False       False                  1            3.60129   0.454709   0.78094    0.79738  │
│ asha_train_4821b_00522   TERMINATED   False      False      True            True       True       False        False                True        True                   4            9.98287   0.395999   0.802948   0.825477 │
│ asha_train_4821b_00523   TERMINATED   True       True       False           False      False      True         True                 True        True                   2            5.15111   0.378955   0.814413   0.821581 │
│ asha_train_4821b_00524   TERMINATED   False      False      False           False      False      False        True                 False       True                   4            5.49588   0.377674   0.808783   0.823889 │
│ asha_train_4821b_00525   TERMINATED   False      False      False           False      True       False        False                False       False                  2            3.24574   0.379351   0.830996   0.820315 │
│ asha_train_4821b_00526   TERMINATED   True       False      False           False      True       False        False                False       True                   4            9.15117   0.374231   0.828846   0.821541 │
│ asha_train_4821b_00527   TERMINATED   True       True       True            True       True       False        False                True        True                   2            9.71912   0.37845    0.817996   0.821151 │
│ asha_train_4821b_00528   TERMINATED   False      True       True            True       True       True         True                 True        True                   2            8.68726   0.429358   0.771829   0.817628 │
│ asha_train_4821b_00529   TERMINATED   False      True       False           False      True       True         True                 True        True                   1            2.91497   0.524088   0.845737   0.705858 │
│ asha_train_4821b_00530   TERMINATED   True       False      False           False      False      False        True                 True        False                  2            4.00599   0.387741   0.805098   0.820734 │
│ asha_train_4821b_00531   TERMINATED   False      False      True            True       False      False        True                 True        False                  4            9.0986    0.400606   0.808885   0.826742 │
│ asha_train_4821b_00532   TERMINATED   False      True       True            True       False      False        False                True        False                  4           12.2485    0.382525   0.804586   0.821864 │
│ asha_train_4821b_00533   TERMINATED   False      False      True            False      True       True         True                 False       False                  1            2.10978   0.390601   0.833248   0.816226 │
│ asha_train_4821b_00534   TERMINATED   False      True       True            True       False      True         True                 False       False                  2            6.0441    0.40531    0.762207   0.816579 │
│ asha_train_4821b_00535   TERMINATED   True       True       False           False      True       True         True                 True        True                   1            3.61397   0.421965   0.853311   0.797461 │
│ asha_train_4821b_00536   TERMINATED   False      True       False           True       False      False        True                 True        False                  1            3.49102   0.438331   0.838162   0.804066 │
│ asha_train_4821b_00537   TERMINATED   False      True       True            True       False      False        False                True        False                  2            6.29061   0.386819   0.808476   0.821636 │
│ asha_train_4821b_00538   TERMINATED   False      False      False           False      True       False        True                 True        True                   4            7.17868   0.369476   0.810318   0.828123 │
│ asha_train_4821b_00539   TERMINATED   False      True       True            True       False      False        False                True        False                  1            3.26584   0.403039   0.83724    0.813574 │
│ asha_train_4821b_00540   TERMINATED   True       False      False           False      True       True         False                False       True                   1            2.78122   0.39817    0.841642   0.810751 │
│ asha_train_4821b_00541   TERMINATED   True       True       True            False      True       False        True                 False       False                  1            3.70621   0.419764   0.754325   0.812278 │
│ asha_train_4821b_00542   TERMINATED   True       False      True            False      False      False        True                 True        True                   2            4.20465   0.3837     0.805712   0.819819 │
│ asha_train_4821b_00543   TERMINATED   False      True       True            True       False      True         False                False       False                  1            2.9676    0.50454    0.846453   0.746783 │
│ asha_train_4821b_00544   TERMINATED   False      False      True            False      True       False        False                False       False                  2            3.60717   0.381335   0.841437   0.817065 │
│ asha_train_4821b_00545   TERMINATED   False      True       True            False      True       True         False                False       True                   1            2.79553   0.552141   0.85065    0.728582 │
│ asha_train_4821b_00546   TERMINATED   True       True       True            False      False      False        False                True        True                   4            9.38487   0.413836   0.807657   0.824029 │
│ asha_train_4821b_00547   TERMINATED   True       True       False           True       True       True         True                 False       False                  1            4.57683   0.434134   0.773569   0.81115  │
│ asha_train_4821b_00548   TERMINATED   True       True       False           True       False      True         True                 False       True                   1            3.84423   0.557005   0.821271   0.811285 │
│ asha_train_4821b_00549   TERMINATED   True       True       False           False      True       True         False                False       True                   1            3.52349   0.448752   0.855666   0.779954 │
│ asha_train_4821b_00550   TERMINATED   False      True       False           False      False      False        False                False       False                  2            3.80282   0.387252   0.810523   0.820196 │
│ asha_train_4821b_00551   TERMINATED   False      True       True            False      True       True         True                 False       False                  2            6.13305   0.468786   0.8528     0.79346  │
│ asha_train_4821b_00552   TERMINATED   True       False      True            False      True       True         True                 False       False                  1            2.98107   0.389751   0.832839   0.812293 │
│ asha_train_4821b_00553   TERMINATED   True       False      False           False      True       True         False                False       False                  1            2.74658   0.508865   0.705702   0.792483 │
│ asha_train_4821b_00554   TERMINATED   True       True       True            True       True       True         False                True        False                  2            9.65363   0.406633   0.780735   0.820257 │
│ asha_train_4821b_00555   TERMINATED   True       False      False           True       True       True         False                True        False                  4           13.3326    0.408013   0.782168   0.822665 │
│ asha_train_4821b_00556   TERMINATED   False      True       True            True       True       False        False                False       True                   4           12.8521    0.381508   0.819941   0.825214 │
│ asha_train_4821b_00557   TERMINATED   False      False      False           True       True       False        False                True        False                  1            2.50665   0.401095   0.837854   0.811632 │
│ asha_train_4821b_00558   TERMINATED   False      True       True            False      True       True         True                 True        False                  4           10.5722    0.373373   0.816665   0.825113 │
│ asha_train_4821b_00559   TERMINATED   True       False      False           False      True       True         False                False       True                   1            2.61113   0.542775   0.856587   0.778215 │
│ asha_train_4821b_00560   TERMINATED   False      False      True            False      False      False        False                False       True                   4            5.51726   0.376637   0.812468   0.822501 │
│ asha_train_4821b_00561   TERMINATED   True       True       True            False      True       False        True                 False       False                  2            7.21461   0.392486   0.836012   0.811447 │
│ asha_train_4821b_00562   TERMINATED   False      False      False           False      True       False        False                False       True                   4            6.14429   0.374742   0.826287   0.823376 │
│ asha_train_4821b_00563   TERMINATED   False      True       True            True       True       True         False                True        False                  1            4.26727   0.420355   0.792916   0.812581 │
│ asha_train_4821b_00564   TERMINATED   True       True       True            False      True       True         True                 False       True                   1            3.84503   0.462129   0.85413    0.778799 │
│ asha_train_4821b_00565   TERMINATED   True       False      True            True       False      False        False                True        True                   4           12.1048    0.376964   0.810011   0.82455  │
│ asha_train_4821b_00566   TERMINATED   False      True       False           True       True       True         True                 True        True                   1            4.56659   0.45138    0.771625   0.797266 │
│ asha_train_4821b_00567   TERMINATED   True       True       True            True       True       True         False                True        True                   1            5.23719   0.445404   0.800901   0.807422 │
│ asha_train_4821b_00568   TERMINATED   True       True       True            True       False      True         True                 True        True                   1            4.64074   0.398033   0.777152   0.815117 │
│ asha_train_4821b_00569   TERMINATED   False      False      True            True       False      False        True                 False       False                  4            7.33436   0.392909   0.796806   0.826863 │
│ asha_train_4821b_00570   TERMINATED   True       True       True            True       False      True         True                 True        True                   1            4.25591   0.40855    0.800082   0.812161 │
│ asha_train_4821b_00571   TERMINATED   False      True       False           True       True       True         True                 False       False                  1            3.84698   0.454591   0.772239   0.79811  │
│ asha_train_4821b_00572   TERMINATED   False      False      True            True       True       True         True                 True        False                  1            3.77953   0.40885    0.784932   0.808798 │
│ asha_train_4821b_00573   TERMINATED   True       False      True            False      False      True         True                 True        False                  2            4.03069   0.382584   0.822295   0.821485 │
│ asha_train_4821b_00574   TERMINATED   False      False      False           False      True       True         True                 True        False                  4            7.06143   0.377014   0.812468   0.824553 │
│ asha_train_4821b_00575   TERMINATED   False      False      False           True       False      False        True                 False       True                   2            4.21738   0.385321   0.803255   0.820403 │
│ asha_train_4821b_00576   TERMINATED   False      False      False           False      True       True         False                False       True                   1            1.88297   0.449431   0.856587   0.780413 │
│ asha_train_4821b_00577   TERMINATED   False      True       True            True       False      False        True                 False       True                   4           11.9196    0.386504   0.829461   0.812417 │
│ asha_train_4821b_00578   TERMINATED   False      True       False           True       False      False        False                False       False                  1            2.78719   0.441055   0.819429   0.807289 │
│ asha_train_4821b_00579   TERMINATED   True       False      True            False      False      True         False                True        True                   1            2.21232   0.578163   0.852493   0.752218 │
│ asha_train_4821b_00580   TERMINATED   True       True       False           False      False      True         False                False       True                   1            2.57548   0.610829   0.795578   0.577469 │
│ asha_train_4821b_00581   TERMINATED   False      True       False           True       True       False        True                 False       True                   1            3.60543   0.401266   0.798956   0.815525 │
│ asha_train_4821b_00582   TERMINATED   False      True       False           False      False      False        True                 False       True                   4            7.56037   0.380705   0.822909   0.822182 │
│ asha_train_4821b_00583   TERMINATED   False      True       False           False      True       False        True                 True        True                   4           10.2166    0.378432   0.79742    0.826827 │
│ asha_train_4821b_00584   TERMINATED   False      False      True            True       True       True         True                 True        False                  1            3.14458   0.508198   0.62944    0.73913  │
│ asha_train_4821b_00585   TERMINATED   False      True       False           False      False      False        False                False       True                   2            4.01258   0.37681    0.810728   0.821797 │
│ asha_train_4821b_00586   TERMINATED   False      False      False           False      False      True         True                 True        False                  4            6.6421    0.407384   0.811854   0.826494 │
│ asha_train_4821b_00587   TERMINATED   False      False      True            True       True       True         True                 False       True                   1            2.86605   0.419701   0.79998    0.813706 │
│ asha_train_4821b_00588   TERMINATED   True       True       True            True       False      False        True                 False       True                   1            3.65187   0.580909   0.818815   0.67541  │
│ asha_train_4821b_00589   TERMINATED   True       True       False           True       False      True         False                True        False                  2            7.77204   0.377304   0.814925   0.821477 │
│ asha_train_4821b_00590   TERMINATED   False      True       True            True       False      True         True                 False       False                  1            3.63786   0.578066   0.799672   0.589541 │
│ asha_train_4821b_00591   TERMINATED   True       True       True            False      True       False        True                 True        False                  1            3.75819   0.391111   0.834886   0.814518 │
│ asha_train_4821b_00592   TERMINATED   False      True       True            True       False      True         False                True        False                  1            3.63296   0.388685   0.834067   0.816031 │
│ asha_train_4821b_00593   TERMINATED   True       False      True            False      True       False        False                False       False                  2            5.27435   0.396227   0.851878   0.80033  │
│ asha_train_4821b_00594   TERMINATED   True       False      False           True       True       True         False                True        False                  1            3.86801   0.456359   0.821578   0.810901 │
│ asha_train_4821b_00595   TERMINATED   False      False      False           True       True       True         False                False       True                   1            2.13247   0.595254   0.60692    0.68959  │
│ asha_train_4821b_00596   TERMINATED   False      True       True            False      False      True         False                False       False                  4            8.0072    0.380177   0.816051   0.819433 │
│ asha_train_4821b_00597   TERMINATED   True       True       True            True       True       False        False                False       True                   1            4.65095   0.472248   0.776231   0.801027 │
│ asha_train_4821b_00598   TERMINATED   True       True       True            True       False      True         True                 True        False                  2            8.5413    0.395114   0.830791   0.81593  │
│ asha_train_4821b_00599   TERMINATED   True       True       True            True       True       True         False                True        True                   1            5.11996   0.478985   0.814618   0.786831 │
│ asha_train_4821b_00600   TERMINATED   False      True       False           False      False      False        True                 True        True                   2            4.19778   0.381078   0.807043   0.82172  │
│ asha_train_4821b_00601   TERMINATED   False      True       False           True       True       True         True                 False       True                   1            4.06668   0.419517   0.78483    0.816206 │
│ asha_train_4821b_00602   TERMINATED   False      True       False           False      True       False        True                 True        True                   4           10.0683    0.373119   0.804688   0.828087 │
│ asha_train_4821b_00603   TERMINATED   False      True       True            False      False      True         False                False       False                  2            4.00896   0.381803   0.819326   0.821439 │
│ asha_train_4821b_00604   TERMINATED   False      True       False           False      True       True         False                True        False                  1            2.68666   0.664923   0.760672   0.5      │
│ asha_train_4821b_00605   TERMINATED   True       False      True            False      False      True         True                 True        False                  1            2.35725   0.661252   0.850343   0.739519 │
│ asha_train_4821b_00606   TERMINATED   False      True       False           False      True       False        False                False       False                  2            5.01977   0.396029   0.846658   0.807598 │
│ asha_train_4821b_00607   TERMINATED   False      False      True            False      False      True         False                False       True                   4            5.8934    0.3951     0.818303   0.822818 │
│ asha_train_4821b_00608   TERMINATED   True       False      True            True       False      True         False                True        True                   2            6.65085   0.393703   0.761695   0.818735 │
│ asha_train_4821b_00609   TERMINATED   False      False      False           False      False      True         True                 False       True                   4            6.08666   0.378844   0.816256   0.82499  │
│ asha_train_4821b_00610   TERMINATED   True       True       True            True       True       False        True                 False       True                   1            4.74611   0.400064   0.79609    0.815986 │
│ asha_train_4821b_00611   TERMINATED   False      True       False           False      False      False        False                True        True                   4            7.15476   0.377258   0.808373   0.823034 │
│ asha_train_4821b_00612   TERMINATED   True       True       True            True       False      True         False                True        False                  1            4.25321   0.622299   0.794554   0.573718 │
│ asha_train_4821b_00613   TERMINATED   False      False      False           True       False      False        True                 False       False                  4            7.23031   0.396834   0.80172    0.825696 │
│ asha_train_4821b_00614   TERMINATED   False      False      False           False      False      True         True                 False       True                   4            5.95922   0.370899   0.811342   0.824252 │
│ asha_train_4821b_00615   TERMINATED   True       True       False           True       True       True         False                False       True                   1            4.76448   0.428257   0.772648   0.811863 │
│ asha_train_4821b_00616   TERMINATED   True       False      False           True       False      False        True                 True        True                   1            3.45857   0.435185   0.774286   0.806198 │
│ asha_train_4821b_00617   TERMINATED   True       True       False           True       False      True         True                 False       False                  2            6.53054   0.434121   0.747466   0.80733  │
│ asha_train_4821b_00618   TERMINATED   True       False      True            True       False      True         False                False       False                  2            5.28664   0.404891   0.758624   0.814957 │
│ asha_train_4821b_00619   TERMINATED   True       True       True            True       True       False        False                True        False                  4           18.6218    0.383988   0.806838   0.826129 │
│ asha_train_4821b_00620   TERMINATED   True       True       False           True       False      False        False                True        False                  1            3.72811   0.410889   0.830177   0.811423 │
│ asha_train_4821b_00621   TERMINATED   True       False      False           True       False      False        True                 False       True                   2            5.18206   0.415788   0.815948   0.817167 │
│ asha_train_4821b_00622   TERMINATED   False      False      False           False      False      False        False                False       True                   4            4.95962   0.384303   0.813696   0.822136 │
│ asha_train_4821b_00623   TERMINATED   False      True       False           True       True       True         True                 False       True                   1            3.5087    0.454603   0.778073   0.812351 │
│ asha_train_4821b_00624   TERMINATED   False      False      False           False      False      True         False                True        True                   4            5.24386   0.373624   0.820043   0.826161 │
│ asha_train_4821b_00625   TERMINATED   True       True       True            True       True       False        True                 True        False                  1            5.52274   0.41016    0.809295   0.805171 │
│ asha_train_4821b_00626   TERMINATED   False      False      True            False      False      False        True                 True        False                  2            3.21719   0.423834   0.804791   0.817894 │
│ asha_train_4821b_00627   TERMINATED   True       False      True            False      False      True         False                False       True                   4            7.9399    0.380431   0.82035    0.822992 │
│ asha_train_4821b_00628   TERMINATED   True       False      True            True       False      True         True                 False       True                   1            2.93012   0.528543   0.843792   0.792963 │
│ asha_train_4821b_00629   TERMINATED   True       True       True            True       True       False        True                 True        False                  1            5.69034   0.477264   0.711536   0.770668 │
│ asha_train_4821b_00630   TERMINATED   False      False      True            True       False      True         False                False       False                  1            1.97963   0.635177   0.804893   0.6025   │
│ asha_train_4821b_00631   TERMINATED   False      False      True            False      True       False        False                False       True                   4            6.83467   0.375732   0.834681   0.818927 │
│ asha_train_4821b_00632   TERMINATED   True       True       False           True       False      True         False                True        True                   1            3.99229   0.671857   0.814515   0.632277 │
│ asha_train_4821b_00633   TERMINATED   True       True       False           True       True       False        True                 True        False                  1            5.03996   0.455913   0.7922     0.798918 │
│ asha_train_4821b_00634   TERMINATED   True       True       True            True       True       False        False                False       True                   1            4.81827   0.466149   0.804074   0.804818 │
│ asha_train_4821b_00635   TERMINATED   False      False      True            True       False      False        False                True        True                   4            8.80814   0.375973   0.810421   0.825259 │
│ asha_train_4821b_00636   TERMINATED   True       True       True            True       True       False        False                True        True                   1            4.82506   0.425039   0.786877   0.811396 │
│ asha_train_4821b_00637   TERMINATED   False      True       True            True       False      True         False                True        False                  1            3.35103   0.395397   0.837138   0.814679 │
│ asha_train_4821b_00638   TERMINATED   False      True       False           False      True       False        True                 True        True                   4           10.2187    0.3721     0.805507   0.823788 │
│ asha_train_4821b_00639   TERMINATED   True       False      False           False      True       True         True                 True        True                   1            2.73076   0.427729   0.853107   0.790145 │
│ asha_train_4821b_00640   TERMINATED   True       False      False           True       True       False        True                 False       False                  1            3.39929   0.411474   0.825264   0.815521 │
│ asha_train_4821b_00641   TERMINATED   True       False      False           True       True       True         False                True        False                  4           13.9066    0.420267   0.774081   0.819548 │
│ asha_train_4821b_00642   TERMINATED   False      True       False           True       True       False        False                True        False                  1            3.80274   0.407181   0.836421   0.811276 │
│ asha_train_4821b_00643   TERMINATED   False      True       True            False      True       False        True                 True        True                   2            5.49216   0.400405   0.779097   0.820939 │
│ asha_train_4821b_00644   TERMINATED   False      True       False           False      True       False        True                 True        True                   4            9.71457   0.374427   0.807964   0.824817 │
│ asha_train_4821b_00645   TERMINATED   True       True       False           True       True       False        False                True        True                   2            9.08112   0.383362   0.816153   0.818034 │
│ asha_train_4821b_00646   TERMINATED   False      False      False           True       False      False        True                 True        False                  4            8.64989   0.38145    0.811035   0.825077 │
│ asha_train_4821b_00647   TERMINATED   False      False      True            True       True       True         False                True        False                  1            2.85263   0.430122   0.7619     0.815645 │
│ asha_train_4821b_00648   TERMINATED   False      False      True            True       True       False        False                True        True                   4           10.1062    0.374141   0.816051   0.822804 │
│ asha_train_4821b_00649   TERMINATED   True       False      False           True       True       True         True                 False       False                  1            3.98744   0.432189   0.762719   0.803431 │
│ asha_train_4821b_00650   TERMINATED   True       True       True            False      True       False        False                True        True                   2            6.85111   0.380277   0.821374   0.821759 │
│ asha_train_4821b_00651   TERMINATED   True       True       False           True       False      True         False                True        False                  1            3.93183   0.549839   0.8355     0.693413 │
│ asha_train_4821b_00652   TERMINATED   True       False      False           True       True       True         True                 True        True                   1            4.04355   0.440572   0.805917   0.806469 │
│ asha_train_4821b_00653   TERMINATED   True       False      True            True       True       False        True                 True        False                  1            4.22745   0.475765   0.795578   0.787654 │
│ asha_train_4821b_00654   TERMINATED   False      True       True            False      True       False        True                 True        True                   4           10.9189    0.377673   0.807862   0.824163 │
│ asha_train_4821b_00655   TERMINATED   False      True       False           True       True       True         False                False       True                   1            3.66118   0.540657   0.617156   0.726805 │
│ asha_train_4821b_00656   TERMINATED   False      True       False           False      False      True         True                 False       False                  1            2.52214   0.398444   0.832941   0.806643 │
│ asha_train_4821b_00657   TERMINATED   False      True       False           False      False      True         False                False       True                   1            2.28122   0.658373   0.830075   0.66493  │
│ asha_train_4821b_00658   TERMINATED   True       False      False           False      False      True         True                 False       False                  2            3.97653   0.452856   0.840721   0.809852 │
│ asha_train_4821b_00659   TERMINATED   False      True       False           False      True       True         True                 False       True                   1            2.83341   0.452372   0.856178   0.778092 │
│ asha_train_4821b_00660   TERMINATED   False      True       False           False      True       False        True                 True        False                  2            5.57004   0.377392   0.826185   0.819645 │
│ asha_train_4821b_00661   TERMINATED   False      True       True            False      True       False        True                 True        True                   4           10.5917    0.374604   0.82035    0.822552 │
│ asha_train_4821b_00662   TERMINATED   True       False      False           True       True       True         True                 True        False                  4           13.7564    0.41649    0.774286   0.819975 │
│ asha_train_4821b_00663   TERMINATED   True       True       True            True       True       True         False                False       True                   2            8.66426   0.477583   0.755144   0.813696 │
│ asha_train_4821b_00664   TERMINATED   True       False      False           False      True       False        False                False       False                  2            4.75152   0.381784   0.835398   0.813388 │
│ asha_train_4821b_00665   TERMINATED   True       False      False           False      True       False        True                 False       False                  2            5.30999   0.386316   0.842768   0.809439 │
│ asha_train_4821b_00666   TERMINATED   True       False      False           True       True       True         False                False       True                   1            3.44984   0.423144   0.770191   0.810248 │
│ asha_train_4821b_00667   TERMINATED   True       True       True            False      True       True         False                True        True                   1            3.91828   0.399954   0.843996   0.810979 │
│ asha_train_4821b_00668   TERMINATED   True       True       False           False      False      True         True                 False       False                  1            2.81146   0.599216   0.830279   0.810171 │
│ asha_train_4821b_00669   TERMINATED   False      True       True            False      False      False        False                False       False                  1            2.19143   0.693097   0.760672   0.5      │
│ asha_train_4821b_00670   TERMINATED   False      True       False           False      False      True         True                 True        True                   2            4.32086   0.379168   0.814106   0.821672 │
│ asha_train_4821b_00671   TERMINATED   False      True       True            False      False      True         False                False       False                  2            4.26996   0.389708   0.820145   0.820365 │
│ asha_train_4821b_00672   TERMINATED   True       False      False           False      True       True         False                False       False                  2            4.93038   0.411732   0.818098   0.821511 │
│ asha_train_4821b_00673   TERMINATED   False      False      False           False      False      False        True                 True        True                   4            6.2293    0.37517    0.815744   0.823042 │
│ asha_train_4821b_00674   TERMINATED   True       False      False           False      True       True         True                 False       False                  1            2.81126   0.4039     0.848193   0.801572 │
│ asha_train_4821b_00675   TERMINATED   False      False      False           False      True       False        False                False       True                   4            6.19302   0.374742   0.826287   0.823376 │
│ asha_train_4821b_00676   TERMINATED   True       False      False           False      False      True         True                 False       True                   2            4.08407   0.421117   0.806838   0.819533 │
│ asha_train_4821b_00677   TERMINATED   True       False      False           True       True       False        False                True        True                   2            6.97146   0.383654   0.821476   0.821387 │
│ asha_train_4821b_00678   TERMINATED   False      True       False           True       True       True         True                 True        True                   1            4.17813   0.418604   0.809602   0.81578  │
│ asha_train_4821b_00679   TERMINATED   True       False      False           True       True       False        False                False       True                   1            3.34005   0.397931   0.808373   0.813653 │
│ asha_train_4821b_00680   TERMINATED   False      False      True            False      True       False        False                True        False                  1            1.94767   0.389623   0.840414   0.815953 │
│ asha_train_4821b_00681   TERMINATED   True       False      False           True       True       False        False                False       False                  1            3.45531   0.411464   0.838366   0.808304 │
│ asha_train_4821b_00682   TERMINATED   False      False      True            True       False      False        False                False       False                  4            6.77174   0.385987   0.797216   0.822589 │
│ asha_train_4821b_00683   TERMINATED   True       True       False           True       True       False        False                False       True                   2            8.51507   0.388705   0.813082   0.817921 │
│ asha_train_4821b_00684   TERMINATED   True       False      False           False      False      True         False                True        False                  4            7.1251    0.387957   0.815334   0.823066 │
│ asha_train_4821b_00685   TERMINATED   True       True       True            False      True       False        False                True        False                  4           12.9083    0.38538    0.826901   0.820116 │
│ asha_train_4821b_00686   TERMINATED   True       True       True            True       False      False        True                 True        True                   1            4.35062   0.424976   0.78442    0.816377 │
│ asha_train_4821b_00687   TERMINATED   False      True       True            False      False      False        True                 True        False                  4            8.22522   0.434254   0.811035   0.825077 │
│ asha_train_4821b_00688   TERMINATED   True       False      False           False      True       True         True                 True        False                  1            2.75271   0.668632   0.837138   0.67866  │
│ asha_train_4821b_00689   TERMINATED   True       True       False           True       True       True         False                True        False                  1            5.12635   0.504007   0.775207   0.799621 │
│ asha_train_4821b_00690   TERMINATED   False      True       True            True       False      False        False                False       False                  1            3.01718   0.431106   0.830382   0.810385 │
│ asha_train_4821b_00691   TERMINATED   True       False      True            True       True       True         True                 False       True                   1            3.78105   0.454474   0.78094    0.809985 │
│ asha_train_4821b_00692   TERMINATED   False      True       False           True       True       False        True                 False       True                   1            4.06986   0.413069   0.799877   0.807629 │
│ asha_train_4821b_00693   TERMINATED   False      True       False           False      False      True         False                True        True                   2            3.92265   0.378957   0.820964   0.82149  │
│ asha_train_4821b_00694   TERMINATED   False      True       False           False      False      False        False                True        False                  2            4.14966   0.382897   0.804688   0.821345 │
│ asha_train_4821b_00695   TERMINATED   True       True       False           True       False      True         False                False       True                   1            3.87814   0.428826   0.736718   0.803343 │
│ asha_train_4821b_00696   TERMINATED   False      True       True            False      False      True         True                 False       False                  2            4.33825   0.387814   0.82598    0.81526  │
│ asha_train_4821b_00697   TERMINATED   True       True       True            False      False      False        False                True        True                   4            9.51279   0.384765   0.816972   0.823556 │
│ asha_train_4821b_00698   TERMINATED   False      False      False           True       True       True         True                 False       True                   1            2.346     0.466122   0.750742   0.796731 │
│ asha_train_4821b_00699   TERMINATED   True       True       False           True       False      False        False                False       False                  1            3.51448   0.440916   0.82639    0.811864 │
│ asha_train_4821b_00700   TERMINATED   False      False      True            True       True       True         False                False       True                   2            4.51629   0.461647   0.764357   0.817699 │
│ asha_train_4821b_00701   TERMINATED   True       True       True            False      False      False        True                 False       True                   1            2.99334   0.385236   0.815027   0.815682 │
│ asha_train_4821b_00702   TERMINATED   False      True       True            True       False      True         False                False       False                  1            2.99085   0.403409   0.843075   0.807442 │
│ asha_train_4821b_00703   TERMINATED   True       False      True            False      True       False        False                True        True                   4            9.83378   0.371038   0.813185   0.825464 │
│ asha_train_4821b_00704   TERMINATED   True       False      False           True       True       True         True                 False       False                  1            3.5211    0.40804    0.800594   0.814403 │
│ asha_train_4821b_00705   TERMINATED   True       True       True            True       True       False        False                False       False                  1            4.91241   0.464743   0.814208   0.806056 │
│ asha_train_4821b_00706   TERMINATED   True       True       True            True       True       False        True                 True        True                   2            9.98249   0.38585    0.814925   0.819719 │
│ asha_train_4821b_00707   TERMINATED   False      True       True            True       False      False        False                False       True                   4           10.8298    0.377644   0.803869   0.824178 │
│ asha_train_4821b_00708   TERMINATED   False      True       True            True       True       False        False                True        False                  1            3.94888   0.394304   0.828335   0.816367 │
│ asha_train_4821b_00709   TERMINATED   False      True       True            True       True       True         False                True        False                  1            4.35551   0.430936   0.832634   0.808494 │
│ asha_train_4821b_00710   TERMINATED   True       False      False           False      True       False        False                True        True                   1            2.63951   0.406751   0.843587   0.810856 │
│ asha_train_4821b_00711   TERMINATED   True       True       True            True       True       False        False                True        True                   1            5.26546   0.471771   0.791586   0.799541 │
│ asha_train_4821b_00712   TERMINATED   False      True       False           False      False      True         True                 True        True                   1            2.41606   0.67458    0.837854   0.760478 │
│ asha_train_4821b_00713   TERMINATED   False      False      True            False      False      False        False                True        False                  1            1.9892    0.390556   0.828027   0.816019 │
│ asha_train_4821b_00714   TERMINATED   True       True       False           False      False      False        True                 True        False                  2            5.01694   0.390514   0.824035   0.820137 │
│ asha_train_4821b_00715   TERMINATED   False      False      False           False      False      True         True                 False       True                   2            3.4456    0.399534   0.832122   0.815779 │
│ asha_train_4821b_00716   TERMINATED   False      False      False           True       False      False        True                 True        True                   2            4.8613    0.387043   0.821067   0.820091 │
│ asha_train_4821b_00717   TERMINATED   False      False      True            False      False      False        False                True        False                  4            5.67231   0.465148   0.806121   0.823313 │
│ asha_train_4821b_00718   TERMINATED   True       True       True            False      True       True         True                 True        False                  2            7.36836   0.385771   0.821886   0.820337 │
│ asha_train_4821b_00719   TERMINATED   True       True       False           True       True       False        True                 True        True                   1            5.03242   0.40158    0.805712   0.812637 │
│ asha_train_4821b_00720   TERMINATED   False      False      False           False      True       True         False                False       True                   1            1.97951   0.437945   0.85239    0.797295 │
│ asha_train_4821b_00721   TERMINATED   False      False      False           False      False      True         False                True        True                   4            5.39942   0.373624   0.820043   0.826161 │
│ asha_train_4821b_00722   TERMINATED   False      False      False           False      False      False        False                False       False                  4            4.95756   0.389319   0.817177   0.821199 │
│ asha_train_4821b_00723   TERMINATED   True       False      True            True       True       False        False                True        False                  2            7.7042    0.385201   0.827004   0.81901  │
│ asha_train_4821b_00724   TERMINATED   True       True       False           False      True       True         True                 False       False                  1            3.97146   0.514859   0.84891    0.802629 │
│ asha_train_4821b_00725   TERMINATED   True       True       True            True       True       False        True                 False       True                   1            5.39381   0.44078    0.732521   0.793402 │
│ asha_train_4821b_00726   TERMINATED   True       False      True            True       False      True         False                False       False                  1            2.888     0.637559   0.812468   0.620085 │
│ asha_train_4821b_00727   TERMINATED   False      False      False           False      True       False        True                 False       True                   4            6.92191   0.385702   0.815437   0.827823 │
│ asha_train_4821b_00728   TERMINATED   False      True       False           True       True       False        False                False       True                   2            6.72831   0.394006   0.813287   0.81703  │
│ asha_train_4821b_00729   TERMINATED   False      False      True            False      True       False        False                True        False                  1            1.91582   0.38933    0.835091   0.815239 │
│ asha_train_4821b_00730   TERMINATED   True       True       False           False      True       True         False                True        False                  1            3.4217    0.603231   0.813082   0.615505 │
│ asha_train_4821b_00731   TERMINATED   False      True       True            True       True       False        True                 True        False                  1            3.94184   0.402333   0.831303   0.815974 │
│ asha_train_4821b_00732   TERMINATED   False      False      True            True       True       True         False                True        False                  2            5.3671    0.444065   0.763845   0.818242 │
│ asha_train_4821b_00733   TERMINATED   False      False      False           True       False      False        False                False       True                   4            6.43799   0.38       0.789436   0.821433 │
│ asha_train_4821b_00734   TERMINATED   True       True       False           True       False      True         True                 False       True                   1            3.94501   0.394855   0.786774   0.814993 │
│ asha_train_4821b_00735   TERMINATED   False      False      True            True       True       False        False                True        False                  2            5.22879   0.387077   0.816563   0.821528 │
│ asha_train_4821b_00736   TERMINATED   True       True       True            False      True       False        True                 True        False                  4           13.2837    0.392483   0.818712   0.821622 │
│ asha_train_4821b_00737   TERMINATED   True       False      True            False      True       False        True                 False       True                   1            3.20435   0.408384   0.793223   0.810144 │
│ asha_train_4821b_00738   TERMINATED   False      False      True            False      False      False        True                 True        True                   4            6.30693   0.380834   0.817996   0.824375 │
│ asha_train_4821b_00739   TERMINATED   True       True       False           True       True       False        False                False       False                  1            4.57448   0.43201    0.827925   0.807304 │
│ asha_train_4821b_00740   TERMINATED   False      False      False           True       True       False        True                 False       True                   2            4.12508   0.387906   0.80694    0.819893 │
│ asha_train_4821b_00741   TERMINATED   False      True       False           True       False      False        False                True        True                   4           11.9136    0.376538   0.812775   0.824608 │
│ asha_train_4821b_00742   TERMINATED   True       False      False           True       False      False        False                True        False                  1            3.02759   0.413489   0.830791   0.807429 │
│ asha_train_4821b_00743   TERMINATED   True       True       True            True       True       False        False                False       True                   1            4.55372   0.407366   0.792814   0.809875 │
│ asha_train_4821b_00744   TERMINATED   False      True       True            True       True       True         True                 False       False                  2            7.20498   0.404261   0.835193   0.815013 │
│ asha_train_4821b_00745   TERMINATED   True       True       True            False      True       False        False                True        False                  2            6.83232   0.392936   0.838469   0.812769 │
│ asha_train_4821b_00746   TERMINATED   True       False      False           False      False      True         True                 True        True                   1            2.62708   0.643873   0.832122   0.67463  │
│ asha_train_4821b_00747   TERMINATED   False      True       True            True       True       True         True                 False       False                  1            3.73374   0.509922   0.665063   0.762546 │
│ asha_train_4821b_00748   TERMINATED   False      False      True            False      True       True         True                 True        True                   1            2.28147   0.402888   0.848193   0.805969 │
│ asha_train_4821b_00749   TERMINATED   False      True       False           True       False      True         True                 True        False                  2            6.77462   0.383035   0.782475   0.817883 │
│ asha_train_4821b_00750   TERMINATED   False      True       False           False      False      True         True                 True        False                  4            7.92627   0.555859   0.808681   0.82221  │
│ asha_train_4821b_00751   TERMINATED   True       True       True            True       False      False        True                 False       False                  1            3.9897    0.456398   0.7922     0.805221 │
│ asha_train_4821b_00752   TERMINATED   True       False      False           False      False      False        True                 False       True                   2            3.97501   0.385518   0.823421   0.821346 │
│ asha_train_4821b_00753   TERMINATED   True       False      False           False      False      True         False                False       False                  2            3.77379   0.384105   0.827209   0.819145 │
│ asha_train_4821b_00754   TERMINATED   True       True       False           True       True       False        True                 True        True                   1            5.26931   0.461312   0.821169   0.785274 │
│ asha_train_4821b_00755   TERMINATED   True       False      True            False      True       True         True                 False       True                   2            5.75668   0.397019   0.770089   0.817217 │
│ asha_train_4821b_00756   TERMINATED   True       False      True            True       False      True         False                False       False                  4           10.3031    0.387884   0.826287   0.815901 │
│ asha_train_4821b_00757   TERMINATED   False      True       False           False      False      False        True                 True        False                  4            7.75571   0.386853   0.808373   0.823913 │
│ asha_train_4821b_00758   TERMINATED   False      True       True            False      True       True         False                False       True                   1            2.7511    0.677315   0.239328   0.5      │
│ asha_train_4821b_00759   TERMINATED   False      True       True            False      True       True         False                False       True                   1            3.035     0.409112   0.845737   0.808459 │
│ asha_train_4821b_00760   TERMINATED   True       True       False           True       True       True         True                 True        True                   1            5.043     0.431006   0.798956   0.814499 │
│ asha_train_4821b_00761   TERMINATED   True       False      True            True       False      False        True                 True        False                  1            3.29828   0.447105   0.756167   0.794141 │
│ asha_train_4821b_00762   TERMINATED   True       True       False           True       False      True         True                 True        True                   1            4.07868   0.40698    0.798751   0.812019 │
│ asha_train_4821b_00763   TERMINATED   False      True       False           False      True       False        True                 False       False                  2            5.85459   0.386294   0.844099   0.809727 │
│ asha_train_4821b_00764   TERMINATED   True       False      False           True       False      False        False                True        False                  1            3.28572   0.408092   0.833965   0.81186  │
│ asha_train_4821b_00765   TERMINATED   False      True       False           True       True       True         False                True        True                   1            4.07606   0.413485   0.78268    0.812301 │
│ asha_train_4821b_00766   TERMINATED   True       False      False           True       True       True         True                 False       True                   1            3.85542   0.420866   0.802232   0.811668 │
│ asha_train_4821b_00767   TERMINATED   True       False      True            True       True       True         True                 True        True                   1            4.22858   0.415417   0.803665   0.816421 │
│ asha_train_4821b_00768   TERMINATED   True       True       True            False      False      True         False                False       False                  2            5.25963   0.387537   0.832224   0.817165 │
│ asha_train_4821b_00769   TERMINATED   False      False      True            False      False      True         False                True        False                  1            1.79112   0.386931   0.822909   0.815733 │
│ asha_train_4821b_00770   TERMINATED   False      True       True            False      False      True         False                False       True                   1            2.2674    0.662668   0.786467   0.554332 │
│ asha_train_4821b_00771   TERMINATED   True       True       True            False      False      False        False                True        True                   4            9.44036   0.389054   0.818098   0.821951 │
│ asha_train_4821b_00772   TERMINATED   False      False      False           False      False      True         True                 True        False                  1            1.69617   0.482821   0.836217   0.814073 │
│ asha_train_4821b_00773   TERMINATED   True       True       False           False      True       True         False                False       True                   1            3.48783   0.423664   0.852083   0.801344 │
│ asha_train_4821b_00774   TERMINATED   True       True       True            False      True       True         True                 False       False                  1            3.836     0.389509   0.839288   0.813893 │
│ asha_train_4821b_00775   TERMINATED   False      True       True            False      False      False        False                True        True                   4            7.74211   0.401142   0.825059   0.822862 │
│ asha_train_4821b_00776   TERMINATED   False      False      True            False      False      False        False                False       True                   4            5.62514   0.379643   0.809909   0.823017 │
│ asha_train_4821b_00777   TERMINATED   False      True       True            False      False      False        False                True        True                   4            7.6435    0.388503   0.813799   0.824988 │
│ asha_train_4821b_00778   TERMINATED   True       False      True            False      False      False        True                 False       False                  1            2.23405   0.693096   0.760672   0.5      │
│ asha_train_4821b_00779   TERMINATED   False      False      True            True       False      False        True                 False       False                  1            2.55912   0.407088   0.812366   0.813493 │
│ asha_train_4821b_00780   TERMINATED   True       True       False           False      False      True         True                 False       True                   2            5.05386   0.377375   0.819019   0.821677 │
│ asha_train_4821b_00781   TERMINATED   False      True       True            True       False      False        False                False       False                  1            3.19219   0.453673   0.819019   0.795441 │
│ asha_train_4821b_00782   TERMINATED   True       True       False           False      True       True         True                 True        True                   1            3.55573   0.648711   0.850343   0.783931 │
│ asha_train_4821b_00783   TERMINATED   False      True       True            True       True       True         False                False       False                  1            3.56955   0.645062   0.754427   0.517442 │
│ asha_train_4821b_00784   TERMINATED   True       True       False           False      False      True         True                 False       True                   2            5.36509   0.381009   0.813389   0.820615 │
│ asha_train_4821b_00785   TERMINATED   False      False      True            False      False      False        True                 False       True                   4            5.90974   0.377489   0.811649   0.822695 │
│ asha_train_4821b_00786   TERMINATED   True       False      False           True       False      False        False                False       False                  2            5.35541   0.385218   0.775719   0.821504 │
│ asha_train_4821b_00787   TERMINATED   False      False      False           False      False      True         True                 True        False                  1            1.76213   0.635097   0.853414   0.794744 │
│ asha_train_4821b_00788   TERMINATED   True       False      False           False      True       True         False                True        False                  1            2.71216   0.670317   0.760672   0.5      │
│ asha_train_4821b_00789   TERMINATED   True       True       True            False      False      False        True                 True        True                   1            2.77035   0.693095   0.760672   0.5      │
│ asha_train_4821b_00790   TERMINATED   True       False      True            False      False      True         True                 True        True                   4            8.35865   0.385281   0.817586   0.824546 │
│ asha_train_4821b_00791   TERMINATED   False      False      False           True       False      True         False                True        True                   2            4.61019   0.38555    0.783192   0.819527 │
│ asha_train_4821b_00792   TERMINATED   False      True       True            True       False      True         True                 False       False                  1            3.21518   0.520188   0.85454    0.750486 │
│ asha_train_4821b_00793   TERMINATED   True       False      False           True       False      True         True                 False       True                   1            3.30173   0.478657   0.834476   0.803402 │
│ asha_train_4821b_00794   TERMINATED   True       False      False           True       False      False        False                False       True                   2            4.96139   0.405642   0.813799   0.820884 │
│ asha_train_4821b_00795   TERMINATED   False      True       False           False      True       False        False                False       True                   4            9.70133   0.374926   0.815334   0.825997 │
│ asha_train_4821b_00796   TERMINATED   False      True       False           False      True       False        False                True        True                   4            9.79076   0.371322   0.809909   0.828147 │
│ asha_train_4821b_00797   TERMINATED   False      True       False           True       True       True         True                 True        True                   1            4.21267   0.420996   0.792097   0.816146 │
│ asha_train_4821b_00798   TERMINATED   False      False      False           True       True       False        True                 False       False                  1            2.61523   0.418028   0.835398   0.813242 │
│ asha_train_4821b_00799   TERMINATED   True       False      True            True       False      True         False                False       True                   1            2.9907    0.434395   0.739073   0.80533  │
│ asha_train_4821b_00800   TERMINATED   True       True       True            True       True       False        True                 True        False                  1            5.13789   0.414624   0.819736   0.808077 │
│ asha_train_4821b_00801   TERMINATED   True       True       False           True       True       False        False                True        True                   1            5.01615   0.40671    0.810728   0.807872 │
│ asha_train_4821b_00802   TERMINATED   False      False      False           True       True       False        True                 False       False                  1            2.71031   0.398108   0.802846   0.814564 │
│ asha_train_4821b_00803   TERMINATED   True       True       False           False      True       True         True                 True        True                   1            3.73819   0.396573   0.841437   0.813108 │
│ asha_train_4821b_00804   TERMINATED   False      False      True            False      True       True         False                True        False                  4            6.89217   0.370123   0.799775   0.827349 │
│ asha_train_4821b_00805   TERMINATED   False      False      True            True       True       True         True                 False       False                  2            4.53041   0.41421    0.786467   0.819774 │
│ asha_train_4821b_00806   TERMINATED   False      False      True            True       False      False        False                False       False                  4            6.93347   0.38483    0.798649   0.823091 │
│ asha_train_4821b_00807   TERMINATED   True       True       True            False      False      False        False                False       False                  4            9.19379   0.383254   0.814618   0.823621 │
│ asha_train_4821b_00808   TERMINATED   False      False      False           True       False      False        True                 True        True                   4            8.45457   0.38393    0.82035    0.825044 │
│ asha_train_4821b_00809   TERMINATED   True       True       False           True       False      False        False                True        True                   4           14.418     0.377123   0.812059   0.823404 │
│ asha_train_4821b_00810   TERMINATED   True       False      True            False      False      True         True                 True        True                   1            2.73779   0.549787   0.852083   0.793283 │
│ asha_train_4821b_00811   TERMINATED   False      False      False           False      False      False        True                 False       False                  4            5.01976   0.383851   0.807862   0.821672 │
│ asha_train_4821b_00812   TERMINATED   False      True       False           False      True       False        False                False       False                  4            9.37143   0.386854   0.845737   0.813735 │
│ asha_train_4821b_00813   TERMINATED   True       True       False           True       False      False        True                 True        True                   2            8.06584   0.407672   0.804688   0.818999 │
│ asha_train_4821b_00814   TERMINATED   False      False      True            True       True       True         False                True        False                  1            2.93498   0.439237   0.750537   0.810375 │
│ asha_train_4821b_00815   TERMINATED   True       True       True            False      True       True         False                False       True                   1            3.63289   0.697264   0.239328   0.5      │
│ asha_train_4821b_00816   TERMINATED   True       True       True            False      False      False        False                True        False                  2            4.98625   0.436327   0.781656   0.820863 │
│ asha_train_4821b_00817   TERMINATED   False      False      True            True       True       True         True                 True        False                  1            3.08289   0.434224   0.780837   0.81622  │
│ asha_train_4821b_00818   TERMINATED   False      True       True            True       False      False        False                False       False                  2            5.60895   0.38349    0.798342   0.82157  │
│ asha_train_4821b_00819   TERMINATED   False      True       True            False      True       True         False                False       False                  4           10.6725    0.388552   0.841949   0.810659 │
│ asha_train_4821b_00820   TERMINATED   True       False      True            False      True       False        False                True        False                  1            2.92168   0.394808   0.843382   0.809696 │
│ asha_train_4821b_00821   TERMINATED   False      False      True            True       True       True         False                False       True                   2            4.56498   0.481815   0.757908   0.815219 │
│ asha_train_4821b_00822   TERMINATED   False      True       True            False      True       True         False                True        False                  1            2.82917   0.65115    0.762412   0.503636 │
│ asha_train_4821b_00823   TERMINATED   False      True       False           True       False      True         False                True        False                  2            6.51452   0.385945   0.830382   0.818446 │
│ asha_train_4821b_00824   TERMINATED   False      False      True            True       True       True         False                False       True                   1            2.39574   0.408148   0.760569   0.808614 │
│ asha_train_4821b_00825   TERMINATED   False      True       True            False      False      True         True                 True        True                   4            8.95455   0.397366   0.812877   0.824089 │
│ asha_train_4821b_00826   TERMINATED   False      True       False           False      True       True         False                True        True                   1            2.88661   0.440936   0.856178   0.780437 │
│ asha_train_4821b_00827   TERMINATED   True       True       True            True       True       False        False                True        True                   2            9.99926   0.403633   0.816767   0.818145 │
│ asha_train_4821b_00828   TERMINATED   True       False      False           True       True       False        False                False       False                  1            3.25846   0.418105   0.813287   0.800467 │
│ asha_train_4821b_00829   TERMINATED   False      False      False           False      True       True         True                 False       False                  1            1.83887   0.391047   0.841949   0.810659 │
│ asha_train_4821b_00830   TERMINATED   True       True       False           False      False      True         False                True        False                  1            2.78235   0.395721   0.831713   0.814337 │
│ asha_train_4821b_00831   TERMINATED   False      True       True            False      True       False        True                 False       False                  1            3.2047    0.393079   0.830996   0.814306 │
│ asha_train_4821b_00832   TERMINATED   True       True       False           False      True       False        False                True        False                  2            6.51054   0.380156   0.827516   0.818761 │
│ asha_train_4821b_00833   TERMINATED   True       False      False           True       False      True         False                False       False                  2            5.44453   0.399548   0.792609   0.820587 │
│ asha_train_4821b_00834   TERMINATED   True       False      True            True       False      True         False                False       True                   1            3.16827   0.418097   0.753915   0.812448 │
│ asha_train_4821b_00835   TERMINATED   False      False      False           True       True       False        True                 True        False                  1            2.92371   0.420062   0.827618   0.808861 │
│ asha_train_4821b_00836   TERMINATED   True       True       True            False      False      True         True                 False       False                  2            5.81505   0.389963   0.822397   0.817448 │
│ asha_train_4821b_00837   TERMINATED   False      False      False           False      True       True         True                 False       False                  1            2.27813   0.426777   0.851878   0.793441 │
│ asha_train_4821b_00838   TERMINATED   True       True       False           True       True       True         True                 True        False                  1            5.60764   0.416797   0.774798   0.809172 │
│ asha_train_4821b_00839   TERMINATED   True       False      True            False      False      False        False                True        True                   4            7.7223    0.399314   0.798956   0.824026 │
│ asha_train_4821b_00840   TERMINATED   True       False      False           False      True       True         True                 False       False                  1            3.31143   0.438748   0.847784   0.786792 │
│ asha_train_4821b_00841   TERMINATED   False      True       False           True       True       True         False                True        True                   4           15.1077    0.418384   0.782373   0.821627 │
│ asha_train_4821b_00842   TERMINATED   True       False      False           True       True       False        False                True        False                  1            3.66692   0.424329   0.820145   0.813037 │
│ asha_train_4821b_00843   TERMINATED   True       True       False           False      True       True         False                False       True                   1            3.61132   0.448772   0.855564   0.779887 │
│ asha_train_4821b_00844   TERMINATED   True       False      True            False      False      True         True                 False       False                  1            2.35304   0.567026   0.843894   0.806075 │
│ asha_train_4821b_00845   TERMINATED   False      True       False           False      True       False        True                 False       False                  2            5.2592    0.379482   0.834783   0.818994 │
│ asha_train_4821b_00846   TERMINATED   False      False      True            True       False      True         False                False       True                   2            4.18814   0.398032   0.776129   0.82148  │
│ asha_train_4821b_00847   TERMINATED   False      False      False           True       False      True         True                 False       True                   1            2.28943   0.418833   0.74634    0.80615  │
│ asha_train_4821b_00848   TERMINATED   True       False      True            False      False      False        False                True        False                  2            3.78723   0.391025   0.829256   0.820051 │
│ asha_train_4821b_00849   TERMINATED   True       False      True            False      False      False        True                 False       True                   2            3.96098   0.375036   0.81646    0.819995 │
│ asha_train_4821b_00850   TERMINATED   True       False      False           True       False      True         True                 True        True                   1            3.14099   0.544708   0.845327   0.708374 │
│ asha_train_4821b_00851   TERMINATED   True       True       True            True       True       True         True                 False       False                  1            4.98886   0.438667   0.775617   0.803555 │
│ asha_train_4821b_00852   TERMINATED   True       True       True            False      False      False        True                 True        False                  2            4.95063   0.387071   0.817382   0.821187 │
│ asha_train_4821b_00853   TERMINATED   True       False      False           False      True       False        True                 True        False                  2            4.71203   0.386855   0.818508   0.820901 │
│ asha_train_4821b_00854   TERMINATED   False      False      False           False      True       True         True                 False       False                  4            6.7359    0.380861   0.834783   0.819287 │
│ asha_train_4821b_00855   TERMINATED   False      False      False           True       True       True         False                False       False                  2            4.00796   0.428359   0.781656   0.821009 │
│ asha_train_4821b_00856   TERMINATED   True       True       False           True       True       True         True                 False       True                   2            8.90098   0.492861   0.759546   0.812631 │
│ asha_train_4821b_00857   TERMINATED   True       False      False           True       False      True         False                True        False                  1            3.09583   0.617392   0.836217   0.693151 │
│ asha_train_4821b_00858   TERMINATED   False      True       True            False      False      False        False                True        False                  4            7.76401   0.413616   0.812263   0.823685 │
│ asha_train_4821b_00859   TERMINATED   True       False      True            True       True       False        False                False       False                  1            3.39339   0.533954   0.744191   0.763257 │
│ asha_train_4821b_00860   TERMINATED   True       False      True            False      False      False        True                 False       True                   2            4.19709   0.378559   0.819122   0.820425 │
│ asha_train_4821b_00861   TERMINATED   False      True       True            False      True       True         True                 False       True                   1            3.24478   0.489889   0.855973   0.762421 │
│ asha_train_4821b_00862   TERMINATED   False      True       True            True       True       False        True                 False       True                   4           14.3974    0.397616   0.817996   0.818952 │
│ asha_train_4821b_00863   TERMINATED   True       False      True            True       False      True         False                False       False                  1            2.70911   0.714511   0.760672   0.5      │
│ asha_train_4821b_00864   TERMINATED   True       True       False           True       True       True         False                False       True                   1            4.3445    0.53312    0.632102   0.741026 │
│ asha_train_4821b_00865   TERMINATED   True       False      False           True       True       False        True                 True        True                   1            4.01757   0.402152   0.806736   0.809059 │
│ asha_train_4821b_00866   TERMINATED   True       True       True            True       True       False        False                True        True                   1            5.12797   0.432257   0.825673   0.809048 │
│ asha_train_4821b_00867   TERMINATED   False      True       True            True       False      False        False                True        False                  1            3.65149   0.411189   0.814618   0.814093 │
│ asha_train_4821b_00868   TERMINATED   False      False      True            False      True       True         True                 True        False                  4            7.28705   0.369931   0.816972   0.826048 │
│ asha_train_4821b_00869   TERMINATED   False      True       False           False      True       True         False                True        True                   1            2.73246   0.570752   0.701402   0.790976 │
│ asha_train_4821b_00870   TERMINATED   False      False      True            False      True       True         False                False       True                   1            1.92506   0.638811   0.51817    0.681234 │
│ asha_train_4821b_00871   TERMINATED   True       False      False           True       True       True         True                 False       True                   1            3.76476   0.423297   0.788515   0.807782 │
│ asha_train_4821b_00872   TERMINATED   False      False      True            False      False      False        False                False       False                  2            2.96621   0.385434   0.824138   0.819032 │
│ asha_train_4821b_00873   TERMINATED   False      False      True            True       False      True         True                 True        False                  1            2.65335   0.530635   0.851264   0.769146 │
│ asha_train_4821b_00874   TERMINATED   True       False      True            True       False      False        True                 True        True                   4           12.4042    0.389456   0.80346    0.824934 │
│ asha_train_4821b_00875   TERMINATED   False      True       False           False      True       True         True                 True        True                   1            3.13631   0.431468   0.853516   0.788069 │
│ asha_train_4821b_00876   TERMINATED   False      False      False           True       True       False        False                True        False                  1            2.65744   0.401095   0.837854   0.811632 │
│ asha_train_4821b_00877   TERMINATED   False      True       True            False      True       False        False                False       False                  1            2.99123   0.395044   0.840721   0.813956 │
│ asha_train_4821b_00878   TERMINATED   False      False      True            True       False      True         False                False       False                  1            2.14342   0.397211   0.831303   0.81187  │
│ asha_train_4821b_00879   TERMINATED   False      True       True            False      False      False        False                False       True                   4            7.7603    0.375154   0.809909   0.824043 │
│ asha_train_4821b_00880   TERMINATED   True       True       True            True       True       True         True                 False       False                  1            4.74031   0.42937    0.762105   0.807864 │
│ asha_train_4821b_00881   TERMINATED   False      True       True            True       False      True         True                 False       True                   1            3.26345   0.561742   0.839492   0.806553 │
│ asha_train_4821b_00882   TERMINATED   False      True       True            True       False      True         False                True        False                  1            3.62052   0.462916   0.852083   0.783023 │
│ asha_train_4821b_00883   TERMINATED   True       True       False           False      True       False        False                False       True                   4           12.5105    0.373533   0.829051   0.821529 │
│ asha_train_4821b_00884   TERMINATED   False      False      False           True       False      False        False                True        True                   4            7.85705   0.375853   0.814515   0.826485 │
│ asha_train_4821b_00885   TERMINATED   True       True       False           True       True       True         False                True        False                  1            4.76426   0.430121   0.790767   0.810728 │
│ asha_train_4821b_00886   TERMINATED   True       True       False           True       True       True         False                False       True                   1            4.38864   0.450872   0.825468   0.7988   │
│ asha_train_4821b_00887   TERMINATED   False      True       True            False      False      False        False                True        False                  1            2.38501   0.693096   0.760672   0.5      │
│ asha_train_4821b_00888   TERMINATED   True       False      False           False      False      False        True                 True        True                   1            2.30662   0.693096   0.760672   0.5      │
│ asha_train_4821b_00889   TERMINATED   True       False      False           False      False      False        False                True        False                  2            3.60633   0.386828   0.808783   0.820811 │
│ asha_train_4821b_00890   TERMINATED   False      True       False           True       False      False        False                False       False                  4           10.1166    0.380623   0.796806   0.824079 │
│ asha_train_4821b_00891   TERMINATED   True       False      False           False      True       True         False                True        True                   2            4.9436    0.387986   0.838776   0.816195 │
│ asha_train_4821b_00892   TERMINATED   True       True       False           True       False      True         True                 True        False                  1            4.25311   0.477268   0.794042   0.805113 │
│ asha_train_4821b_00893   TERMINATED   False      False      False           True       False      False        True                 False       True                   2            3.99928   0.378125   0.790767   0.820988 │
│ asha_train_4821b_00894   TERMINATED   False      False      False           True       True       False        False                False       True                   2            4.3264    0.387418   0.810216   0.817796 │
│ asha_train_4821b_00895   TERMINATED   True       True       True            True       True       False        True                 False       False                  2            9.23949   0.384581   0.810933   0.820026 │
│ asha_train_4821b_00896   TERMINATED   False      False      True            False      True       True         False                False       False                  1            1.98534   0.461545   0.744293   0.811693 │
│ asha_train_4821b_00897   TERMINATED   False      True       False           False      False      False        True                 False       True                   1            2.25931   0.693095   0.760672   0.5      │
│ asha_train_4821b_00898   TERMINATED   True       False      True            True       True       False        False                False       True                   1            3.62093   0.408903   0.79998    0.813559 │
│ asha_train_4821b_00899   TERMINATED   False      False      False           True       False      False        False                False       True                   4            6.59778   0.38       0.789436   0.821433 │
│ asha_train_4821b_00900   TERMINATED   False      False      True            False      True       False        False                False       False                  1            2.0198    0.38933    0.835091   0.815239 │
│ asha_train_4821b_00901   TERMINATED   False      True       True            True       False      False        False                True        False                  2            6.32422   0.385915   0.819531   0.819815 │
│ asha_train_4821b_00902   TERMINATED   True       True       False           True       False      True         True                 False       False                  1            3.80077   0.397042   0.773569   0.815107 │
│ asha_train_4821b_00903   TERMINATED   False      False      True            False      False      False        False                True        True                   4            5.85012   0.404385   0.809499   0.823481 │
│ asha_train_4821b_00904   TERMINATED   False      False      False           True       True       False        False                False       True                   2            4.18463   0.387418   0.810216   0.817796 │
│ asha_train_4821b_00905   TERMINATED   True       True       True            False      True       False        True                 True        True                   1            3.7484    0.469251   0.700891   0.785656 │
│ asha_train_4821b_00906   TERMINATED   False      True       False           False      True       True         True                 True        False                  2            5.6892    0.450745   0.820145   0.813916 │
│ asha_train_4821b_00907   TERMINATED   True       False      False           True       True       True         False                False       False                  1            3.45277   0.427793   0.792302   0.811298 │
│ asha_train_4821b_00908   TERMINATED   False      False      False           True       True       False        False                False       True                   2            4.15797   0.387418   0.810216   0.817796 │
│ asha_train_4821b_00909   TERMINATED   True       True       True            False      True       True         False                True        True                   1            3.92173   0.426013   0.852902   0.788691 │
│ asha_train_4821b_00910   TERMINATED   False      True       True            True       True       True         False                True        False                  1            4.44316   0.524279   0.82383    0.691605 │
│ asha_train_4821b_00911   TERMINATED   True       False      False           False      False      True         False                True        True                   1            2.12919   0.617045   0.852595   0.793473 │
│ asha_train_4821b_00912   TERMINATED   True       True       True            False      False      True         False                False       False                  2            5.12003   0.388445   0.830382   0.81698  │
│ asha_train_4821b_00913   TERMINATED   True       False      True            True       False      False        False                True        False                  1            3.5158    0.431452   0.757601   0.806956 │
│ asha_train_4821b_00914   TERMINATED   True       False      False           True       False      False        True                 True        False                  1            3.45245   0.410628   0.813082   0.814403 │
│ asha_train_4821b_00915   TERMINATED   True       False      False           False      True       False        False                False       False                  4            9.04044   0.389339   0.840311   0.811195 │
│ asha_train_4821b_00916   TERMINATED   False      True       False           True       False      True         False                True        False                  1            3.31397   0.506695   0.848091   0.735547 │
│ asha_train_4821b_00917   TERMINATED   False      False      False           True       False      False        False                True        True                   4            8.08809   0.375853   0.814515   0.826485 │
│ asha_train_4821b_00918   TERMINATED   True       False      False           False      True       False        False                False       True                   1            2.68473   0.410641   0.846453   0.805412 │
│ asha_train_4821b_00919   TERMINATED   False      False      False           True       True       False        True                 True        False                  1            2.80967   0.406428   0.831815   0.814111 │
│ asha_train_4821b_00920   TERMINATED   True       False      True            False      False      True         True                 True        False                  1            2.36488   0.477674   0.839595   0.815121 │
│ asha_train_4821b_00921   TERMINATED   False      True       False           True       True       True         True                 True        True                   1            4.20781   0.592526   0.656771   0.721185 │
│ asha_train_4821b_00922   TERMINATED   True       True       False           False      True       False        True                 False       True                   4           13.1837    0.373438   0.817586   0.821321 │
│ asha_train_4821b_00923   TERMINATED   False      False      True            False      True       True         True                 True        True                   1            2.2784    0.413346   0.850036   0.800731 │
│ asha_train_4821b_00924   TERMINATED   False      False      True            False      False      False        True                 True        False                  4            5.49637   0.442107   0.813594   0.822655 │
│ asha_train_4821b_00925   TERMINATED   True       True       False           False      False      True         False                False       True                   1            2.5251    0.474325   0.847886   0.801224 │
│ asha_train_4821b_00926   TERMINATED   True       False      False           True       False      False        True                 False       False                  1            3.15126   0.458805   0.804688   0.803023 │
│ asha_train_4821b_00927   TERMINATED   False      True       False           False      False      False        False                False       True                   4            7.17752   0.379001   0.817586   0.822201 │
│ asha_train_4821b_00928   TERMINATED   False      False      True            False      True       False        False                False       False                  2            3.42327   0.381335   0.841437   0.817065 │
│ asha_train_4821b_00929   TERMINATED   True       True       False           True       False      True         True                 False       False                  1            3.64716   0.669067   0.761081   0.500855 │
│ asha_train_4821b_00930   TERMINATED   False      False      False           True       True       True         True                 True        False                  1            2.91009   0.498128   0.61214    0.734062 │
│ asha_train_4821b_00931   TERMINATED   True       False      False           False      True       False        True                 True        False                  1            3.22617   0.409015   0.755758   0.806331 │
│ asha_train_4821b_00932   TERMINATED   False      False      False           True       False      False        False                False       False                  2            3.38887   0.385284   0.774491   0.81967  │
│ asha_train_4821b_00933   TERMINATED   True       False      True            False      False      False        False                False       True                   1            2.41258   0.693095   0.760672   0.5      │
│ asha_train_4821b_00934   TERMINATED   False      False      False           False      True       True         True                 False       True                   1            2.0234    0.639669   0.789743   0.561615 │
│ asha_train_4821b_00935   TERMINATED   False      True       True            False      True       False        False                True        False                  1            2.67798   0.390621   0.84113    0.815691 │
│ asha_train_4821b_00936   TERMINATED   False      True       True            True       False      True         False                False       True                   1            3.00755   0.669701   0.769577   0.518606 │
│ asha_train_4821b_00937   TERMINATED   True       False      True            True       False      False        True                 False       True                   4           10.8287    0.382919   0.816665   0.821595 │
│ asha_train_4821b_00938   TERMINATED   True       False      True            True       False      False        True                 False       False                  2            5.81441   0.386582   0.811444   0.821388 │
│ asha_train_4821b_00939   TERMINATED   False      True       False           True       False      True         False                True        True                   2            6.28773   0.387898   0.781656   0.819543 │
│ asha_train_4821b_00940   TERMINATED   True       True       False           False      True       False        True                 False       True                   4           14.5203    0.370049   0.817996   0.824082 │
│ asha_train_4821b_00941   TERMINATED   False      True       True            False      True       True         True                 True        False                  4           11.3187    0.378904   0.819122   0.821598 │
│ asha_train_4821b_00942   TERMINATED   True       False      True            False      False      True         True                 False       False                  1            2.17909   0.65928    0.853311   0.76287  │
│ asha_train_4821b_00943   TERMINATED   True       True       False           True       False      True         False                True        True                   1            3.99161   0.406572   0.787696   0.81296  │
│ asha_train_4821b_00944   TERMINATED   True       False      False           False      True       False        True                 False       True                   1            3.31818   0.401281   0.784522   0.811607 │
│ asha_train_4821b_00945   TERMINATED   True       True       True            False      False      False        True                 True        True                   1            3.0023    0.693094   0.760672   0.5      │
│ asha_train_4821b_00946   TERMINATED   False      False      False           False      False      True         False                True        False                  4            5.16393   0.387302   0.814925   0.825435 │
│ asha_train_4821b_00947   TERMINATED   False      True       False           True       True       True         False                True        False                  1            3.90391   0.442714   0.716859   0.796446 │
│ asha_train_4821b_00948   TERMINATED   True       False      True            True       True       False        False                True        True                   2            7.67661   0.38215    0.815846   0.820031 │
│ asha_train_4821b_00949   TERMINATED   True       False      True            True       False      True         False                True        False                  1            3.34877   0.632847   0.798342   0.583537 │
│ asha_train_4821b_00950   TERMINATED   False      True       False           False      False      False        False                False       False                  1            2.17282   0.693096   0.760672   0.5      │
│ asha_train_4821b_00951   TERMINATED   True       True       False           True       True       True         True                 False       True                   1            4.76345   0.480663   0.807555   0.814581 │
│ asha_train_4821b_00952   TERMINATED   False      True       False           True       False      False        False                True        False                  2            5.97172   0.391428   0.812366   0.820821 │
│ asha_train_4821b_00953   TERMINATED   False      True       False           False      True       True         True                 False       False                  4           10.1112    0.37633    0.825878   0.820616 │
│ asha_train_4821b_00954   TERMINATED   False      True       True            False      False      True         True                 True        True                   4            8.60421   0.3776     0.813901   0.824469 │
│ asha_train_4821b_00955   TERMINATED   False      True       False           False      False      True         True                 False       False                  1            2.30394   0.390225   0.835705   0.816082 │
│ asha_train_4821b_00956   TERMINATED   False      False      True            False      True       False        True                 False       False                  2            4.19682   0.388396   0.847374   0.806164 │
│ asha_train_4821b_00957   TERMINATED   True       False      False           False      True       True         False                False       False                  1            2.83968   0.392954   0.843177   0.810734 │
│ asha_train_4821b_00958   TERMINATED   False      False      True            True       True       False        True                 True        True                   4           10.4637    0.378524   0.812263   0.823539 │
│ asha_train_4821b_00959   TERMINATED   False      False      True            True       False      True         False                False       True                   2            3.68295   0.475184   0.676528   0.776824 │
│ asha_train_4821b_00960   TERMINATED   True       True       True            True       True       False        False                True        True                   1            5.07986   0.414732   0.814925   0.814442 │
│ asha_train_4821b_00961   TERMINATED   False      False      True            False      True       False        False                False       True                   2            3.60289   0.376341   0.828232   0.821577 │
│ asha_train_4821b_00962   TERMINATED   False      False      True            False      False      True         True                 False       False                  1            2.06607   0.436641   0.825161   0.815161 │
│ asha_train_4821b_00963   TERMINATED   False      True       False           False      True       False        False                True        False                  4            9.86658   0.383024   0.805712   0.825535 │
│ asha_train_4821b_00964   TERMINATED   False      True       True            False      True       True         False                True        False                  1            2.77672   0.424968   0.720647   0.799815 │
│ asha_train_4821b_00965   TERMINATED   False      True       True            False      False      True         False                True        True                   1            2.3759    0.639948   0.849831   0.722767 │
│ asha_train_4821b_00966   TERMINATED   True       False      False           True       True       True         False                False       True                   1            3.55325   0.41771    0.809192   0.812286 │
│ asha_train_4821b_00967   TERMINATED   False      False      False           True       True       True         True                 False       True                   2            4.42931   0.438499   0.783499   0.821341 │
│ asha_train_4821b_00968   TERMINATED   True       True       True            True       False      True         True                 True        False                  1            4.59345   0.397198   0.808988   0.814204 │
│ asha_train_4821b_00969   TERMINATED   False      True       True            True       True       False        False                False       True                   4           13.352     0.378237   0.816972   0.823556 │
│ asha_train_4821b_00970   TERMINATED   False      True       True            False      True       True         False                False       True                   2            5.25594   0.498069   0.717781   0.799543 │
│ asha_train_4821b_00971   TERMINATED   False      False      True            False      False      True         True                 True        False                  4            6.44443   0.38814    0.804688   0.824862 │
│ asha_train_4821b_00972   TERMINATED   True       True       True            True       False      True         False                False       False                  1            3.703     0.401603   0.79394    0.810762 │
│ asha_train_4821b_00973   TERMINATED   False      True       False           True       True       False        False                False       True                   2            6.71439   0.38627    0.811956   0.820845 │
│ asha_train_4821b_00974   TERMINATED   True       True       True            False      False      False        True                 True        False                  1            2.72872   0.693096   0.760672   0.5      │
│ asha_train_4821b_00975   TERMINATED   False      True       True            False      True       True         True                 False       False                  1            3.07209   0.443176   0.855973   0.780156 │
│ asha_train_4821b_00976   TERMINATED   True       True       True            True       False      False        False                False       True                   2            7.13602   0.435338   0.793735   0.809015 │
│ asha_train_4821b_00977   TERMINATED   False      True       True            False      False      True         True                 False       True                   1            2.47367   0.393079   0.818815   0.814947 │
│ asha_train_4821b_00978   TERMINATED   False      False      True            False      True       True         True                 True        True                   1            2.30933   0.520426   0.853516   0.741019 │
│ asha_train_4821b_00979   TERMINATED   True       True       True            True       True       False        True                 True        True                   1            6.11447   0.495918   0.707237   0.759487 │
│ asha_train_4821b_00980   TERMINATED   False      True       True            False      False      False        True                 False       True                   1            2.56345   0.393339   0.794145   0.813388 │
│ asha_train_4821b_00981   TERMINATED   True       False      True            True       True       True         True                 False       True                   1            3.86585   0.46548    0.776026   0.80441  │
│ asha_train_4821b_00982   TERMINATED   False      False      False           False      True       False        False                False       False                  2            3.39095   0.379351   0.830996   0.820315 │
│ asha_train_4821b_00983   TERMINATED   True       False      False           True       True       True         True                 False       True                   1            3.42459   0.441104   0.783192   0.811905 │
│ asha_train_4821b_00984   TERMINATED   True       True       False           False      True       True         True                 False       True                   1            3.47414   0.621636   0.849524   0.797757 │
│ asha_train_4821b_00985   TERMINATED   True       True       True            True       True       True         True                 False       True                   2            9.25882   0.469531   0.767325   0.816279 │
│ asha_train_4821b_00986   TERMINATED   True       True       True            True       True       True         False                False       True                   1            4.77341   0.420473   0.792712   0.811567 │
│ asha_train_4821b_00987   TERMINATED   False      True       False           True       False      False        False                False       True                   4           10.3255    0.379429   0.793223   0.823189 │
│ asha_train_4821b_00988   TERMINATED   False      True       False           True       True       False        True                 False       True                   1            4.19314   0.463304   0.754223   0.786267 │
│ asha_train_4821b_00989   TERMINATED   False      False      False           True       True       False        True                 True        False                  1            2.837     0.409348   0.830484   0.815582 │
│ asha_train_4821b_00990   TERMINATED   False      True       False           True       False      False        False                False       False                  4           10.2106    0.382354   0.791483   0.822338 │
│ asha_train_4821b_00991   TERMINATED   True       False      False           True       True       True         True                 False       False                  2            6.36685   0.427155   0.779916   0.811804 │
│ asha_train_4821b_00992   TERMINATED   False      True       False           False      True       False        False                True        True                   4            9.737     0.372256   0.808373   0.828017 │
│ asha_train_4821b_00993   TERMINATED   True       True       False           True       True       True         False                False       False                  2            8.69802   0.436676   0.764357   0.81594  │
│ asha_train_4821b_00994   TERMINATED   True       False      True            False      True       False        True                 True        False                  2            5.28682   0.379053   0.82076    0.81989  │
│ asha_train_4821b_00995   TERMINATED   True       True       True            True       False      True         True                 False       True                   1            4.25719   0.442422   0.749514   0.794165 │
│ asha_train_4821b_00996   TERMINATED   True       False      True            True       False      False        True                 False       False                  1            3.37199   0.655833   0.769782   0.519033 │
│ asha_train_4821b_00997   TERMINATED   True       False      True            True       True       True         True                 True        False                  1            4.1767    0.427027   0.769782   0.807341 │
│ asha_train_4821b_00998   TERMINATED   False      False      True            False      False      True         True                 True        True                   1            1.82456   0.385218   0.827516   0.816122 │
│ asha_train_4821b_00999   TERMINATED   True       False      False           True       True       False        False                False       True                   1            3.5096    0.40134    0.811854   0.812716 │
│ asha_train_4821b_01000   TERMINATED   True       False      False           True       True       True         True                 False       False                  4           12.7847    0.426609   0.751049   0.809245 │
│ asha_train_4821b_01001   TERMINATED   True       True       True            False      True       True         False                True        False                  1            3.71609   0.39996    0.749821   0.812395 │
│ asha_train_4821b_01002   TERMINATED   False      True       False           False      False      False        False                False       False                  2            3.86204   0.389399   0.81257    0.820663 │
│ asha_train_4821b_01003   TERMINATED   False      True       True            False      False      True         True                 True        False                  1            2.42738   0.517039   0.850752   0.791235 │
│ asha_train_4821b_01004   TERMINATED   True       False      False           False      False      True         False                False       False                  2            3.73775   0.380814   0.822704   0.821754 │
│ asha_train_4821b_01005   TERMINATED   False      False      False           True       False      True         False                False       True                   1            2.01177   0.596674   0.818405   0.66063  │
│ asha_train_4821b_01006   TERMINATED   True       False      True            True       False      False        True                 False       False                  1            3.15696   0.613756   0.802436   0.590479 │
│ asha_train_4821b_01007   TERMINATED   False      True       False           True       True       True         True                 True        False                  1            3.8556    0.533321   0.648582   0.754644 │
│ asha_train_4821b_01008   TERMINATED   False      True       True            True       True       False        False                False       False                  1            3.46095   0.390494   0.83376    0.81583  │
│ asha_train_4821b_01009   TERMINATED   True       True       False           True       True       True         False                False       False                  1            4.49899   0.4297     0.793326   0.805228 │
│ asha_train_4821b_01010   TERMINATED   False      True       True            True       True       True         True                 True        True                   2            8.31494   0.416869   0.782782   0.819111 │
│ asha_train_4821b_01011   TERMINATED   False      False      True            False      False      False        True                 False       True                   2            3.45903   0.378949   0.824649   0.819661 │
│ asha_train_4821b_01012   TERMINATED   False      True       True            True       False      False        True                 False       True                   4           11.1931    0.387114   0.806326   0.822128 │
│ asha_train_4821b_01013   TERMINATED   True       True       True            False      True       False        False                True        False                  1            3.70047   0.416852   0.758317   0.80816  │
│ asha_train_4821b_01014   TERMINATED   False      False      True            True       False      False        False                False       True                   4            7.11618   0.377808   0.803255   0.823187 │
│ asha_train_4821b_01015   TERMINATED   True       True       True            False      True       False        False                False       True                   4           12.7611    0.37562    0.832429   0.821844 │
│ asha_train_4821b_01016   TERMINATED   False      False      False           False      False      True         False                False       False                  4            5.13775   0.406231   0.819941   0.818765 │
│ asha_train_4821b_01017   TERMINATED   False      False      False           True       False      False        True                 True        True                   4            8.35644   0.380741   0.815437   0.824306 │
│ asha_train_4821b_01018   TERMINATED   True       True       False           False      False      True         False                False       False                  1            2.47794   0.668975   0.785648   0.552328 │
│ asha_train_4821b_01019   TERMINATED   True       True       True            True       True       True         True                 False       True                   2            9.419     0.42923    0.76149    0.81347  │
│ asha_train_4821b_01020   TERMINATED   False      True       True            True       True       False        False                False       True                   2            7.01008   0.385425   0.810933   0.820759 │
│ asha_train_4821b_01021   TERMINATED   False      True       False           True       True       True         True                 True        False                  1            3.98589   0.448431   0.750333   0.809947 │
│ asha_train_4821b_01022   TERMINATED   False      True       False           False      True       True         False                False       True                   1            3.06054   0.432147   0.846965   0.809119 │
│ asha_train_4821b_01023   TERMINATED   True       False      False           False      True       False        True                 False       True                   1            3.04297   0.435252   0.835705   0.793656 │
│ asha_train_4821b_01024   TERMINATED   False      False      False           True       False      False        False                True        False                  4            7.80431   0.381665   0.80172    0.82379  │
│ asha_train_4821b_01025   TERMINATED   False      False      False           False      True       True         True                 True        False                  1            2.24795   0.5189     0.854949   0.73815  │
│ asha_train_4821b_01026   TERMINATED   True       True       True            True       True       False        False                False       False                  1            4.69425   0.421836   0.812877   0.80782  │
│ asha_train_4821b_01027   TERMINATED   True       False      True            False      True       False        False                False       True                   1            3.0447    0.406354   0.765483   0.813163 │
│ asha_train_4821b_01028   TERMINATED   False      True       True            False      True       False        False                True        False                  1            2.89407   0.395044   0.840721   0.813956 │
│ asha_train_4821b_01029   TERMINATED   True       True       True            False      True       True         True                 True        True                   1            4.15848   0.634126   0.77705    0.534217 │
│ asha_train_4821b_01030   TERMINATED   True       False      True            True       False      True         False                True        True                   4           12.5009    0.400657   0.764766   0.81577  │
│ asha_train_4821b_01031   TERMINATED   True       True       False           False      True       True         False                True        False                  2            6.64859   0.37663    0.801515   0.819405 │
│ asha_train_4821b_01032   TERMINATED   False      True       True            True       True       True         True                 False       True                   1            3.74885   0.560834   0.622991   0.740461 │
│ asha_train_4821b_01033   TERMINATED   False      True       False           True       False      True         True                 True        False                  2            6.74117   0.397902   0.798546   0.814962 │
│ asha_train_4821b_01034   TERMINATED   True       True       False           True       False      False        True                 False       True                   2            7.02598   0.399619   0.825264   0.816547 │
│ asha_train_4821b_01035   TERMINATED   True       True       False           True       False      True         False                False       True                   4           13.4263    0.390954   0.802334   0.820676 │
│ asha_train_4821b_01036   TERMINATED   False      False      True            False      False      True         True                 True        False                  1            1.94164   0.422408   0.832839   0.812586 │
│ asha_train_4821b_01037   TERMINATED   False      True       True            False      False      False        False                False       True                   4            7.91279   0.37526    0.818917   0.824981 │
│ asha_train_4821b_01038   TERMINATED   True       False      False           False      True       True         False                False       True                   1            2.6755    0.441751   0.855564   0.776809 │
│ asha_train_4821b_01039   TERMINATED   False      False      True            True       False      False        True                 True        True                   4            9.02772   0.377234   0.807657   0.823003 │
│ asha_train_4821b_01040   TERMINATED   True       True       True            True       False      True         False                True        True                   1            4.07954   0.631898   0.798239   0.585961 │
│ asha_train_4821b_01041   TERMINATED   False      True       True            False      False      False        True                 True        True                   1            2.56588   0.693095   0.760672   0.5      │
│ asha_train_4821b_01042   TERMINATED   True       True       False           True       False      True         True                 True        True                   1            4.45663   0.620739   0.792405   0.579194 │
│ asha_train_4821b_01043   TERMINATED   False      True       True            True       True       True         True                 False       False                  1            3.68776   0.480837   0.75586    0.812261 │
│ asha_train_4821b_01044   TERMINATED   False      False      True            False      True       False        True                 False       False                  2            3.86884   0.38189    0.838469   0.81658  │
│ asha_train_4821b_01045   TERMINATED   False      False      False           True       True       True         False                True        True                   2            5.21522   0.406144   0.799058   0.821162 │
│ asha_train_4821b_01046   TERMINATED   True       False      True            True       True       False        False                False       True                   1            3.63563   0.455548   0.76149    0.806288 │
│ asha_train_4821b_01047   TERMINATED   False      False      False           False      True       False        False                True        False                  4            5.72238   0.375065   0.829665   0.819734 │
│ asha_train_4821b_01048   TERMINATED   True       True       True            True       True       True         False                False       False                  1            4.46757   0.43288    0.785444   0.812799 │
│ asha_train_4821b_01049   TERMINATED   False      True       True            True       False      False        False                False       True                   4           10.6136    0.381223   0.80735    0.822508 │
│ asha_train_4821b_01050   TERMINATED   False      True       True            False      True       True         True                 False       False                  4           11.2314    0.38576    0.841028   0.814011 │
│ asha_train_4821b_01051   TERMINATED   True       True       False           True       True       False        True                 True        False                  1            5.06061   0.472334   0.716757   0.760322 │
│ asha_train_4821b_01052   TERMINATED   True       False      False           True       True       False        True                 True        False                  1            3.81041   0.4051     0.828232   0.809118 │
│ asha_train_4821b_01053   TERMINATED   True       False      False           True       False      True         True                 False       False                  1            2.67722   0.633433   0.780428   0.541275 │
│ asha_train_4821b_01054   TERMINATED   False      False      True            True       True       False        True                 False       False                  2            5.53291   0.391343   0.818405   0.816437 │
│ asha_train_4821b_01055   TERMINATED   False      False      True            True       False      False        True                 False       True                   4            7.5286    0.379512   0.804995   0.823452 │
│ asha_train_4821b_01056   TERMINATED   False      True       False           True       True       True         False                False       True                   1            3.57962   0.43104    0.770806   0.814463 │
│ asha_train_4821b_01057   TERMINATED   True       False      True            True       False      True         False                True        True                   4           12.7555    0.379115   0.787082   0.822816 │
│ asha_train_4821b_01058   TERMINATED   False      False      False           True       False      True         True                 False       False                  1            2.10033   0.636714   0.7619     0.502566 │
│ asha_train_4821b_01059   TERMINATED   True       True       False           False      False      False        True                 True        False                  1            2.8552    0.693094   0.760672   0.5      │
│ asha_train_4821b_01060   TERMINATED   True       True       False           True       False      True         True                 True        True                   1            3.93692   0.415094   0.756679   0.807523 │
│ asha_train_4821b_01061   TERMINATED   True       False      False           False      True       False        True                 False       True                   4            9.73315   0.371876   0.82424    0.822031 │
│ asha_train_4821b_01062   TERMINATED   False      True       True            False      False      False        False                False       False                  2            4.14582   0.38117    0.816051   0.819726 │
│ asha_train_4821b_01063   TERMINATED   True       False      True            False      False      True         True                 False       True                   1            2.46571   0.609305   0.851367   0.803511 │
│ asha_train_4821b_01064   TERMINATED   True       False      False           False      True       False        True                 False       False                  1            2.86163   0.400778   0.765278   0.81596  │
│ asha_train_4821b_01065   TERMINATED   True       False      False           False      False      False        True                 True        True                   4            8.5712    0.383036   0.820964   0.824128 │
│ asha_train_4821b_01066   TERMINATED   True       False      True            False      True       True         False                False       True                   1            2.85017   0.414004   0.850957   0.798845 │
│ asha_train_4821b_01067   TERMINATED   True       False      True            False      True       False        False                True        False                  4            9.60209   0.378417   0.818815   0.822569 │
│ asha_train_4821b_01068   TERMINATED   True       True       False           False      False      False        True                 True        True                   1            2.95894   0.693095   0.760672   0.5      │
│ asha_train_4821b_01069   TERMINATED   False      True       True            True       False      False        False                False       True                   4           10.7887    0.380771   0.802846   0.824677 │
│ asha_train_4821b_01070   TERMINATED   True       True       False           True       False      False        False                False       True                   4           13.1792    0.380086   0.789538   0.821793 │
│ asha_train_4821b_01071   TERMINATED   True       False      True            False      True       True         True                 True        False                  2            5.3977    0.390555   0.778688   0.819791 │
│ asha_train_4821b_01072   TERMINATED   False      False      False           True       True       False        True                 True        True                   1            2.74651   0.39676    0.813696   0.81598  │
│ asha_train_4821b_01073   TERMINATED   False      True       False           False      True       False        True                 False       False                  2            5.48642   0.386505   0.810625   0.819091 │
│ asha_train_4821b_01074   TERMINATED   False      False      False           False      False      True         False                True        True                   4            5.3682    0.373624   0.820043   0.826161 │
│ asha_train_4821b_01075   TERMINATED   False      False      False           True       False      False        False                True        False                  4            7.97128   0.381665   0.80172    0.82379  │
│ asha_train_4821b_01076   TERMINATED   False      False      True            True       True       False        True                 False       True                   2            4.72851   0.389074   0.813799   0.818099 │
│ asha_train_4821b_01077   TERMINATED   True       False      False           True       True       True         False                False       False                  1            3.4657    0.42091    0.801515   0.815155 │
│ asha_train_4821b_01078   TERMINATED   False      True       True            True       False      False        False                False       False                  1            3.0745    0.460419   0.825571   0.803998 │
│ asha_train_4821b_01079   TERMINATED   True       False      True            False      True       False        True                 True        True                   4           10.107     0.373938   0.805098   0.827037 │
│ asha_train_4821b_01080   TERMINATED   False      False      False           False      False      True         False                False       False                  4            4.91073   0.397106   0.821476   0.8208   │
│ asha_train_4821b_01081   TERMINATED   True       False      False           False      False      True         False                False       True                   4            7.26042   0.39984    0.819019   0.819625 │
│ asha_train_4821b_01082   TERMINATED   True       True       True            False      False      False        True                 True        True                   1            2.61085   0.693097   0.760672   0.5      │
│ asha_train_4821b_01083   TERMINATED   False      True       True            True       True       True         True                 True        True                   2            8.66679   0.442046   0.77101    0.817822 │
│ asha_train_4821b_01084   TERMINATED   True       True       False           True       True       True         False                False       True                   1            4.72112   0.448407   0.732214   0.79833  │
│ asha_train_4821b_01085   TERMINATED   True       False      False           False      False      False        False                False       True                   4            7.12593   0.377651   0.816153   0.823018 │
│ asha_train_4821b_01086   TERMINATED   True       True       True            True       True       False        False                False       True                   1            4.6018    0.427524   0.790971   0.808517 │
│ asha_train_4821b_01087   TERMINATED   False      True       False           True       False      True         False                False       False                  1            2.92477   0.616939   0.78483    0.552229 │
│ asha_train_4821b_01088   TERMINATED   False      False      True            False      False      True         False                False       True                   2            3.14273   0.457442   0.825571   0.819095 │
│ asha_train_4821b_01089   TERMINATED   False      True       True            True       False      True         True                 True        False                  4           13.0216    0.377677   0.824956   0.821622 │
│ asha_train_4821b_01090   TERMINATED   False      True       False           True       False      True         False                True        False                  1            3.31167   0.461991   0.855256   0.7769   │
│ asha_train_4821b_01091   TERMINATED   True       False      True            False      True       True         False                False       True                   1            2.86122   0.446295   0.85628    0.782264 │
│ asha_train_4821b_01092   TERMINATED   False      False      True            True       True       False        True                 False       True                   4            8.32115   0.381463   0.812775   0.823729 │
│ asha_train_4821b_01093   TERMINATED   False      False      True            True       False      True         False                True        True                   1            2.58681   0.475012   0.841232   0.801101 │
│ asha_train_4821b_01094   TERMINATED   True       True       False           True       False      False        True                 True        True                   1            4.38668   0.526714   0.729655   0.75854  │
│ asha_train_4821b_01095   TERMINATED   True       True       True            True       False      True         True                 False       False                  1            3.5829    0.498703   0.845941   0.799066 │
│ asha_train_4821b_01096   TERMINATED   False      True       False           True       True       True         True                 True        False                  1            3.7272    0.536218   0.828846   0.799702 │
│ asha_train_4821b_01097   TERMINATED   True       True       False           True       True       False        False                True        False                  1            5.00261   0.397456   0.840311   0.806944 │
│ asha_train_4821b_01098   TERMINATED   False      False      False           True       False      True         False                True        False                  2            4.44448   0.380393   0.815129   0.82     │
│ asha_train_4821b_01099   TERMINATED   True       True       True            True       False      False        False                False       True                   4           13.5906    0.380865   0.812877   0.823356 │
│ asha_train_4821b_01100   TERMINATED   True       True       False           False      True       False        False                True        False                  4           12.0752    0.376805   0.833657   0.820013 │
│ asha_train_4821b_01101   TERMINATED   True       True       True            True       False      False        False                True        False                  1            3.9269    0.430864   0.770191   0.80204  │
│ asha_train_4821b_01102   TERMINATED   False      False      True            True       True       False        True                 True        False                  1            2.90004   0.404513   0.822397   0.808654 │
│ asha_train_4821b_01103   TERMINATED   True       True       False           True       False      True         True                 True        False                  1            4.69567   0.423886   0.820145   0.795741 │
│ asha_train_4821b_01104   TERMINATED   False      True       True            True       True       True         False                True        True                   1            4.23245   0.547848   0.61644    0.735275 │
│ asha_train_4821b_01105   TERMINATED   True       False      False           False      False      False        True                 True        False                  1            2.19427   0.693097   0.760672   0.5      │
│ asha_train_4821b_01106   TERMINATED   True       True       True            False      False      True         False                False       False                  1            2.75929   0.396409   0.826594   0.812732 │
│ asha_train_4821b_01107   TERMINATED   False      False      True            False      True       False        False                True        False                  1            2.15835   0.389623   0.840414   0.815953 │
│ asha_train_4821b_01108   TERMINATED   False      True       False           True       False      True         True                 False       True                   1            3.55346   0.550767   0.77531    0.803646 │
│ asha_train_4821b_01109   TERMINATED   True       False      False           False      False      True         True                 False       False                  2            3.81884   0.383005   0.830484   0.820126 │
│ asha_train_4821b_01110   TERMINATED   False      True       False           False      True       True         True                 True        True                   1            2.96283   0.479862   0.858123   0.767059 │
│ asha_train_4821b_01111   TERMINATED   True       True       True            True       True       True         True                 False       True                   1            5.17595   0.533393   0.696182   0.756911 │
│ asha_train_4821b_01112   TERMINATED   False      True       True            True       True       False        False                False       False                  1            3.7528    0.395524   0.819224   0.811258 │
│ asha_train_4821b_01113   TERMINATED   False      True       False           True       False      False        True                 True        True                   4           12.5563    0.384216   0.805917   0.826549 │
│ asha_train_4821b_01114   TERMINATED   True       False      False           True       True       True         False                True        True                   4           14.2318    0.402245   0.795783   0.822966 │
│ asha_train_4821b_01115   TERMINATED   True       False      False           False      True       False        True                 False       False                  2            4.94133   0.390505   0.825468   0.821226 │
│ asha_train_4821b_01116   TERMINATED   True       True       False           False      False      False        True                 True        True                   1            2.5468    0.693095   0.760672   0.5      │
│ asha_train_4821b_01117   TERMINATED   True       False      True            True       False      True         True                 True        False                  1            3.61476   0.396514   0.758624   0.813052 │
│ asha_train_4821b_01118   TERMINATED   False      False      False           True       True       False        False                True        True                   2            5.0314    0.38279    0.815744   0.817325 │
│ asha_train_4821b_01119   TERMINATED   True       False      False           True       False      True         False                True        False                  1            3.35349   0.404536   0.788105   0.810444 │
│ asha_train_4821b_01120   TERMINATED   True       False      False           False      True       True         True                 False       False                  1            2.89432   0.637628   0.739687   0.807933 │
│ asha_train_4821b_01121   TERMINATED   False      False      False           True       True       True         False                False       True                   2            4.0904    0.451534   0.773672   0.819279 │
│ asha_train_4821b_01122   TERMINATED   True       False      False           True       True       False        True                 True        True                   1            3.96219   0.457185   0.790357   0.789646 │
│ asha_train_4821b_01123   TERMINATED   False      False      True            True       False      False        False                True        True                   4            8.99105   0.375513   0.808885   0.823077 │
│ asha_train_4821b_01124   TERMINATED   True       True       False           False      False      False        True                 False       False                  1            2.99863   0.399877   0.813389   0.808889 │
│ asha_train_4821b_01125   TERMINATED   False      True       True            False      True       False        False                False       False                  1            3.0225    0.388147   0.836421   0.81582  │
│ asha_train_4821b_01126   TERMINATED   True       True       False           True       False      True         False                False       True                   2            6.89736   0.394007   0.800594   0.819093 │
│ asha_train_4821b_01127   TERMINATED   True       True       True            False      True       False        True                 True        False                  2            6.68091   0.379377   0.831917   0.820774 │
│ asha_train_4821b_01128   TERMINATED   True       True       False           False      True       True         True                 False       True                   1            3.51202   0.465601   0.855052   0.753461 │
│ asha_train_4821b_01129   TERMINATED   False      False      True            False      False      False        False                False       True                   4            5.71453   0.376937   0.813901   0.820951 │
│ asha_train_4821b_01130   TERMINATED   True       False      True            False      False      False        True                 False       False                  4            8.13188   0.385426   0.818303   0.822379 │
│ asha_train_4821b_01131   TERMINATED   True       False      True            True       True       True         False                False       False                  1            3.42617   0.404756   0.792507   0.811579 │
│ asha_train_4821b_01132   TERMINATED   True       False      True            False      True       False        True                 True        False                  2            5.57296   0.391784   0.806121   0.820674 │
│ asha_train_4821b_01133   TERMINATED   True       False      True            True       True       True         False                True        True                   4           14.9412    0.405033   0.78616    0.823237 │
│ asha_train_4821b_01134   TERMINATED   False      False      False           True       True       True         True                 True        False                  4           10.4912    0.403747   0.77879    0.823522 │
│ asha_train_4821b_01135   TERMINATED   True       True       False           False      True       False        True                 True        True                   4           13.3079    0.382746   0.796499   0.825635 │
│ asha_train_4821b_01136   TERMINATED   False      False      True            True       False      True         True                 True        False                  1            2.57732   0.575841   0.792097   0.566534 │
│ asha_train_4821b_01137   TERMINATED   False      False      False           False      False      True         True                 False       False                  1            1.8709    0.443787   0.82209    0.807719 │
│ asha_train_4821b_01138   TERMINATED   False      True       True            False      False      False        True                 False       False                  2            4.30886   0.379484   0.824854   0.819796 │
│ asha_train_4821b_01139   TERMINATED   False      False      True            False      True       False        True                 False       True                   1            2.47106   0.409248   0.806736   0.804222 │
│ asha_train_4821b_01140   TERMINATED   False      False      False           True       False      True         False                False       False                  1            1.76413   0.659366   0.765892   0.510907 │
│ asha_train_4821b_01141   TERMINATED   True       True       True            False      True       True         False                True        True                   1            3.72342   0.437849   0.852493   0.792672 │
│ asha_train_4821b_01142   TERMINATED   True       False      False           True       True       True         False                False       False                  4           12.0233    0.481739   0.745419   0.803932 │
│ asha_train_4821b_01143   TERMINATED   True       True       False           False      False      True         True                 False       True                   1            2.92902   0.459069   0.811035   0.814523 │
│ asha_train_4821b_01144   TERMINATED   True       True       True            False      False      True         True                 True        False                  1            2.9874    0.401001   0.826185   0.813342 │
│ asha_train_4821b_01145   TERMINATED   True       False      False           True       True       True         False                True        True                   1            3.84041   0.43776    0.816256   0.811506 │
│ asha_train_4821b_01146   TERMINATED   False      True       True            True       False      True         True                 True        False                  1            4.03529   0.424131   0.76538    0.809431 │
│ asha_train_4821b_01147   TERMINATED   False      True       False           True       True       False        False                False       False                  1            3.79689   0.405892   0.835295   0.815959 │
│ asha_train_4821b_01148   TERMINATED   False      True       False           True       False      True         False                True        False                  1            3.24572   0.578187   0.82987    0.672856 │
│ asha_train_4821b_01149   TERMINATED   True       False      True            False      False      False        True                 True        False                  1            2.36928   0.389132   0.82813    0.813741 │
│ asha_train_4821b_01150   TERMINATED   False      True       False           True       True       True         False                True        True                   1            4.02464   0.454143   0.78053    0.810449 │
│ asha_train_4821b_01151   TERMINATED   False      False      True            False      True       False        True                 False       False                  2            3.916     0.380941   0.828642   0.817009 │
│ asha_train_4821b_01152   TERMINATED   False      False      True            True       True       True         False                False       False                  1            2.53542   0.48069    0.72034    0.796681 │
│ asha_train_4821b_01153   TERMINATED   True       True       True            True       True       True         True                 False       True                   1            4.82612   0.552463   0.665984   0.736915 │
│ asha_train_4821b_01154   TERMINATED   False      False      False           False      False      False        False                False       True                   4            5.1221    0.384303   0.813696   0.822136 │
│ asha_train_4821b_01155   TERMINATED   False      True       False           True       False      True         True                 False       True                   1            3.15504   0.442803   0.726379   0.79171  │
│ asha_train_4821b_01156   TERMINATED   False      True       False           False      False      False        True                 False       False                  2            3.9878    0.381073   0.817074   0.821864 │
│ asha_train_4821b_01157   TERMINATED   False      True       True            True       True       False        False                True        True                   2            7.94102   0.378266   0.809909   0.821845 │
│ asha_train_4821b_01158   TERMINATED   True       True       False           True       False      False        True                 False       False                  1            3.7048    0.587692   0.790255   0.563271 │
│ asha_train_4821b_01159   TERMINATED   True       True       True            True       True       True         True                 True        True                   1            5.75314   0.485086   0.735899   0.787561 │
│ asha_train_4821b_01160   TERMINATED   True       False      True            False      False      True         True                 False       True                   2            4.35342   0.584035   0.809499   0.81967  │
│ asha_train_4821b_01161   TERMINATED   False      False      False           True       True       True         False                True        True                   1            2.83204   0.461329   0.767632   0.792443 │
│ asha_train_4821b_01162   TERMINATED   False      False      True            True       False      True         True                 True        False                  1            2.46979   0.625065   0.775821   0.531651 │
│ asha_train_4821b_01163   TERMINATED   True       False      True            False      True       True         False                False       False                  4            9.92288   0.378443   0.83202    0.820109 │
│ asha_train_4821b_01164   TERMINATED   False      False      False           False      False      True         True                 False       False                  4            5.54574   0.378572   0.815232   0.823585 │
│ asha_train_4821b_01165   TERMINATED   True       False      True            False      True       True         False                False       True                   1            2.77638   0.45226    0.857099   0.778405 │
│ asha_train_4821b_01166   TERMINATED   True       True       False           False      False      True         False                True        False                  2            4.8222    0.384274   0.824138   0.818885 │
│ asha_train_4821b_01167   TERMINATED   False      False      True            True       True       True         True                 True        False                  1            3.16664   0.429107   0.718804   0.795086 │
│ asha_train_4821b_01168   TERMINATED   False      True       True            False      True       True         True                 False       False                  2            5.43292   0.386522   0.809397   0.821655 │
│ asha_train_4821b_01169   TERMINATED   False      False      False           False      False      True         True                 False       True                   2            3.15316   0.424317   0.830996   0.81797  │
│ asha_train_4821b_01170   TERMINATED   True       True       False           False      True       True         False                False       False                  1            3.33947   0.56998    0.846351   0.703916 │
│ asha_train_4821b_01171   TERMINATED   False      True       False           True       True       True         False                True        False                  4           14.436     0.404199   0.84287    0.812731 │
│ asha_train_4821b_01172   TERMINATED   False      False      False           True       False      True         False                True        False                  2            4.34031   0.380393   0.815129   0.82     │
│ asha_train_4821b_01173   TERMINATED   True       False      True            False      True       True         True                 True        True                   1            2.81209   0.512592   0.846658   0.709248 │
│ asha_train_4821b_01174   TERMINATED   True       False      True            False      True       False        False                False       True                   4            9.70546   0.376539   0.828539   0.820313 │
│ asha_train_4821b_01175   TERMINATED   False      False      True            False      True       True         True                 False       False                  1            2.41233   0.634723   0.845737   0.79644  │
│ asha_train_4821b_01176   TERMINATED   False      False      True            True       True       False        False                True        False                  1            2.82607   0.396314   0.828642   0.814517 │
│ asha_train_4821b_01177   TERMINATED   False      True       False           True       True       True         True                 True        True                   2            7.88364   0.407736   0.795066   0.821469 │
│ asha_train_4821b_01178   TERMINATED   False      True       True            True       True       True         True                 False       True                   1            3.78108   0.469466   0.764766   0.813571 │
│ asha_train_4821b_01179   TERMINATED   True       False      True            True       False      True         False                True        True                   4           12.3575    0.383001   0.776947   0.821285 │
│ asha_train_4821b_01180   TERMINATED   True       False      False           True       False      False        False                True        False                  1            3.07315   0.413489   0.830791   0.807429 │
│ asha_train_4821b_01181   TERMINATED   False      True       False           False      False      True         True                 True        True                   4            7.90646   0.375284   0.821067   0.823169 │
│ asha_train_4821b_01182   TERMINATED   False      True       False           False      True       True         False                True        False                  1            2.90186   0.422002   0.72556    0.802605 │
│ asha_train_4821b_01183   TERMINATED   True       False      False           False      False      True         True                 True        True                   1            2.58247   0.487429   0.816153   0.814663 │
│ asha_train_4821b_01184   TERMINATED   True       False      True            False      True       False        True                 True        False                  1            2.89289   0.483539   0.730576   0.798866 │
│ asha_train_4821b_01185   TERMINATED   True       False      True            True       True       False        False                False       False                  1            3.4819    0.396388   0.822909   0.813534 │
│ asha_train_4821b_01186   TERMINATED   True       False      True            True       True       False        False                False       True                   4           12.9384    0.388251   0.819634   0.8234   │
│ asha_train_4821b_01187   TERMINATED   False      False      True            True       False      False        False                True        False                  4            8.91358   0.386297   0.802436   0.823089 │
│ asha_train_4821b_01188   TERMINATED   True       True       False           False      True       True         True                 True        False                  1            3.49902   0.518684   0.847477   0.808283 │
│ asha_train_4821b_01189   TERMINATED   False      True       True            True       False      True         True                 True        True                   1            3.48672   0.622347   0.636401   0.738136 │
│ asha_train_4821b_01190   TERMINATED   False      True       True            True       False      False        True                 False       True                   1            3.67935   0.40434    0.789743   0.812107 │
│ asha_train_4821b_01191   TERMINATED   False      True       True            False      True       True         True                 False       False                  1            3.39677   0.41712    0.847681   0.806073 │
│ asha_train_4821b_01192   TERMINATED   True       False      False           False      False      True         True                 False       True                   2            3.97025   0.387352   0.823319   0.820692 │
│ asha_train_4821b_01193   TERMINATED   True       True       True            False      True       True         False                True        False                  4           13.275     0.369289   0.811956   0.824216 │
│ asha_train_4821b_01194   TERMINATED   True       False      False           True       True       True         True                 True        True                   1            3.86222   0.467814   0.778585   0.799496 │
│ asha_train_4821b_01195   TERMINATED   True       True       True            True       True       True         True                 False       False                  1            4.45977   0.440644   0.760774   0.812999 │
│ asha_train_4821b_01196   TERMINATED   True       False      False           False      True       False        True                 False       True                   1            2.739     0.397817   0.827413   0.814589 │
│ asha_train_4821b_01197   TERMINATED   True       True       True            False      False      True         False                False       True                   4            9.6516    0.381809   0.816767   0.820197 │
│ asha_train_4821b_01198   TERMINATED   False      False      True            False      False      True         False                True        False                  4            5.84766   0.388266   0.802436   0.825727 │
│ asha_train_4821b_01199   TERMINATED   False      True       False           True       False      False        True                 False       False                  4           10.2196    0.382864   0.781861   0.820557 │
│ asha_train_4821b_01200   TERMINATED   False      False      True            False      False      False        False                False       False                  4            5.41301   0.391723   0.817484   0.821254 │
│ asha_train_4821b_01201   TERMINATED   True       True       False           True       True       True         True                 False       True                   1            4.92774   0.533044   0.692906   0.756956 │
│ asha_train_4821b_01202   TERMINATED   False      True       False           True       False      False        False                False       False                  2            5.31734   0.384025   0.775924   0.821199 │
│ asha_train_4821b_01203   TERMINATED   False      False      False           True       False      True         True                 True        False                  1            2.31675   0.441366   0.836524   0.815887 │
│ asha_train_4821b_01204   TERMINATED   False      True       False           False      False      False        False                True        True                   4            7.23709   0.380601   0.813287   0.822306 │
│ asha_train_4821b_01205   TERMINATED   False      False      False           False      False      True         False                False       False                  4            5.15845   0.397106   0.821476   0.8208   │
│ asha_train_4821b_01206   TERMINATED   False      True       True            True       True       True         True                 True        True                   1            4.37659   0.446163   0.758829   0.811867 │
│ asha_train_4821b_01207   TERMINATED   False      True       False           False      False      True         True                 True        True                   4            7.76673   0.376336   0.817586   0.822494 │
│ asha_train_4821b_01208   TERMINATED   True       False      True            True       True       False        True                 True        False                  1            4.29734   0.429467   0.80694    0.806702 │
│ asha_train_4821b_01209   TERMINATED   True       True       False           True       False      False        True                 False       True                   4           13.4802    0.382986   0.796499   0.822118 │
│ asha_train_4821b_01210   TERMINATED   True       True       False           True       True       True         False                False       False                  1            4.55426   0.480918   0.750435   0.799314 │
│ asha_train_4821b_01211   TERMINATED   False      False      True            False      True       False        True                 False       True                   4            7.03114   0.381846   0.826492   0.820286 │
│ asha_train_4821b_01212   TERMINATED   True       False      True            True       False      False        False                True        True                   2            6.14014   0.389198   0.808988   0.820067 │
│ asha_train_4821b_01213   TERMINATED   False      False      True            True       False      False        True                 True        True                   1            2.71767   0.398944   0.820964   0.814015 │
│ asha_train_4821b_01214   TERMINATED   False      False      False           False      False      True         False                True        False                  1            1.55528   0.620956   0.853721   0.795239 │
│ asha_train_4821b_01215   TERMINATED   False      False      True            False      True       True         False                True        False                  4            6.71684   0.49801    0.821067   0.824489 │
│ asha_train_4821b_01216   TERMINATED   False      True       False           True       False      True         False                False       True                   1            2.9548    0.602409   0.816972   0.653239 │
│ asha_train_4821b_01217   TERMINATED   False      False      True            False      True       True         False                True        True                   1            2.09697   0.60665    0.731907   0.804724 │
│ asha_train_4821b_01218   TERMINATED   False      True       False           False      True       True         True                 False       True                   1            3.14894   0.427961   0.853209   0.787134 │
│ asha_train_4821b_01219   TERMINATED   False      True       True            False      True       False        False                False       True                   4           10.4644    0.37676    0.833043   0.819463 │
│ asha_train_4821b_01220   TERMINATED   True       True       False           True       False      True         False                False       False                  1            3.75995   0.389522   0.825878   0.815046 │
│ asha_train_4821b_01221   TERMINATED   True       False      True            True       False      True         False                True        False                  1            3.37242   0.588957   0.794247   0.573077 │
│ asha_train_4821b_01222   TERMINATED   True       True       False           False      True       False        False                True        True                   4           12.8053    0.378071   0.804074   0.825485 │
│ asha_train_4821b_01223   TERMINATED   False      False      True            False      False      True         False                False       False                  4            5.89438   0.390123   0.820964   0.819145 │
│ asha_train_4821b_01224   TERMINATED   False      True       False           True       False      False        False                False       True                   1            2.87      0.428928   0.801924   0.808682 │
│ asha_train_4821b_01225   TERMINATED   True       True       False           False      False      True         False                True        True                   1            2.85065   0.611195   0.853823   0.765259 │
│ asha_train_4821b_01226   TERMINATED   True       True       False           True       False      True         True                 False       True                   1            3.64502   0.539853   0.840004   0.805717 │
│ asha_train_4821b_01227   TERMINATED   True       False      True            False      True       True         True                 False       True                   1            3.29329   0.468288   0.852902   0.773594 │
│ asha_train_4821b_01228   TERMINATED   False      False      False           True       True       False        False                True        True                   2            5.0893    0.38279    0.815744   0.817325 │
│ asha_train_4821b_01229   TERMINATED   False      True       False           True       False      True         False                False       True                   1            3.24324   0.425094   0.747159   0.808301 │
│ asha_train_4821b_01230   TERMINATED   False      True       True            True       True       True         True                 True        False                  1            4.24923   0.549597   0.727812   0.768321 │
│ asha_train_4821b_01231   TERMINATED   False      False      False           True       False      False        False                False       True                   4            6.63786   0.38       0.789436   0.821433 │
│ asha_train_4821b_01232   TERMINATED   True       False      False           True       True       False        True                 False       False                  1            3.39585   0.506285   0.770191   0.803506 │
│ asha_train_4821b_01233   TERMINATED   True       False      False           True       False      True         False                True        False                  4           11.5114    0.425397   0.842973   0.804736 │
│ asha_train_4821b_01234   TERMINATED   True       True       False           True       False      True         False                True        False                  1            3.76501   0.598286   0.819224   0.633173 │
│ asha_train_4821b_01235   TERMINATED   True       True       True            True       True       False        True                 True        False                  1            5.67104   0.424397   0.793121   0.806706 │
│ asha_train_4821b_01236   TERMINATED   True       False      False           True       False      False        True                 True        True                   1            3.18851   0.483514   0.828232   0.751955 │
│ asha_train_4821b_01237   TERMINATED   True       True       False           True       False      False        True                 True        True                   1            4.2399    0.401717   0.809602   0.812702 │
│ asha_train_4821b_01238   TERMINATED   True       False      True            False      True       True         False                False       True                   1            2.71694   0.563698   0.841949   0.690763 │
│ asha_train_4821b_01239   TERMINATED   False      True       True            False      True       False        False                False       False                  2            5.30894   0.386005   0.83939    0.816745 │
│ asha_train_4821b_01240   TERMINATED   False      False      False           False      False      False        False                True        False                  4            5.2718    0.391379   0.806428   0.823661 │
│ asha_train_4821b_01241   TERMINATED   False      True       True            True       True       True         True                 True        True                   1            4.42953   0.438562   0.771932   0.813444 │
│ asha_train_4821b_01242   TERMINATED   False      False      False           False      False      True         True                 True        False                  2            3.16308   0.379392   0.818098   0.820339 │
│ asha_train_4821b_01243   TERMINATED   True       True       True            False      False      False        False                True        False                  1            3.05431   0.693097   0.760672   0.5      │
│ asha_train_4821b_01244   TERMINATED   True       False      True            False      False      False        False                True        True                   2            4.13104   0.379775   0.816767   0.821369 │
│ asha_train_4821b_01245   TERMINATED   True       True       True            False      False      True         False                False       False                  2            4.79485   0.439211   0.816665   0.821888 │
│ asha_train_4821b_01246   TERMINATED   False      False      False           False      False      False        True                 False       False                  2            3.33282   0.381252   0.81124    0.821547 │
│ asha_train_4821b_01247   TERMINATED   False      True       False           False      True       False        False                True        True                   4            9.93541   0.369141   0.814106   0.826802 │
│ asha_train_4821b_01248   TERMINATED   False      True       True            False      False      True         False                False       True                   2            4.35489   0.413583   0.822909   0.82013  │
│ asha_train_4821b_01249   TERMINATED   False      False      False           True       True       True         False                True        True                   2            5.0228    0.430595   0.769065   0.818596 │
│ asha_train_4821b_01250   TERMINATED   False      False      False           True       True       True         False                False       False                  1            2.19561   0.440358   0.736309   0.795599 │
│ asha_train_4821b_01251   TERMINATED   True       False      False           True       True       False        False                True        False                  2            7.01769   0.394092   0.833657   0.81884  │
│ asha_train_4821b_01252   TERMINATED   True       True       True            False      True       True         True                 False       False                  2            6.78772   0.531308   0.857406   0.777727 │
│ asha_train_4821b_01253   TERMINATED   True       True       True            True       True       False        True                 False       True                   4           18.139     0.386263   0.807759   0.821458 │
│ asha_train_4821b_01254   TERMINATED   False      True       True            True       False      True         True                 True        False                  1            3.45217   0.420206   0.780735   0.81542  │
│ asha_train_4821b_01255   TERMINATED   True       True       True            False      False      False        False                True        True                   1            2.70386   0.693095   0.760672   0.5      │
│ asha_train_4821b_01256   TERMINATED   True       True       True            True       False      True         False                True        True                   1            4.23687   0.565608   0.834272   0.690847 │
│ asha_train_4821b_01257   TERMINATED   False      True       False           False      False      True         False                False       False                  2            3.86324   0.380042   0.821374   0.821905 │
│ asha_train_4821b_01258   TERMINATED   True       False      True            False      True       True         True                 False       False                  1            3.37676   0.391483   0.838469   0.809398 │
│ asha_train_4821b_01259   TERMINATED   True       False      True            True       False      True         True                 True        True                   2            6.73237   0.387953   0.773672   0.819572 │
│ asha_train_4821b_01260   TERMINATED   True       False      False           True       True       True         True                 True        True                   4           15.0933    0.380067   0.803562   0.824562 │
│ asha_train_4821b_01261   TERMINATED   True       True       False           True       True       False        False                True        False                  1            4.83029   0.453013   0.834169   0.773446 │
│ asha_train_4821b_01262   TERMINATED   True       True       False           True       False      False        True                 True        True                   1            4.38773   0.422096   0.802539   0.811724 │
│ asha_train_4821b_01263   TERMINATED   True       True       False           False      True       True         False                True        True                   1            3.54636   0.400539   0.84502    0.807548 │
│ asha_train_4821b_01264   TERMINATED   True       True       True            False      False      False        False                False       False                  1            2.66965   0.693096   0.760672   0.5      │
│ asha_train_4821b_01265   TERMINATED   True       False      False           False      True       True         True                 False       False                  1            3.11607   0.548252   0.843894   0.697172 │
│ asha_train_4821b_01266   TERMINATED   False      True       False           True       False      False        False                True        True                   1            3.44994   0.401478   0.823728   0.81334  │
│ asha_train_4821b_01267   TERMINATED   True       True       True            False      True       True         True                 True        False                  2            7.28846   0.397448   0.810523   0.82049  │
│ asha_train_4821b_01268   TERMINATED   False      True       True            True       False      False        True                 True        False                  4           12.9276    0.391362   0.797932   0.820861 │
│ asha_train_4821b_01269   TERMINATED   False      True       True            True       True       True         True                 True        False                  1            4.72132   0.509575   0.637322   0.748708 │
│ asha_train_4821b_01270   TERMINATED   False      True       True            True       True       True         True                 False       False                  1            3.9274    0.543459   0.678677   0.76314  │
│ asha_train_4821b_01271   TERMINATED   True       False      True            True       True       False        False                True        True                   4           14.649     0.378216   0.812673   0.824834 │
│ asha_train_4821b_01272   TERMINATED   False      False      True            False      True       True         False                False       True                   1            2.12169   0.434553   0.854847   0.785865 │
│ asha_train_4821b_01273   TERMINATED   True       True       True            False      True       False        True                 False       True                   4           15.0647    0.377953   0.821476   0.817136 │
│ asha_train_4821b_01274   TERMINATED   False      False      True            False      True       False        False                False       False                  2            3.27525   0.381335   0.841437   0.817065 │
│ asha_train_4821b_01275   TERMINATED   True       False      False           True       False      True         False                False       False                  1            2.78657   0.398704   0.83591    0.811966 │
│ asha_train_4821b_01276   TERMINATED   True       False      True            False      False      True         False                False       False                  4            7.55283   0.384626   0.82209    0.820471 │
│ asha_train_4821b_01277   TERMINATED   False      True       True            False      True       True         True                 False       False                  2            5.69153   0.521312   0.804381   0.81953  │
│ asha_train_4821b_01278   TERMINATED   False      False      False           True       True       False        False                False       True                   2            4.17509   0.387418   0.810216   0.817796 │
│ asha_train_4821b_01279   TERMINATED   True       True       False           True       False      True         False                False       False                  1            3.53529   0.665615   0.805302   0.60189  │
│ asha_train_4821b_01280   TERMINATED   True       True       False           True       False      False        True                 False       True                   1            3.72346   0.469152   0.758727   0.808429 │
│ asha_train_4821b_01281   TERMINATED   True       True       False           True       True       False        False                False       False                  1            4.34195   0.431161   0.839595   0.802516 │
│ asha_train_4821b_01282   TERMINATED   False      True       True            False      True       False        False                False       False                  2            5.40713   0.384018   0.83724    0.818264 │
│ asha_train_4821b_01283   TERMINATED   False      True       False           False      False      True         False                False       True                   2            4.04915   0.38023    0.820452   0.820421 │
│ asha_train_4821b_01284   TERMINATED   True       False      False           False      True       False        False                False       False                  2            4.72119   0.381784   0.835398   0.813388 │
│ asha_train_4821b_01285   TERMINATED   False      True       True            False      True       False        True                 False       True                   2            5.56202   0.392977   0.767223   0.818411 │
│ asha_train_4821b_01286   TERMINATED   True       False      True            False      True       False        False                False       True                   1            2.93201   0.427539   0.758522   0.812545 │
│ asha_train_4821b_01287   TERMINATED   False      True       False           False      False      False        False                False       True                   4            7.28994   0.379517   0.815539   0.823347 │
│ asha_train_4821b_01288   TERMINATED   True       False      False           True       False      False        False                True        True                   4           10.9361    0.382522   0.806531   0.822409 │
│ asha_train_4821b_01289   TERMINATED   False      True       False           False      True       False        False                False       True                   4            9.70892   0.372305   0.826901   0.822168 │
│ asha_train_4821b_01290   TERMINATED   True       False      True            False      True       True         True                 False       True                   1            2.77431   0.644254   0.85065    0.725504 │
│ asha_train_4821b_01291   TERMINATED   True       False      True            True       False      False        False                False       False                  4           10.1516    0.386359   0.800594   0.819679 │
│ asha_train_4821b_01292   TERMINATED   True       True       True            False      False      True         True                 True        False                  4           10.0705    0.385424   0.799775   0.823391 │
│ asha_train_4821b_01293   TERMINATED   False      False      True            False      True       True         False                True        False                  1            1.85484   0.641641   0.76712    0.513473 │
│ asha_train_4821b_01294   TERMINATED   True       False      False           False      True       False        True                 False       False                  2            4.99344   0.389354   0.828642   0.817888 │
│ asha_train_4821b_01295   TERMINATED   False      True       False           True       False      True         True                 True        False                  1            3.67506   0.401166   0.839083   0.809068 │
│ asha_train_4821b_01296   TERMINATED   True       False      True            False      True       False        True                 False       True                   2            5.44697   0.392349   0.826799   0.820781 │
│ asha_train_4821b_01297   TERMINATED   True       True       False           True       False      True         False                True        False                  1            4.04302   0.45684    0.841232   0.806524 │
│ asha_train_4821b_01298   TERMINATED   False      True       False           True       True       False        True                 False       False                  1            3.82264   0.448357   0.837547   0.799118 │
│ asha_train_4821b_01299   TERMINATED   False      True       True            True       False      False        False                False       True                   4           10.426     0.39205    0.81124    0.821254 │
│ asha_train_4821b_01300   TERMINATED   False      False      False           True       True       False        True                 True        True                   4            9.40486   0.377721   0.822602   0.824032 │
│ asha_train_4821b_01301   TERMINATED   False      False      True            True       True       False        True                 False       True                   2            4.70129   0.387715   0.805712   0.819233 │
│ asha_train_4821b_01302   TERMINATED   False      True       True            True       True       True         True                 True        True                   2            8.13128   0.405597   0.772443   0.818031 │
│ asha_train_4821b_01303   TERMINATED   False      False      True            True       True       False        False                False       False                  1            2.6914    0.392495   0.825673   0.814911 │
│ asha_train_4821b_01304   TERMINATED   True       True       True            False      False      False        True                 True        False                  1            2.76291   0.693097   0.760672   0.5      │
│ asha_train_4821b_01305   TERMINATED   False      True       True            True       False      True         True                 False       True                   2            6.03513   0.397457   0.770396   0.817419 │
│ asha_train_4821b_01306   TERMINATED   False      False      True            True       True       False        True                 True        False                  2            5.57901   0.383933   0.826901   0.820262 │
│ asha_train_4821b_01307   TERMINATED   False      True       True            False      False      False        False                True        True                   4            7.81711   0.42752    0.78657    0.823653 │
│ asha_train_4821b_01308   TERMINATED   False      False      False           True       False      True         False                True        True                   2            4.4579    0.38555    0.783192   0.819527 │
│ asha_train_4821b_01309   TERMINATED   True       False      True            True       True       False        True                 True        True                   2            8.09974   0.410476   0.813185   0.816376 │
│ asha_train_4821b_01310   TERMINATED   False      True       False           False      True       True         True                 True        False                  1            3.24543   0.385104   0.834067   0.811488 │
│ asha_train_4821b_01311   TERMINATED   False      True       True            False      False      True         False                True        False                  4            7.99225   0.439943   0.808373   0.825379 │
│ asha_train_4821b_01312   TERMINATED   True       True       False           True       True       True         False                True        True                   1            4.95233   0.437812   0.815027   0.804396 │
│ asha_train_4821b_01313   TERMINATED   False      True       True            True       True       True         False                False       False                  1            3.73035   0.532306   0.72986    0.751492 │
│ asha_train_4821b_01314   TERMINATED   False      False      True            True       False      True         True                 False       False                  1            2.3443    0.40136    0.760979   0.812841 │
│ asha_train_4821b_01315   TERMINATED   True       True       False           True       True       False        False                False       True                   2            8.58814   0.391442   0.814618   0.815999 │
│ asha_train_4821b_01316   TERMINATED   True       True       False           True       True       True         False                True        False                  1            4.86438   0.612391   0.791279   0.599561 │
│ asha_train_4821b_01317   TERMINATED   True       False      False           False      True       False        True                 False       True                   1            2.71867   0.423582   0.850138   0.800799 │
│ asha_train_4821b_01318   TERMINATED   True       True       False           False      False      True         True                 True        False                  1            2.70195   0.605597   0.851571   0.747509 │
│ asha_train_4821b_01319   TERMINATED   True       True       False           True       True       False        True                 False       False                  1            4.34885   0.493643   0.821783   0.760614 │
│ asha_train_4821b_01320   TERMINATED   False      False      False           False      False      False        False                True        True                   4            5.07593   0.377109   0.81124    0.823159 │
│ asha_train_4821b_01321   TERMINATED   True       True       False           True       False      True         False                True        False                  1            3.8959    0.67394    0.76364    0.506202 │
│ asha_train_4821b_01322   TERMINATED   True       False      False           False      True       True         False                False       False                  4            9.65111   0.385366   0.834272   0.820417 │
│ asha_train_4821b_01323   TERMINATED   True       False      True            True       True       False        True                 True        True                   1            4.42345   0.405162   0.804074   0.808629 │
│ asha_train_4821b_01324   TERMINATED   True       True       False           True       True       True         False                False       False                  1            4.50861   0.445922   0.817074   0.809992 │
│ asha_train_4821b_01325   TERMINATED   True       True       True            False      True       True         True                 False       True                   1            3.87798   0.427658   0.854233   0.789712 │
│ asha_train_4821b_01326   TERMINATED   False      False      False           True       True       True         True                 True        False                  1            3.53333   0.41365    0.813901   0.807906 │
│ asha_train_4821b_01327   TERMINATED   False      False      False           False      True       True         True                 True        True                   1            1.85451   0.524229   0.843792   0.69901  │
│ asha_train_4821b_01328   TERMINATED   False      True       True            False      True       True         False                True        True                   1            3.19173   0.423999   0.853516   0.79569  │
│ asha_train_4821b_01329   TERMINATED   False      False      False           True       False      True         True                 True        False                  4            8.76473   0.399374   0.826185   0.823016 │
│ asha_train_4821b_01330   TERMINATED   False      True       True            True       False      False        False                True        True                   4           12.5366    0.378098   0.806531   0.823142 │
│ asha_train_4821b_01331   TERMINATED   False      False      False           True       False      True         False                True        False                  1            2.24473   0.674805   0.765073   0.509196 │
│ asha_train_4821b_01332   TERMINATED   True       True       False           True       False      False        False                False       True                   1            3.64529   0.495443   0.832327   0.784547 │
│ asha_train_4821b_01333   TERMINATED   True       False      False           False      False      True         True                 True        True                   4            8.00687   0.374357   0.821169   0.82353  │
│ asha_train_4821b_01334   TERMINATED   False      True       False           True       False      True         True                 True        True                   1            3.11177   0.570564   0.832327   0.672712 │
│ asha_train_4821b_01335   TERMINATED   False      True       False           True       False      True         True                 True        False                  2            6.6177    0.392865   0.790153   0.819558 │
│ asha_train_4821b_01336   TERMINATED   False      True       False           True       True       True         True                 False       True                   1            4.08218   0.451997   0.77664    0.813022 │
│ asha_train_4821b_01337   TERMINATED   True       False      False           False      False      True         False                False       False                  1            2.22403   0.632695   0.857099   0.782802 │
│ asha_train_4821b_01338   TERMINATED   False      True       False           True       True       True         True                 False       False                  1            3.76386   0.434676   0.755144   0.795667 │
│ asha_train_4821b_01339   TERMINATED   True       True       False           False      True       False        True                 True        True                   1            3.48648   0.40614    0.837752   0.812151 │
│ asha_train_4821b_01340   TERMINATED   False      True       False           True       True       False        False                False       True                   2            6.72302   0.387587   0.816358   0.820514 │
│ asha_train_4821b_01341   TERMINATED   False      True       True            False      True       True         False                True        False                  1            2.90576   0.640612   0.779814   0.539991 │
│ asha_train_4821b_01342   TERMINATED   True       True       True            True       True       True         True                 True        False                  2           10.2019    0.41522    0.771215   0.81869  │
│ asha_train_4821b_01343   TERMINATED   True       False      True            False      False      False        True                 True        False                  2            4.01137   0.389239   0.828437   0.817754 │
│ asha_train_4821b_01344   TERMINATED   True       False      True            False      False      True         False                False       False                  2            4.0727    0.40338    0.825878   0.819883 │
│ asha_train_4821b_01345   TERMINATED   False      False      True            True       False      True         False                False       False                  1            2.10012   0.628491   0.766199   0.511548 │
│ asha_train_4821b_01346   TERMINATED   False      True       True            True       True       True         False                True        True                   2            8.18755   0.46694    0.756884   0.814839 │
│ asha_train_4821b_01347   TERMINATED   False      False      True            False      True       False        True                 False       False                  2            3.59171   0.391016   0.846248   0.810407 │
│ asha_train_4821b_01348   TERMINATED   False      False      False           False      True       True         False                False       True                   1            1.84537   0.449431   0.856587   0.780413 │
│ asha_train_4821b_01349   TERMINATED   True       True       True            True       True       False        False                True        False                  2            9.63596   0.392618   0.82813    0.818431 │
│ asha_train_4821b_01350   TERMINATED   False      True       False           False      True       True         True                 True        True                   1            2.99113   0.419774   0.848296   0.794897 │
│ asha_train_4821b_01351   TERMINATED   True       False      False           True       True       True         True                 False       True                   4           12.9345    0.397856   0.802641   0.822637 │
│ asha_train_4821b_01352   TERMINATED   True       False      True            True       False      True         False                True        False                  1            3.38425   0.413227   0.791483   0.813691 │
│ asha_train_4821b_01353   TERMINATED   False      False      False           False      True       True         True                 False       False                  4            6.07817   0.3753     0.821578   0.821307 │
│ asha_train_4821b_01354   TERMINATED   False      True       True            True       True       True         False                True        True                   1            3.95855   0.45901    0.778483   0.802214 │
│ asha_train_4821b_01355   TERMINATED   True       False      False           True       True       True         True                 True        False                  1            3.65948   0.603057   0.646023   0.716612 │
│ asha_train_4821b_01356   TERMINATED   False      False      True            True       False      True         False                True        False                  4            8.91999   0.372858   0.801924   0.822313 │
│ asha_train_4821b_01357   TERMINATED   False      True       False           False      True       True         False                True        False                  1            2.76686   0.440205   0.72034    0.800199 │
│ asha_train_4821b_01358   TERMINATED   True       False      False           True       True       True         False                False       False                  2            6.22558   0.403155   0.801413   0.819191 │
│ asha_train_4821b_01359   TERMINATED   False      True       False           True       True       True         False                False       False                  2            6.52378   0.430914   0.780018   0.819346 │
│ asha_train_4821b_01360   TERMINATED   False      False      False           False      False      True         False                True        True                   1            1.91891   0.464374   0.836421   0.814794 │
│ asha_train_4821b_01361   TERMINATED   True       True       False           False      True       False        True                 True        True                   2            6.6155    0.39893    0.781452   0.821461 │
│ asha_train_4821b_01362   TERMINATED   False      True       False           True       True       True         True                 False       False                  4           13.269     0.406372   0.839595   0.813655 │
│ asha_train_4821b_01363   TERMINATED   True       True       False           False      True       True         True                 False       False                  2            7.06664   0.469916   0.812059   0.821645 │
│ asha_train_4821b_01364   TERMINATED   False      False      False           True       True       True         True                 True        False                  1            2.71846   0.505806   0.781042   0.81313  │
│ asha_train_4821b_01365   TERMINATED   True       True       True            False      True       True         True                 True        True                   1            3.58755   0.406374   0.840618   0.815501 │
│ asha_train_4821b_01366   TERMINATED   True       False      False           True       True       False        True                 False       False                  2            6.34852   0.437428   0.740199   0.788922 │
│ asha_train_4821b_01367   TERMINATED   False      False      True            True       True       False        False                False       True                   2            4.5271    0.387464   0.812366   0.820675 │
│ asha_train_4821b_01368   TERMINATED   True       True       True            False      False      False        True                 True        False                  1            2.64035   0.693097   0.760672   0.5      │
│ asha_train_4821b_01369   TERMINATED   False      False      True            False      True       True         False                False       True                   1            1.98081   0.429582   0.838366   0.815926 │
│ asha_train_4821b_01370   TERMINATED   False      False      True            False      True       False        True                 True        False                  2            3.81459   0.383287   0.836626   0.819766 │
│ asha_train_4821b_01371   TERMINATED   True       False      False           False      True       False        True                 True        True                   1            3.17594   0.389481   0.786365   0.813844 │
│ asha_train_4821b_01372   TERMINATED   True       False      False           False      False      True         True                 False       True                   1            2.45322   0.633174   0.852697   0.792074 │
│ asha_train_4821b_01373   TERMINATED   True       False      False           True       True       False        True                 False       True                   1            3.70672   0.401414   0.812263   0.815771 │
│ asha_train_4821b_01374   TERMINATED   False      False      False           False      False      True         True                 True        False                  1            1.68503   0.526966   0.839902   0.812392 │
│ asha_train_4821b_01375   TERMINATED   True       True       True            True       True       True         False                True        False                  1            5.2132    0.534432   0.84717    0.74271  │
│ asha_train_4821b_01376   TERMINATED   False      False      False           True       False      True         False                True        False                  1            2.29855   0.72008    0.769884   0.519247 │
│ asha_train_4821b_01377   TERMINATED   False      True       False           False      False      False        True                 True        True                   1            2.15997   0.693094   0.760672   0.5      │
│ asha_train_4821b_01378   TERMINATED   True       True       True            False      True       False        True                 False       True                   2            7.37313   0.381636   0.80909    0.8216   │
│ asha_train_4821b_01379   TERMINATED   True       True       False           False      False      True         False                True        True                   1            2.56197   0.583348   0.842154   0.810207 │
│ asha_train_4821b_01380   TERMINATED   False      False      True            False      True       True         False                True        False                  4            6.8925    0.369675   0.80909    0.823945 │
│ asha_train_4821b_01381   TERMINATED   False      True       True            True       False      False        True                 True        True                   4           12.8776    0.384796   0.803869   0.823445 │
│ asha_train_4821b_01382   TERMINATED   False      False      False           True       False      False        False                False       True                   4            6.52209   0.38       0.789436   0.821433 │
│ asha_train_4821b_01383   TERMINATED   True       True       True            True       True       True         False                True        True                   1            5.07978   0.439729   0.790255   0.805115 │
│ asha_train_4821b_01384   TERMINATED   True       False      True            False      True       False        False                True        False                  4            9.68169   0.381647   0.825059   0.823595 │
│ asha_train_4821b_01385   TERMINATED   False      True       True            True       True       False        False                True        True                   4           15.0763    0.380633   0.808271   0.823553 │
│ asha_train_4821b_01386   TERMINATED   True       True       False           False      False      False        False                True        False                  2            4.54697   0.387885   0.806838   0.820852 │
│ asha_train_4821b_01387   TERMINATED   False      True       True            True       True       False        True                 True        False                  2            7.64438   0.38046    0.814618   0.82025  │
│ asha_train_4821b_01388   TERMINATED   True       False      True            False      False      False        True                 False       True                   1            2.4819    0.693094   0.760672   0.5      │
│ asha_train_4821b_01389   TERMINATED   True       False      True            True       True       True         False                True        True                   1            4.09026   0.40236    0.756167   0.811144 │
│ asha_train_4821b_01390   TERMINATED   True       False      True            False      False      True         True                 False       True                   2            4.29222   0.437536   0.822909   0.819983 │
│ asha_train_4821b_01391   TERMINATED   True       False      True            True       False      False        False                False       False                  4           10.0583    0.38583    0.796397   0.824542 │
│ asha_train_4821b_01392   TERMINATED   False      True       False           True       True       True         False                False       True                   1            3.64143   0.434366   0.733443   0.797232 │
│ asha_train_4821b_01393   TERMINATED   True       False      False           False      True       True         True                 False       False                  1            3.05404   0.414741   0.839595   0.815268 │
│ asha_train_4821b_01394   TERMINATED   True       True       True            False      False      False        True                 True        False                  1            2.85601   0.693097   0.760672   0.5      │
│ asha_train_4821b_01395   TERMINATED   False      False      False           False      False      False        False                True        False                  4            5.07004   0.391379   0.806428   0.823661 │
│ asha_train_4821b_01396   TERMINATED   True       False      True            False      True       True         False                False       True                   1            2.82884   0.543993   0.849933   0.799052 │
│ asha_train_4821b_01397   TERMINATED   True       True       True            False      True       False        True                 False       False                  2            6.92645   0.393119   0.851469   0.811787 │
│ asha_train_4821b_01398   TERMINATED   True       False      False           True       True       True         False                True        False                  1            4.03252   0.418349   0.78227    0.808075 │
│ asha_train_4821b_01399   TERMINATED   True       True       False           True       False      False        True                 True        True                   1            4.45488   0.446352   0.825468   0.811552 │
│ asha_train_4821b_01400   TERMINATED   True       False      False           True       False      False        False                True        True                   1            3.22315   0.408801   0.809397   0.814766 │
│ asha_train_4821b_01401   TERMINATED   False      False      True            False      True       True         True                 False       True                   1            2.61695   0.423597   0.852697   0.793686 │
│ asha_train_4821b_01402   TERMINATED   False      True       True            False      True       False        True                 True        False                  2            5.45364   0.38237    0.832122   0.818417 │
│ asha_train_4821b_01403   TERMINATED   True       False      False           True       False      True         True                 False       True                   2            5.65641   0.447451   0.738868   0.806661 │
│ asha_train_4821b_01404   TERMINATED   True       True       False           True       False      True         False                True        False                  4           14.2837    0.376996   0.823319   0.822158 │
│ asha_train_4821b_01405   TERMINATED   False      False      True            True       False      False        True                 True        True                   2            5.2348    0.390999   0.800696   0.82004  │
│ asha_train_4821b_01406   TERMINATED   True       False      True            False      True       False        False                True        False                  1            2.89628   0.395262   0.838878   0.812452 │
│ asha_train_4821b_01407   TERMINATED   True       False      True            True       True       True         True                 True        True                   2            8.37699   0.422559   0.776333   0.820735 │
│ asha_train_4821b_01408   TERMINATED   False      False      True            False      False      True         True                 True        False                  1            1.63998   0.664176   0.846044   0.722036 │
│ asha_train_4821b_01409   TERMINATED   False      False      True            False      False      True         True                 True        False                  1            1.85709   0.661548   0.846044   0.766594 │
│ asha_train_4821b_01410   TERMINATED   False      False      True            True       False      False        True                 True        True                   4            9.59889   0.377215   0.80735    0.825439 │
│ asha_train_4821b_01411   TERMINATED   False      True       False           True       True       True         False                False       True                   1            3.63539   0.466726   0.773262   0.810068 │
│ asha_train_4821b_01412   TERMINATED   False      False      False           False      True       True         False                False       True                   1            2.06369   0.449431   0.856587   0.780413 │
│ asha_train_4821b_01413   TERMINATED   False      False      True            False      False      True         False                True        True                   4            5.80945   0.405741   0.814003   0.826148 │
│ asha_train_4821b_01414   TERMINATED   False      True       False           False      True       False        False                False       False                  2            5.17492   0.393372   0.842256   0.812913 │
│ asha_train_4821b_01415   TERMINATED   False      True       False           True       True       True         False                True        True                   2            7.83042   0.408477   0.800287   0.821822 │
│ asha_train_4821b_01416   TERMINATED   True       True       True            False      False      True         False                True        True                   2            4.98016   0.419863   0.815232   0.820067 │
│ asha_train_4821b_01417   TERMINATED   True       True       False           True       True       True         True                 False       False                  1            5.21458   0.44477    0.758215   0.794315 │
│ asha_train_4821b_01418   TERMINATED   True       True       True            True       False      True         True                 True        False                  2            8.16764   0.388771   0.811751   0.817193 │
│ asha_train_4821b_01419   TERMINATED   True       False      True            True       False      True         True                 False       False                  1            3.38855   0.40348    0.793531   0.8102   │
│ asha_train_4821b_01420   TERMINATED   True       True       True            True       False      True         False                True        True                   1            4.16289   0.537202   0.83724    0.805805 │
│ asha_train_4821b_01421   TERMINATED   False      False      True            True       True       True         False                True        True                   2            5.53575   0.435655   0.780018   0.821545 │
│ asha_train_4821b_01422   TERMINATED   True       True       False           False      True       False        False                True        True                   4           12.2319    0.376489   0.805712   0.826708 │
│ asha_train_4821b_01423   TERMINATED   True       False      False           True       False      False        False                True        True                   4           11.046     0.37943    0.810625   0.826127 │
│ asha_train_4821b_01424   TERMINATED   False      True       False           False      True       False        True                 False       False                  2            5.08673   0.384648   0.826697   0.819981 │
│ asha_train_4821b_01425   TERMINATED   True       False      True            True       True       False        True                 True        True                   1            3.85876   0.440202   0.779711   0.806539 │
│ asha_train_4821b_01426   TERMINATED   False      False      True            False      False      False        True                 False       True                   4            5.83032   0.378176   0.814208   0.823938 │
│ asha_train_4821b_01427   TERMINATED   True       False      True            True       False      False        False                True        False                  2            6.35694   0.39042    0.816563   0.821821 │
│ asha_train_4821b_01428   TERMINATED   False      True       True            False      True       False        False                False       True                   2            5.3486    0.373202   0.823933   0.82051  │
│ asha_train_4821b_01429   TERMINATED   True       True       True            True       False      False        True                 False       True                   1            3.68769   0.429885   0.824752   0.805804 │
│ asha_train_4821b_01430   TERMINATED   False      True       False           True       True       False        True                 False       False                  1            3.3688    0.462562   0.765585   0.796521 │
│ asha_train_4821b_01431   TERMINATED   False      False      True            True       True       True         True                 False       True                   1            2.54322   0.400582   0.787593   0.815531 │
│ asha_train_4821b_01432   TERMINATED   False      False      False           False      False      False        False                True        True                   4            5.19367   0.377109   0.81124    0.823159 │
│ asha_train_4821b_01433   TERMINATED   True       True       True            False      False      False        True                 True        True                   1            3.11804   0.693094   0.760672   0.5      │
│ asha_train_4821b_01434   TERMINATED   True       True       False           True       False      False        False                False       True                   4           12.752     0.384862   0.814822   0.823462 │
│ asha_train_4821b_01435   TERMINATED   False      True       True            True       True       False        True                 False       True                   2            7.20776   0.415637   0.783908   0.818825 │
│ asha_train_4821b_01436   TERMINATED   False      False      False           False      True       False        True                 False       True                   4            6.99734   0.372896   0.816767   0.823568 │
│ asha_train_4821b_01437   TERMINATED   False      True       False           False      False      False        False                True        False                  2            3.64289   0.392391   0.828539   0.819287 │
│ asha_train_4821b_01438   TERMINATED   False      False      False           False      True       True         False                True        True                   1            1.86721   0.449431   0.856587   0.780413 │
│ asha_train_4821b_01439   TERMINATED   True       False      True            True       True       True         True                 False       True                   1            3.8435    0.566087   0.683898   0.748543 │
│ asha_train_4821b_01440   TERMINATED   True       True       False           False      True       True         True                 False       False                  2            6.93423   0.557261   0.856382   0.760638 │
│ asha_train_4821b_01441   TERMINATED   True       True       False           False      False      False        True                 True        False                  1            2.75182   0.693094   0.760672   0.5      │
│ asha_train_4821b_01442   TERMINATED   True       True       False           False      False      True         False                True        False                  1            2.45324   0.599494   0.851367   0.730958 │
│ asha_train_4821b_01443   TERMINATED   True       False      False           False      True       False        True                 False       False                  2            5.17081   0.388197   0.842461   0.810849 │
│ asha_train_4821b_01444   TERMINATED   False      True       False           False      True       False        True                 True        True                   4           10.243     0.377894   0.801822   0.826496 │
│ asha_train_4821b_01445   TERMINATED   True       True       False           True       False      True         False                True        True                   2            7.67623   0.409328   0.826594   0.820793 │
│ asha_train_4821b_01446   TERMINATED   True       True       True            False      False      True         False                True        False                  1            2.64983   0.396723   0.831405   0.814429 │
│ asha_train_4821b_01447   TERMINATED   False      False      True            False      False      True         True                 False       True                   4            6.37618   0.383583   0.814822   0.825221 │
│ asha_train_4821b_01448   TERMINATED   False      False      False           False      False      True         False                False       True                   4            5.39136   0.383229   0.820248   0.823071 │
│ asha_train_4821b_01449   TERMINATED   False      True       True            True       False      True         False                False       True                   1            3.17089   0.657192   0.785341   0.552859 │
│ asha_train_4821b_01450   TERMINATED   False      True       True            False      True       True         True                 False       True                   1            3.24114   0.419825   0.853516   0.799062 │
│ asha_train_4821b_01451   TERMINATED   True       False      False           False      True       True         True                 True        True                   1            3.04793   0.426607   0.852595   0.788636 │
│ asha_train_4821b_01452   TERMINATED   True       True       False           False      False      False        True                 True        False                  1            2.84463   0.693097   0.760672   0.5      │
│ asha_train_4821b_01453   TERMINATED   False      True       False           False      True       False        True                 False       False                  2            5.58147   0.384692   0.831405   0.817067 │
│ asha_train_4821b_01454   TERMINATED   False      False      True            False      False      True         True                 True        True                   4            6.56694   0.385618   0.811649   0.825627 │
│ asha_train_4821b_01455   TERMINATED   True       True       True            False      False      False        False                True        True                   1            2.62569   0.693098   0.760672   0.5      │
│ asha_train_4821b_01456   TERMINATED   True       False      False           True       True       False        False                False       True                   1            3.64875   0.668312   0.703962   0.640516 │
│ asha_train_4821b_01457   TERMINATED   True       False      True            True       True       False        True                 False       False                  2            6.42903   0.391208   0.824649   0.815851 │
│ asha_train_4821b_01458   TERMINATED   True       False      True            True       True       True         False                False       False                  2            6.28686   0.44202    0.780633   0.82019  │
│ asha_train_4821b_01459   TERMINATED   True       True       True            False      False      True         False                False       True                   2            5.16812   0.37642    0.82076    0.821062 │
│ asha_train_4821b_01460   TERMINATED   False      False      False           False      True       False        True                 True        True                   4            6.86061   0.380568   0.808373   0.826845 │
│ asha_train_4821b_01461   TERMINATED   False      False      True            True       True       False        True                 False       False                  1            2.52486   0.397672   0.818508   0.815185 │
│ asha_train_4821b_01462   TERMINATED   True       False      True            False      False      False        False                True        False                  1            2.18012   0.389872   0.827209   0.813868 │
│ asha_train_4821b_01463   TERMINATED   True       True       True            False      False      False        True                 True        False                  1            3.06756   0.693095   0.760672   0.5      │
│ asha_train_4821b_01464   TERMINATED   True       False      False           False      False      True         False                False       True                   1            2.17666   0.583666   0.84717    0.80559  │
│ asha_train_4821b_01465   TERMINATED   False      False      False           True       True       True         True                 False       False                  1            2.2416    0.523466   0.660252   0.761289 │
│ asha_train_4821b_01466   TERMINATED   True       True       True            True       True       True         False                False       False                  1            4.72772   0.467387   0.755349   0.812951 │
│ asha_train_4821b_01467   TERMINATED   False      False      False           True       True       True         False                True        False                  4            9.62      0.420302   0.773877   0.818827 │
│ asha_train_4821b_01468   TERMINATED   True       True       True            False      False      False        True                 False       True                   1            2.9238    0.693095   0.760672   0.5      │
│ asha_train_4821b_01469   TERMINATED   True       True       False           False      False      True         False                False       False                  4            9.06723   0.380526   0.821681   0.821375 │
│ asha_train_4821b_01470   TERMINATED   False      False      True            False      True       False        False                False       False                  2            3.57171   0.386016   0.835091   0.817584 │
│ asha_train_4821b_01471   TERMINATED   False      False      False           False      False      True         False                False       False                  2            2.74955   0.503839   0.819531   0.82172  │
│ asha_train_4821b_01472   TERMINATED   False      False      False           False      False      False        False                True        False                  4            5.14755   0.391379   0.806428   0.823661 │
│ asha_train_4821b_01473   TERMINATED   False      True       True            False      False      True         True                 True        False                  1            2.35089   0.39856    0.83591    0.811819 │
│ asha_train_4821b_01474   TERMINATED   True       True       True            True       True       False        True                 True        False                  1            5.38918   0.431135   0.83898    0.792585 │
│ asha_train_4821b_01475   TERMINATED   True       True       False           True       False      True         False                False       False                  1            3.84547   0.443671   0.838059   0.810008 │
│ asha_train_4821b_01476   TERMINATED   True       True       False           False      True       False        True                 False       False                  2            6.42598   0.38195    0.817382   0.820014 │
│ asha_train_4821b_01477   TERMINATED   True       True       False           True       True       False        True                 True        False                  1            4.91718   0.456361   0.776026   0.792831 │
│ asha_train_4821b_01478   TERMINATED   True       True       False           False      False      True         True                 False       True                   4            9.80743   0.389968   0.822704   0.821021 │
│ asha_train_4821b_01479   TERMINATED   False      True       False           False      True       False        True                 True        False                  2            5.3189    0.382023   0.824547   0.820327 │
│ asha_train_4821b_01480   TERMINATED   True       True       True            True       True       True         True                 True        False                  1            6.08995   0.427401   0.767735   0.805263 │
│ asha_train_4821b_01481   TERMINATED   False      True       False           False      True       True         True                 False       False                  1            2.90509   0.646908   0.675607   0.777538 │
│ asha_train_4821b_01482   TERMINATED   True       True       True            True       True       False        True                 True        False                  1            5.23272   0.459371   0.781247   0.778967 │
│ asha_train_4821b_01483   TERMINATED   False      True       True            True       False      True         True                 True        False                  1            3.6495    0.621216   0.777152   0.534578 │
│ asha_train_4821b_01484   TERMINATED   True       True       False           True       False      False        True                 True        True                   4           15.1273    0.388121   0.811751   0.824522 │
│ asha_train_4821b_01485   TERMINATED   True       True       True            False      False      False        True                 True        False                  1            2.85663   0.693096   0.760672   0.5      │
│ asha_train_4821b_01486   TERMINATED   False      False      False           False      True       False        True                 False       False                  2            3.36276   0.378675   0.828232   0.819085 │
│ asha_train_4821b_01487   TERMINATED   False      False      True            True       False      True         False                False       False                  4            7.10634   0.377827   0.808066   0.821366 │
│ asha_train_4821b_01488   TERMINATED   False      False      True            True       False      True         True                 True        False                  1            2.72728   0.405144   0.75238    0.813051 │
│ asha_train_4821b_01489   TERMINATED   True       True       False           True       False      False        True                 False       True                   4           13.518     0.386108   0.795168   0.82095  │
│ asha_train_4821b_01490   TERMINATED   False      True       True            False      True       False        True                 True        True                   4           10.8929    0.381311   0.810318   0.823286 │
│ asha_train_4821b_01491   TERMINATED   False      True       True            False      True       False        False                False       False                  1            2.83725   0.403989   0.850855   0.79995  │
│ asha_train_4821b_01492   TERMINATED   True       True       True            False      True       False        True                 True        True                   1            3.97659   0.393077   0.778892   0.812597 │
│ asha_train_4821b_01493   TERMINATED   False      False      True            False      True       True         True                 True        False                  1            2.06451   0.463868   0.850752   0.793727 │
│ asha_train_4821b_01494   TERMINATED   False      True       False           False      False      False        False                False       False                  2            3.88228   0.391689   0.828949   0.819409 │
│ asha_train_4821b_01495   TERMINATED   True       False      False           False      False      False        True                 True        False                  1            2.33277   0.693095   0.760672   0.5      │
│ asha_train_4821b_01496   TERMINATED   False      True       True            False      False      True         True                 True        True                   1            2.28325   0.666189   0.851469   0.758288 │
│ asha_train_4821b_01497   TERMINATED   True       False      False           False      False      True         False                False       False                  1            2.2163    0.552514   0.846965   0.794902 │
│ asha_train_4821b_01498   TERMINATED   False      True       False           True       False      False        True                 False       True                   4           10.9219    0.383761   0.8052     0.825492 │
│ asha_train_4821b_01499   TERMINATED   True       True       False           True       False      True         True                 False       False                  1            3.986     0.620569   0.74327    0.728354 │
│ asha_train_4821b_01500   TERMINATED   False      True       True            False      True       True         True                 False       True                   1            2.89165   0.40057    0.845941   0.809912 │
│ asha_train_4821b_01501   TERMINATED   False      True       True            False      True       False        False                False       True                   4           10.2993    0.379833   0.82035    0.82094  │
│ asha_train_4821b_01502   TERMINATED   True       False      True            False      True       True         False                False       False                  4           10.071     0.382481   0.829051   0.817132 │
│ asha_train_4821b_01503   TERMINATED   True       False      False           False      False      False        False                True        True                   4            7.02306   0.376877   0.810728   0.823995 │
│ asha_train_4821b_01504   TERMINATED   True       False      True            True       False      True         True                 True        False                  1            3.54785   0.57706    0.840414   0.76861  │
│ asha_train_4821b_01505   TERMINATED   True       True       True            True       True       True         False                True        True                   1            5.4096    0.481854   0.781452   0.804605 │
│ asha_train_4821b_01506   TERMINATED   True       False      False           True       False      False        True                 True        True                   1            3.1901    0.420177   0.776845   0.811544 │
│ asha_train_4821b_01507   TERMINATED   True       False      False           False      False      True         True                 True        False                  1            2.38468   0.385724   0.822909   0.810896 │
│ asha_train_4821b_01508   TERMINATED   False      False      False           True       False      False        True                 True        False                  2            4.57456   0.393395   0.814618   0.821569 │
│ asha_train_4821b_01509   TERMINATED   True       True       True            True       True       False        True                 False       False                  1            4.92243   0.432105   0.775719   0.807726 │
│ asha_train_4821b_01510   TERMINATED   True       False      False           True       True       False        False                True        False                  1            3.75624   0.398137   0.839799   0.813643 │
│ asha_train_4821b_01511   TERMINATED   True       True       False           True       True       False        True                 False       False                  1            4.74484   0.414638   0.816358   0.811133 │
│ asha_train_4821b_01512   TERMINATED   False      True       False           False      True       True         True                 True        True                   1            2.80431   0.641122   0.808066   0.604293 │
│ asha_train_4821b_01513   TERMINATED   False      True       True            False      False      True         True                 True        False                  1            2.64204   0.566064   0.842666   0.810251 │
│ asha_train_4821b_01514   TERMINATED   True       True       False           False      False      True         False                False       True                   2            5.00842   0.3814     0.82035    0.820353 │
│ asha_train_4821b_01515   TERMINATED   True       False      True            True       False      True         True                 False       True                   1            3.38305   0.464975   0.711434   0.783059 │
│ asha_train_4821b_01516   TERMINATED   False      False      True            False      False      True         True                 True        True                   2            4.18271   0.40303    0.807043   0.818495 │
│ asha_train_4821b_01517   TERMINATED   False      True       True            True       True       False        True                 False       False                  1            3.68417   0.396988   0.827618   0.815017 │
│ asha_train_4821b_01518   TERMINATED   False      False      False           False      True       True         True                 False       True                   1            1.92787   0.621414   0.812877   0.615663 │
│ asha_train_4821b_01519   TERMINATED   False      False      False           False      False      False        False                True        True                   4            5.18499   0.377109   0.81124    0.823159 │
│ asha_train_4821b_01520   TERMINATED   True       False      False           True       False      False        False                False       False                  2            5.20608   0.404039   0.827311   0.818626 │
│ asha_train_4821b_01521   TERMINATED   False      True       False           False      False      True         False                True        True                   1            2.24628   0.462994   0.836831   0.811985 │
│ asha_train_4821b_01522   TERMINATED   True       True       False           False      True       True         False                True        False                  1            3.78399   0.588794   0.842154   0.691044 │
│ asha_train_4821b_01523   TERMINATED   True       False      True            True       True       True         False                True        False                  1            3.96979   0.438416   0.776333   0.804612 │
│ asha_train_4821b_01524   TERMINATED   False      False      False           True       True       True         False                False       True                   2            4.22392   0.451534   0.773672   0.819279 │
│ asha_train_4821b_01525   TERMINATED   True       False      True            True       False      False        False                True        False                  1            3.50067   0.426708   0.727608   0.792078 │
│ asha_train_4821b_01526   TERMINATED   True       False      False           False      True       False        True                 True        True                   2            5.97643   0.386653   0.783396   0.819515 │
│ asha_train_4821b_01527   TERMINATED   True       False      True            True       True       True         False                False       False                  2            6.56126   0.444811   0.77316    0.819235 │
│ asha_train_4821b_01528   TERMINATED   False      True       True            False      False      False        True                 True        True                   4            8.18172   0.38283    0.81257    0.82462  │
│ asha_train_4821b_01529   TERMINATED   False      False      False           True       True       True         True                 True        True                   4            9.91725   0.390525   0.801515   0.824829 │
│ asha_train_4821b_01530   TERMINATED   True       True       False           False      True       True         True                 False       True                   1            3.79618   0.627727   0.471594   0.651645 │
│ asha_train_4821b_01531   TERMINATED   True       False      False           False      False      False        True                 False       True                   2            4.09223   0.379276   0.821169   0.820305 │
│ asha_train_4821b_01532   TERMINATED   True       False      False           True       True       True         False                True        False                  4           13.5882    0.417859   0.776129   0.819428 │
│ asha_train_4821b_01533   TERMINATED   False      True       True            False      False      False        True                 False       False                  4            8.40952   0.380837   0.817177   0.826769 │
│ asha_train_4821b_01534   TERMINATED   False      False      True            False      True       False        False                False       False                  2            3.24707   0.387634   0.845941   0.811525 │
│ asha_train_4821b_01535   TERMINATED   True       True       True            True       False      True         True                 False       False                  2            7.1494    0.39099    0.78094    0.820685 │
│ asha_train_4821b_01536   TERMINATED   False      False      False           True       False      True         False                False       True                   1            1.9534    0.611229   0.790664   0.576731 │
│ asha_train_4821b_01537   TERMINATED   True       True       False           True       False      True         False                False       True                   2            6.87222   0.401314   0.795066   0.818977 │
│ asha_train_4821b_01538   TERMINATED   True       False      True            True       True       True         False                False       True                   2            6.66216   0.510571   0.759341   0.814842 │
│ asha_train_4821b_01539   TERMINATED   False      True       True            False      True       False        False                False       False                  2            5.14544   0.384988   0.840106   0.813406 │
│ asha_train_4821b_01540   TERMINATED   False      True       False           False      True       True         True                 False       False                  4           10.2349    0.429621   0.839288   0.811255 │
│ asha_train_4821b_01541   TERMINATED   False      True       True            False      True       True         True                 False       True                   1            2.93954   0.446454   0.856382   0.778227 │
│ asha_train_4821b_01542   TERMINATED   False      False      True            False      True       True         True                 True        False                  1            2.13121   0.390176   0.838162   0.813446 │
│ asha_train_4821b_01543   TERMINATED   False      False      False           False      True       True         False                False       False                  4            6.63141   0.379082   0.819326   0.822319 │
│ asha_train_4821b_01544   TERMINATED   True       False      True            False      True       True         True                 False       True                   1            2.93052   0.390468   0.828949   0.815599 │
│ asha_train_4821b_01545   TERMINATED   True       True       False           False      False      False        True                 False       True                   1            2.77581   0.693095   0.760672   0.5      │
│ asha_train_4821b_01546   TERMINATED   True       False      True            True       True       True         True                 False       False                  2            6.79941   0.401633   0.779814   0.821264 │
│ asha_train_4821b_01547   TERMINATED   False      False      False           False      False      True         True                 True        True                   2            3.24775   0.386426   0.819941   0.820377 │
│ asha_train_4821b_01548   TERMINATED   False      False      True            False      False      False        False                False       False                  2            3.23932   0.389905   0.814515   0.820622 │
│ asha_train_4821b_01549   TERMINATED   True       False      False           False      False      True         False                True        False                  4            7.21667   0.380124   0.815948   0.82259  │
│ asha_train_4821b_01550   TERMINATED   False      True       True            True       False      True         True                 False       False                  1            2.88777   0.65178    0.767223   0.513687 │
│ asha_train_4821b_01551   TERMINATED   True       True       False           False      False      True         True                 True        True                   2            5.30186   0.412115   0.817279   0.815257 │
│ asha_train_4821b_01552   TERMINATED   True       True       True            False      True       True         True                 False       True                   1            4.10924   0.395998   0.841949   0.806995 │
│ asha_train_4821b_01553   TERMINATED   True       True       True            False      False      True         True                 True        False                  2            5.14127   0.396839   0.821067   0.819359 │
│ asha_train_4821b_01554   TERMINATED   True       False      True            True       True       False        False                True        True                   4           13.9834    0.383867   0.813287   0.824945 │
│ asha_train_4821b_01555   TERMINATED   True       False      True            False      True       False        False                True        False                  4            9.4776    0.377016   0.831508   0.822411 │
│ asha_train_4821b_01556   TERMINATED   True       True       True            False      False      True         False                True        True                   1            2.54767   0.664373   0.850548   0.725876 │
│ asha_train_4821b_01557   TERMINATED   True       True       False           False      True       True         True                 False       True                   1            3.34865   0.439948   0.857304   0.784842 │
│ asha_train_4821b_01558   TERMINATED   False      True       True            False      True       True         False                True        False                  1            2.8983    0.646508   0.760774   0.500214 │
│ asha_train_4821b_01559   TERMINATED   True       False      True            True       False      True         True                 True        True                   1            3.45688   0.486      0.836217   0.799416 │
│ asha_train_4821b_01560   TERMINATED   False      True       False           False      False      False        False                True        True                   4            7.42125   0.377833   0.813492   0.8242   │
│ asha_train_4821b_01561   TERMINATED   False      False      False           True       True       False        False                True        True                   2            4.96912   0.38279    0.815744   0.817325 │
│ asha_train_4821b_01562   TERMINATED   False      True       False           False      True       True         False                True        False                  1            2.73388   0.387006   0.83939    0.813081 │
│ asha_train_4821b_01563   TERMINATED   False      True       True            False      True       True         True                 True        True                   1            3.03962   0.637047   0.855154   0.781523 │
│ asha_train_4821b_01564   TERMINATED   True       True       True            True       False      False        True                 False       True                   1            3.9552    0.531208   0.738356   0.797384 │
│ asha_train_4821b_01565   TERMINATED   False      False      False           True       False      True         False                False       False                  2            3.73472   0.405879   0.836319   0.811942 │
│ asha_train_4821b_01566   TERMINATED   True       True       True            False      True       False        True                 True        False                  1            4.12363   0.440405   0.759546   0.809847 │
│ asha_train_4821b_01567   TERMINATED   True       False      True            True       True       False        False                False       True                   2            6.70571   0.389316   0.808373   0.819956 │
│ asha_train_4821b_01568   TERMINATED   True       True       False           True       True       True         False                False       False                  1            4.33401   0.413636   0.781861   0.810591 │
│ asha_train_4821b_01569   TERMINATED   False      False      False           False      False      False        False                True        False                  4            5.04348   0.391379   0.806428   0.823661 │
│ asha_train_4821b_01570   TERMINATED   True       True       False           True       True       False        False                True        True                   1            5.04726   0.479718   0.806633   0.789498 │
│ asha_train_4821b_01571   TERMINATED   False      True       False           True       False      True         False                True        True                   1            3.332     0.606741   0.804995   0.610482 │
│ asha_train_4821b_01572   TERMINATED   False      False      False           True       False      False        True                 False       False                  4            7.46144   0.375932   0.807145   0.825011 │
│ asha_train_4821b_01573   TERMINATED   True       True       False           True       False      False        False                False       False                  1            3.76786   0.412866   0.828437   0.79225  │
│ asha_train_4821b_01574   TERMINATED   True       False      True            True       True       True         True                 False       False                  2            6.92091   0.415425   0.783908   0.821317 │
│ asha_train_4821b_01575   TERMINATED   True       True       False           False      False      True         True                 True        True                   2            5.28151   0.397746   0.816051   0.818114 │
│ asha_train_4821b_01576   TERMINATED   True       False      False           False      True       True         True                 True        True                   1            2.92467   0.489946   0.855564   0.744123 │
│ asha_train_4821b_01577   TERMINATED   True       True       True            False      True       True         True                 True        True                   1            4.06213   0.413902   0.84891    0.803802 │
│ asha_train_4821b_01578   TERMINATED   False      False      False           True       False      False        True                 False       True                   4            7.2838    0.40151    0.802743   0.826515 │
│ asha_train_4821b_01579   TERMINATED   True       False      False           False      False      False        False                True        True                   4            7.0767    0.377582   0.813492   0.824346 │
│ asha_train_4821b_01580   TERMINATED   False      False      True            False      False      True         True                 True        False                  4            6.62788   0.391077   0.813185   0.825464 │
│ asha_train_4821b_01581   TERMINATED   False      True       True            True       False      True         True                 False       True                   2            5.99569   0.396464   0.777357   0.820528 │
│ asha_train_4821b_01582   TERMINATED   True       False      True            True       False      False        True                 True        False                  1            4.08652   0.412923   0.838571   0.804481 │
│ asha_train_4821b_01583   TERMINATED   False      True       True            True       False      True         True                 True        True                   4           13.2162    0.390793   0.785546   0.822687 │
│ asha_train_4821b_01584   TERMINATED   True       False      True            False      True       False        False                True        False                  2            5.08548   0.378211   0.817791   0.821456 │
│ asha_train_4821b_01585   TERMINATED   True       False      True            True       True       True         True                 True        True                   4           16.1558    0.383599   0.788617   0.824119 │
│ asha_train_4821b_01586   TERMINATED   False      False      True            False      True       True         False                False       False                  4            6.74834   0.378409   0.80694    0.82517  │
│ asha_train_4821b_01587   TERMINATED   False      False      True            True       False      False        False                True        True                   4            8.74952   0.377052   0.812775   0.826367 │
│ asha_train_4821b_01588   TERMINATED   False      False      True            False      False      True         False                True        True                   2            2.99989   0.465988   0.821886   0.820776 │
│ asha_train_4821b_01589   TERMINATED   False      False      False           False      True       True         False                False       True                   1            1.90912   0.449431   0.856587   0.780413 │
│ asha_train_4821b_01590   TERMINATED   True       False      False           False      True       True         True                 False       False                  1            2.66765   0.418607   0.84891    0.801457 │
│ asha_train_4821b_01591   TERMINATED   True       True       False           False      True       True         False                True        False                  2            6.5526    0.384936   0.810421   0.821155 │
│ asha_train_4821b_01592   TERMINATED   False      True       True            True       True       False        False                True        True                   4           15.4689    0.390086   0.803869   0.824764 │
│ asha_train_4821b_01593   TERMINATED   True       False      False           False      True       False        False                True        True                   4            9.13698   0.370205   0.810625   0.829058 │
│ asha_train_4821b_01594   TERMINATED   True       False      False           True       True       True         True                 False       True                   1            3.49672   0.500412   0.738561   0.788138 │
│ asha_train_4821b_01595   TERMINATED   False      False      True            True       False      False        False                True        True                   4            8.99404   0.379101   0.805814   0.822818 │
│ asha_train_4821b_01596   TERMINATED   False      True       True            False      True       False        False                False       False                  2            5.50131   0.488455   0.83898    0.79581  │
│ asha_train_4821b_01597   TERMINATED   False      True       False           True       True       False        False                False       True                   1            3.53838   0.433461   0.83765    0.792736 │
│ asha_train_4821b_01598   TERMINATED   False      False      False           False      False      False        False                False       False                  4            5.07784   0.389319   0.817177   0.821199 │
│ asha_train_4821b_01599   TERMINATED   True       True       False           True       False      False        False                True        False                  2            7.39748   0.394893   0.831201   0.817958 │
│ asha_train_4821b_01600   TERMINATED   True       False      False           True       False      False        True                 True        True                   1            3.39659   0.404403   0.79957    0.815195 │
│ asha_train_4821b_01601   TERMINATED   True       False      True            True       False      False        False                True        True                   4           12.2026    0.378518   0.809602   0.823402 │
│ asha_train_4821b_01602   TERMINATED   True       True       True            False      True       True         False                True        True                   1            3.88236   0.429082   0.853414   0.79577  │
│ asha_train_4821b_01603   TERMINATED   True       True       True            False      True       True         True                 False       False                  4           13.4749    0.387402   0.835398   0.816613 │
│ asha_train_4821b_01604   TERMINATED   True       False      False           False      True       False        False                False       True                   2            4.78754   0.400484   0.773877   0.821319 │
│ asha_train_4821b_01605   TERMINATED   True       False      True            False      True       False        False                True        False                  2            5.05058   0.405963   0.823728   0.819349 │
│ asha_train_4821b_01606   TERMINATED   True       False      False           True       False      False        True                 True        False                  2            6.87578   0.395908   0.814003   0.819992 │
│ asha_train_4821b_01607   TERMINATED   True       True       True            True       True       True         True                 True        True                   1            5.44603   0.481912   0.701505   0.771109 │
│ asha_train_4821b_01608   TERMINATED   True       True       False           False      False      False        False                False       True                   4            8.86846   0.380607   0.811444   0.819776 │
│ asha_train_4821b_01609   TERMINATED   True       False      True            False      False      True         False                False       True                   4            7.89642   0.3978     0.817586   0.822494 │
│ asha_train_4821b_01610   TERMINATED   True       False      False           False      True       False        True                 False       False                  1            2.77221   0.406263   0.76016    0.814208 │
│ asha_train_4821b_01611   TERMINATED   False      False      False           False      True       True         True                 True        False                  4            6.73339   0.371792   0.814925   0.822064 │
│ asha_train_4821b_01612   TERMINATED   True       True       False           True       False      True         False                True        False                  1            4.06413   0.50011    0.842461   0.782707 │
│ asha_train_4821b_01613   TERMINATED   False      True       True            False      True       True         False                True        True                   1            2.99896   0.441219   0.856178   0.783662 │
│ asha_train_4821b_01614   TERMINATED   True       True       False           False      False      True         False                False       True                   1            2.74317   0.549159   0.853311   0.779433 │
│ asha_train_4821b_01615   TERMINATED   True       True       True            True       False      False        False                True        False                  2            7.89009   0.390345   0.824547   0.817396 │
│ asha_train_4821b_01616   TERMINATED   False      True       False           True       True       False        True                 True        False                  1            4.11008   0.444121   0.756372   0.795009 │
│ asha_train_4821b_01617   TERMINATED   False      False      False           True       False      True         True                 True        True                   1            2.69076   0.532127   0.832839   0.670997 │
│ asha_train_4821b_01618   TERMINATED   False      False      False           True       True       False        True                 True        False                  1            2.85092   0.400972   0.830075   0.814726 │
│ asha_train_4821b_01619   TERMINATED   False      True       False           False      True       True         True                 False       True                   1            3.30916   0.477532   0.85802    0.766845 │
│ asha_train_4821b_01620   TERMINATED   False      False      True            False      True       True         True                 False       True                   1            2.20477   0.390938   0.833862   0.815457 │
│ asha_train_4821b_01621   TERMINATED   False      False      True            True       False      True         False                False       True                   1            2.26597   0.649275   0.776026   0.533105 │
│ asha_train_4821b_01622   TERMINATED   True       False      False           False      True       False        False                False       True                   4            9.31346   0.372085   0.828642   0.820087 │
│ asha_train_4821b_01623   TERMINATED   False      True       False           True       True       False        True                 True        True                   2            8.18345   0.385608   0.815744   0.820257 │
│ asha_train_4821b_01624   TERMINATED   True       False      False           False      True       False        True                 True        False                  2            5.38446   0.37048    0.821271   0.821692 │
│ asha_train_4821b_01625   TERMINATED   False      False      True            True       True       False        True                 True        False                  1            2.75266   0.402865   0.817074   0.815415 │
│ asha_train_4821b_01626   TERMINATED   True       False      False           False      False      False        False                False       False                  1            2.05593   0.693094   0.760672   0.5      │
│ asha_train_4821b_01627   TERMINATED   False      True       True            False      True       True         False                True        False                  2            5.52321   0.375328   0.82383    0.821468 │
│ asha_train_4821b_01628   TERMINATED   False      False      True            False      True       False        False                False       True                   4            6.74392   0.373202   0.827823   0.821454 │
│ asha_train_4821b_01629   TERMINATED   False      False      False           False      True       False        False                True        False                  4            5.9429    0.375065   0.829665   0.819734 │
│ asha_train_4821b_01630   TERMINATED   True       True       False           False      True       False        True                 False       False                  2            6.69326   0.390432   0.832839   0.813905 │
│ asha_train_4821b_01631   TERMINATED   False      True       False           False      False      True         True                 True        True                   4            8.0713    0.372432   0.813799   0.825134 │
│ asha_train_4821b_01632   TERMINATED   True       True       False           True       False      True         False                False       False                  2            6.57338   0.440372   0.776333   0.814139 │
│ asha_train_4821b_01633   TERMINATED   True       False      True            True       False      True         True                 True        False                  4           13.6494    0.373394   0.794964   0.824626 │
│ asha_train_4821b_01634   TERMINATED   False      False      True            True       False      False        False                False       True                   4            7.11922   0.380167   0.811035   0.821559 │
│ asha_train_4821b_01635   TERMINATED   False      False      True            False      False      False        False                False       False                  2            2.8973    0.382617   0.806736   0.821371 │
│ asha_train_4821b_01636   TERMINATED   False      False      False           False      False      True         True                 True        True                   2            2.85281   0.379253   0.821476   0.8208   │
│ asha_train_4821b_01637   TERMINATED   False      True       False           False      True       False        True                 True        False                  1            3.10814   0.387326   0.778278   0.814098 │
│ asha_train_4821b_01638   TERMINATED   True       False      False           True       True       False        False                False       False                  1            3.3359    0.415278   0.82424    0.811771 │
│ asha_train_4821b_01639   TERMINATED   True       False      False           False      False      False        True                 True        True                   1            2.16641   0.693094   0.760672   0.5      │
│ asha_train_4821b_01640   TERMINATED   False      True       True            False      True       False        True                 False       False                  2            5.62387   0.426524   0.80735    0.820016 │
│ asha_train_4821b_01641   TERMINATED   True       True       False           False      False      True         False                True        False                  1            2.64065   0.400531   0.834272   0.812795 │
│ asha_train_4821b_01642   TERMINATED   False      False      True            True       False      False        True                 True        True                   4            9.14664   0.383174   0.806838   0.824516 │
│ asha_train_4821b_01643   TERMINATED   False      True       True            False      True       False        True                 True        True                   4           10.7313    0.376822   0.816358   0.822566 │
│ asha_train_4821b_01644   TERMINATED   True       False      True            False      True       False        False                True        True                   4           10.0134    0.383645   0.81083    0.826554 │
│ asha_train_4821b_01645   TERMINATED   False      True       False           False      False      True         False                True        False                  1            2.12791   0.501263   0.837547   0.812163 │
│ asha_train_4821b_01646   TERMINATED   False      False      True            True       False      False        False                True        True                   4            8.85803   0.377052   0.812775   0.826367 │
│ asha_train_4821b_01647   TERMINATED   False      False      False           True       False      True         True                 False       False                  1            2.12251   0.404077   0.818303   0.815783 │
│ asha_train_4821b_01648   TERMINATED   True       True       False           True       True       True         True                 False       False                  1            4.56012   0.568211   0.762002   0.759282 │
│ asha_train_4821b_01649   TERMINATED   True       False      True            False      False      False        True                 True        True                   4            7.79807   0.391793   0.814003   0.824096 │
│ asha_train_4821b_01650   TERMINATED   False      True       True            True       False      True         True                 False       True                   2            5.85347   0.425625   0.781247   0.821033 │
│ asha_train_4821b_01651   TERMINATED   True       False      False           False      False      True         False                True        False                  2            3.9027    0.385394   0.829768   0.818629 │
│ asha_train_4821b_01652   TERMINATED   False      True       True            False      False      True         False                True        True                   4            8.24797   0.377733   0.817484   0.825065 │
│ asha_train_4821b_01653   TERMINATED   False      True       False           True       True       True         False                False       False                  1            3.43719   0.5351     0.838059   0.789634 │
│ asha_train_4821b_01654   TERMINATED   False      True       False           False      False      True         True                 True        True                   1            2.53541   0.644364   0.827311   0.658569 │
│ asha_train_4821b_01655   TERMINATED   False      True       True            False      True       True         False                True        False                  4           10.4003    0.404015   0.801106   0.823826 │
│ asha_train_4821b_01656   TERMINATED   True       False      False           False      False      True         True                 True        True                   2            3.97362   0.406501   0.80561    0.820778 │
│ asha_train_4821b_01657   TERMINATED   False      False      False           False      True       False        False                True        True                   4            6.13566   0.36842    0.812673   0.827765 │
│ asha_train_4821b_01658   TERMINATED   False      True       True            False      False      True         False                True        False                  4            8.10705   0.379413   0.815641   0.824733 │
│ asha_train_4821b_01659   TERMINATED   True       True       True            True       True       False        True                 True        False                  1            5.06117   0.456879   0.809499   0.800616 │
│ asha_train_4821b_01660   TERMINATED   True       True       True            False      True       True         True                 False       False                  2            6.92713   0.515769   0.833555   0.813643 │
│ asha_train_4821b_01661   TERMINATED   True       True       False           True       False      False        True                 False       False                  1            3.48709   0.451483   0.828642   0.800153 │
│ asha_train_4821b_01662   TERMINATED   True       False      False           True       False      True         True                 False       False                  2            5.81791   0.387818   0.781144   0.818474 │
│ asha_train_4821b_01663   TERMINATED   False      False      True            True       True       True         False                False       False                  1            2.53455   0.446288   0.69956    0.786687 │
│ asha_train_4821b_01664   TERMINATED   False      True       True            True       True       True         False                True        True                   2            7.96632   0.444017   0.777971   0.820785 │
│ asha_train_4821b_01665   TERMINATED   False      False      True            False      False      False        True                 True        False                  4            5.42219   0.478131   0.798342   0.822889 │
│ asha_train_4821b_01666   TERMINATED   True       False      False           True       False      False        False                True        False                  2            5.81501   0.40619    0.831201   0.818105 │
│ asha_train_4821b_01667   TERMINATED   True       False      False           False      True       True         False                False       False                  4            9.41327   0.492477   0.84154    0.792362 │
│ asha_train_4821b_01668   TERMINATED   True       False      True            False      False      True         True                 True        False                  2            4.18602   0.44686    0.82209    0.819445 │
│ asha_train_4821b_01669   TERMINATED   True       True       True            True       True       True         True                 True        False                  2           10.382     0.419715   0.755246   0.813909 │
│ asha_train_4821b_01670   TERMINATED   True       False      True            True       False      True         True                 False       False                  2            5.88548   0.400172   0.791688   0.817343 │
│ asha_train_4821b_01671   TERMINATED   False      True       True            False      False      False        False                True        True                   4            7.70169   0.396595   0.816563   0.824606 │
│ asha_train_4821b_01672   TERMINATED   False      False      False           True       True       True         True                 True        False                  2            5.22664   0.411144   0.777766   0.819478 │
│ asha_train_4821b_01673   TERMINATED   True       True       False           True       False      True         False                False       True                   2            6.90378   0.386436   0.802436   0.817959 │
│ asha_train_4821b_01674   TERMINATED   True       False      True            True       True       True         True                 True        True                   1            4.43099   0.412869   0.778585   0.811955 │
│ asha_train_4821b_01675   TERMINATED   True       True       False           False      False      True         True                 True        True                   2            5.07444   0.394717   0.817177   0.815336 │
│ asha_train_4821b_01676   TERMINATED   False      False      False           True       True       True         True                 True        True                   1            2.72137   0.512097   0.78483    0.796712 │
│ asha_train_4821b_01677   TERMINATED   False      False      False           True       False      False        False                True        False                  4            7.92232   0.381665   0.80172    0.82379  │
│ asha_train_4821b_01678   TERMINATED   True       False      False           True       False      False        False                False       True                   4           10.1403    0.379686   0.800287   0.821822 │
│ asha_train_4821b_01679   TERMINATED   False      False      False           False      True       True         True                 False       True                   1            1.83883   0.667215   0.764971   0.508982 │
│ asha_train_4821b_01680   TERMINATED   True       True       False           True       False      True         False                False       True                   1            3.74984   0.426033   0.743167   0.807142 │
│ asha_train_4821b_01681   TERMINATED   False      True       False           False      True       True         True                 True        True                   1            3.29461   0.393801   0.842154   0.809328 │
│ asha_train_4821b_01682   TERMINATED   True       True       False           False      False      True         False                False       False                  1            2.53381   0.453404   0.842358   0.80873  │
│ asha_train_4821b_01683   TERMINATED   True       False      False           False      True       True         True                 True        True                   1            2.99899   0.57439    0.809397   0.607513 │
│ asha_train_4821b_01684   TERMINATED   True       True       True            True       False      False        False                True        True                   4           15.3539    0.378278   0.804791   0.823024 │
│ asha_train_4821b_01685   TERMINATED   True       False      False           True       False      True         True                 True        True                   4           12.0143    0.37961    0.804791   0.824636 │
│ asha_train_4821b_01686   TERMINATED   False      True       False           False      True       False        False                False       True                   4            9.4922    0.369842   0.822602   0.82242  │
│ asha_train_4821b_01687   TERMINATED   True       True       False           False      True       False        True                 False       True                   2            6.48974   0.386849   0.778585   0.818697 │
│ asha_train_4821b_01688   TERMINATED   False      False      False           True       False      False        True                 True        True                   2            5.11011   0.394928   0.807964   0.816316 │
│ asha_train_4821b_01689   TERMINATED   True       False      False           False      False      False        False                False       True                   4            6.75657   0.379145   0.812673   0.822489 │
│ asha_train_4821b_01690   TERMINATED   False      True       False           True       True       True         True                 False       False                  1            3.64445   0.418938   0.788208   0.80758  │
│ asha_train_4821b_01691   TERMINATED   False      True       False           False      True       True         False                False       True                   1            2.71206   0.611816   0.573344   0.716182 │
│ asha_train_4821b_01692   TERMINATED   False      False      True            False      False      True         True                 False       True                   2            3.42721   0.37384    0.819326   0.821    │
│ asha_train_4821b_01693   TERMINATED   False      False      True            False      True       False        True                 True        True                   4            6.82419   0.372916   0.818508   0.823832 │
│ asha_train_4821b_01694   TERMINATED   True       True       False           False      True       False        False                False       False                  2            6.35818   0.390249   0.843689   0.81107  │
│ asha_train_4821b_01695   TERMINATED   False      False      True            False      False      True         True                 True        True                   4            5.85455   0.381971   0.808681   0.825288 │
│ asha_train_4821b_01696   TERMINATED   False      False      True            False      False      False        True                 False       False                  2            3.59659   0.39489    0.818405   0.818342 │
│ asha_train_4821b_01697   TERMINATED   True       False      False           False      True       False        False                True        True                   4            9.34628   0.377285   0.796294   0.826674 │
│ asha_train_4821b_01698   TERMINATED   True       True       True            False      True       True         False                False       True                   1            3.67047   0.443814   0.856792   0.783186 │
│ asha_train_4821b_01699   TERMINATED   False      True       False           False      False      False        True                 True        False                  4            7.46525   0.387121   0.804484   0.824728 │
│ asha_train_4821b_01700   TERMINATED   True       True       False           False      True       True         True                 False       True                   1            3.66779   0.590773   0.854847   0.786745 │
│ asha_train_4821b_01701   TERMINATED   False      False      False           True       False      False        True                 False       True                   4            7.2984    0.398111   0.801003   0.824345 │
│ asha_train_4821b_01702   TERMINATED   True       True       False           False      True       True         True                 False       False                  1            3.86049   0.454425   0.849422   0.780247 │
│ asha_train_4821b_01703   TERMINATED   False      False      False           False      True       False        True                 False       True                   2            3.67587   0.380251   0.765892   0.817976 │
│ asha_train_4821b_01704   TERMINATED   False      True       True            True       False      False        True                 False       True                   4           10.886     0.409537   0.820043   0.817366 │
│ asha_train_4821b_01705   TERMINATED   False      True       False           False      True       True         True                 False       False                  1            2.77346   0.390861   0.843075   0.813158 │
│ asha_train_4821b_01706   TERMINATED   True       False      False           True       True       True         False                False       False                  1            3.30232   0.416514   0.793838   0.812014 │
│ asha_train_4821b_01707   TERMINATED   False      False      True            True       True       False        False                False       False                  2            4.19445   0.39775    0.825366   0.813976 │
│ asha_train_4821b_01708   TERMINATED   False      False      True            True       True       False        True                 False       False                  2            4.79945   0.385462   0.829768   0.818775 │
│ asha_train_4821b_01709   TERMINATED   True       False      True            False      True       True         False                False       True                   1            2.95463   0.456134   0.855256   0.7769   │
│ asha_train_4821b_01710   TERMINATED   False      False      False           True       True       True         True                 False       True                   1            2.32748   0.454509   0.752892   0.800343 │
│ asha_train_4821b_01711   TERMINATED   True       True       False           False      False      False        True                 False       True                   4            9.28123   0.379965   0.814003   0.82307  │
│ asha_train_4821b_01712   TERMINATED   False      True       False           True       True       True         False                False       True                   1            3.46547   0.538922   0.60303    0.728659 │
│ asha_train_4821b_01713   TERMINATED   True       True       True            True       True       True         False                True        True                   1            5.36814   0.445983   0.777766   0.814202 │
│ asha_train_4821b_01714   TERMINATED   False      True       False           False      False      False        True                 True        True                   4            8.4741    0.372537   0.818815   0.823888 │
│ asha_train_4821b_01715   TERMINATED   False      True       False           True       True       False        False                False       True                   2            6.68466   0.388044   0.817177   0.820613 │
│ asha_train_4821b_01716   TERMINATED   True       False      True            False      False      True         True                 True        True                   1            2.34886   0.567595   0.853209   0.778926 │
│ asha_train_4821b_01717   TERMINATED   True       True       False           True       False      True         False                False       True                   1            3.78571   0.43671    0.734876   0.802572 │
│ asha_train_4821b_01718   TERMINATED   True       False      True            False      False      False        True                 False       False                  2            4.31729   0.387535   0.829768   0.818482 │
│ asha_train_4821b_01719   TERMINATED   False      False      True            True       True       False        False                False       False                  2            4.35835   0.393133   0.831713   0.818002 │
│ asha_train_4821b_01720   TERMINATED   True       True       False           False      False      True         True                 False       True                   2            5.06958   0.378666   0.819429   0.821507 │
│ asha_train_4821b_01721   TERMINATED   False      True       True            True       True       True         True                 True        True                   1            4.64161   0.438162   0.762514   0.809453 │
│ asha_train_4821b_01722   TERMINATED   False      False      False           True       True       False        False                True        True                   2            4.94775   0.38279    0.815744   0.817325 │
│ asha_train_4821b_01723   TERMINATED   True       True       False           False      True       False        True                 False       True                   2            7.08129   0.396471   0.787696   0.821461 │
│ asha_train_4821b_01724   TERMINATED   False      True       False           True       False      True         False                False       True                   1            3.07051   0.63579    0.83161    0.69965  │
│ asha_train_4821b_01725   TERMINATED   False      False      True            False      True       True         False                True        False                  1            2.0127    0.664745   0.760672   0.5      │
│ asha_train_4821b_01726   TERMINATED   True       False      False           False      False      True         False                False       True                   1            2.32119   0.607909   0.839799   0.700343 │
│ asha_train_4821b_01727   TERMINATED   False      True       False           True       True       True         True                 False       True                   1            3.63618   0.539905   0.762514   0.79245  │
│ asha_train_4821b_01728   TERMINATED   True       False      True            False      False      False        True                 False       False                  1            2.50441   0.693096   0.760672   0.5      │
│ asha_train_4821b_01729   TERMINATED   False      True       False           False      True       False        False                False       True                   4            9.99888   0.372305   0.826901   0.822168 │
│ asha_train_4821b_01730   TERMINATED   False      False      False           True       True       False        True                 True        True                   1            3.16827   0.401016   0.808988   0.808927 │
│ asha_train_4821b_01731   TERMINATED   True       True       True            False      False      False        False                False       True                   1            2.79408   0.693095   0.760672   0.5      │
│ asha_train_4821b_01732   TERMINATED   True       False      False           True       True       True         True                 True        True                   1            4.17972   0.446851   0.817791   0.815007 │
│ asha_train_4821b_01733   TERMINATED   False      False      True            False      False      False        True                 True        False                  1            2.25989   0.405335   0.815232   0.809514 │
│ asha_train_4821b_01734   TERMINATED   True       True       False           False      False      True         True                 True        True                   2            5.42978   0.376315   0.818405   0.82098  │
│ asha_train_4821b_01735   TERMINATED   True       False      False           False      False      True         False                False       False                  1            2.02984   0.5846     0.843689   0.805354 │
│ asha_train_4821b_01736   TERMINATED   True       False      True            False      True       True         False                False       True                   1            2.79876   0.443843   0.856382   0.781891 │
│ asha_train_4821b_01737   TERMINATED   True       False      False           True       False      False        True                 False       True                   4           10.5145    0.375742   0.797011   0.824653 │
│ asha_train_4821b_01738   TERMINATED   False      True       False           True       False      False        False                False       True                   4           10.0639    0.380171   0.790767   0.822454 │
│ asha_train_4821b_01739   TERMINATED   False      False      True            False      True       False        False                True        False                  1            1.87778   0.383073   0.832327   0.814594 │
│ asha_train_4821b_01740   TERMINATED   False      True       False           True       False      True         False                True        False                  2            6.28585   0.382847   0.822295   0.818847 │
│ asha_train_4821b_01741   TERMINATED   False      False      True            False      False      False        False                True        False                  4            5.64816   0.51561    0.79609    0.824487 │
│ asha_train_4821b_01742   TERMINATED   False      True       False           False      False      False        False                False       False                  2            3.90684   0.388055   0.808578   0.820823 │
│ asha_train_4821b_01743   TERMINATED   True       True       True            False      True       False        True                 False       False                  1            3.52596   0.432117   0.779609   0.815413 │
│ asha_train_4821b_01744   TERMINATED   False      True       True            True       True       False        False                True        False                  2            7.90446   0.387846   0.831098   0.820529 │
│ asha_train_4821b_01745   TERMINATED   True       False      False           True       False      False        True                 False       False                  1            3.05867   0.563373   0.844303   0.729687 │
│ asha_train_4821b_01746   TERMINATED   True       False      True            False      True       False        True                 True        True                   4           11.662     0.374281   0.816153   0.823018 │
│ asha_train_4821b_01747   TERMINATED   False      True       True            False      True       True         False                False       True                   1            3.07746   0.446083   0.855052   0.778525 │
│ asha_train_4821b_01748   TERMINATED   False      False      False           False      False      False        False                False       True                   4            4.89972   0.384303   0.813696   0.822136 │
│ asha_train_4821b_01749   TERMINATED   False      False      False           True       True       False        False                True        True                   2            4.98405   0.38279    0.815744   0.817325 │
│ asha_train_4821b_01750   TERMINATED   False      False      True            True       True       True         True                 False       True                   2            4.89688   0.504815   0.750845   0.810576 │
│ asha_train_4821b_01751   TERMINATED   False      True       False           False      True       False        False                False       False                  4            9.81777   0.391306   0.839288   0.814333 │
│ asha_train_4821b_01752   TERMINATED   False      True       False           False      True       False        True                 True        False                  2            5.45734   0.384002   0.82639    0.820073 │
│ asha_train_4821b_01753   TERMINATED   False      False      True            False      True       False        True                 True        False                  2            3.50643   0.383779   0.835602   0.81792  │
│ asha_train_4821b_01754   TERMINATED   True       True       True            True       True       True         True                 True        True                   1            5.64239   0.439039   0.772546   0.80564  │
│ asha_train_4821b_01755   TERMINATED   False      False      True            True       False      False        False                True        True                   4            8.83171   0.37831    0.806019   0.821486 │
│ asha_train_4821b_01756   TERMINATED   True       False      False           False      True       False        False                False       True                   1            2.56284   0.410118   0.846351   0.804318 │
│ asha_train_4821b_01757   TERMINATED   False      True       True            True       True       False        True                 False       True                   2            7.23504   0.399647   0.800594   0.816894 │
│ asha_train_4821b_01758   TERMINATED   True       False      True            True       True       False        False                True        False                  1            3.87986   0.484704   0.769577   0.796507 │
│ asha_train_4821b_01759   TERMINATED   False      True       False           False      True       True         True                 True        False                  2            5.45112   0.373843   0.819838   0.821776 │
│ asha_train_4821b_01760   TERMINATED   False      False      True            False      False      False        False                False       True                   4            5.43965   0.381443   0.813799   0.819565 │
│ asha_train_4821b_01761   TERMINATED   False      True       True            False      False      True         False                True        True                   4            8.14459   0.381866   0.810421   0.824966 │
│ asha_train_4821b_01762   TERMINATED   True       False      False           False      True       False        True                 False       True                   1            2.69213   0.404145   0.842154   0.812406 │
│ asha_train_4821b_01763   TERMINATED   False      False      False           True       True       True         False                False       True                   2            4.49587   0.451534   0.773672   0.819279 │
│ asha_train_4821b_01764   TERMINATED   True       False      True            False      False      True         False                True        True                   4            7.95813   0.376362   0.812673   0.824541 │
│ asha_train_4821b_01765   TERMINATED   False      False      True            False      False      True         False                False       False                  4            5.5952    0.392292   0.818405   0.823472 │
│ asha_train_4821b_01766   TERMINATED   True       False      False           False      True       False        False                True        True                   4            9.38202   0.368654   0.812366   0.828003 │
│ asha_train_4821b_01767   TERMINATED   False      False      True            True       True       True         False                True        False                  1            2.92673   0.443853   0.721056   0.795833 │
│ asha_train_4821b_01768   TERMINATED   True       True       True            False      False      False        False                False       False                  2            4.74759   0.382866   0.829358   0.820998 │
│ asha_train_4821b_01769   TERMINATED   True       False      True            False      True       False        False                False       False                  2            4.95683   0.386388   0.839083   0.813026 │
│ asha_train_4821b_01770   TERMINATED   False      True       False           False      False      False        True                 False       False                  2            4.26827   0.387014   0.792916   0.820935 │
│ asha_train_4821b_01771   TERMINATED   True       True       False           False      False      True         False                False       True                   4            9.23528   0.376733   0.824649   0.821127 │
│ asha_train_4821b_01772   TERMINATED   True       False      True            True       True       False        True                 False       True                   1            3.49633   0.405323   0.821783   0.815286 │
│ asha_train_4821b_01773   TERMINATED   True       True       False           True       True       True         False                False       True                   1            4.34297   0.470101   0.756884   0.796518 │
│ asha_train_4821b_01774   TERMINATED   False      False      True            True       False      False        False                True        False                  4            8.67947   0.385501   0.806121   0.821847 │
│ asha_train_4821b_01775   TERMINATED   True       True       True            False      True       False        True                 False       False                  1            3.78639   0.39859    0.847989   0.811258 │
│ asha_train_4821b_01776   TERMINATED   True       False      False           True       True       False        False                True        True                   1            3.81306   0.452878   0.833453   0.795108 │
│ asha_train_4821b_01777   TERMINATED   True       True       False           False      False      False        False                True        False                  4            8.72611   0.390083   0.813492   0.823907 │
│ asha_train_4821b_01778   TERMINATED   True       False      False           True       False      False        False                True        False                  4           11.2437    0.38438    0.816256   0.824258 │
│ asha_train_4821b_01779   TERMINATED   True       True       True            False      True       False        False                True        False                  2            6.49727   0.399571   0.830587   0.816235 │
│ asha_train_4821b_01780   TERMINATED   False      True       False           True       True       False        True                 False       False                  1            3.93001   0.401572   0.81687    0.811323 │
│ asha_train_4821b_01781   TERMINATED   False      True       False           False      False      True         False                False       False                  1            2.21709   0.600697   0.837445   0.813268 │
│ asha_train_4821b_01782   TERMINATED   True       True       False           False      True       True         True                 True        False                  1            3.64355   0.414451   0.850241   0.797202 │
│ asha_train_4821b_01783   TERMINATED   True       True       True            True       False      False        False                False       False                  1            3.68783   0.509453   0.809602   0.79057  │
│ asha_train_4821b_01784   TERMINATED   False      True       False           True       True       True         False                True        True                   1            4.01077   0.565403   0.580203   0.711456 │
│ asha_train_4821b_01785   TERMINATED   True       False      True            True       True       False        True                 False       False                  1            3.94499   0.458908   0.83202    0.789182 │
│ asha_train_4821b_01786   TERMINATED   False      True       False           False      False      True         True                 True        True                   1            2.4409    0.642123   0.850445   0.762012 │
│ asha_train_4821b_01787   TERMINATED   False      True       True            True       True       False        True                 True        False                  4           15.8158    0.388572   0.810114   0.82535  │
│ asha_train_4821b_01788   TERMINATED   False      True       True            False      False      False        True                 False       True                   2            4.21401   0.386041   0.821578   0.821161 │
│ asha_train_4821b_01789   TERMINATED   True       True       True            True       False      False        True                 False       False                  1            3.72056   0.434666   0.809397   0.81418  │
│ asha_train_4821b_01790   TERMINATED   False      False      False           False      False      True         False                False       False                  4            5.27589   0.397106   0.821476   0.8208   │
│ asha_train_4821b_01791   TERMINATED   False      True       False           False      False      False        False                False       True                   4            7.36734   0.382796   0.808169   0.819675 │
│ asha_train_4821b_01792   TERMINATED   False      False      True            True       True       True         False                True        True                   1            2.84349   0.582244   0.613676   0.727303 │
│ asha_train_4821b_01793   TERMINATED   False      True       True            False      True       False        False                True        True                   4           10.6053    0.37388    0.82076    0.822381 │
│ asha_train_4821b_01794   TERMINATED   True       False      True            False      True       False        False                True        False                  1            2.74493   0.385642   0.836831   0.813451 │
│ asha_train_4821b_01795   TERMINATED   True       True       True            True       True       False        True                 False       True                   1            4.85511   0.479676   0.795373   0.801004 │
│ asha_train_4821b_01796   TERMINATED   False      True       True            True       False      False        True                 True        True                   1            4.1733    0.406597   0.807657   0.814795 │
│ asha_train_4821b_01797   TERMINATED   False      True       False           False      False      True         False                True        False                  4            7.46237   0.378043   0.818405   0.824791 │
│ asha_train_4821b_01798   TERMINATED   False      True       True            True       True       False        False                True        False                  2            7.6732    0.392288   0.83202    0.819816 │
│ asha_train_4821b_01799   TERMINATED   False      True       False           False      False      False        False                False       True                   2            3.69763   0.378262   0.806531   0.820357 │
│ asha_train_4821b_01800   TERMINATED   True       False      False           True       False      True         False                True        False                  2            6.03699   0.378533   0.815539   0.821441 │
│ asha_train_4821b_01801   TERMINATED   False      True       False           False      True       True         False                True        True                   2            5.33141   0.49534    0.741529   0.810463 │
│ asha_train_4821b_01802   TERMINATED   False      False      False           True       False      True         True                 True        False                  1            2.77551   0.408604   0.75586    0.811821 │
│ asha_train_4821b_01803   TERMINATED   True       True       False           False      False      True         True                 False       False                  1            2.95041   0.464771   0.840311   0.79346  │
│ asha_train_4821b_01804   TERMINATED   True       True       True            True       False      False        False                True        False                  2            7.66696   0.388227   0.799672   0.820539 │
│ asha_train_4821b_01805   TERMINATED   False      True       False           True       True       False        True                 False       True                   2            6.92188   0.385737   0.810114   0.821833 │
│ asha_train_4821b_01806   TERMINATED   True       True       False           False      True       True         True                 True        True                   1            3.6412    0.641151   0.830791   0.661443 │
│ asha_train_4821b_01807   TERMINATED   True       False      True            False      False      True         True                 True        True                   2            4.65185   0.388542   0.811854   0.821071 │
│ asha_train_4821b_01808   TERMINATED   True       True       False           False      True       True         False                False       True                   1            3.32587   0.413193   0.850855   0.798778 │
│ asha_train_4821b_01809   TERMINATED   False      False      True            True       True       True         False                False       False                  2            4.47772   0.452721   0.764664   0.815556 │
│ asha_train_4821b_01810   TERMINATED   True       True       True            True       False      True         True                 False       False                  1            4.29112   0.605222   0.785546   0.55402  │
│ asha_train_4821b_01811   TERMINATED   True       True       True            True       True       False        False                True        True                   1            5.36085   0.406959   0.788515   0.811007 │
│ asha_train_4821b_01812   TERMINATED   False      True       False           False      True       True         True                 False       True                   1            2.85076   0.632881   0.804688   0.59577  │
│ asha_train_4821b_01813   TERMINATED   True       False      True            True       False      True         True                 True        True                   1            3.58256   0.634033   0.483366   0.654253 │
│ asha_train_4821b_01814   TERMINATED   False      True       True            True       True       True         True                 False       False                  2            7.31945   0.39375    0.83724    0.813574 │
│ asha_train_4821b_01815   TERMINATED   False      True       False           True       False      False        False                True        False                  4           11.4063    0.382476   0.806838   0.823344 │
│ asha_train_4821b_01816   TERMINATED   False      False      False           True       True       False        False                False       True                   2            4.10181   0.387418   0.810216   0.817796 │
│ asha_train_4821b_01817   TERMINATED   True       False      False           False      False      False        False                False       True                   4            6.93714   0.377635   0.814208   0.824084 │
│ asha_train_4821b_01818   TERMINATED   False      False      False           False      False      False        False                True        True                   4            5.00381   0.377109   0.81124    0.823159 │
│ asha_train_4821b_01819   TERMINATED   False      True       False           False      True       False        True                 True        False                  1            3.09144   0.411513   0.748695   0.807844 │
│ asha_train_4821b_01820   TERMINATED   True       True       False           True       False      False        True                 True        False                  1            4.01418   0.446256   0.745419   0.798949 │
│ asha_train_4821b_01821   TERMINATED   False      False      True            False      False      True         True                 False       True                   2            3.08763   0.380814   0.824956   0.820156 │
│ asha_train_4821b_01822   TERMINATED   False      False      False           True       True       True         False                True        True                   2            5.22025   0.406144   0.799058   0.821162 │
│ asha_train_4821b_01823   TERMINATED   True       False      True            True       False      False        False                False       True                   4           10.3804    0.385183   0.821067   0.818772 │
│ asha_train_4821b_01824   TERMINATED   False      True       True            True       True       True         True                 True        True                   1            4.4233    0.394478   0.778381   0.813286 │
│ asha_train_4821b_01825   TERMINATED   True       True       True            False      False      True         True                 True        True                   2            6.09353   0.390077   0.807657   0.820071 │
│ asha_train_4821b_01826   TERMINATED   True       True       True            True       True       True         False                True        True                   1            5.37137   0.468366   0.777562   0.791641 │
│ asha_train_4821b_01827   TERMINATED   True       False      True            True       False      False        True                 True        True                   4           12.7803    0.391841   0.79742    0.823456 │
│ asha_train_4821b_01828   TERMINATED   True       True       False           True       True       True         False                False       False                  1            4.53747   0.473728   0.814106   0.790452 │
│ asha_train_4821b_01829   TERMINATED   False      False      False           True       True       False        True                 False       False                  1            2.61018   0.400091   0.830689   0.812638 │
│ asha_train_4821b_01830   TERMINATED   False      True       False           True       False      False        False                False       False                  1            2.94182   0.501405   0.820145   0.810105 │
│ asha_train_4821b_01831   TERMINATED   False      True       True            True       True       False        True                 False       False                  1            3.81626   0.410176   0.810421   0.814853 │
│ asha_train_4821b_01832   TERMINATED   True       False      True            True       True       True         False                True        False                  4           14.9788    0.423232   0.771932   0.819454 │
│ asha_train_4821b_01833   TERMINATED   False      True       True            False      False      True         False                True        False                  4            8.01075   0.379448   0.814618   0.824354 │
│ asha_train_4821b_01834   TERMINATED   True       True       True            True       False      False        False                False       True                   4           13.652     0.379641   0.798342   0.824502 │
│ asha_train_4821b_01835   TERMINATED   False      False      False           False      False      False        True                 False       False                  2            2.86297   0.385091   0.812263   0.819435 │
│ asha_train_4821b_01836   TERMINATED   True       True       True            False      False      True         False                True        True                   4            9.41964   0.382165   0.808476   0.822222 │
│ asha_train_4821b_01837   TERMINATED   False      True       True            False      True       True         False                True        True                   1            2.87618   0.447285   0.855666   0.778342 │
│ asha_train_4821b_01838   TERMINATED   False      False      False           False      True       False        True                 False       True                   4            6.95745   0.37122    0.826083   0.820017 │
│ asha_train_4821b_01839   TERMINATED   False      False      True            True       False      False        False                False       True                   4            6.94086   0.380167   0.811035   0.821559 │
│ asha_train_4821b_01840   TERMINATED   False      True       True            True       True       False        True                 False       True                   2            7.41399   0.408412   0.811649   0.821523 │
│ asha_train_4821b_01841   TERMINATED   False      True       True            False      True       True         False                False       False                  1            2.89519   0.669139   0.760672   0.5      │
│ asha_train_4821b_01842   TERMINATED   False      False      False           False      False      True         True                 False       False                  4            5.84804   0.378063   0.814003   0.826588 │
│ asha_train_4821b_01843   TERMINATED   False      False      True            False      False      False        True                 True        True                   2            3.65245   0.391236   0.804791   0.821412 │
│ asha_train_4821b_01844   TERMINATED   False      False      True            False      True       False        True                 False       False                  2            3.73342   0.385254   0.839083   0.815224 │
│ asha_train_4821b_01845   TERMINATED   True       False      True            True       True       True         True                 True        False                  1            4.24656   0.424922   0.794042   0.809803 │
│ asha_train_4821b_01846   TERMINATED   False      True       True            True       False      True         True                 False       True                   1            3.9606    0.419828   0.785648   0.810149 │
│ asha_train_4821b_01847   TERMINATED   False      False      True            True       True       False        False                False       True                   4            8.17645   0.383409   0.816358   0.822419 │
│ asha_train_4821b_01848   TERMINATED   False      False      True            True       True       False        True                 True        True                   4           10.6402    0.395508   0.813492   0.823907 │
│ asha_train_4821b_01849   TERMINATED   False      False      True            False      False      True         False                True        False                  4            5.6614    0.399073   0.797318   0.823829 │
│ asha_train_4821b_01850   TERMINATED   False      True       False           True       False      False        True                 True        False                  4           11.8744    0.383794   0.81083    0.824063 │
│ asha_train_4821b_01851   TERMINATED   False      True       False           False      True       True         False                True        False                  1            2.82857   0.442835   0.717576   0.799115 │
│ asha_train_4821b_01852   TERMINATED   True       True       False           True       False      True         False                False       True                   1            3.76287   0.536141   0.841437   0.779689 │
│ asha_train_4821b_01853   TERMINATED   False      False      True            False      False      False        False                True        False                  4            5.69114   0.465148   0.806121   0.823313 │
│ asha_train_4821b_01854   TERMINATED   False      False      True            True       True       False        False                False       True                   4            8.13696   0.382005   0.818508   0.822953 │
│ asha_train_4821b_01855   TERMINATED   False      True       False           False      False      True         False                True        False                  4            7.48505   0.38704    0.81646    0.823659 │
│ asha_train_4821b_01856   TERMINATED   True       False      False           False      False      True         False                True        False                  1            2.12493   0.50618    0.839595   0.808232 │
│ asha_train_4821b_01857   TERMINATED   True       False      False           True       True       False        True                 True        True                   1            4.107     0.456706   0.796806   0.8018   │
│ asha_train_4821b_01858   TERMINATED   False      False      True            True       False      True         True                 False       True                   2            4.03258   0.439993   0.762616   0.814064 │
│ asha_train_4821b_01859   TERMINATED   True       False      True            False      False      False        False                False       True                   4            7.46993   0.377363   0.814311   0.824738 │
│ asha_train_4821b_01860   TERMINATED   True       True       True            True       False      False        True                 False       False                  2            7.13336   0.444205   0.81124    0.812606 │
│ asha_train_4821b_01861   TERMINATED   False      True       False           False      False      True         False                True        True                   2            3.92832   0.379855   0.818303   0.81974  │
│ asha_train_4821b_01862   TERMINATED   False      False      False           True       False      False        True                 False       True                   4            6.99208   0.384307   0.798546   0.820972 │
│ asha_train_4821b_01863   TERMINATED   True       False      False           True       False      True         False                False       True                   1            2.84872   0.630162   0.708261   0.742864 │
│ asha_train_4821b_01864   TERMINATED   False      False      True            True       True       False        False                True        True                   4           10.5258    0.378531   0.80909    0.825264 │
│ asha_train_4821b_01865   TERMINATED   True       False      True            True       True       False        True                 False       False                  1            3.58353   0.425938   0.797523   0.811211 │
│ asha_train_4821b_01866   TERMINATED   False      False      False           False      False      True         False                False       False                  1            1.56999   0.563889   0.84891    0.787533 │
│ asha_train_4821b_01867   TERMINATED   True       False      True            True       False      False        True                 True        True                   4           12.2666    0.379885   0.815948   0.823616 │
│ asha_train_4821b_01868   TERMINATED   False      False      True            True       False      False        True                 True        False                  4            9.18045   0.387901   0.797113   0.82472  │
│ asha_train_4821b_01869   TERMINATED   False      False      False           False      True       True         False                True        True                   1            1.8317    0.60483    0.623503   0.746807 │
│ asha_train_4821b_01870   TERMINATED   True       True       True            True       False      False        True                 False       False                  1            3.91484   0.572996   0.648378   0.750992 │
│ asha_train_4821b_01871   TERMINATED   True       False      True            False      False      False        False                False       False                  1            2.61912   0.387464   0.838264   0.812488 │
│ asha_train_4821b_01872   TERMINATED   True       True       True            True       False      True         True                 False       False                  2            7.5149    0.393288   0.785137   0.819779 │
│ asha_train_4821b_01873   TERMINATED   True       True       True            False      False      False        True                 True        True                   2            5.33931   0.37593    0.821783   0.821295 │
│ asha_train_4821b_01874   TERMINATED   True       False      True            False      True       False        False                True        True                   2            5.06182   0.408841   0.809602   0.820324 │
│ asha_train_4821b_01875   TERMINATED   False      True       True            True       True       False        True                 True        False                  1            4.07058   0.454463   0.793838   0.79164  │
│ asha_train_4821b_01876   TERMINATED   False      True       True            False      False      True         False                True        False                  1            2.36841   0.403359   0.837957   0.810234 │
│ asha_train_4821b_01877   TERMINATED   True       False      False           False      True       False        False                False       True                   1            2.77852   0.405161   0.840823   0.808893 │
│ asha_train_4821b_01878   TERMINATED   False      True       True            True       False      True         False                False       True                   1            3.04612   0.593362   0.78094    0.544103 │
│ asha_train_4821b_01879   TERMINATED   False      False      False           True       True       False        False                True        True                   2            4.9968    0.38279    0.815744   0.817325 │
│ asha_train_4821b_01880   TERMINATED   True       True       True            False      True       True         True                 False       True                   1            3.8817    0.534363   0.845634   0.705204 │
│ asha_train_4821b_01881   TERMINATED   True       True       True            True       True       False        False                False       True                   2            8.80483   0.381984   0.808885   0.821612 │
│ asha_train_4821b_01882   TERMINATED   False      True       False           False      False      False        True                 True        False                  2            4.05451   0.390348   0.827311   0.819212 │
│ asha_train_4821b_01883   TERMINATED   False      True       False           False      True       True         False                True        True                   1            2.95858   0.441041   0.856485   0.786062 │
│ asha_train_4821b_01884   TERMINATED   True       True       True            True       True       True         True                 False       True                   1            5.32936   0.463822   0.77879    0.809305 │
│ asha_train_4821b_01885   TERMINATED   True       True       True            False      False      False        True                 True        False                  1            2.80954   0.396849   0.836831   0.812572 │
│ asha_train_4821b_01886   TERMINATED   False      False      False           True       True       False        False                False       False                  1            2.25169   0.399771   0.833555   0.814376 │
│ asha_train_4821b_01887   TERMINATED   False      False      False           False      True       True         True                 False       False                  1            2.3586    0.385094   0.841949   0.815056 │
│ asha_train_4821b_01888   TERMINATED   False      False      False           False      True       True         True                 True        False                  4            6.59315   0.37138    0.823114   0.824369 │
│ asha_train_4821b_01889   TERMINATED   True       True       True            True       False      True         False                False       True                   1            3.708     0.529322   0.829256   0.777399 │
│ asha_train_4821b_01890   TERMINATED   True       False      False           False      False      False        False                False       True                   1            1.97979   0.693096   0.760672   0.5      │
│ asha_train_4821b_01891   TERMINATED   False      True       True            True       True       False        True                 False       True                   2            7.31373   0.390687   0.812673   0.819557 │
│ asha_train_4821b_01892   TERMINATED   True       True       False           False      False      True         True                 False       False                  2            4.92574   0.38814    0.829358   0.81748  │
│ asha_train_4821b_01893   TERMINATED   True       True       True            True       True       False        True                 False       True                   2            9.4095    0.400691   0.781759   0.812429 │
│ asha_train_4821b_01894   TERMINATED   True       False      False           True       False      False        False                True        True                   1            3.30899   0.408801   0.809397   0.814766 │
│ asha_train_4821b_01895   TERMINATED   True       False      True            False      False      False        False                False       False                  4            7.3548    0.374665   0.811751   0.825987 │
│ asha_train_4821b_01896   TERMINATED   True       True       True            True       False      False        True                 False       False                  2            7.08052   0.385268   0.801003   0.821267 │
│ asha_train_4821b_01897   TERMINATED   True       True       True            False      True       True         False                True        False                  2            6.84339   0.458422   0.827413   0.820013 │
│ asha_train_4821b_01898   TERMINATED   True       True       True            True       False      True         False                True        False                  1            4.41882   0.437764   0.853414   0.791226 │
│ asha_train_4821b_01899   TERMINATED   True       False      False           True       False      False        True                 False       False                  1            2.96609   0.464076   0.83765    0.788632 │
│ asha_train_4821b_01900   TERMINATED   True       True       False           False      True       True         False                False       False                  1            3.43893   0.414746   0.848603   0.793633 │
│ asha_train_4821b_01901   TERMINATED   True       True       False           False      True       True         True                 False       False                  1            3.77122   0.429397   0.853107   0.793223 │
│ asha_train_4821b_01902   TERMINATED   False      True       True            False      False      False        False                False       False                  2            4.18793   0.38599    0.804381   0.821582 │
│ asha_train_4821b_01903   TERMINATED   True       True       True            False      False      True         True                 False       True                   2            5.68764   0.440374   0.827004   0.817105 │
│ asha_train_4821b_01904   TERMINATED   True       False      True            True       True       False        False                False       True                   1            3.49364   0.399601   0.799672   0.814823 │
│ asha_train_4821b_01905   TERMINATED   False      False      False           False      False      False        False                False       True                   4            5.11373   0.384303   0.813696   0.822136 │
│ asha_train_4821b_01906   TERMINATED   True       False      False           False      False      False        True                 False       False                  1            2.54726   0.693096   0.760672   0.5      │
│ asha_train_4821b_01907   TERMINATED   False      True       True            True       False      True         False                False       False                  1            3.07142   0.445837   0.850343   0.793458 │
│ asha_train_4821b_01908   TERMINATED   True       False      True            False      False      True         False                True        True                   4            8.04269   0.377845   0.816665   0.821449 │
│ asha_train_4821b_01909   TERMINATED   False      False      False           True       True       False        True                 True        True                   1            2.87078   0.397987   0.813696   0.814661 │
│ asha_train_4821b_01910   TERMINATED   False      False      False           True       False      True         True                 False       False                  2            3.68509   0.44589    0.805507   0.82071  │
│ asha_train_4821b_01911   TERMINATED   False      False      False           True       False      True         False                True        False                  2            4.40185   0.380393   0.815129   0.82     │
│ asha_train_4821b_01912   TERMINATED   False      False      True            False      True       False        True                 True        True                   4            8.11139   0.37517    0.80694    0.823997 │
│ asha_train_4821b_01913   TERMINATED   True       False      False           True       True       True         False                False       False                  1            3.40623   0.516471   0.78053    0.747129 │
│ asha_train_4821b_01914   TERMINATED   True       False      True            False      False      False        False                True        False                  1            2.22106   0.693096   0.760672   0.5      │
│ asha_train_4821b_01915   TERMINATED   False      False      False           False      False      False        True                 False       False                  4            5.23625   0.38947    0.809397   0.825759 │
│ asha_train_4821b_01916   TERMINATED   True       False      False           False      True       True         True                 False       False                  1            2.92537   0.535048   0.856485   0.77976  │
│ asha_train_4821b_01917   TERMINATED   False      False      True            True       True       True         False                True        False                  2            5.6617    0.427792   0.770294   0.81999  │
│ asha_train_4821b_01918   TERMINATED   True       False      True            True       False      False        False                False       False                  4           10.0152    0.383728   0.791688   0.823499 │
│ asha_train_4821b_01919   TERMINATED   False      True       True            True       False      True         False                True        True                   1            3.40182   0.627558   0.802334   0.599352 │
│ asha_train_4821b_01920   TERMINATED   True       True       False           False      True       True         False                False       False                  2            6.56736   0.415772   0.839185   0.813826 │
│ asha_train_4821b_01921   TERMINATED   False      True       True            True       False      False        True                 True        True                   4           13.5185    0.376018   0.803562   0.825881 │
│ asha_train_4821b_01922   TERMINATED   False      False      False           False      True       False        True                 False       True                   4            6.30847   0.375411   0.82424    0.82335  │
│ asha_train_4821b_01923   TERMINATED   False      False      False           True       True       False        False                True        False                  1            2.56649   0.401095   0.837854   0.811632 │
│ asha_train_4821b_01924   TERMINATED   False      False      True            True       True       True         True                 False       False                  1            2.57841   0.522837   0.603644   0.728184 │
│ asha_train_4821b_01925   TERMINATED   False      True       True            False      False      True         True                 False       False                  2            4.89213   0.384955   0.819122   0.819253 │
│ asha_train_4821b_01926   TERMINATED   False      False      True            False      True       True         False                True        False                  1            1.89512   0.607048   0.787593   0.556684 │
│ asha_train_4821b_01927   TERMINATED   False      False      True            False      True       True         True                 True        True                   1            2.31303   0.402495   0.844201   0.802173 │
│ asha_train_4821b_01928   TERMINATED   True       True       False           False      True       False        False                False       False                  2            6.52614   0.397583   0.847886   0.807233 │
│ asha_train_4821b_01929   TERMINATED   True       False      True            True       True       False        False                False       False                  2            6.51073   0.398138   0.808373   0.815705 │
│ asha_train_4821b_01930   TERMINATED   False      True       False           False      True       False        False                True        True                   4            9.87553   0.37768    0.806531   0.825341 │
│ asha_train_4821b_01931   TERMINATED   False      False      False           True       False      True         False                False       True                   1            2.13774   0.420165   0.750845   0.80999  │
│ asha_train_4821b_01932   TERMINATED   False      True       True            False      True       True         False                True        True                   1            2.96347   0.611256   0.628724   0.750092 │
│ asha_train_4821b_01933   TERMINATED   True       False      True            True       True       False        False                True        True                   1            4.18124   0.418622   0.808988   0.813031 │
│ asha_train_4821b_01934   TERMINATED   False      False      False           False      False      False        False                True        False                  4            4.99205   0.391379   0.806428   0.823661 │
│ asha_train_4821b_01935   TERMINATED   True       True       False           False      False      True         False                True        True                   4            9.00231   0.399185   0.814003   0.824829 │
│ asha_train_4821b_01936   TERMINATED   True       True       False           False      False      True         True                 True        False                  2            4.92796   0.38136    0.817177   0.820026 │
│ asha_train_4821b_01937   TERMINATED   False      True       False           False      True       True         True                 False       True                   1            3.07584   0.442209   0.855666   0.784498 │
│ asha_train_4821b_01938   TERMINATED   True       False      True            False      False      False        True                 False       True                   4            8.59335   0.381112   0.808373   0.826405 │
│ asha_train_4821b_01939   TERMINATED   False      False      True            False      True       True         False                False       False                  1            1.91548   0.408212   0.750845   0.813654 │
│ asha_train_4821b_01940   TERMINATED   False      True       False           False      False      True         True                 True        False                  1            2.24941   0.670588   0.84328    0.720366 │
│ asha_train_4821b_01941   TERMINATED   False      False      False           False      True       True         True                 False       True                   1            2.00157   0.443354   0.854949   0.779337 │
│ asha_train_4821b_01942   TERMINATED   True       False      True            False      False      False        True                 False       False                  2            4.06268   0.388669   0.805405   0.820643 │
│ asha_train_4821b_01943   TERMINATED   True       False      True            True       True       True         True                 False       False                  1            3.40466   0.457173   0.751971   0.808971 │
│ asha_train_4821b_01944   TERMINATED   True       True       True            False      False      False        True                 False       True                   4            9.63518   0.372628   0.811444   0.824906 │
│ asha_train_4821b_01945   TERMINATED   True       True       False           True       False      False        True                 True        False                  1            4.26814   0.412932   0.831405   0.804755 │
│ asha_train_4821b_01946   TERMINATED   False      False      False           False      False      True         False                False       False                  4            5.18599   0.397106   0.821476   0.8208   │
│ asha_train_4821b_01947   TERMINATED   True       False      True            True       True       True         True                 True        False                  2            8.26552   0.395443   0.839288   0.820196 │
│ asha_train_4821b_01948   TERMINATED   True       False      False           False      False      False        True                 True        False                  2            3.80391   0.387744   0.813696   0.82067  │
│ asha_train_4821b_01949   TERMINATED   True       True       True            True       False      True         False                False       False                  1            3.87784   0.5247     0.844508   0.740814 │
│ asha_train_4821b_01950   TERMINATED   True       False      False           False      True       True         False                True        False                  1            2.7257    0.411128   0.847989   0.802024 │
│ asha_train_4821b_01951   TERMINATED   False      True       False           False      False      True         False                False       False                  4            7.18645   0.395692   0.820555   0.818289 │
│ asha_train_4821b_01952   TERMINATED   True       True       False           True       True       True         False                False       False                  1            4.30435   0.427417   0.799161   0.809796 │
│ asha_train_4821b_01953   TERMINATED   True       False      False           True       True       False        True                 True        True                   1            3.8065    0.412053   0.812877   0.815735 │
│ asha_train_4821b_01954   TERMINATED   True       True       False           True       False      False        False                False       False                  2            6.73961   0.385297   0.775105   0.821247 │
│ asha_train_4821b_01955   TERMINATED   True       True       False           False      False      True         True                 True        False                  1            2.80695   0.390275   0.835602   0.816161 │
│ asha_train_4821b_01956   TERMINATED   True       False      False           False      True       False        True                 False       True                   1            2.81963   0.417956   0.849012   0.809586 │
│ asha_train_4821b_01957   TERMINATED   True       True       True            False      False      False        True                 True        True                   1            3.00373   0.693095   0.760672   0.5      │
│ asha_train_4821b_01958   TERMINATED   True       True       True            False      True       False        False                True        True                   4           12.8145    0.382079   0.819224   0.822398 │
│ asha_train_4821b_01959   TERMINATED   False      False      True            False      True       False        True                 True        True                   1            2.45492   0.41647    0.788515   0.806023 │
│ asha_train_4821b_01960   TERMINATED   True       False      True            True       True       True         False                False       True                   2            6.71578   0.48161    0.762924   0.817344 │
│ asha_train_4821b_01961   TERMINATED   False      False      False           False      False      False        True                 True        True                   2            2.99755   0.37883    0.812059   0.821206 │
│ asha_train_4821b_01962   TERMINATED   True       True       False           False      False      False        True                 True        True                   1            2.6626    0.693095   0.760672   0.5      │
│ asha_train_4821b_01963   TERMINATED   False      False      False           False      True       True         True                 True        True                   1            1.77219   0.672122   0.760672   0.5      │
│ asha_train_4821b_01964   TERMINATED   False      False      False           True       True       False        False                False       False                  1            2.36188   0.399771   0.833555   0.814376 │
│ asha_train_4821b_01965   TERMINATED   True       False      False           True       True       False        True                 False       False                  1            3.36157   0.417877   0.799877   0.813345 │
│ asha_train_4821b_01966   TERMINATED   True       False      False           False      False      False        True                 False       False                  1            2.41876   0.398645   0.809807   0.811078 │
│ asha_train_4821b_01967   TERMINATED   True       True       False           True       False      True         False                True        False                  2            7.4711    0.389752   0.843792   0.814069 │
│ asha_train_4821b_01968   TERMINATED   True       True       True            True       True       True         False                False       False                  1            4.86513   0.46626    0.754939   0.812095 │
│ asha_train_4821b_01969   TERMINATED   False      False      True            False      False      True         True                 False       False                  2            3.326     0.385851   0.825264   0.819479 │
│ asha_train_4821b_01970   TERMINATED   False      False      True            True       False      True         False                False       False                  4            7.52293   0.383645   0.8182     0.816742 │
│ asha_train_4821b_01971   TERMINATED   False      True       True            False      False      False        False                True        True                   2            4.11347   0.378907   0.816767   0.82093  │
│ asha_train_4821b_01972   TERMINATED   False      False      False           False      False      False        True                 True        True                   4            5.52172   0.381934   0.817279   0.825663 │
│ asha_train_4821b_01973   TERMINATED   True       False      False           True       False      True         True                 False       False                  2            5.69688   0.396365   0.812877   0.81764  │
│ asha_train_4821b_01974   TERMINATED   True       False      False           True       True       True         True                 False       True                   1            3.65851   0.429446   0.808988   0.810686 │
│ asha_train_4821b_01975   TERMINATED   False      True       False           False      False      False        True                 True        True                   4            7.70229   0.380721   0.812366   0.822727 │
│ asha_train_4821b_01976   TERMINATED   False      True       False           False      True       True         False                True        False                  1            2.78688   0.672111   0.760672   0.5      │
│ asha_train_4821b_01977   TERMINATED   True       True       False           True       True       True         False                True        False                  1            5.05835   0.432627   0.758317   0.7979   │
│ asha_train_4821b_01978   TERMINATED   False      True       False           False      True       False        True                 True        True                   4           10.7575    0.390328   0.789743   0.825299 │
│ asha_train_4821b_01979   TERMINATED   False      True       False           True       True       True         False                False       True                   1            3.372     0.516375   0.726072   0.757357 │
│ asha_train_4821b_01980   TERMINATED   False      False      False           False      True       True         False                False       True                   1            1.81626   0.536741   0.855871   0.773493 │
│ asha_train_4821b_01981   TERMINATED   False      True       True            False      True       False        False                False       True                   2            5.62546   0.401281   0.822602   0.820514 │
│ asha_train_4821b_01982   TERMINATED   True       False      False           False      True       False        False                False       True                   4            9.32039   0.376994   0.830587   0.820633 │
│ asha_train_4821b_01983   TERMINATED   False      False      False           True       False      False        True                 True        False                  2            4.91272   0.393724   0.810933   0.819586 │
│ asha_train_4821b_01984   TERMINATED   True       True       False           False      False      True         True                 False       True                   4            9.44453   0.375982   0.821886   0.823415 │
│ asha_train_4821b_01985   TERMINATED   True       True       True            False      False      False        False                True        True                   1            2.78138   0.693095   0.760672   0.5      │
│ asha_train_4821b_01986   TERMINATED   False      True       True            False      False      True         False                False       False                  4            8.0046    0.375483   0.813594   0.822948 │
│ asha_train_4821b_01987   TERMINATED   True       True       True            False      False      False        True                 False       True                   1            2.89314   0.693094   0.760672   0.5      │
│ asha_train_4821b_01988   TERMINATED   True       False      False           True       False      True         False                True        False                  1            3.17987   0.666166   0.763435   0.505774 │
│ asha_train_4821b_01989   TERMINATED   False      True       False           True       False      False        True                 True        True                   4           12.6048    0.385112   0.80909    0.82541  │
│ asha_train_4821b_01990   TERMINATED   True       True       False           True       True       True         True                 False       True                   1            4.77151   0.434913   0.787593   0.812306 │
│ asha_train_4821b_01991   TERMINATED   True       False      False           False      True       True         True                 False       False                  1            3.22442   0.447741   0.854847   0.780589 │
│ asha_train_4821b_01992   TERMINATED   False      False      True            False      True       False        False                True        True                   2            3.66382   0.381813   0.826083   0.821336 │
│ asha_train_4821b_01993   TERMINATED   False      True       True            False      True       True         False                False       False                  2            5.35985   0.499297   0.775924   0.820466 │
│ asha_train_4821b_01994   TERMINATED   True       False      True            False      False      False        False                False       True                   4            7.63322   0.374192   0.813901   0.826961 │
│ asha_train_4821b_01995   TERMINATED   True       True       True            True       True       False        True                 False       False                  1            4.68707   0.403242   0.826287   0.815315 │
│ asha_train_4821b_01996   TERMINATED   True       True       True            True       False      True         False                False       False                  1            3.60828   0.458681   0.846351   0.795378 │
│ asha_train_4821b_01997   TERMINATED   False      True       True            False      False      True         False                True        True                   2            4.28867   0.380406   0.814822   0.820531 │
│ asha_train_4821b_01998   TERMINATED   True       False      False           True       False      True         True                 True        True                   1            3.30228   0.573836   0.811342   0.614068 │
│ asha_train_4821b_01999   TERMINATED   True       False      True            True       True       True         False                False       False                  2            6.04633   0.432031   0.787593   0.821834 │
╰──────────────────────────────────────────────────────────────────────────────────────────────────────────────────────────────────────────────────────────────────────────────────────────────────────────────────────────────╯

总时间：4961.362365722656 s
最佳配置：{'loss': 0.3702053617612988, 'acc': 0.8106254478452247, 'bacc': 0.829058051109314, 'training_iteration': 4, 'trial_id': '4821b_01593', 'date': '2025-11-15_09-50-18', 'time_this_iter_s': 2.143134832382202, 'time_total_s': 9.136976718902588, 'config': {'use_l1': True, 'l1_lambda': 4.1753189365604e-06, 'use_l2': False, 'l2_lambda': 0.0, 'use_dropout': False, 'drop_rate': 0.0, 'use_bn': False, 'use_ln': True, 'use_skip': False, 'skip_type': 'None', 'skip_step': 1, 'skip_drop_prob': 0.0, 'use_data_augment': False, 'da_type': 'None', 'cutout_ratio': 0.0, 'cutout_prob': 0.0, 'mixup_alpha': 0.0, 'mixup_prob': 0.0, 'cutmix_alpha': 0.0, 'cutmix_prob': 0.0, 'fgsm_epsilon': 0.0, 'fgsm_prob': 0.0, 'use_swa': True, 'use_lookahead': True}}
✅ 字典已保存到: /data/ruipeng/workdir/autoreg/.exp_results/20251115/asha_100726.json