Trial status: 2000 TERMINATED
Current time: 2025-11-19 10:22:43. Total running time: 2hr 13min 20s
Logical resource usage: 2.0/10 CPUs, 1.0/4 GPUs (0.0/1.0 accelerator_type:G)
╭───────────────────────────────────────────────────────────────────────────────────────────────────────────────────────────────────────────────────────────────────────────────────────────────────────────────────────────────────╮
│ Trial name                    status       use_l1     use_l2     use_dropout     use_bn     use_ln     use_skip     use_data_augment     use_swa     use_lookahead       iter     total time (s)       loss        acc       bacc │
├───────────────────────────────────────────────────────────────────────────────────────────────────────────────────────────────────────────────────────────────────────────────────────────────────────────────────────────────────┤
│ hyperband_train_00d42_00000   TERMINATED   True       False      True            True       True       False        True                 True        True                   4           14.9911    0.38056    0.819429   0.822533 │
│ hyperband_train_00d42_00001   TERMINATED   False      False      False           True       False      True         False                False       False                  4            6.58999   0.489433   0.852288   0.75736  │
│ hyperband_train_00d42_00002   TERMINATED   False      False      True            True       False      False        False                True        False                  4            8.90734   0.384801   0.800389   0.823355 │
│ hyperband_train_00d42_00003   TERMINATED   True       True       True            True       False      False        False                False       False                  4           14.1511    0.392622   0.788617   0.814445 │
│ hyperband_train_00d42_00004   TERMINATED   False      True       True            True       True       True         True                 True        True                   2            8.55506   0.439299   0.763231   0.815933 │
│ hyperband_train_00d42_00005   TERMINATED   False      True       False           True       False      False        False                True        False                  4           12.5377    0.393154   0.841028   0.807709 │
│ hyperband_train_00d42_00006   TERMINATED   False      True       False           True       True       False        True                 False       False                  1            3.94874   0.46406    0.788924   0.801895 │
│ hyperband_train_00d42_00007   TERMINATED   False      False      False           False      True       True         False                False       False                  1            1.82177   0.459489   0.741836   0.810958 │
│ hyperband_train_00d42_00008   TERMINATED   False      False      False           True       False      True         False                False       True                   2            4.68468   0.518809   0.635991   0.746808 │
│ hyperband_train_00d42_00009   TERMINATED   False      False      True            False      True       False        True                 True        False                  4            9.24469   0.380135   0.831303   0.817732 │
│ hyperband_train_00d42_00010   TERMINATED   True       True       True            True       True       True         True                 False       True                   4           17.8626    0.403563   0.784113   0.816175 │
│ hyperband_train_00d42_00011   TERMINATED   True       True       True            False      True       False        True                 False       True                   4           13.1332    0.49801    0.733033   0.799455 │
│ hyperband_train_00d42_00012   TERMINATED   True       False      False           True       True       False        False                False       True                   4           11.7956    0.390425   0.829461   0.819893 │
│ hyperband_train_00d42_00013   TERMINATED   True       True       True            True       False      True         True                 True        False                  4           16.9498    0.423232   0.778483   0.811888 │
│ hyperband_train_00d42_00014   TERMINATED   False      True       True            True       False      True         True                 False       True                   4           12.9995    0.386843   0.791995   0.819744 │
│ hyperband_train_00d42_00015   TERMINATED   True       True       False           False      False      False        True                 False       True                   2            5.21395   0.693094   0.760672   0.5      │
│ hyperband_train_00d42_00016   TERMINATED   False      False      True            False      False      True         False                True        True                   4            6.83369   0.376428   0.818303   0.825017 │
│ hyperband_train_00d42_00017   TERMINATED   True       True       False           True       False      True         True                 True        True                   1            4.24164   0.408227   0.782987   0.807813 │
│ hyperband_train_00d42_00018   TERMINATED   True       False      False           False      True       True         False                False       False                  1            2.81583   0.385366   0.795066   0.818684 │
│ hyperband_train_00d42_00019   TERMINATED   False      True       False           True       False      False        False                False       True                   2            5.41931   0.379081   0.788924   0.823881 │
│ hyperband_train_00d42_00020   TERMINATED   True       True       True            True       False      True         True                 True        False                  4           15.8833    0.391182   0.81687    0.820704 │
│ hyperband_train_00d42_00021   TERMINATED   True       False      False           False      False      False        True                 False       True                   4            7.55534   0.693113   0.760672   0.5      │
│ hyperband_train_00d42_00022   TERMINATED   False      True       False           False      False      False        True                 True        False                  4            8.05507   0.384113   0.821988   0.825094 │
│ hyperband_train_00d42_00023   TERMINATED   False      True       True            False      False      True         False                True        False                  4            8.47273   0.624339   0.818815   0.82037  │
│ hyperband_train_00d42_00024   TERMINATED   True       True       False           False      True       False        False                True        True                   4           12.5764    0.385599   0.814106   0.822698 │
│ hyperband_train_00d42_00025   TERMINATED   False      True       True            False      False      True         True                 False       False                  2            4.27843   0.421929   0.839185   0.807377 │
│ hyperband_train_00d42_00026   TERMINATED   True       False      True            True       True       True         True                 True        False                  2            9.00961   0.431261   0.775412   0.810162 │
│ hyperband_train_00d42_00027   TERMINATED   False      False      False           False      False      False        True                 False       False                  4            7.1308    0.381126   0.813696   0.826386 │
│ hyperband_train_00d42_00028   TERMINATED   True       False      False           False      False      False        False                True        False                  1            2.01133   0.693144   0.760672   0.5      │
│ hyperband_train_00d42_00029   TERMINATED   False      True       False           True       False      True         False                False       False                  1            3.06102   0.394796   0.824752   0.811814 │
│ hyperband_train_00d42_00030   TERMINATED   True       True       False           True       False      False        True                 True        False                  4           14.8782    0.432795   0.81687    0.814694 │
│ hyperband_train_00d42_00031   TERMINATED   True       True       False           False      True       True         False                True        False                  4           12.9002    0.374255   0.826492   0.821606 │
│ hyperband_train_00d42_00032   TERMINATED   False      True       False           True       False      True         False                True        False                  4           11.6372    0.616227   0.813287   0.620769 │
│ hyperband_train_00d42_00033   TERMINATED   False      True       False           True       False      True         False                True        True                   4           13.1538    0.389472   0.832327   0.819578 │
│ hyperband_train_00d42_00034   TERMINATED   True       False      True            True       True       False        True                 False       True                   2            7.09086   0.447163   0.749207   0.791765 │
│ hyperband_train_00d42_00035   TERMINATED   True       False      True            False      False      True         False                False       False                  4            8.42864   0.389847   0.82424    0.819392 │
│ hyperband_train_00d42_00036   TERMINATED   True       False      False           False      True       False        True                 True        True                   1            3.22458   0.452587   0.843075   0.784284 │
│ hyperband_train_00d42_00037   TERMINATED   True       False      True            False      True       False        True                 False       False                  1            3.01432   0.415408   0.847477   0.795971 │
│ hyperband_train_00d42_00038   TERMINATED   True       False      False           False      False      False        False                True        True                   4            7.90782   0.378562   0.814311   0.822979 │
│ hyperband_train_00d42_00039   TERMINATED   False      False      True            True       False      True         True                 False       True                   2            4.08537   0.428557   0.763128   0.816159 │
│ hyperband_train_00d42_00040   TERMINATED   False      False      False           True       False      True         False                True        True                   4            8.13646   0.615836   0.776743   0.533722 │
│ hyperband_train_00d42_00041   TERMINATED   False      False      False           True       True       False        False                True        False                  4            9.31809   0.38779    0.828846   0.820661 │
│ hyperband_train_00d42_00042   TERMINATED   False      False      True            True       True       False        False                False       True                   4            8.25364   0.380024   0.820862   0.824207 │
│ hyperband_train_00d42_00043   TERMINATED   False      False      False           True       True       False        True                 True        False                  4           10.8039    0.407056   0.831917   0.820774 │
│ hyperband_train_00d42_00044   TERMINATED   True       False      True            False      True       True         True                 False       True                   4           11.5161    0.413444   0.833043   0.822101 │
│ hyperband_train_00d42_00045   TERMINATED   False      True       False           True       True       True         False                True        True                   2            7.50295   0.59064    0.605794   0.714793 │
│ hyperband_train_00d42_00046   TERMINATED   True       True       False           False      False      True         True                 False       True                   4           11.2091    0.60898    0.786467   0.822559 │
│ hyperband_train_00d42_00047   TERMINATED   False      False      True            True       False      True         False                False       True                   1            2.05116   0.682622   0.768554   0.51676  │
│ hyperband_train_00d42_00048   TERMINATED   False      False      False           True       False      False        True                 False       False                  1            2.21783   0.392501   0.787696   0.818237 │
│ hyperband_train_00d42_00049   TERMINATED   False      False      False           True       False      True         False                False       False                  2            3.62325   0.391351   0.775514   0.819317 │
│ hyperband_train_00d42_00050   TERMINATED   False      False      False           False      True       False        True                 True        True                   4            6.68483   0.374645   0.808271   0.827364 │
│ hyperband_train_00d42_00051   TERMINATED   True       True       False           False      True       False        True                 True        False                  4           12.8346    0.376948   0.822909   0.821303 │
│ hyperband_train_00d42_00052   TERMINATED   True       False      False           True       False      False        False                False       False                  4            9.69081   0.39279    0.822193   0.821125 │
│ hyperband_train_00d42_00053   TERMINATED   True       True       False           False      True       False        True                 True        True                   2            7.46178   0.401663   0.785648   0.815425 │
│ hyperband_train_00d42_00054   TERMINATED   False      False      True            True       False      False        True                 True        True                   4           10.5828    0.381229   0.814515   0.821208 │
│ hyperband_train_00d42_00055   TERMINATED   False      False      True            False      False      True         False                True        True                   4            6.24286   0.386017   0.806531   0.82622  │
│ hyperband_train_00d42_00056   TERMINATED   True       True       True            False      True       True         False                False       False                  2            7.60552   0.412167   0.813901   0.818899 │
│ hyperband_train_00d42_00057   TERMINATED   True       True       False           False      True       True         True                 False       True                   1            3.56247   0.394636   0.83376    0.815243 │
│ hyperband_train_00d42_00058   TERMINATED   True       False      True            False      True       True         False                True        True                   1            2.94794   0.400474   0.813696   0.816859 │
│ hyperband_train_00d42_00059   TERMINATED   False      False      True            False      True       False        True                 True        True                   4            8.30266   0.3798     0.82209    0.824722 │
│ hyperband_train_00d42_00060   TERMINATED   False      False      False           True       True       False        True                 False       True                   4           10.5844    0.399282   0.815334   0.815884 │
│ hyperband_train_00d42_00061   TERMINATED   False      True       False           False      True       True         True                 False       True                   4            9.70062   0.639465   0.760672   0.5      │
│ hyperband_train_00d42_00062   TERMINATED   True       True       True            True       False      False        False                False       True                   4           13.5438    0.38814    0.816256   0.818248 │
│ hyperband_train_00d42_00063   TERMINATED   False      False      True            True       False      True         True                 True        False                  2            6.10461   0.457083   0.829768   0.803678 │
│ hyperband_train_00d42_00064   TERMINATED   True       True       True            True       True       True         True                 False       False                  4           18.0483    0.489358   0.834476   0.809998 │
│ hyperband_train_00d42_00065   TERMINATED   False      False      True            False      True       True         True                 True        False                  4            8.81213   0.378434   0.791381   0.81846  │
│ hyperband_train_00d42_00066   TERMINATED   True       True       False           True       False      True         True                 True        False                  1            4.88914   0.56245    0.799672   0.585291 │
│ hyperband_train_00d42_00067   TERMINATED   False      False      False           False      False      False        False                True        False                  4            6.20784   0.390542   0.810421   0.822914 │
│ hyperband_train_00d42_00068   TERMINATED   False      False      False           False      False      False        False                False       False                  2            3.7183    0.390005   0.811547   0.820283 │
│ hyperband_train_00d42_00069   TERMINATED   False      True       True            False      False      True         False                True        True                   1            2.37697   0.384164   0.806531   0.82065  │
│ hyperband_train_00d42_00070   TERMINATED   False      True       False           False      True       True         False                True        True                   4            9.98951   0.542476   0.805405   0.82548  │
│ hyperband_train_00d42_00071   TERMINATED   False      True       True            True       False      False        False                False       False                  4           10.6874    0.382848   0.78616    0.819866 │
│ hyperband_train_00d42_00072   TERMINATED   False      True       False           False      True       True         True                 True        False                  4           10.0401    0.554328   0.852697   0.792807 │
│ hyperband_train_00d42_00073   TERMINATED   False      True       True            True       True       True         False                True        False                  4           16.6323    0.443005   0.782168   0.822372 │
│ hyperband_train_00d42_00074   TERMINATED   True       False      True            True       True       True         True                 True        False                  4           16.4881    0.436248   0.764766   0.81577  │
│ hyperband_train_00d42_00075   TERMINATED   True       True       True            False      False      True         True                 False       False                  2            5.21097   0.476065   0.846044   0.803823 │
│ hyperband_train_00d42_00076   TERMINATED   True       False      False           True       False      False        True                 False       False                  1            2.94132   0.591499   0.79957    0.758619 │
│ hyperband_train_00d42_00077   TERMINATED   False      False      True            True       True       False        False                False       False                  1            2.60951   0.392495   0.825673   0.814911 │
│ hyperband_train_00d42_00078   TERMINATED   False      False      False           True       True       True         True                 False       False                  2            5.28661   0.411374   0.790664   0.819309 │
│ hyperband_train_00d42_00079   TERMINATED   True       False      False           True       False      True         True                 True        True                   4           12.8454    0.40857    0.820862   0.82025  │
│ hyperband_train_00d42_00080   TERMINATED   False      True       False           False      True       False        True                 False       True                   4           10.3883    0.396348   0.821271   0.822425 │
│ hyperband_train_00d42_00081   TERMINATED   True       False      True            True       False      False        False                False       False                  4           10.2398    0.402102   0.797625   0.820513 │
│ hyperband_train_00d42_00082   TERMINATED   True       False      True            True       True       False        False                True        False                  4           14.4716    0.379976   0.827004   0.818131 │
│ hyperband_train_00d42_00083   TERMINATED   True       True       False           False      False      True         False                True        False                  4           10.0157    0.379074   0.818405   0.824791 │
│ hyperband_train_00d42_00084   TERMINATED   False      False      False           False      True       False        False                True        True                   4            7.22736   0.369141   0.812775   0.827979 │
│ hyperband_train_00d42_00085   TERMINATED   True       False      True            True       True       False        True                 False       False                  2            7.96165   0.396317   0.822909   0.814414 │
│ hyperband_train_00d42_00086   TERMINATED   True       True       True            False      True       True         True                 False       False                  2            7.8829    0.394939   0.826901   0.818503 │
│ hyperband_train_00d42_00087   TERMINATED   True       True       True            True       False      True         True                 False       True                   1            4.12679   0.410735   0.759034   0.81039  │
│ hyperband_train_00d42_00088   TERMINATED   True       False      False           True       True       True         True                 False       False                  1            3.775     0.453889   0.809397   0.794832 │
│ hyperband_train_00d42_00089   TERMINATED   False      False      True            True       True       False        True                 False       True                   4           10.3248    0.398153   0.806019   0.821047 │
│ hyperband_train_00d42_00090   TERMINATED   True       False      True            False      True       True         False                False       False                  4            9.66001   0.540879   0.857304   0.783816 │
│ hyperband_train_00d42_00091   TERMINATED   True       False      True            True       True       True         False                True        False                  4           14.2664    0.471094   0.844611   0.798045 │
│ hyperband_train_00d42_00092   TERMINATED   False      False      False           True       False      True         True                 True        True                   4            8.94433   0.382786   0.791381   0.823444 │
│ hyperband_train_00d42_00093   TERMINATED   False      False      True            False      False      False        False                True        False                  4            6.29797   0.396539   0.817074   0.824503 │
│ hyperband_train_00d42_00094   TERMINATED   False      False      False           True       False      True         False                True        True                   4            9.57321   0.430348   0.791279   0.822204 │
│ hyperband_train_00d42_00095   TERMINATED   True       True       False           True       False      False        False                False       True                   2            6.96377   0.404362   0.810728   0.81696  │
│ hyperband_train_00d42_00096   TERMINATED   False      True       False           True       True       False        False                False       False                  2            7.21172   0.396892   0.834374   0.820191 │
│ hyperband_train_00d42_00097   TERMINATED   False      True       True            False      True       True         True                 True        False                  4           12.0034    0.372428   0.812468   0.822208 │
│ hyperband_train_00d42_00098   TERMINATED   True       False      False           False      True       True         True                 True        True                   1            3.00854   0.437533   0.72249    0.79487  │
│ hyperband_train_00d42_00099   TERMINATED   True       True       False           True       True       True         False                False       False                  1            4.42384   0.530439   0.783806   0.716597 │
│ hyperband_train_00d42_00100   TERMINATED   True       False      False           True       True       True         False                False       False                  4           11.974     0.385976   0.810523   0.821955 │
│ hyperband_train_00d42_00101   TERMINATED   True       True       False           False      False      True         True                 True        True                   4           10.3822    0.374176   0.812468   0.82338  │
│ hyperband_train_00d42_00102   TERMINATED   False      False      False           True       False      False        False                True        True                   4            8.09856   0.375853   0.814515   0.826485 │
│ hyperband_train_00d42_00103   TERMINATED   False      True       True            True       True       True         True                 True        True                   2            9.20108   0.556908   0.77531    0.773599 │
│ hyperband_train_00d42_00104   TERMINATED   True       False      False           True       True       True         False                False       False                  4           12.3626    0.407451   0.789334   0.820339 │
│ hyperband_train_00d42_00105   TERMINATED   True       True       True            False      False      True         True                 False       True                   4           11.6149    0.382346   0.80131    0.820883 │
│ hyperband_train_00d42_00106   TERMINATED   True       False      False           False      False      False        True                 True        False                  4            8.67301   0.390209   0.816563   0.821675 │
│ hyperband_train_00d42_00107   TERMINATED   True       False      False           False      True       True         False                True        True                   1            2.73846   0.754222   0.239328   0.5      │
│ hyperband_train_00d42_00108   TERMINATED   False      True       True            True       True       False        False                False       True                   2            7.93851   0.495739   0.825468   0.815509 │
│ hyperband_train_00d42_00109   TERMINATED   True       False      False           False      False      False        False                True        True                   1            2.10329   0.693112   0.760672   0.5      │
│ hyperband_train_00d42_00110   TERMINATED   False      False      True            True       True       False        False                True        False                  4           10.0543    0.378006   0.829051   0.822848 │
│ hyperband_train_00d42_00111   TERMINATED   False      False      False           True       False      True         False                True        False                  4            8.5155    0.382726   0.821374   0.82088  │
│ hyperband_train_00d42_00112   TERMINATED   False      True       False           True       False      True         True                 False       False                  4           10.7954    0.542365   0.817791   0.812075 │
│ hyperband_train_00d42_00113   TERMINATED   True       False      False           False      False      True         True                 True        True                   4            8.66521   0.400689   0.819941   0.818179 │
│ hyperband_train_00d42_00114   TERMINATED   True       True       True            True       False      False        True                 True        False                  2            8.1328    0.611261   0.716962   0.780243 │
│ hyperband_train_00d42_00115   TERMINATED   False      True       False           True       False      True         True                 False       True                   4           12.1497    0.414841   0.800082   0.821248 │
│ hyperband_train_00d42_00116   TERMINATED   True       False      True            True       True       True         True                 False       False                  4           15.3896    0.442445   0.750947   0.812549 │
│ hyperband_train_00d42_00117   TERMINATED   True       True       False           False      False      False        True                 True        False                  1            2.99483   0.386442   0.828949   0.813547 │
│ hyperband_train_00d42_00118   TERMINATED   True       True       False           True       False      False        False                True        True                   1            3.86559   0.508847   0.663527   0.764175 │
│ hyperband_train_00d42_00119   TERMINATED   False      True       False           True       True       False        False                False       False                  2            7.25651   0.397233   0.827004   0.80963  │
│ hyperband_train_00d42_00120   TERMINATED   False      False      False           True       True       False        True                 False       True                   4            8.07683   0.384949   0.817996   0.821151 │
│ hyperband_train_00d42_00121   TERMINATED   False      False      False           True       False      False        False                True        True                   4            8.11571   0.375853   0.814515   0.826485 │
│ hyperband_train_00d42_00122   TERMINATED   True       False      False           False      True       True         False                True        True                   4            9.66985   0.374023   0.811444   0.824173 │
│ hyperband_train_00d42_00123   TERMINATED   False      True       True            True       True       False        False                True        True                   4           16.4009    0.380352   0.815948   0.822883 │
│ hyperband_train_00d42_00124   TERMINATED   True       True       False           True       False      False        True                 False       False                  2            7.78178   0.447927   0.777869   0.79712  │
│ hyperband_train_00d42_00125   TERMINATED   True       False      True            True       False      False        True                 False       True                   4           12.0095    0.3919     0.81257    0.823154 │
│ hyperband_train_00d42_00126   TERMINATED   True       False      False           False      True       True         True                 False       True                   1            2.99837   0.432156   0.855461   0.787148 │
│ hyperband_train_00d42_00127   TERMINATED   True       True       False           False      False      True         False                True        False                  2            5.53419   0.611379   0.83202    0.815712 │
│ hyperband_train_00d42_00128   TERMINATED   False      True       False           False      False      True         False                True        False                  4            8.32241   0.55872    0.81472    0.824714 │
│ hyperband_train_00d42_00129   TERMINATED   True       False      True            False      False      True         True                 True        True                   1            2.43129   0.639104   0.848705   0.728476 │
│ hyperband_train_00d42_00130   TERMINATED   True       True       True            False      False      False        True                 False       False                  4           10.407     0.693144   0.760672   0.5      │
│ hyperband_train_00d42_00131   TERMINATED   False      False      False           True       True       False        False                True        True                   4            9.43969   0.377361   0.819224   0.821958 │
│ hyperband_train_00d42_00132   TERMINATED   True       True       False           True       False      False        False                True        True                   4           14.4333    0.388302   0.814311   0.817996 │
│ hyperband_train_00d42_00133   TERMINATED   False      True       True            False      True       False        False                False       False                  4           11.19      0.390155   0.84502    0.808134 │
│ hyperband_train_00d42_00134   TERMINATED   False      True       True            True       True       False        True                 False       True                   4           16.0527    0.400029   0.816563   0.816398 │
│ hyperband_train_00d42_00135   TERMINATED   True       True       True            False      True       False        False                True        True                   2            7.18625   0.473661   0.771317   0.811722 │
│ hyperband_train_00d42_00136   TERMINATED   False      True       False           False      True       False        True                 True        False                  4           12.0013    0.380959   0.833043   0.820635 │
│ hyperband_train_00d42_00137   TERMINATED   False      False      True            True       True       False        True                 True        True                   2            6.57965   0.470988   0.773058   0.814038 │
│ hyperband_train_00d42_00138   TERMINATED   True       True       True            True       False      True         False                False       True                   1            4.16876   0.467093   0.729143   0.77887  │
│ hyperband_train_00d42_00139   TERMINATED   True       False      True            True       True       True         True                 False       True                   1            4.25198   0.446766   0.813287   0.797975 │
│ hyperband_train_00d42_00140   TERMINATED   True       False      True            True       True       True         True                 False       False                  4           16.3684    0.42545    0.813082   0.80385  │
│ hyperband_train_00d42_00141   TERMINATED   True       True       False           True       False      False        False                True        True                   4           14.4335    0.412291   0.769168   0.814999 │
│ hyperband_train_00d42_00142   TERMINATED   False      False      True            False      True       True         True                 True        True                   4            7.36724   0.371697   0.808169   0.825245 │
│ hyperband_train_00d42_00143   TERMINATED   True       True       False           True       False      True         True                 False       True                   2            6.92348   1.53487    0.760672   0.5      │
│ hyperband_train_00d42_00144   TERMINATED   True       True       False           False      True       True         False                True        True                   4           13.4744    0.663462   0.427168   0.622736 │
│ hyperband_train_00d42_00145   TERMINATED   False      True       True            False      True       False        True                 False       False                  4           10.6103    0.38337    0.837036   0.816077 │
│ hyperband_train_00d42_00146   TERMINATED   True       True       False           False      False      True         True                 True        False                  2            5.6526    0.396517   0.834169   0.814193 │
│ hyperband_train_00d42_00147   TERMINATED   False      False      False           True       True       False        False                True        True                   4           10.788     0.379176   0.817689   0.820216 │
│ hyperband_train_00d42_00148   TERMINATED   True       False      True            True       False      True         True                 True        False                  1            3.33353   0.495526   0.753813   0.793766 │
│ hyperband_train_00d42_00149   TERMINATED   False      True       True            False      True       True         True                 True        True                   1            3.22794   0.57734    0.851776   0.73665  │
│ hyperband_train_00d42_00150   TERMINATED   True       False      False           True       False      True         False                False       True                   4           10.3531    0.438081   0.723206   0.794022 │
│ hyperband_train_00d42_00151   TERMINATED   True       False      False           True       False      False        True                 True        False                  4           11.3308    0.394809   0.813492   0.820389 │
│ hyperband_train_00d42_00152   TERMINATED   True       False      True            True       False      True         False                False       True                   4           10.5744    0.380001   0.808271   0.82238  │
│ hyperband_train_00d42_00153   TERMINATED   True       False      False           True       True       True         False                True        False                  2            7.14271   0.429416   0.747262   0.809687 │
│ hyperband_train_00d42_00154   TERMINATED   False      True       False           True       False      True         False                True        True                   4           12.9168    0.419328   0.82035    0.818741 │
│ hyperband_train_00d42_00155   TERMINATED   False      False      True            False      True       True         False                True        True                   4            7.30875   0.370107   0.80172    0.826136 │
│ hyperband_train_00d42_00156   TERMINATED   True       True       True            False      False      False        True                 True        False                  1            2.98162   0.693144   0.760672   0.5      │
│ hyperband_train_00d42_00157   TERMINATED   False      True       False           False      True       True         False                False       False                  2            5.90027   0.372712   0.815948   0.821564 │
│ hyperband_train_00d42_00158   TERMINATED   False      False      True            False      True       True         True                 False       False                  1            2.17969   0.662432   0.762821   0.812733 │
│ hyperband_train_00d42_00159   TERMINATED   False      False      False           False      True       True         True                 True        False                  4            7.16439   0.531457   0.850548   0.81338  │
│ hyperband_train_00d42_00160   TERMINATED   True       True       False           True       True       True         True                 True        True                   4           18.9354    0.630127   0.812877   0.639848 │
│ hyperband_train_00d42_00161   TERMINATED   True       True       True            False      False      False        True                 True        False                  4            9.32976   0.693095   0.760672   0.5      │
│ hyperband_train_00d42_00162   TERMINATED   False      True       False           True       True       True         True                 False       True                   4           13.2148    0.698258   0.515713   0.494792 │
│ hyperband_train_00d42_00163   TERMINATED   False      True       False           True       False      False        True                 False       False                  4           11.4831    0.384125   0.797932   0.821887 │
│ hyperband_train_00d42_00164   TERMINATED   False      False      False           False      True       False        True                 False       False                  4            7.88569   0.384882   0.840925   0.814823 │
│ hyperband_train_00d42_00165   TERMINATED   True       False      False           False      True       False        False                False       False                  2            4.86175   0.384703   0.841437   0.809883 │
│ hyperband_train_00d42_00166   TERMINATED   True       True       False           True       False      True         True                 True        True                   1            4.24661   0.495743   0.798239   0.780316 │
│ hyperband_train_00d42_00167   TERMINATED   False      False      False           True       False      True         True                 True        True                   1            2.76461   0.418785   0.758317   0.811384 │
│ hyperband_train_00d42_00168   TERMINATED   False      False      True            False      False      False        True                 True        True                   2            3.94407   0.38425    0.817177   0.821785 │
│ hyperband_train_00d42_00169   TERMINATED   True       False      True            True       False      False        True                 True        True                   4           13.6492    0.377427   0.807759   0.824389 │
│ hyperband_train_00d42_00170   TERMINATED   True       False      True            True       False      True         True                 False       False                  4           13.0753    0.572915   0.79742    0.583224 │
│ hyperband_train_00d42_00171   TERMINATED   True       True       True            False      True       True         False                False       False                  4           12.977     0.633007   0.853721   0.73661  │
│ hyperband_train_00d42_00172   TERMINATED   True       False      False           False      True       False        False                True        True                   4            9.38728   0.379939   0.806633   0.822476 │
│ hyperband_train_00d42_00173   TERMINATED   True       False      False           False      False      True         False                False       True                   2            3.66154   0.666584   0.80346    0.592178 │
│ hyperband_train_00d42_00174   TERMINATED   True       False      False           False      True       False        True                 True        False                  4           10.681     0.385747   0.832122   0.817831 │
│ hyperband_train_00d42_00175   TERMINATED   False      True       True            True       True       False        False                True        False                  4           15.3172    0.379549   0.806633   0.821157 │
│ hyperband_train_00d42_00176   TERMINATED   False      True       True            False      True       False        False                True        False                  1            2.89317   0.399525   0.845737   0.8067   │
│ hyperband_train_00d42_00177   TERMINATED   False      True       False           False      False      False        False                True        False                  2            4.63791   0.385341   0.807247   0.822587 │
│ hyperband_train_00d42_00178   TERMINATED   True       True       True            False      True       True         False                False       False                  1            3.57901   0.498105   0.843382   0.80867  │
│ hyperband_train_00d42_00179   TERMINATED   False      True       False           False      True       False        True                 False       True                   4           11.5705    0.390356   0.821476   0.819041 │
│ hyperband_train_00d42_00180   TERMINATED   False      True       True            True       False      True         False                False       False                  4           10.7369    0.5968     0.839288   0.804219 │
│ hyperband_train_00d42_00181   TERMINATED   False      True       True            True       True       True         False                False       False                  4           13.416     0.454769   0.810421   0.821741 │
│ hyperband_train_00d42_00182   TERMINATED   True       True       True            True       False      False        False                True        False                  4           15.0562    0.410039   0.794042   0.820063 │
│ hyperband_train_00d42_00183   TERMINATED   True       True       True            True       False      True         True                 False       False                  2            7.25674   0.470759   0.768758   0.803444 │
│ hyperband_train_00d42_00184   TERMINATED   False      False      True            False      True       False        False                True        True                   4            7.65462   0.371318   0.815437   0.825038 │
│ hyperband_train_00d42_00185   TERMINATED   False      False      True            True       True       True         False                True        True                   4           10.9357    0.412069   0.782373   0.822946 │
│ hyperband_train_00d42_00186   TERMINATED   False      True       False           True       True       False        True                 False       False                  1            3.9078    0.4047     0.815744   0.809704 │
│ hyperband_train_00d42_00187   TERMINATED   False      False      False           True       True       False        True                 False       False                  2            5.23144   0.408193   0.82813    0.818871 │
│ hyperband_train_00d42_00188   TERMINATED   False      True       False           False      False      True         False                True        True                   4            8.68052   0.377785   0.818815   0.821689 │
│ hyperband_train_00d42_00189   TERMINATED   False      True       True            False      False      True         True                 True        True                   1            2.53826   0.489664   0.820452   0.813825 │
│ hyperband_train_00d42_00190   TERMINATED   True       True       True            False      True       True         False                False       False                  4           12.9256    0.501709   0.82209    0.820764 │
│ hyperband_train_00d42_00191   TERMINATED   True       False      True            True       True       True         False                False       True                   4           12.8566    0.408151   0.7922     0.8168   │
│ hyperband_train_00d42_00192   TERMINATED   True       False      False           False      False      True         True                 True        True                   4            8.50786   0.458681   0.810625   0.826713 │
│ hyperband_train_00d42_00193   TERMINATED   True       True       False           False      True       False        True                 True        False                  4           14.2586    0.377286   0.827209   0.820611 │
│ hyperband_train_00d42_00194   TERMINATED   True       True       False           True       True       True         False                False       False                  2            8.81263   0.440552   0.820248   0.807681 │
│ hyperband_train_00d42_00195   TERMINATED   True       True       True            False      False      True         True                 True        True                   4           10.6027    0.384923   0.81298    0.822251 │
│ hyperband_train_00d42_00196   TERMINATED   True       False      False           False      False      True         False                False       True                   1            2.15207   0.376644   0.820145   0.820365 │
│ hyperband_train_00d42_00197   TERMINATED   False      True       True            True       True       False        True                 True        False                  1            4.26865   0.413947   0.821988   0.819231 │
│ hyperband_train_00d42_00198   TERMINATED   False      False      True            False      False      False        False                False       True                   4            6.6284    0.380432   0.81257    0.82418  │
│ hyperband_train_00d42_00199   TERMINATED   True       True       True            False      True       False        False                True        True                   2            6.71033   0.387527   0.807759   0.823656 │
│ hyperband_train_00d42_00200   TERMINATED   True       True       False           True       False      False        False                False       True                   4           12.9465    0.429812   0.784522   0.814685 │
│ hyperband_train_00d42_00201   TERMINATED   True       False      True            False      True       False        False                True        True                   4            9.95083   0.373643   0.820145   0.822564 │
│ hyperband_train_00d42_00202   TERMINATED   False      True       True            False      False      False        False                False       False                  4            7.76022   0.386157   0.821681   0.821375 │
│ hyperband_train_00d42_00203   TERMINATED   True       True       True            False      True       True         True                 True        True                   2            7.295     0.400342   0.780837   0.814608 │
│ hyperband_train_00d42_00204   TERMINATED   True       False      False           False      True       True         True                 True        True                   4           12.1855    0.392016   0.820452   0.823938 │
│ hyperband_train_00d42_00205   TERMINATED   True       True       True            True       False      True         True                 True        True                   4           16.4334    0.462529   0.794247   0.823716 │
│ hyperband_train_00d42_00206   TERMINATED   False      False      False           False      False      True         True                 True        False                  1            1.75172   0.499587   0.837138   0.816291 │
│ hyperband_train_00d42_00207   TERMINATED   True       False      True            False      False      True         True                 False       False                  1            2.43597   0.61245    0.849933   0.76578  │
│ hyperband_train_00d42_00208   TERMINATED   True       True       False           True       True       False        True                 True        False                  2           10.4764    0.393935   0.824035   0.81618  │
│ hyperband_train_00d42_00209   TERMINATED   True       False      False           True       False      False        True                 False       False                  4           12.129     0.400365   0.797728   0.822192 │
│ hyperband_train_00d42_00210   TERMINATED   False      False      False           True       True       False        False                True        False                  4            9.09628   0.38779    0.828846   0.820661 │
│ hyperband_train_00d42_00211   TERMINATED   True       True       True            False      False      True         True                 True        True                   4            9.87715   0.427626   0.785444   0.813972 │
│ hyperband_train_00d42_00212   TERMINATED   False      False      False           True       False      True         False                False       True                   4            6.69324   0.515924   0.716245   0.795456 │
│ hyperband_train_00d42_00213   TERMINATED   True       True       False           False      True       False        False                True        False                  2            6.29111   0.395779   0.777255   0.820021 │
│ hyperband_train_00d42_00214   TERMINATED   False      True       True            False      False      False        False                True        False                  4            8.31644   0.406938   0.810523   0.825326 │
│ hyperband_train_00d42_00215   TERMINATED   False      False      True            False      False      True         False                True        False                  4            6.046     0.49043    0.811444   0.825639 │
│ hyperband_train_00d42_00216   TERMINATED   True       True       False           True       True       True         True                 False       False                  4           19.1848    0.387295   0.820248   0.821898 │
│ hyperband_train_00d42_00217   TERMINATED   False      True       False           True       False      True         False                True        True                   1            3.62173   0.399255   0.822397   0.818914 │
│ hyperband_train_00d42_00218   TERMINATED   False      False      True            True       True       False        True                 False       False                  2            5.18389   0.449217   0.826185   0.815248 │
│ hyperband_train_00d42_00219   TERMINATED   True       True       False           False      False      True         False                False       False                  1            2.581     0.671079   0.773877   0.527588 │
│ hyperband_train_00d42_00220   TERMINATED   True       False      True            True       False      True         True                 False       True                   4           11.0821    0.406261   0.786672   0.813899 │
│ hyperband_train_00d42_00221   TERMINATED   False      True       False           True       False      True         False                False       False                  4           10.3996    0.384381   0.80561    0.818726 │
│ hyperband_train_00d42_00222   TERMINATED   False      False      True            False      True       False        False                False       True                   4            6.55918   0.373894   0.831815   0.822466 │
│ hyperband_train_00d42_00223   TERMINATED   False      False      True            True       False      True         False                False       False                  2            3.5806    0.604139   0.812161   0.621348 │
│ hyperband_train_00d42_00224   TERMINATED   True       True       True            True       True       True         True                 False       False                  4           20.1161    0.447117   0.773774   0.801024 │
│ hyperband_train_00d42_00225   TERMINATED   False      True       False           False      True       True         False                True        False                  4           10.998     0.381367   0.83724    0.818997 │
│ hyperband_train_00d42_00226   TERMINATED   False      False      False           False      True       True         False                True        False                  4            7.80095   0.451777   0.80909    0.826583 │
│ hyperband_train_00d42_00227   TERMINATED   False      True       False           True       True       False        False                False       False                  2            7.49733   0.402675   0.841847   0.812058 │
│ hyperband_train_00d42_00228   TERMINATED   True       False      False           True       True       False        True                 False       True                   1            3.40682   0.468539   0.780735   0.793288 │
│ hyperband_train_00d42_00229   TERMINATED   True       True       True            False      False      True         False                False       False                  1            2.67418   0.591409   0.850343   0.752418 │
│ hyperband_train_00d42_00230   TERMINATED   True       False      False           True       False      False        False                True        True                   4           11.5448    0.391154   0.796704   0.821519 │
│ hyperband_train_00d42_00231   TERMINATED   False      True       True            False      False      False        False                False       False                  4            7.74372   0.382908   0.819224   0.823571 │
│ hyperband_train_00d42_00232   TERMINATED   False      True       True            True       True       False        True                 False       True                   4           13.7768    0.392196   0.812059   0.821206 │
│ hyperband_train_00d42_00233   TERMINATED   False      True       True            False      True       False        True                 False       True                   4           12.4374    0.386641   0.8355     0.814189 │
│ hyperband_train_00d42_00234   TERMINATED   True       False      True            True       True       False        False                True        False                  2            7.52733   0.405603   0.83939    0.804726 │
│ hyperband_train_00d42_00235   TERMINATED   True       False      True            False      False      False        False                False       False                  4            8.33249   0.375853   0.824956   0.817665 │
│ hyperband_train_00d42_00236   TERMINATED   True       False      True            False      False      True         True                 False       False                  2            5.09378   0.39832    0.817177   0.81944  │
│ hyperband_train_00d42_00237   TERMINATED   False      False      True            False      False      True         False                True        True                   4            6.77358   0.376428   0.818303   0.825017 │
│ hyperband_train_00d42_00238   TERMINATED   True       True       True            True       True       False        False                False       True                   1            4.83719   0.471905   0.783396   0.811013 │
│ hyperband_train_00d42_00239   TERMINATED   False      True       False           True       True       True         False                False       True                   1            3.51813   0.52845    0.698434   0.745346 │
│ hyperband_train_00d42_00240   TERMINATED   False      True       False           True       True       False        True                 False       False                  4           13.2638    0.415626   0.79742    0.82331  │
│ hyperband_train_00d42_00241   TERMINATED   True       True       False           True       False      True         False                False       True                   4           12.9615    0.640044   0.783499   0.548863 │
│ hyperband_train_00d42_00242   TERMINATED   False      True       False           False      True       True         True                 True        True                   4           10.6108    0.369799   0.815744   0.823481 │
│ hyperband_train_00d42_00243   TERMINATED   True       True       False           False      True       True         True                 False       True                   4           13.2367    0.66774    0.802641   0.823663 │
│ hyperband_train_00d42_00244   TERMINATED   False      False      False           False      False      True         True                 True        False                  4            6.16158   0.380103   0.819634   0.822081 │
│ hyperband_train_00d42_00245   TERMINATED   False      True       True            True       False      True         False                True        True                   2            6.69531   0.657922   0.77664    0.533362 │
│ hyperband_train_00d42_00246   TERMINATED   True       False      False           False      False      False        False                True        False                  1            2.1834    0.693095   0.760672   0.5      │
│ hyperband_train_00d42_00247   TERMINATED   False      False      True            False      False      True         True                 True        False                  4            7.60323   0.38456    0.80131    0.823668 │
│ hyperband_train_00d42_00248   TERMINATED   True       True       False           True       False      True         True                 True        True                   1            4.55985   0.380751   0.80909    0.823358 │
│ hyperband_train_00d42_00249   TERMINATED   False      True       False           False      True       False        False                True        False                  2            5.69399   0.373745   0.824547   0.821207 │
│ hyperband_train_00d42_00250   TERMINATED   True       True       False           True       True       False        True                 True        False                  4           20.0198    0.460996   0.823216   0.805235 │
│ hyperband_train_00d42_00251   TERMINATED   True       False      False           False      True       True         False                False       False                  4            9.48261   0.391606   0.832839   0.812586 │
│ hyperband_train_00d42_00252   TERMINATED   False      True       False           True       True       False        False                False       False                  4           12.4296    0.586406   0.790153   0.562177 │
│ hyperband_train_00d42_00253   TERMINATED   True       True       False           True       False      True         False                False       True                   2            6.60073   0.681527   0.552052   0.680787 │
│ hyperband_train_00d42_00254   TERMINATED   True       False      True            False      False      False        False                False       True                   4            8.76412   0.383922   0.819019   0.820651 │
│ hyperband_train_00d42_00255   TERMINATED   True       True       True            False      True       False        False                False       True                   4           13.5431    0.377655   0.831098   0.81877  │
│ hyperband_train_00d42_00256   TERMINATED   False      False      True            False      False      True         False                True        False                  4            6.67593   0.396948   0.795373   0.82255  │
│ hyperband_train_00d42_00257   TERMINATED   False      False      False           True       True       True         False                True        True                   1            2.63914   0.621266   0.547446   0.675268 │
│ hyperband_train_00d42_00258   TERMINATED   True       False      True            False      False      False        False                False       True                   1            2.25593   0.693095   0.760672   0.5      │
│ hyperband_train_00d42_00259   TERMINATED   False      True       False           False      False      True         True                 False       False                  2            3.96064   0.663799   0.769577   0.803835 │
│ hyperband_train_00d42_00260   TERMINATED   True       True       True            True       False      False        True                 False       True                   4           14.1353    0.410231   0.819838   0.820163 │
│ hyperband_train_00d42_00261   TERMINATED   True       True       False           True       False      True         True                 False       True                   4           14.2776    0.432198   0.782578   0.803586 │
│ hyperband_train_00d42_00262   TERMINATED   True       False      False           True       False      False        False                False       True                   4           10.1236    0.45012    0.73897    0.802771 │
│ hyperband_train_00d42_00263   TERMINATED   False      True       False           False      True       True         True                 False       True                   2            5.12661   0.658744   0.246699   0.504845 │
│ hyperband_train_00d42_00264   TERMINATED   False      False      False           True       False      False        True                 False       True                   4            8.20947   0.379325   0.808476   0.824567 │
│ hyperband_train_00d42_00265   TERMINATED   True       True       False           False      True       True         False                False       True                   4           12.872     0.550189   0.847886   0.808699 │
│ hyperband_train_00d42_00266   TERMINATED   False      True       False           True       False      False        True                 True        False                  4           13.5782    0.400184   0.822295   0.822071 │
│ hyperband_train_00d42_00267   TERMINATED   True       False      True            True       True       False        True                 False       True                   1            4.17606   0.534765   0.740096   0.703256 │
│ hyperband_train_00d42_00268   TERMINATED   False      False      False           False      False      False        False                False       True                   2            3.47785   0.378176   0.807247   0.821268 │
│ hyperband_train_00d42_00269   TERMINATED   True       False      False           True       True       True         False                True        False                  1            3.91815   0.418284   0.835602   0.808246 │
│ hyperband_train_00d42_00270   TERMINATED   False      False      False           False      True       True         False                False       True                   4            5.87991   0.652901   0.55799    0.705796 │
│ hyperband_train_00d42_00271   TERMINATED   False      False      True            True       True       True         False                True        False                  4           10.3876    0.434715   0.762616   0.816702 │
│ hyperband_train_00d42_00272   TERMINATED   False      True       True            True       True       False        False                True        True                   4           15.398     0.377113   0.81472    0.825447 │
│ hyperband_train_00d42_00273   TERMINATED   False      False      True            True       True       False        True                 False       False                  4            9.66582   0.414837   0.811137   0.818108 │
│ hyperband_train_00d42_00274   TERMINATED   False      True       True            False      True       False        False                True        True                   4           11.4935    0.376851   0.817074   0.823184 │
│ hyperband_train_00d42_00275   TERMINATED   False      True       True            True       True       True         True                 False       True                   2            7.95601   0.4499     0.758215   0.810731 │
│ hyperband_train_00d42_00276   TERMINATED   True       True       False           False      True       False        False                False       False                  2            6.89506   0.393184   0.834476   0.816154 │
│ hyperband_train_00d42_00277   TERMINATED   False      True       True            False      True       False        False                True        False                  1            2.91155   0.447008   0.752789   0.802621 │
│ hyperband_train_00d42_00278   TERMINATED   False      True       False           True       False      False        False                False       False                  4           11.5       0.401383   0.812877   0.819399 │
│ hyperband_train_00d42_00279   TERMINATED   False      True       True            True       False      False        False                False       False                  1            3.18035   0.393286   0.793121   0.820777 │
│ hyperband_train_00d42_00280   TERMINATED   True       True       False           False      True       True         False                False       True                   4           12.6356    0.548889   0.842461   0.812168 │
│ hyperband_train_00d42_00281   TERMINATED   True       True       False           False      True       True         True                 False       True                   4           15.6586    0.39894    0.789231   0.811331 │
│ hyperband_train_00d42_00282   TERMINATED   False      False      False           False      False      True         True                 False       True                   4            5.64565   0.674368   0.833862   0.786289 │
│ hyperband_train_00d42_00283   TERMINATED   True       False      True            True       True       True         True                 False       False                  4           14.6002    0.419604   0.790869   0.816512 │
│ hyperband_train_00d42_00284   TERMINATED   False      True       False           True       True       False        True                 True        True                   2            8.06158   0.412083   0.841847   0.809126 │
│ hyperband_train_00d42_00285   TERMINATED   False      False      True            True       True       False        True                 True        False                  4           10.9891    0.386915   0.843689   0.815321 │
│ hyperband_train_00d42_00286   TERMINATED   True       False      False           False      True       False        False                False       False                  2            5.50708   0.380889   0.830279   0.816473 │
│ hyperband_train_00d42_00287   TERMINATED   True       True       False           False      False      True         False                False       False                  4           10.0316    0.379311   0.819429   0.819894 │
│ hyperband_train_00d42_00288   TERMINATED   True       False      False           True       True       False        False                True        False                  1            4.02189   0.462415   0.820248   0.801085 │
│ hyperband_train_00d42_00289   TERMINATED   False      True       False           False      True       True         False                False       False                  1            2.65583   0.470947   0.816153   0.81906  │
│ hyperband_train_00d42_00290   TERMINATED   False      False      True            True       False      True         False                False       True                   4            7.68474   0.38709    0.7749     0.821112 │
│ hyperband_train_00d42_00291   TERMINATED   False      False      True            False      True       False        True                 True        True                   4            7.15405   0.376777   0.810011   0.825723 │
│ hyperband_train_00d42_00292   TERMINATED   True       True       False           False      False      False        False                False       False                  4            8.70778   0.693144   0.760672   0.5      │
│ hyperband_train_00d42_00293   TERMINATED   True       True       False           True       True       True         True                 False       False                  2            8.79628   0.651909   0.844508   0.766318 │
│ hyperband_train_00d42_00294   TERMINATED   True       False      True            True       True       True         False                True        False                  4           15.8575    0.404092   0.829256   0.812576 │
│ hyperband_train_00d42_00295   TERMINATED   True       False      False           True       False      False        False                True        True                   4           11.6755    0.385184   0.798137   0.821142 │
│ hyperband_train_00d42_00296   TERMINATED   False      False      False           False      True       False        True                 False       True                   4            7.8674    0.380023   0.8182     0.82495  │
│ hyperband_train_00d42_00297   TERMINATED   True       True       True            True       True       False        True                 False       False                  1            4.72071   0.450888   0.783908   0.807099 │
│ hyperband_train_00d42_00298   TERMINATED   True       False      True            False      False      False        False                False       True                   2            4.58592   0.394537   0.828949   0.816332 │
│ hyperband_train_00d42_00299   TERMINATED   False      True       True            False      False      False        False                True        False                  1            2.52017   0.693097   0.760672   0.5      │
│ hyperband_train_00d42_00300   TERMINATED   False      True       False           False      True       True         False                False       False                  4           10.039     0.597483   0.850855   0.797019 │
│ hyperband_train_00d42_00301   TERMINATED   False      False      False           True       False      False        False                False       True                   4            6.72114   0.380502   0.795373   0.823869 │
│ hyperband_train_00d42_00302   TERMINATED   True       True       False           False      True       True         True                 False       False                  4           12.969     0.423271   0.826697   0.813825 │
│ hyperband_train_00d42_00303   TERMINATED   True       False      True            False      False      False        True                 False       False                  2            4.06204   0.693095   0.760672   0.5      │
│ hyperband_train_00d42_00304   TERMINATED   False      True       True            False      True       True         False                False       True                   4           11.3836    0.370623   0.821476   0.821533 │
│ hyperband_train_00d42_00305   TERMINATED   True       True       True            False      False      False        False                False       True                   4            9.37422   0.693094   0.760672   0.5      │
│ hyperband_train_00d42_00306   TERMINATED   False      True       True            False      True       True         False                True        True                   4           12.426     0.370158   0.803869   0.82535  │
│ hyperband_train_00d42_00307   TERMINATED   False      False      False           False      False      False        True                 False       False                  2            3.95204   0.388422   0.817074   0.816002 │
│ hyperband_train_00d42_00308   TERMINATED   True       True       False           False      False      False        False                True        False                  1            2.87433   0.693144   0.760672   0.5      │
│ hyperband_train_00d42_00309   TERMINATED   False      True       True            False      True       True         False                False       True                   1            3.42532   0.437105   0.856075   0.785793 │
│ hyperband_train_00d42_00310   TERMINATED   False      True       True            False      True       True         False                False       False                  4           10.4239    0.375783   0.822909   0.821156 │
│ hyperband_train_00d42_00311   TERMINATED   False      False      True            False      True       False        True                 False       False                  4            6.49851   0.387012   0.833043   0.821221 │
│ hyperband_train_00d42_00312   TERMINATED   True       True       False           False      True       False        True                 False       False                  4           13.146     0.392975   0.79742    0.819352 │
│ hyperband_train_00d42_00313   TERMINATED   True       False      True            True       True       False        True                 False       True                   2            6.73751   0.387527   0.806838   0.818507 │
│ hyperband_train_00d42_00314   TERMINATED   True       True       True            True       False      False        True                 True        False                  4           16.409     0.399662   0.775412   0.818077 │
│ hyperband_train_00d42_00315   TERMINATED   False      True       True            False      False      False        True                 False       True                   4            9.10173   0.385291   0.82035    0.822112 │
│ hyperband_train_00d42_00316   TERMINATED   False      False      True            False      False      True         True                 False       False                  2            4.13614   0.392511   0.820043   0.820738 │
│ hyperband_train_00d42_00317   TERMINATED   True       False      False           False      False      False        True                 True        False                  1            2.48255   0.381601   0.806531   0.819917 │
│ hyperband_train_00d42_00318   TERMINATED   True       True       False           True       False      False        False                True        False                  1            3.89938   0.400034   0.819019   0.821237 │
│ hyperband_train_00d42_00319   TERMINATED   False      True       False           True       False      False        True                 True        True                   4           13.1516    0.385195   0.819838   0.824707 │
│ hyperband_train_00d42_00320   TERMINATED   False      True       False           False      True       True         True                 False       True                   4           10.0684    0.529381   0.851981   0.804501 │
│ hyperband_train_00d42_00321   TERMINATED   False      True       True            True       True       False        False                False       True                   4           13.4471    0.384681   0.817279   0.82024  │
│ hyperband_train_00d42_00322   TERMINATED   True       False      True            True       True       True         False                True        True                   4           14.9166    0.388254   0.814822   0.82141  │
│ hyperband_train_00d42_00323   TERMINATED   True       False      True            False      True       True         True                 True        False                  4           12.3723    0.381119   0.793121   0.816526 │
│ hyperband_train_00d42_00324   TERMINATED   True       False      True            False      True       True         False                True        False                  4           11.1751    0.369361   0.810523   0.821662 │
│ hyperband_train_00d42_00325   TERMINATED   False      True       False           True       True       True         True                 True        False                  2            8.0402    0.426858   0.7489     0.809591 │
│ hyperband_train_00d42_00326   TERMINATED   True       False      False           True       True       True         False                False       False                  4           13.6907    0.486204   0.738049   0.800114 │
│ hyperband_train_00d42_00327   TERMINATED   False      False      True            True       True       True         False                True        True                   1            3.02114   0.438406   0.745829   0.800244 │
│ hyperband_train_00d42_00328   TERMINATED   True       True       True            False      False      False        True                 False       True                   1            3.08328   0.693139   0.760672   0.5      │
│ hyperband_train_00d42_00329   TERMINATED   True       True       False           True       False      True         False                False       False                  2            6.99931   0.391492   0.772136   0.818269 │
│ hyperband_train_00d42_00330   TERMINATED   False      False      True            True       True       True         True                 True        False                  4           10.9204    0.436569   0.758829   0.81773  │
│ hyperband_train_00d42_00331   TERMINATED   True       False      True            False      False      True         False                True        False                  4            7.76039   0.379526   0.810318   0.825192 │
│ hyperband_train_00d42_00332   TERMINATED   True       True       True            False      False      False        False                False       False                  4            9.37033   0.378202   0.81472    0.824274 │
│ hyperband_train_00d42_00333   TERMINATED   False      True       True            True       True       False        True                 False       False                  2            8.33857   0.439596   0.807452   0.806452 │
│ hyperband_train_00d42_00334   TERMINATED   True       False      False           False      True       True         False                True        False                  4           10.6066    0.373097   0.825366   0.823797 │
│ hyperband_train_00d42_00335   TERMINATED   True       False      True            True       False      False        False                False       True                   4           10.6441    0.381332   0.796294   0.824475 │
│ hyperband_train_00d42_00336   TERMINATED   False      False      True            False      False      False        False                False       False                  4            7.04476   0.384773   0.814618   0.822595 │
│ hyperband_train_00d42_00337   TERMINATED   True       False      True            True       False      True         False                False       False                  2            6.11829   0.386814   0.811342   0.818096 │
│ hyperband_train_00d42_00338   TERMINATED   False      False      True            False      False      True         False                True        False                  1            1.67072   0.555375   0.853823   0.786512 │
│ hyperband_train_00d42_00339   TERMINATED   True       True       True            False      False      True         False                True        True                   1            3.00055   0.586348   0.854028   0.787819 │
│ hyperband_train_00d42_00340   TERMINATED   True       True       True            True       True       True         False                False       True                   4           17.4474    0.410112   0.789743   0.808883 │
│ hyperband_train_00d42_00341   TERMINATED   True       True       True            False      True       False        True                 True        True                   4           13.4509    0.38476    0.801924   0.82583  │
│ hyperband_train_00d42_00342   TERMINATED   True       True       False           True       False      True         False                True        True                   4           14.8098    0.377286   0.791893   0.823194 │
│ hyperband_train_00d42_00343   TERMINATED   False      True       False           True       True       True         True                 False       True                   4           14.3034    0.411794   0.779609   0.818198 │
│ hyperband_train_00d42_00344   TERMINATED   False      False      False           False      True       False        False                True        True                   4            7.21809   0.369141   0.812775   0.827979 │
│ hyperband_train_00d42_00345   TERMINATED   True       True       False           False      True       True         True                 False       False                  2            7.02697   0.564154   0.856178   0.787913 │
│ hyperband_train_00d42_00346   TERMINATED   False      True       True            False      True       True         False                False       True                   1            2.92682   0.442166   0.856178   0.781903 │
│ hyperband_train_00d42_00347   TERMINATED   True       False      False           False      False      False        False                False       True                   1            1.99667   0.693094   0.760672   0.5      │
│ hyperband_train_00d42_00348   TERMINATED   False      False      False           True       True       False        False                True        True                   2            5.85348   0.383183   0.817279   0.819507 │
│ hyperband_train_00d42_00349   TERMINATED   True       True       False           True       True       False        True                 True        True                   4           19.9922    0.38735    0.819429   0.822533 │
│ hyperband_train_00d42_00350   TERMINATED   True       True       False           True       True       False        False                True        True                   4           18.0247    0.380703   0.822807   0.820649 │
│ hyperband_train_00d42_00351   TERMINATED   True       False      False           True       True       False        True                 True        True                   4           15.7569    0.44556    0.847681   0.791562 │
│ hyperband_train_00d42_00352   TERMINATED   True       False      True            True       False      False        False                False       False                  4           10.2274    0.410666   0.835602   0.81279  │
│ hyperband_train_00d42_00353   TERMINATED   False      True       False           True       False      False        True                 False       True                   4           12.1097    0.392006   0.791381   0.819633 │
│ hyperband_train_00d42_00354   TERMINATED   False      True       False           True       False      True         True                 True        False                  2            6.9286    0.398951   0.829153   0.814267 │
│ hyperband_train_00d42_00355   TERMINATED   False      True       False           False      True       True         True                 False       True                   4           11.0057    0.369616   0.807452   0.825506 │
│ hyperband_train_00d42_00356   TERMINATED   False      False      False           False      False      True         False                True        True                   1            1.67182   0.572141   0.853414   0.768361 │
│ hyperband_train_00d42_00357   TERMINATED   False      False      True            True       False      False        True                 True        True                   4           10.7727    0.380966   0.804279   0.8243   │
│ hyperband_train_00d42_00358   TERMINATED   True       True       False           False      False      False        False                False       False                  1            2.47952   0.693096   0.760672   0.5      │
│ hyperband_train_00d42_00359   TERMINATED   True       True       False           False      True       True         False                True        False                  2            6.51263   0.386185   0.819122   0.816908 │
│ hyperband_train_00d42_00360   TERMINATED   False      True       True            True       True       True         True                 True        False                  4           16.3499    0.388153   0.780018   0.821838 │
│ hyperband_train_00d42_00361   TERMINATED   True       True       False           True       True       True         True                 False       False                  4           16.9555    0.628186   0.850957   0.790051 │
│ hyperband_train_00d42_00362   TERMINATED   False      False      False           True       False      True         False                False       True                   4            6.3231    0.652766   0.782373   0.548269 │
│ hyperband_train_00d42_00363   TERMINATED   True       True       False           False      False      True         True                 False       False                  2            4.83304   0.536589   0.847272   0.790707 │
│ hyperband_train_00d42_00364   TERMINATED   True       True       True            True       False      True         False                False       False                  4           14.0124    0.389403   0.788412   0.818708 │
│ hyperband_train_00d42_00365   TERMINATED   False      False      False           True       False      True         False                True        False                  4            9.48055   0.391121   0.832941   0.818076 │
│ hyperband_train_00d42_00366   TERMINATED   False      True       True            True       True       True         True                 True        False                  1            4.37108   0.47735    0.664551   0.762796 │
│ hyperband_train_00d42_00367   TERMINATED   False      False      False           False      True       True         True                 False       True                   1            2.23904   0.659325   0.765585   0.510265 │
│ hyperband_train_00d42_00368   TERMINATED   False      True       False           True       True       True         True                 True        True                   4           16.8694    0.419441   0.780326   0.82248  │
│ hyperband_train_00d42_00369   TERMINATED   False      True       True            False      True       True         False                True        True                   2            5.53759   0.375607   0.82639    0.821245 │
│ hyperband_train_00d42_00370   TERMINATED   True       False      False           True       False      False        True                 True        True                   4           12.0764    0.391836   0.806428   0.815746 │
│ hyperband_train_00d42_00371   TERMINATED   False      True       False           True       True       True         False                True        True                   4           15.0111    0.423836   0.779609   0.821422 │
│ hyperband_train_00d42_00372   TERMINATED   False      False      True            True       False      True         False                False       False                  4            6.48134   0.754039   0.760672   0.5      │
│ hyperband_train_00d42_00373   TERMINATED   True       True       True            False      True       False        False                True        False                  4           13.697     0.3789     0.838366   0.817099 │
│ hyperband_train_00d42_00374   TERMINATED   False      False      False           True       False      False        False                False       True                   4            7.70637   0.380502   0.795373   0.823869 │
│ hyperband_train_00d42_00375   TERMINATED   False      True       False           True       True       True         True                 True        False                  2            9.24749   0.594342   0.841744   0.726392 │
│ hyperband_train_00d42_00376   TERMINATED   False      True       True            False      False      False        False                True        False                  4            9.33898   0.393389   0.811751   0.824228 │
│ hyperband_train_00d42_00377   TERMINATED   True       True       False           True       False      False        False                False       True                   1            3.77245   0.560313   0.817996   0.757538 │
│ hyperband_train_00d42_00378   TERMINATED   False      False      False           False      True       False        True                 False       False                  2            4.25746   0.377137   0.826799   0.822833 │
│ hyperband_train_00d42_00379   TERMINATED   False      False      False           True       False      True         False                True        True                   1            2.65856   0.385071   0.792609   0.821027 │
│ hyperband_train_00d42_00380   TERMINATED   False      True       False           True       False      False        True                 True        True                   4           12.0428    0.389283   0.820145   0.821245 │
│ hyperband_train_00d42_00381   TERMINATED   True       False      False           False      False      True         True                 False       True                   4            8.32469   0.513847   0.810114   0.824031 │
│ hyperband_train_00d42_00382   TERMINATED   True       True       True            False      False      True         False                True        False                  4            9.57474   0.418467   0.800184   0.814866 │
│ hyperband_train_00d42_00383   TERMINATED   True       False      False           False      True       True         False                True        False                  4           10.2623    0.399222   0.817689   0.821975 │
│ hyperband_train_00d42_00384   TERMINATED   True       True       False           False      False      False        True                 True        False                  2            5.54922   0.693096   0.760672   0.5      │
│ hyperband_train_00d42_00385   TERMINATED   False      True       False           True       False      True         False                True        True                   4           12.3656    0.387394   0.77879    0.819418 │
│ hyperband_train_00d42_00386   TERMINATED   True       True       False           False      False      True         True                 False       True                   1            3.14004   0.405814   0.803665   0.808946 │
│ hyperband_train_00d42_00387   TERMINATED   False      False      True            True       True       True         False                False       False                  1            2.18183   0.639882   0.59699    0.578117 │
│ hyperband_train_00d42_00388   TERMINATED   False      False      True            True       False      False        True                 False       False                  4            8.2874    0.386398   0.811137   0.826463 │
│ hyperband_train_00d42_00389   TERMINATED   False      True       False           False      False      False        False                False       False                  2            3.89988   0.386394   0.810421   0.819396 │
│ hyperband_train_00d42_00390   TERMINATED   False      False      True            False      False      True         True                 False       True                   4            6.79216   0.532501   0.823216   0.815495 │
│ hyperband_train_00d42_00391   TERMINATED   True       False      False           True       False      False        False                False       True                   4            9.81169   0.45012    0.73897    0.802771 │
│ hyperband_train_00d42_00392   TERMINATED   False      True       True            True       False      True         True                 True        False                  4           13.0494    0.570955   0.799468   0.582664 │
│ hyperband_train_00d42_00393   TERMINATED   True       True       True            True       False      False        False                True        False                  4           16.2837    0.475833   0.847886   0.783488 │
│ hyperband_train_00d42_00394   TERMINATED   True       True       True            True       False      False        False                False       True                   2            6.98574   0.471672   0.780326   0.806503 │
│ hyperband_train_00d42_00395   TERMINATED   False      False      True            False      False      False        False                True        True                   4            5.88559   0.441619   0.782168   0.822958 │
│ hyperband_train_00d42_00396   TERMINATED   False      False      False           False      False      True         False                False       True                   1            1.54767   0.682675   0.763333   0.50556  │
│ hyperband_train_00d42_00397   TERMINATED   True       True       True            True       False      True         True                 False       False                  1            4.02888   0.518291   0.795373   0.789278 │
│ hyperband_train_00d42_00398   TERMINATED   True       True       False           False      True       False        True                 True        True                   4           14.0001    0.384032   0.807555   0.824841 │
│ hyperband_train_00d42_00399   TERMINATED   True       True       False           False      True       False        True                 False       False                  2            6.92699   0.400357   0.811137   0.817376 │
│ hyperband_train_00d42_00400   TERMINATED   True       True       False           True       True       False        False                False       True                   4           16.4485    0.443954   0.826083   0.788358 │
│ hyperband_train_00d42_00401   TERMINATED   True       False      True            False      True       True         True                 False       False                  4           12.3212    0.375743   0.80305    0.819828 │
│ hyperband_train_00d42_00402   TERMINATED   True       True       False           False      True       False        False                True        False                  4           12.3674    0.388307   0.821169   0.817227 │
│ hyperband_train_00d42_00403   TERMINATED   True       False      True            False      True       False        False                False       True                   4           10.8538    0.375544   0.821988   0.822456 │
│ hyperband_train_00d42_00404   TERMINATED   True       True       True            True       True       True         False                True        False                  4           19.22      0.395367   0.76968    0.817534 │
│ hyperband_train_00d42_00405   TERMINATED   False      True       False           True       True       True         True                 False       False                  2            7.38913   0.412875   0.843075   0.797768 │
│ hyperband_train_00d42_00406   TERMINATED   True       True       True            False      False      False        True                 True        False                  1            2.78082   0.693106   0.760672   0.5      │
│ hyperband_train_00d42_00407   TERMINATED   False      True       False           True       False      False        False                False       True                   4           12.023     0.383342   0.797113   0.822668 │
│ hyperband_train_00d42_00408   TERMINATED   True       True       True            True       True       False        False                False       False                  2            9.57142   0.453615   0.835398   0.781436 │
│ hyperband_train_00d42_00409   TERMINATED   True       False      True            False      False      True         True                 False       False                  1            2.70444   0.67407    0.766404   0.511976 │
│ hyperband_train_00d42_00410   TERMINATED   True       False      False           False      True       False        True                 False       True                   4            9.77944   0.3894     0.814925   0.825435 │
│ hyperband_train_00d42_00411   TERMINATED   True       True       False           False      False      True         True                 True        True                   4            9.52138   0.378468   0.817484   0.821694 │
│ hyperband_train_00d42_00412   TERMINATED   False      True       True            True       False      False        False                True        False                  4           12.3397    0.385704   0.830177   0.819631 │
│ hyperband_train_00d42_00413   TERMINATED   False      True       True            True       False      True         True                 False       True                   4           13.2108    0.391604   0.804279   0.819317 │
│ hyperband_train_00d42_00414   TERMINATED   True       False      False           False      False      True         True                 True        True                   2            3.88425   0.680099   0.824035   0.649527 │
│ hyperband_train_00d42_00415   TERMINATED   True       False      True            False      False      False        False                False       False                  4            7.80368   0.395167   0.819019   0.821824 │
│ hyperband_train_00d42_00416   TERMINATED   True       False      True            False      False      False        True                 False       False                  1            2.45098   0.693095   0.760672   0.5      │
│ hyperband_train_00d42_00417   TERMINATED   False      True       True            True       False      True         True                 True        True                   2            7.73005   0.583548   0.834988   0.693223 │
│ hyperband_train_00d42_00418   TERMINATED   False      True       False           False      True       False        False                False       True                   1            3.08895   0.425614   0.84717    0.798994 │
│ hyperband_train_00d42_00419   TERMINATED   True       False      True            False      False      True         True                 False       False                  4            9.03391   0.397061   0.817689   0.818311 │
│ hyperband_train_00d42_00420   TERMINATED   False      True       True            False      False      True         True                 True        True                   4            8.80435   0.375072   0.815334   0.824385 │
│ hyperband_train_00d42_00421   TERMINATED   False      False      True            True       False      False        False                True        True                   4            8.82547   0.380786   0.802129   0.824939 │
│ hyperband_train_00d42_00422   TERMINATED   True       False      False           True       True       False        True                 True        False                  4           13.9436    0.449415   0.836012   0.803532 │
│ hyperband_train_00d42_00423   TERMINATED   True       False      False           True       False      False        True                 False       False                  4           12.0556    0.406845   0.781861   0.812203 │
│ hyperband_train_00d42_00424   TERMINATED   True       False      False           False      True       False        False                True        True                   4           10.1215    0.369814   0.809192   0.827383 │
│ hyperband_train_00d42_00425   TERMINATED   False      False      True            True       True       True         False                True        True                   2            5.60432   0.407275   0.74327    0.807796 │
│ hyperband_train_00d42_00426   TERMINATED   True       True       False           False      False      False        False                False       False                  1            2.59132   0.693095   0.760672   0.5      │
│ hyperband_train_00d42_00427   TERMINATED   True       True       True            False      False      True         True                 False       False                  4           10.6149    0.377942   0.821578   0.82204  │
│ hyperband_train_00d42_00428   TERMINATED   False      True       False           True       True       False        True                 True        False                  2            7.75662   0.415189   0.844201   0.805251 │
│ hyperband_train_00d42_00429   TERMINATED   True       False      False           True       False      True         True                 False       True                   1            3.15215   0.435566   0.749207   0.808181 │
│ hyperband_train_00d42_00430   TERMINATED   False      True       True            False      False      False        False                False       True                   4            7.92532   0.38073    0.811751   0.821444 │
│ hyperband_train_00d42_00431   TERMINATED   True       False      True            True       True       False        True                 True        False                  4           15.3302    0.413852   0.842768   0.804016 │
│ hyperband_train_00d42_00432   TERMINATED   False      False      True            False      False      True         False                False       True                   4            5.97998   0.374797   0.819122   0.824383 │
│ hyperband_train_00d42_00433   TERMINATED   True       True       True            False      True       True         False                True        True                   2            6.93783   0.393802   0.793428   0.817607 │
│ hyperband_train_00d42_00434   TERMINATED   True       True       True            False      False      False        True                 False       True                   4           11.0346    0.380526   0.834476   0.818499 │
│ hyperband_train_00d42_00435   TERMINATED   False      True       True            False      False      False        True                 True        False                  4            8.27727   0.415832   0.811342   0.824839 │
│ hyperband_train_00d42_00436   TERMINATED   False      False      True            False      False      False        True                 True        False                  4            7.35636   0.404372   0.818303   0.820913 │
│ hyperband_train_00d42_00437   TERMINATED   False      False      True            True       False      True         False                False       True                   1            2.458     0.449553   0.726994   0.797244 │
│ hyperband_train_00d42_00438   TERMINATED   True       True       False           True       True       True         True                 False       False                  2            9.74795   0.384965   0.815641   0.820922 │
│ hyperband_train_00d42_00439   TERMINATED   True       True       False           True       False      True         True                 False       False                  1            3.70627   0.528405   0.783089   0.783256 │
│ hyperband_train_00d42_00440   TERMINATED   False      True       False           False      True       False        True                 True        False                  4           11.1579    0.396419   0.81124    0.810554 │
│ hyperband_train_00d42_00441   TERMINATED   False      False      False           True       True       True         True                 False       False                  4            8.46901   0.404585   0.768861   0.818754 │
│ hyperband_train_00d42_00442   TERMINATED   True       False      False           True       False      True         True                 True        True                   4           12.1637    0.380859   0.785034   0.819419 │
│ hyperband_train_00d42_00443   TERMINATED   True       False      False           False      True       False        False                True        True                   4           10.4605    0.379706   0.792507   0.827115 │
│ hyperband_train_00d42_00444   TERMINATED   True       True       False           False      False      True         True                 True        False                  4           11.0645    0.452544   0.82209    0.817686 │
│ hyperband_train_00d42_00445   TERMINATED   True       False      True            True       True       True         True                 False       True                   2            6.51726   0.598566   0.537517   0.69014  │
│ hyperband_train_00d42_00446   TERMINATED   False      True       False           True       False      True         True                 False       True                   4           13.4554    0.379624   0.791483   0.822045 │
│ hyperband_train_00d42_00447   TERMINATED   True       True       True            False      True       False        True                 False       False                  2            7.79448   0.393144   0.846658   0.806426 │
│ hyperband_train_00d42_00448   TERMINATED   True       False      False           False      True       False        True                 False       False                  1            2.89259   0.425682   0.752994   0.808179 │
│ hyperband_train_00d42_00449   TERMINATED   True       False      True            True       False      True         False                False       False                  1            2.96774   0.439785   0.786979   0.798565 │
│ hyperband_train_00d42_00450   TERMINATED   True       True       True            False      True       True         True                 False       False                  4           13.5212    0.379887   0.83335    0.819078 │
│ hyperband_train_00d42_00451   TERMINATED   True       False      True            True       False      True         True                 False       True                   4           11.2876    0.460438   0.794247   0.815068 │
│ hyperband_train_00d42_00452   TERMINATED   True       True       True            False      True       True         True                 True        True                   4           14.059     0.403571   0.783396   0.82186  │
│ hyperband_train_00d42_00453   TERMINATED   False      False      True            False      False      True         False                False       True                   4            6.58595   0.393697   0.826083   0.816939 │
│ hyperband_train_00d42_00454   TERMINATED   False      False      True            True       False      True         False                True        True                   4           10.3837    0.40115    0.765892   0.818269 │
│ hyperband_train_00d42_00455   TERMINATED   True       False      True            True       True       True         True                 True        False                  2            9.45577   0.435684   0.765994   0.808076 │
│ hyperband_train_00d42_00456   TERMINATED   False      False      False           True       True       False        False                True        False                  1            2.53998   0.401095   0.837854   0.811632 │
│ hyperband_train_00d42_00457   TERMINATED   False      True       True            True       False      False        True                 True        False                  4           14.2495    0.392286   0.802948   0.822399 │
│ hyperband_train_00d42_00458   TERMINATED   True       True       False           False      False      False        True                 True        False                  1            2.69674   0.395408   0.833043   0.814479 │
│ hyperband_train_00d42_00459   TERMINATED   False      False      True            True       False      True         False                False       True                   2            4.06057   0.403823   0.756065   0.813861 │
│ hyperband_train_00d42_00460   TERMINATED   False      False      True            False      True       False        True                 False       False                  4            7.39825   0.386119   0.845839   0.809845 │
│ hyperband_train_00d42_00461   TERMINATED   True       False      False           True       True       True         False                True        True                   4           14.2128    0.383759   0.808169   0.822899 │
│ hyperband_train_00d42_00462   TERMINATED   False      True       False           True       True       True         True                 False       False                  4           13.7699    0.687916   0.666598   0.439777 │
│ hyperband_train_00d42_00463   TERMINATED   True       True       True            False      False      False        False                True        True                   2            4.98264   0.693113   0.760672   0.5      │
│ hyperband_train_00d42_00464   TERMINATED   False      False      True            True       False      True         False                False       False                  4            8.49493   0.409164   0.838469   0.810717 │
│ hyperband_train_00d42_00465   TERMINATED   False      True       False           False      False      True         False                False       False                  4            7.57907   0.39363    0.839492   0.811976 │
│ hyperband_train_00d42_00466   TERMINATED   True       False      True            False      True       True         False                True        False                  1            2.68129   0.668332   0.760672   0.5      │
│ hyperband_train_00d42_00467   TERMINATED   True       False      True            False      False      True         True                 True        True                   2            4.78479   0.647454   0.844611   0.703505 │
│ hyperband_train_00d42_00468   TERMINATED   False      False      True            True       True       False        False                True        True                   4           11.8674    0.381244   0.818303   0.825164 │
│ hyperband_train_00d42_00469   TERMINATED   True       True       False           False      False      False        False                False       True                   1            2.52432   0.693113   0.760672   0.5      │
│ hyperband_train_00d42_00470   TERMINATED   False      True       True            True       False      True         False                False       False                  4           10.8386    0.395322   0.792814   0.813539 │
│ hyperband_train_00d42_00471   TERMINATED   False      True       False           False      False      True         False                False       True                   4            7.7417    0.379719   0.820452   0.822766 │
│ hyperband_train_00d42_00472   TERMINATED   True       True       True            True       False      True         True                 True        True                   4           15.7463    0.507759   0.855973   0.777958 │
│ hyperband_train_00d42_00473   TERMINATED   False      False      True            False      False      False        True                 False       False                  4            6.32445   0.39818    0.832839   0.815077 │
│ hyperband_train_00d42_00474   TERMINATED   False      True       True            True       False      True         True                 False       True                   2            6.46443   0.42992    0.763435   0.814309 │
│ hyperband_train_00d42_00475   TERMINATED   False      False      True            True       False      True         False                False       True                   4            8.2814    0.415405   0.752073   0.811384 │
│ hyperband_train_00d42_00476   TERMINATED   True       True       True            True       True       False        False                False       False                  2            9.6283    0.409084   0.826697   0.817636 │
│ hyperband_train_00d42_00477   TERMINATED   False      True       False           True       True       False        True                 True        False                  1            4.17747   0.403085   0.818815   0.808791 │
│ hyperband_train_00d42_00478   TERMINATED   False      True       True            True       True       True         True                 True        False                  1            4.23285   0.429758   0.750128   0.808053 │
│ hyperband_train_00d42_00479   TERMINATED   True       False      False           False      False      False        True                 True        True                   4            8.11142   0.377728   0.811342   0.823226 │
│ hyperband_train_00d42_00480   TERMINATED   True       True       True            True       False      False        False                False       False                  4           13.4236    0.410163   0.804893   0.816203 │
│ hyperband_train_00d42_00481   TERMINATED   False      False      False           True       True       False        True                 True        False                  4            9.87136   0.385961   0.82424    0.821738 │
│ hyperband_train_00d42_00482   TERMINATED   False      True       False           False      False      True         False                False       False                  4            7.60691   0.411636   0.835398   0.812802 │
│ hyperband_train_00d42_00483   TERMINATED   False      False      False           True       False      False        False                True        True                   4            8.97752   0.376133   0.81298    0.82401  │
│ hyperband_train_00d42_00484   TERMINATED   False      True       True            True       False      False        True                 True        True                   4           14.1177    0.38941    0.78831    0.820253 │
│ hyperband_train_00d42_00485   TERMINATED   True       False      True            True       True       True         True                 False       True                   2            6.63749   0.53205    0.601187   0.725836 │
│ hyperband_train_00d42_00486   TERMINATED   False      False      False           True       True       False        True                 False       False                  1            2.22796   0.407162   0.825059   0.80498  │
│ hyperband_train_00d42_00487   TERMINATED   True       False      False           False      False      False        False                False       True                   1            2.1478    0.693095   0.760672   0.5      │
│ hyperband_train_00d42_00488   TERMINATED   False      True       True            False      True       False        False                False       False                  2            5.88915   0.41374    0.839492   0.80626  │
│ hyperband_train_00d42_00489   TERMINATED   False      False      False           True       False      False        False                False       True                   4            7.58546   0.380502   0.795373   0.823869 │
│ hyperband_train_00d42_00490   TERMINATED   False      True       False           True       True       False        False                True        False                  4           14.2656    0.461056   0.846248   0.80088  │
│ hyperband_train_00d42_00491   TERMINATED   False      True       False           False      False      True         False                True        False                  4            7.45114   0.461904   0.821578   0.819695 │
│ hyperband_train_00d42_00492   TERMINATED   True       True       True            False      False      False        False                True        False                  4            9.24959   0.693096   0.760672   0.5      │
│ hyperband_train_00d42_00493   TERMINATED   False      False      False           False      True       True         True                 True        True                   4            7.81086   0.388256   0.836217   0.819057 │
│ hyperband_train_00d42_00494   TERMINATED   False      True       False           False      True       False        True                 True        False                  4           11.1328    0.378251   0.825366   0.819839 │
│ hyperband_train_00d42_00495   TERMINATED   True       False      True            True       True       True         True                 True        True                   2            8.3467    0.500331   0.774286   0.785824 │
│ hyperband_train_00d42_00496   TERMINATED   True       False      False           False      True       False        True                 True        True                   1            3.3819    0.39836    0.781963   0.810658 │
│ hyperband_train_00d42_00497   TERMINATED   False      False      False           True       True       True         True                 True        False                  4           12.8226    0.423622   0.76405    0.816178 │
│ hyperband_train_00d42_00498   TERMINATED   False      True       False           False      False      True         False                True        True                   2            4.67211   0.376911   0.818098   0.820632 │
│ hyperband_train_00d42_00499   TERMINATED   False      False      False           True       False      True         False                True        True                   1            2.46516   0.435636   0.817177   0.813577 │
│ hyperband_train_00d42_00500   TERMINATED   False      False      False           True       False      False        True                 False       False                  4            8.00316   0.379096   0.80305    0.822906 │
│ hyperband_train_00d42_00501   TERMINATED   True       False      True            False      True       True         True                 True        True                   4           10.8865    0.382782   0.809295   0.823933 │
│ hyperband_train_00d42_00502   TERMINATED   False      False      True            True       False      False        True                 True        True                   4            9.4452    0.379451   0.810728   0.824728 │
│ hyperband_train_00d42_00503   TERMINATED   False      True       True            False      False      True         True                 True        True                   4            9.55357   0.521565   0.805507   0.825694 │
│ hyperband_train_00d42_00504   TERMINATED   False      True       False           True       True       True         True                 True        True                   2            8.96328   0.403453   0.785956   0.811963 │
│ hyperband_train_00d42_00505   TERMINATED   False      True       True            False      True       True         False                False       True                   4           11.6121    0.372693   0.818815   0.824474 │
│ hyperband_train_00d42_00506   TERMINATED   True       False      True            False      True       True         False                True        False                  2            5.79568   0.614455   0.797625   0.817435 │
│ hyperband_train_00d42_00507   TERMINATED   True       True       True            False      False      False        True                 True        False                  1            2.7679    0.693144   0.760672   0.5      │
│ hyperband_train_00d42_00508   TERMINATED   False      True       False           True       False      True         True                 False       True                   1            2.90997   0.527824   0.85454    0.780387 │
│ hyperband_train_00d42_00509   TERMINATED   False      False      True            True       True       True         True                 True        True                   4           13.4329    0.428055   0.772955   0.816023 │
│ hyperband_train_00d42_00510   TERMINATED   True       False      False           False      False      False        True                 True        False                  4            7.38445   0.402281   0.826799   0.819609 │
│ hyperband_train_00d42_00511   TERMINATED   True       True       True            True       False      True         True                 True        False                  4           16.8887    0.407489   0.785341   0.815223 │
│ hyperband_train_00d42_00512   TERMINATED   False      False      False           False      True       True         True                 False       False                  4            6.62099   0.459416   0.828539   0.821486 │
│ hyperband_train_00d42_00513   TERMINATED   False      True       False           False      False      True         True                 False       True                   4            8.7972    0.643015   0.817382   0.819575 │
│ hyperband_train_00d42_00514   TERMINATED   True       False      True            False      False      False        False                True        True                   2            4.27339   0.693112   0.760672   0.5      │
│ hyperband_train_00d42_00515   TERMINATED   False      False      False           True       True       True         False                False       False                  4            7.88444   0.465992   0.756167   0.808799 │
│ hyperband_train_00d42_00516   TERMINATED   False      True       False           True       True       True         False                True        False                  2            8.2508    0.431799   0.83376    0.808794 │
│ hyperband_train_00d42_00517   TERMINATED   True       False      False           False      False      False        True                 True        False                  1            2.23155   0.693094   0.760672   0.5      │
│ hyperband_train_00d42_00518   TERMINATED   True       True       False           True       True       False        False                True        False                  1            4.97011   0.453025   0.833453   0.772389 │
│ hyperband_train_00d42_00519   TERMINATED   False      False      True            False      True       False        True                 False       True                   4            8.1083    0.379495   0.822807   0.821822 │
│ hyperband_train_00d42_00520   TERMINATED   True       True       False           True       False      False        True                 False       True                   4           13.7193    0.399448   0.81124    0.824185 │
│ hyperband_train_00d42_00521   TERMINATED   False      False      True            False      True       True         False                True        False                  4            6.84614   0.396684   0.778995   0.822777 │
│ hyperband_train_00d42_00522   TERMINATED   True       False      False           True       True       False        True                 False       True                   4           12.6233    0.406228   0.822295   0.820752 │
│ hyperband_train_00d42_00523   TERMINATED   False      True       False           False      False      True         False                True        False                  4            8.5023    0.382907   0.819634   0.818856 │
│ hyperband_train_00d42_00524   TERMINATED   True       False      True            False      True       True         True                 True        False                  4           11.4492    0.376602   0.814618   0.823034 │
│ hyperband_train_00d42_00525   TERMINATED   True       False      False           True       False      True         False                False       False                  2            5.15219   0.647568   0.781759   0.544348 │
│ hyperband_train_00d42_00526   TERMINATED   True       False      True            False      True       True         False                False       False                  2            5.95977   0.399968   0.827618   0.815603 │
│ hyperband_train_00d42_00527   TERMINATED   False      True       False           True       True       False        True                 False       True                   1            3.99158   0.422244   0.783192   0.800179 │
│ hyperband_train_00d42_00528   TERMINATED   True       True       True            True       True       False        False                False       True                   4           18.8531    0.378402   0.812263   0.82178  │
│ hyperband_train_00d42_00529   TERMINATED   True       False      False           False      True       True         True                 False       False                  1            3.33129   0.430495   0.837036   0.798928 │
│ hyperband_train_00d42_00530   TERMINATED   True       False      False           True       False      True         True                 False       True                   4           10.9566    0.395058   0.767939   0.815511 │
│ hyperband_train_00d42_00531   TERMINATED   True       False      False           True       True       True         False                False       True                   4           12.1026    0.501031   0.805814   0.810359 │
│ hyperband_train_00d42_00532   TERMINATED   False      False      True            False      False      False        False                True        True                   4            5.66212   0.441619   0.782168   0.822958 │
│ hyperband_train_00d42_00533   TERMINATED   True       False      False           True       True       True         True                 True        True                   4           15.8906    0.38633    0.807759   0.824536 │
│ hyperband_train_00d42_00534   TERMINATED   False      True       False           False      False      False        False                False       True                   4            8.31628   0.383505   0.814413   0.820115 │
│ hyperband_train_00d42_00535   TERMINATED   True       True       False           True       True       False        False                True        False                  2            9.44446   0.425958   0.829972   0.804985 │
│ hyperband_train_00d42_00536   TERMINATED   False      True       False           False      False      False        False                True        False                  4            8.46359   0.389804   0.80561    0.822243 │
│ hyperband_train_00d42_00537   TERMINATED   True       True       False           False      False      True         True                 True        True                   1            2.90428   0.65921    0.840721   0.717951 │
│ hyperband_train_00d42_00538   TERMINATED   True       True       False           True       False      False        False                False       False                  1            3.66172   0.570757   0.827004   0.676249 │
│ hyperband_train_00d42_00539   TERMINATED   True       True       False           False      True       False        True                 True        True                   2            6.6645    0.389648   0.810728   0.820917 │
│ hyperband_train_00d42_00540   TERMINATED   False      False      False           False      True       False        False                False       True                   4            6.33073   0.373183   0.823114   0.823049 │
│ hyperband_train_00d42_00541   TERMINATED   True       False      False           False      False      False        True                 True        True                   4            8.14563   0.384376   0.801617   0.820499 │
│ hyperband_train_00d42_00542   TERMINATED   True       True       True            True       False      False        False                False       True                   4           13.8       0.413869   0.780326   0.808115 │
│ hyperband_train_00d42_00543   TERMINATED   False      False      True            True       True       True         False                True        True                   4           11.8081    0.442855   0.760876   0.815265 │
│ hyperband_train_00d42_00544   TERMINATED   False      True       True            True       True       True         False                True        True                   2            7.94384   0.410196   0.759136   0.814121 │
│ hyperband_train_00d42_00545   TERMINATED   False      False      True            False      False      True         True                 False       False                  4            6.2908    0.387079   0.824956   0.822502 │
│ hyperband_train_00d42_00546   TERMINATED   True       True       True            False      True       False        False                False       False                  2            7.81897   0.41873    0.851571   0.805258 │
│ hyperband_train_00d42_00547   TERMINATED   False      True       True            True       True       False        False                False       False                  1            3.87214   0.493582   0.756372   0.779912 │
│ hyperband_train_00d42_00548   TERMINATED   False      False      True            True       False      True         True                 False       True                   1            2.65342   0.421521   0.738561   0.804994 │
│ hyperband_train_00d42_00549   TERMINATED   False      True       True            True       False      False        False                False       True                   4           11.8205    0.378571   0.790869   0.822081 │
│ hyperband_train_00d42_00550   TERMINATED   False      True       True            True       True       True         False                True        True                   4           14.6141    0.5387     0.711536   0.779316 │
│ hyperband_train_00d42_00551   TERMINATED   False      True       True            True       True       True         False                False       True                   4           13.0124    0.502955   0.820452   0.814118 │
│ hyperband_train_00d42_00552   TERMINATED   False      False      True            True       False      True         False                True        False                  4            8.96893   0.373768   0.807964   0.822765 │
│ hyperband_train_00d42_00553   TERMINATED   True       False      False           True       True       True         True                 True        False                  4           15.9256    0.392817   0.794554   0.820253 │
│ hyperband_train_00d42_00554   TERMINATED   False      True       True            True       False      True         False                True        False                  2            6.59097   0.445704   0.836319   0.813115 │
│ hyperband_train_00d42_00555   TERMINATED   True       False      False           False      True       True         True                 False       True                   4           10.7761    0.384015   0.807964   0.81529  │
│ hyperband_train_00d42_00556   TERMINATED   False      True       False           True       True       True         True                 False       False                  4           15.1515    0.392478   0.793019   0.81983  │
│ hyperband_train_00d42_00557   TERMINATED   True       False      False           False      False      True         False                True        False                  1            2.06688   0.460591   0.841335   0.810402 │
│ hyperband_train_00d42_00558   TERMINATED   False      True       False           False      True       False        True                 False       True                   2            7.13051   0.408424   0.762821   0.809068 │
│ hyperband_train_00d42_00559   TERMINATED   False      True       False           True       True       True         True                 True        True                   1            4.30191   0.559788   0.721159   0.730529 │
│ hyperband_train_00d42_00560   TERMINATED   False      False      False           False      True       False        False                False       False                  4            6.31816   0.391193   0.838878   0.816995 │
│ hyperband_train_00d42_00561   TERMINATED   True       True       True            True       False      True         True                 True        True                   4           16.148     0.37809    0.834272   0.823495 │
│ hyperband_train_00d42_00562   TERMINATED   True       False      False           True       True       False        True                 False       True                   4           12.3693    0.389374   0.821476   0.819481 │
│ hyperband_train_00d42_00563   TERMINATED   False      True       False           True       False      False        True                 True        True                   2            7.28714   0.398915   0.801515   0.813542 │
│ hyperband_train_00d42_00564   TERMINATED   True       True       False           False      True       False        False                False       False                  4           13.4235    0.38483    0.836319   0.813701 │
│ hyperband_train_00d42_00565   TERMINATED   False      True       False           True       False      False        False                False       True                   4           10.3598    0.397342   0.80561    0.81726  │
│ hyperband_train_00d42_00566   TERMINATED   True       False      False           True       True       False        False                True        False                  1            3.76385   0.516227   0.757089   0.787858 │
│ hyperband_train_00d42_00567   TERMINATED   False      False      True            True       True       False        False                False       False                  2            5.10933   0.396921   0.830689   0.819088 │
│ hyperband_train_00d42_00568   TERMINATED   False      False      False           True       False      False        True                 False       False                  4            8.21926   0.378325   0.791893   0.823341 │
│ hyperband_train_00d42_00569   TERMINATED   True       False      False           True       True       False        False                False       False                  1            3.47886   0.391203   0.827516   0.813484 │
│ hyperband_train_00d42_00570   TERMINATED   True       True       False           False      True       True         False                True        False                  4           12.7384    0.659479   0.851469   0.733957 │
│ hyperband_train_00d42_00571   TERMINATED   False      False      False           True       False      False        False                False       False                  4            6.72681   0.385365   0.785137   0.818313 │
│ hyperband_train_00d42_00572   TERMINATED   False      False      False           False      False      False        True                 False       False                  4            5.27809   0.387454   0.818815   0.818904 │
│ hyperband_train_00d42_00573   TERMINATED   True       False      True            True       False      False        False                False       True                   4           11.53      0.425856   0.809602   0.811383 │
│ hyperband_train_00d42_00574   TERMINATED   True       False      True            True       False      True         False                True        False                  4           13.4382    0.397917   0.823728   0.816857 │
│ hyperband_train_00d42_00575   TERMINATED   True       True       False           True       True       False        False                True        False                  2            9.59652   0.451046   0.782578   0.799922 │
│ hyperband_train_00d42_00576   TERMINATED   False      True       False           False      True       True         True                 False       True                   1            2.83903   0.545364   0.850548   0.796524 │
│ hyperband_train_00d42_00577   TERMINATED   True       True       True            False      True       False        False                False       True                   2            7.60397   0.458991   0.816051   0.81357  │
│ hyperband_train_00d42_00578   TERMINATED   True       True       True            False      True       True         True                 False       False                  1            3.69915   0.641482   0.856485   0.7802   │
│ hyperband_train_00d42_00579   TERMINATED   False      True       True            False      False      False        True                 False       False                  4            8.86092   0.385368   0.810933   0.824276 │
│ hyperband_train_00d42_00580   TERMINATED   True       True       True            False      True       False        False                False       True                   4           13.2114    0.377842   0.837957   0.820201 │
│ hyperband_train_00d42_00581   TERMINATED   False      True       True            True       False      False        False                True        False                  4           12.5224    0.396418   0.823421   0.821053 │
│ hyperband_train_00d42_00582   TERMINATED   True       False      True            False      True       True         True                 True        True                   4           10.6215    0.66726    0.841744   0.804955 │
│ hyperband_train_00d42_00583   TERMINATED   False      False      False           False      False      False        True                 False       True                   4            6.07193   0.378023   0.808783   0.824329 │
│ hyperband_train_00d42_00584   TERMINATED   False      True       False           True       True       False        True                 True        True                   4           15.1556    0.385472   0.810421   0.821009 │
│ hyperband_train_00d42_00585   TERMINATED   False      False      False           True       False      False        True                 True        False                  2            4.66894   0.397707   0.81472    0.818558 │
│ hyperband_train_00d42_00586   TERMINATED   False      True       False           True       True       True         True                 False       True                   1            3.75472   0.549334   0.75627    0.75566  │
│ hyperband_train_00d42_00587   TERMINATED   True       False      True            False      False      True         True                 True        True                   1            2.33182   0.636873   0.850138   0.753456 │
│ hyperband_train_00d42_00588   TERMINATED   False      False      True            False      False      True         True                 True        True                   2            4.05172   0.610226   0.83939    0.812495 │
│ hyperband_train_00d42_00589   TERMINATED   True       False      True            True       True       False        False                False       True                   4           13.8331    0.419205   0.8182     0.823631 │
│ hyperband_train_00d42_00590   TERMINATED   False      False      False           False      True       True         True                 False       False                  4            7.11378   0.39589    0.826697   0.82174  │
│ hyperband_train_00d42_00591   TERMINATED   True       True       True            False      False      False        False                False       False                  4            9.15099   0.693094   0.760672   0.5      │
│ hyperband_train_00d42_00592   TERMINATED   True       False      True            False      True       True         False                False       True                   4           10.1501    0.578366   0.855256   0.781737 │
│ hyperband_train_00d42_00593   TERMINATED   False      True       True            False      True       False        False                False       True                   4           11.4411    0.383575   0.841335   0.815972 │
│ hyperband_train_00d42_00594   TERMINATED   False      False      False           True       True       False        False                True        True                   4           10.4905    0.379273   0.819634   0.819443 │
│ hyperband_train_00d42_00595   TERMINATED   True       False      True            False      True       False        False                False       True                   2            5.07038   0.443707   0.801413   0.814941 │
│ hyperband_train_00d42_00596   TERMINATED   False      False      True            False      True       True         True                 True        True                   1            2.25273   0.403082   0.848296   0.803692 │
│ hyperband_train_00d42_00597   TERMINATED   True       False      False           False      False      True         False                False       False                  2            4.46265   0.470256   0.83939    0.810296 │
│ hyperband_train_00d42_00598   TERMINATED   True       True       True            True       True       True         False                False       True                   1            4.82976   0.441418   0.767223   0.797891 │
│ hyperband_train_00d42_00599   TERMINATED   True       False      True            False      True       False        True                 False       True                   4           11.3085    0.393168   0.802027   0.824139 │
│ hyperband_train_00d42_00600   TERMINATED   False      True       False           True       True       True         True                 False       True                   4           13.1607    0.618973   0.775105   0.648145 │
│ hyperband_train_00d42_00601   TERMINATED   True       True       True            False      False      False        True                 False       True                   4           10.5195    0.374785   0.810523   0.823274 │
│ hyperband_train_00d42_00602   TERMINATED   False      False      False           True       False      False        True                 True        True                   4            9.16234   0.374789   0.816665   0.828044 │
│ hyperband_train_00d42_00603   TERMINATED   False      False      False           True       True       True         True                 False       True                   2            4.12047   0.6967     0.360426   0.557027 │
│ hyperband_train_00d42_00604   TERMINATED   True       False      True            False      True       True         False                True        True                   4           10.3591    0.608963   0.6537     0.76563  │
│ hyperband_train_00d42_00605   TERMINATED   True       True       True            False      False      True         False                True        True                   4            9.51816   0.615655   0.824649   0.818635 │
│ hyperband_train_00d42_00606   TERMINATED   True       True       True            True       False      True         False                True        True                   1            4.32901   0.424795   0.763435   0.799505 │
│ hyperband_train_00d42_00607   TERMINATED   True       True       False           False      True       False        False                True        True                   4           14.2741    0.378767   0.800901   0.82633  │
│ hyperband_train_00d42_00608   TERMINATED   False      True       True            False      False      True         True                 False       False                  2            5.18315   0.406841   0.832736   0.810906 │
│ hyperband_train_00d42_00609   TERMINATED   True       True       False           False      True       True         False                False       False                  1            3.67533   0.554727   0.849524   0.738981 │
│ hyperband_train_00d42_00610   TERMINATED   False      True       True            False      False      False        False                True        False                  4            7.81136   0.693098   0.760672   0.5      │
│ hyperband_train_00d42_00611   TERMINATED   False      True       False           False      False      False        False                False       True                   4            7.27781   0.379062   0.813594   0.823681 │
│ hyperband_train_00d42_00612   TERMINATED   True       False      False           False      True       False        False                False       True                   4            9.49134   0.370301   0.823012   0.824155 │
│ hyperband_train_00d42_00613   TERMINATED   True       True       False           True       True       False        True                 True        True                   4           20.4185    0.393522   0.822807   0.822701 │
│ hyperband_train_00d42_00614   TERMINATED   False      False      False           True       False      False        True                 True        True                   4            9.94031   0.388223   0.812059   0.827215 │
│ hyperband_train_00d42_00615   TERMINATED   True       False      False           True       False      False        True                 False       False                  2            5.30095   0.38696    0.774491   0.819231 │
│ hyperband_train_00d42_00616   TERMINATED   True       False      True            False      True       True         False                False       False                  1            2.836     0.635378   0.78227    0.545417 │
│ hyperband_train_00d42_00617   TERMINATED   False      True       False           True       False      False        False                True        True                   4           12.8869    0.378624   0.820248   0.823511 │
│ hyperband_train_00d42_00618   TERMINATED   True       False      False           True       True       True         True                 False       True                   1            3.53791   0.51247    0.708158   0.782518 │
│ hyperband_train_00d42_00619   TERMINATED   True       True       True            True       True       True         True                 True        True                   2           12.1311    0.439646   0.762719   0.804018 │
│ hyperband_train_00d42_00620   TERMINATED   True       False      False           False      True       False        True                 True        True                   4           10.3278    0.440591   0.742962   0.807301 │
│ hyperband_train_00d42_00621   TERMINATED   False      False      True            True       True       True         False                True        False                  4           10.2916    0.410174   0.745726   0.811609 │
│ hyperband_train_00d42_00622   TERMINATED   False      True       False           True       False      False        True                 False       True                   4           10.6457    0.502019   0.823523   0.699025 │
│ hyperband_train_00d42_00623   TERMINATED   False      True       True            True       True       True         False                True        False                  4           15.6263    0.432238   0.762207   0.818338 │
│ hyperband_train_00d42_00624   TERMINATED   False      True       True            False      True       False        True                 True        True                   4           12.2668    0.370032   0.808681   0.824995 │
│ hyperband_train_00d42_00625   TERMINATED   True       True       True            False      False      True         True                 True        False                  2            5.18247   0.614207   0.851367   0.79545  │
│ hyperband_train_00d42_00626   TERMINATED   True       True       True            False      True       False        False                False       True                   2            7.74474   0.41158    0.826492   0.818088 │
│ hyperband_train_00d42_00627   TERMINATED   False      False      False           False      True       True         True                 True        False                  4            9.64754   0.369804   0.807145   0.823399 │
│ hyperband_train_00d42_00628   TERMINATED   False      False      True            False      True       True         True                 False       True                   1            2.23109   0.490402   0.855052   0.785707 │
│ hyperband_train_00d42_00629   TERMINATED   False      True       False           True       True       True         False                True        False                  1            3.998     0.54365    0.823114   0.748444 │
│ hyperband_train_00d42_00630   TERMINATED   True       True       True            True       False      True         False                False       True                   4           13.6832    0.492468   0.837343   0.810123 │
│ hyperband_train_00d42_00631   TERMINATED   False      False      False           True       True       False        False                True        True                   4            9.23953   0.377361   0.819224   0.821958 │
│ hyperband_train_00d42_00632   TERMINATED   True       True       False           False      True       True         True                 True        True                   4           14.184     0.394609   0.81687    0.822463 │
│ hyperband_train_00d42_00633   TERMINATED   True       False      True            False      False      True         False                True        False                  4            8.6535    0.381291   0.812775   0.824022 │
│ hyperband_train_00d42_00634   TERMINATED   False      False      False           True       True       False        True                 False       True                   4            9.42092   0.399976   0.814822   0.824048 │
│ hyperband_train_00d42_00635   TERMINATED   False      True       True            False      True       True         True                 False       True                   2            5.79959   0.371836   0.81124    0.822426 │
│ hyperband_train_00d42_00636   TERMINATED   True       False      True            False      False      True         False                False       False                  4            9.27247   0.404231   0.821271   0.820226 │
│ hyperband_train_00d42_00637   TERMINATED   True       True       True            True       True       False        False                False       True                   2            9.79543   0.502251   0.747466   0.760573 │
│ hyperband_train_00d42_00638   TERMINATED   True       False      True            False      True       True         True                 False       False                  1            2.73081   0.566435   0.855359   0.765242 │
│ hyperband_train_00d42_00639   TERMINATED   False      False      True            False      False      True         False                True        False                  1            1.95863   0.555375   0.853823   0.786512 │
│ hyperband_train_00d42_00640   TERMINATED   True       True       True            True       True       True         False                False       False                  4           17.6416    0.421244   0.791893   0.819969 │
│ hyperband_train_00d42_00641   TERMINATED   False      True       False           True       True       True         True                 False       False                  4           13.013     0.440981   0.827823   0.817057 │
│ hyperband_train_00d42_00642   TERMINATED   True       False      True            False      True       True         True                 True        True                   4           10.7698    0.546754   0.81298    0.820639 │
│ hyperband_train_00d42_00643   TERMINATED   False      False      True            False      True       True         True                 True        True                   2            3.46348   0.619632   0.698331   0.788078 │
│ hyperband_train_00d42_00644   TERMINATED   False      False      False           True       True       False        True                 True        False                  4           13.4676    0.397151   0.807043   0.815857 │
│ hyperband_train_00d42_00645   TERMINATED   False      False      False           False      True       False        False                False       False                  4            6.25913   0.391193   0.838878   0.816995 │
│ hyperband_train_00d42_00646   TERMINATED   True       True       True            False      False      True         False                False       True                   1            2.80902   0.382788   0.829051   0.820796 │
│ hyperband_train_00d42_00647   TERMINATED   True       False      True            True       False      False        False                True        False                  2            6.98923   0.38998    0.813901   0.823883 │
│ hyperband_train_00d42_00648   TERMINATED   True       False      True            False      False      True         False                True        True                   4            8.95811   0.376201   0.814003   0.824243 │
│ hyperband_train_00d42_00649   TERMINATED   False      False      False           False      True       True         True                 False       False                  1            1.93565   0.396758   0.844303   0.808249 │
│ hyperband_train_00d42_00650   TERMINATED   True       False      False           False      True       True         True                 True        True                   4           10.5884    0.548628   0.782578   0.8244   │
│ hyperband_train_00d42_00651   TERMINATED   True       True       False           True       False      True         True                 False       False                  4           12.7293    0.648511   0.658614   0.766515 │
│ hyperband_train_00d42_00652   TERMINATED   True       True       True            True       True       False        False                False       True                   4           17.2982    0.376717   0.819224   0.82401  │
│ hyperband_train_00d42_00653   TERMINATED   False      True       True            False      False      False        False                False       False                  4            8.50657   0.384476   0.825775   0.821721 │
│ hyperband_train_00d42_00654   TERMINATED   False      False      False           True       True       False        False                False       True                   4            8.824     0.396932   0.816767   0.820343 │
│ hyperband_train_00d42_00655   TERMINATED   True       True       True            True       True       False        True                 True        False                  2            9.93882   0.450267   0.804381   0.80971  │
│ hyperband_train_00d42_00656   TERMINATED   False      False      True            True       False      False        False                True        False                  1            2.62746   0.401591   0.810318   0.818889 │
│ hyperband_train_00d42_00657   TERMINATED   True       False      False           True       False      False        True                 True        True                   1            3.31815   0.568849   0.629542   0.738172 │
│ hyperband_train_00d42_00658   TERMINATED   False      True       False           False      False      False        True                 False       False                  2            4.55258   0.387351   0.8052     0.818456 │
│ hyperband_train_00d42_00659   TERMINATED   False      False      True            True       True       False        True                 True        True                   4           11.9364    0.399882   0.816051   0.826908 │
│ hyperband_train_00d42_00660   TERMINATED   False      True       True            True       False      False        True                 True        False                  4           13.5194    0.38205    0.80561    0.824149 │
│ hyperband_train_00d42_00661   TERMINATED   False      True       False           True       True       True         False                False       True                   4           13.0715    0.435986   0.780837   0.8171   │
│ hyperband_train_00d42_00662   TERMINATED   True       False      True            True       False      True         True                 True        True                   4           12.5134    0.590072   0.852288   0.77275  │
│ hyperband_train_00d42_00663   TERMINATED   False      False      False           True       False      False        False                True        True                   4            9.05813   0.376133   0.81298    0.82401  │
│ hyperband_train_00d42_00664   TERMINATED   True       True       True            True       False      True         True                 False       True                   2            7.31836   0.432253   0.802948   0.820787 │
│ hyperband_train_00d42_00665   TERMINATED   False      False      False           False      True       False        True                 False       True                   4            7.22954   0.37404    0.82209    0.823256 │
│ hyperband_train_00d42_00666   TERMINATED   True       False      False           True       True       True         True                 False       True                   1            4.45512   0.417968   0.813492   0.812181 │
│ hyperband_train_00d42_00667   TERMINATED   True       True       False           True       True       False        True                 True        True                   2           10.4935    0.393706   0.829461   0.817254 │
│ hyperband_train_00d42_00668   TERMINATED   False      True       False           False      True       False        True                 True        True                   4           11.3898    0.372395   0.803255   0.827438 │
│ hyperband_train_00d42_00669   TERMINATED   True       True       True            True       True       False        False                True        False                  1            5.14846   0.463744   0.757396   0.78762  │
│ hyperband_train_00d42_00670   TERMINATED   True       False      False           False      False      True         False                True        False                  4            7.18111   0.61944    0.808988   0.824171 │
│ hyperband_train_00d42_00671   TERMINATED   True       False      False           True       True       False        True                 True        True                   4           16.0079    0.402539   0.789334   0.80407  │
│ hyperband_train_00d42_00672   TERMINATED   False      True       False           True       False      True         False                True        False                  4           11.68      0.457728   0.847579   0.792374 │
│ hyperband_train_00d42_00673   TERMINATED   True       False      False           True       True       True         True                 True        False                  4           16.0333    0.470049   0.830791   0.802446 │
│ hyperband_train_00d42_00674   TERMINATED   True       True       False           True       True       False        True                 True        False                  2            9.84725   0.563781   0.63896    0.721497 │
│ hyperband_train_00d42_00675   TERMINATED   True       True       False           False      True       False        False                False       True                   4           12.5627    0.372126   0.826185   0.821257 │
│ hyperband_train_00d42_00676   TERMINATED   True       True       False           False      False      False        False                True        True                   1            2.61812   0.693095   0.760672   0.5      │
│ hyperband_train_00d42_00677   TERMINATED   True       True       False           False      True       True         False                False       False                  4           14.3543    0.381151   0.836217   0.820083 │
│ hyperband_train_00d42_00678   TERMINATED   False      True       True            False      True       True         True                 False       False                  2            6.43842   0.394707   0.794042   0.823874 │
│ hyperband_train_00d42_00679   TERMINATED   True       True       False           False      False      True         False                False       False                  1            2.74435   0.673216   0.760672   0.5      │
│ hyperband_train_00d42_00680   TERMINATED   True       False      True            False      True       True         False                True        False                  4           10.1639    0.36839    0.809499   0.82568  │
│ hyperband_train_00d42_00681   TERMINATED   True       True       False           True       False      False        False                True        False                  4           14.5159    0.398818   0.80172    0.817048 │
│ hyperband_train_00d42_00682   TERMINATED   False      False      True            False      False      True         True                 True        False                  4            5.53899   0.670093   0.717678   0.797277 │
│ hyperband_train_00d42_00683   TERMINATED   False      True       True            False      True       False        False                False       True                   4           11.2568    0.376807   0.82598    0.822442 │
│ hyperband_train_00d42_00684   TERMINATED   True       True       False           True       True       False        False                True        False                  2            9.58468   0.399575   0.84287    0.806721 │
│ hyperband_train_00d42_00685   TERMINATED   False      False      False           True       True       False        False                False       False                  4            8.67463   0.401992   0.812263   0.820168 │
│ hyperband_train_00d42_00686   TERMINATED   False      False      True            False      False      False        False                False       False                  4            6.74121   0.387784   0.810318   0.822114 │
│ hyperband_train_00d42_00687   TERMINATED   True       True       True            True       True       False        False                False       False                  1            4.88995   0.409316   0.81124    0.809235 │
│ hyperband_train_00d42_00688   TERMINATED   False      True       True            False      False      False        False                False       False                  1            2.2784    0.386436   0.815948   0.822004 │
│ hyperband_train_00d42_00689   TERMINATED   False      True       False           False      True       False        False                False       False                  2            5.40529   0.39523    0.848603   0.807997 │
│ hyperband_train_00d42_00690   TERMINATED   True       False      False           True       True       False        True                 False       False                  4           12.3472    0.420273   0.839799   0.816135 │
│ hyperband_train_00d42_00691   TERMINATED   True       True       False           True       True       True         True                 True        False                  4           19.6503    0.379957   0.795783   0.823259 │
│ hyperband_train_00d42_00692   TERMINATED   True       True       True            False      True       False        True                 False       True                   4           13.7248    0.479121   0.768144   0.808023 │
│ hyperband_train_00d42_00693   TERMINATED   True       False      True            False      False      False        False                False       True                   4            8.26179   0.379664   0.8182     0.820699 │
│ hyperband_train_00d42_00694   TERMINATED   False      False      True            True       True       False        True                 True        True                   4           12.1016    0.392454   0.809499   0.823774 │
│ hyperband_train_00d42_00695   TERMINATED   True       False      False           True       False      True         False                False       True                   2            5.33389   0.638088   0.839083   0.716288 │
│ hyperband_train_00d42_00696   TERMINATED   True       False      False           False      False      True         True                 True        True                   2            5.09607   0.414761   0.799161   0.810236 │
│ hyperband_train_00d42_00697   TERMINATED   False      False      True            False      True       False        False                True        False                  4            7.60903   0.378432   0.834272   0.823055 │
│ hyperband_train_00d42_00698   TERMINATED   True       False      False           True       False      False        False                False       True                   1            2.81563   0.598445   0.842358   0.717269 │
│ hyperband_train_00d42_00699   TERMINATED   True       False      False           False      True       False        False                True        True                   1            2.76729   0.424296   0.848193   0.79395  │
│ hyperband_train_00d42_00700   TERMINATED   True       False      False           False      False      True         False                False       False                  4            7.20843   0.449669   0.836933   0.814251 │
│ hyperband_train_00d42_00701   TERMINATED   False      True       True            False      False      False        True                 False       False                  4            8.7789    0.693096   0.760672   0.5      │
│ hyperband_train_00d42_00702   TERMINATED   True       False      True            False      True       True         False                False       False                  4            9.67594   0.645424   0.819838   0.81474  │
│ hyperband_train_00d42_00703   TERMINATED   False      False      True            False      False      True         False                False       False                  4            6.65562   0.39       0.815027   0.823157 │
│ hyperband_train_00d42_00704   TERMINATED   True       True       False           True       False      False        False                True        True                   4           15.4519    0.454895   0.780428   0.815218 │
│ hyperband_train_00d42_00705   TERMINATED   True       True       False           False      True       True         True                 False       False                  2            6.63761   0.669274   0.789845   0.563148 │
│ hyperband_train_00d42_00706   TERMINATED   False      True       False           False      True       False        True                 False       True                   2            5.88774   0.382079   0.77664    0.820497 │
│ hyperband_train_00d42_00707   TERMINATED   True       True       True            False      True       False        False                True        False                  4           14.1899    0.380537   0.823216   0.821651 │
│ hyperband_train_00d42_00708   TERMINATED   True       True       False           False      True       False        False                False       True                   1            3.57818   0.404183   0.818098   0.814769 │
│ hyperband_train_00d42_00709   TERMINATED   False      True       False           True       False      False        False                True        True                   1            3.4201    0.383842   0.815539   0.8232   │
│ hyperband_train_00d42_00710   TERMINATED   False      False      True            False      False      True         False                False       True                   4            5.8168    0.452166   0.818508   0.819142 │
│ hyperband_train_00d42_00711   TERMINATED   True       True       False           False      False      True         True                 True        False                  4            9.48912   0.623434   0.804176   0.809869 │
│ hyperband_train_00d42_00712   TERMINATED   True       False      False           True       True       True         False                False       True                   4           12.5219    0.396545   0.811547   0.8153   │
│ hyperband_train_00d42_00713   TERMINATED   True       False      False           False      True       True         True                 False       False                  4           13.5359    0.428013   0.827004   0.811096 │
│ hyperband_train_00d42_00714   TERMINATED   True       True       True            True       True       False        True                 True        True                   2           10.3662    0.49546    0.756372   0.780938 │
│ hyperband_train_00d42_00715   TERMINATED   False      True       True            False      True       False        False                False       True                   4           10.6636    0.373721   0.833248   0.820916 │
│ hyperband_train_00d42_00716   TERMINATED   True       False      True            False      False      False        False                False       True                   1            2.18884   0.693097   0.760672   0.5      │
│ hyperband_train_00d42_00717   TERMINATED   False      False      True            True       False      True         False                False       False                  1            2.02531   0.67009    0.773774   0.527374 │
│ hyperband_train_00d42_00718   TERMINATED   True       True       True            False      True       False        True                 False       True                   2            8.09433   0.490647   0.701607   0.786713 │
│ hyperband_train_00d42_00719   TERMINATED   True       False      False           False      False      True         False                False       False                  4            8.26345   0.3778     0.816767   0.820637 │
│ hyperband_train_00d42_00720   TERMINATED   True       False      False           False      True       True         True                 True        True                   4           10.2847    0.384022   0.814413   0.822314 │
│ hyperband_train_00d42_00721   TERMINATED   False      True       False           False      True       True         True                 True        False                  4            9.987     0.380094   0.83591    0.819734 │
│ hyperband_train_00d42_00722   TERMINATED   True       False      False           True       False      True         True                 False       True                   4           10.2358    0.404359   0.795987   0.817677 │
│ hyperband_train_00d42_00723   TERMINATED   True       False      False           True       True       True         False                True        True                   4           15.0297    0.404225   0.79394    0.822634 │
│ hyperband_train_00d42_00724   TERMINATED   False      False      True            False      True       True         True                 True        False                  4            7.97855   0.381357   0.803562   0.823389 │
│ hyperband_train_00d42_00725   TERMINATED   True       False      False           False      True       True         True                 True        True                   2            5.28387   0.621207   0.595148   0.729928 │
│ hyperband_train_00d42_00726   TERMINATED   False      True       False           False      True       False        True                 False       True                   2            6.80444   0.398424   0.753404   0.810793 │
│ hyperband_train_00d42_00727   TERMINATED   True       False      True            False      True       True         False                False       True                   1            2.80872   0.727368   0.239328   0.5      │
│ hyperband_train_00d42_00728   TERMINATED   True       True       False           True       False      False        False                False       False                  4           14.0151    0.394379   0.791381   0.822418 │
│ hyperband_train_00d42_00729   TERMINATED   True       True       False           True       True       False        True                 False       True                   1            4.9573    0.402177   0.814208   0.813531 │
│ hyperband_train_00d42_00730   TERMINATED   True       True       True            True       False      False        False                False       True                   4           13.5607    0.38209    0.814515   0.823114 │
│ hyperband_train_00d42_00731   TERMINATED   False      True       True            False      True       False        True                 True        True                   4           10.6769    0.379976   0.81861    0.824779 │
│ hyperband_train_00d42_00732   TERMINATED   True       False      False           True       True       True         False                False       True                   4           12.4602    0.396545   0.811547   0.8153   │
│ hyperband_train_00d42_00733   TERMINATED   False      True       True            True       False      False        False                False       True                   4           11.6401    0.381322   0.799161   0.821229 │
│ hyperband_train_00d42_00734   TERMINATED   True       True       False           True       True       False        True                 False       False                  2            9.47149   0.457598   0.769475   0.786326 │
│ hyperband_train_00d42_00735   TERMINATED   True       False      True            False      True       False        True                 False       True                   4           11.335     0.368278   0.808066   0.826203 │
│ hyperband_train_00d42_00736   TERMINATED   False      True       True            True       False      True         True                 True        True                   2            7.88826   0.390307   0.800798   0.816882 │
│ hyperband_train_00d42_00737   TERMINATED   True       False      True            False      True       False        True                 True        True                   4           11.3549    0.368496   0.806633   0.829659 │
│ hyperband_train_00d42_00738   TERMINATED   True       True       False           True       False      True         False                False       True                   1            3.75652   0.455751   0.730064   0.788416 │
│ hyperband_train_00d42_00739   TERMINATED   True       True       False           True       False      False        True                 True        True                   1            4.26538   0.489042   0.79609    0.798397 │
│ hyperband_train_00d42_00740   TERMINATED   True       True       False           False      True       False        False                True        True                   4           12.5352    0.379096   0.803869   0.826229 │
│ hyperband_train_00d42_00741   TERMINATED   True       True       False           True       False      False        True                 False       False                  4           13.0693    0.427625   0.822295   0.807707 │
│ hyperband_train_00d42_00742   TERMINATED   False      False      True            True       True       True         True                 True        False                  4           10.5273    0.424808   0.757089   0.817319 │
│ hyperband_train_00d42_00743   TERMINATED   False      True       True            True       False      False        True                 True        True                   4           14.3997    0.391051   0.814413   0.82803  │
│ hyperband_train_00d42_00744   TERMINATED   False      False      False           False      True       False        False                True        True                   4            7.14253   0.369141   0.812775   0.827979 │
│ hyperband_train_00d42_00745   TERMINATED   True       True       False           False      False      False        True                 False       False                  2            5.15359   0.693095   0.760672   0.5      │
│ hyperband_train_00d42_00746   TERMINATED   True       True       False           False      True       True         True                 False       True                   1            3.77223   0.48663    0.854949   0.742401 │
│ hyperband_train_00d42_00747   TERMINATED   True       False      False           True       True       False        False                True        False                  1            3.76265   0.440114   0.824445   0.779952 │
│ hyperband_train_00d42_00748   TERMINATED   False      True       False           True       True       True         True                 True        False                  2            8.71214   0.48815    0.733135   0.796591 │
│ hyperband_train_00d42_00749   TERMINATED   False      False      False           True       False      False        False                True        False                  4            9.00841   0.381946   0.79998    0.82338  │
│ hyperband_train_00d42_00750   TERMINATED   True       False      True            True       True       False        True                 True        True                   4           15.1094    0.440782   0.795168   0.813621 │
│ hyperband_train_00d42_00751   TERMINATED   True       False      True            False      False      False        True                 False       False                  4            7.88425   0.389239   0.813185   0.821213 │
│ hyperband_train_00d42_00752   TERMINATED   False      False      False           True       True       True         False                True        False                  4            9.8061    0.420302   0.773877   0.818827 │
│ hyperband_train_00d42_00753   TERMINATED   True       True       False           False      False      False        True                 False       True                   2            5.09515   0.693094   0.760672   0.5      │
│ hyperband_train_00d42_00754   TERMINATED   True       True       True            True       True       False        False                False       False                  4           18.5104    0.413351   0.815129   0.811059 │
│ hyperband_train_00d42_00755   TERMINATED   True       True       False           False      False      True         True                 False       False                  4           10.3858    0.476212   0.716859   0.770795 │
│ hyperband_train_00d42_00756   TERMINATED   True       False      False           True       True       True         True                 False       True                   1            4.26068   0.552098   0.703654   0.761676 │
│ hyperband_train_00d42_00757   TERMINATED   False      True       True            True       True       True         False                False       False                  1            3.57862   0.567855   0.824956   0.752    │
│ hyperband_train_00d42_00758   TERMINATED   True       True       True            True       False      True         False                False       True                   2            7.87378   0.497548   0.785239   0.771771 │
│ hyperband_train_00d42_00759   TERMINATED   True       False      True            False      True       False        True                 True        False                  4           11.6445    0.386218   0.815948   0.82259  │
│ hyperband_train_00d42_00760   TERMINATED   True       False      False           True       True       False        False                True        False                  4           13.6039    0.387013   0.838776   0.816488 │
│ hyperband_train_00d42_00761   TERMINATED   False      True       False           True       True       True         True                 True        False                  4           15.1297    0.440764   0.856894   0.796445 │
│ hyperband_train_00d42_00762   TERMINATED   False      False      False           False      True       True         False                True        True                   4            6.08145   0.65821    0.408947   0.610906 │
│ hyperband_train_00d42_00763   TERMINATED   True       False      True            False      False      True         True                 True        False                  4            8.81864   0.404348   0.817791   0.816326 │
│ hyperband_train_00d42_00764   TERMINATED   True       False      True            False      False      False        True                 True        False                  2            4.33931   0.693097   0.760672   0.5      │
│ hyperband_train_00d42_00765   TERMINATED   False      True       True            True       False      True         True                 True        False                  4           13.5564    0.393208   0.778585   0.818991 │
│ hyperband_train_00d42_00766   TERMINATED   False      True       False           True       True       True         False                True        True                   4           16.9807    0.41105    0.78831    0.821718 │
│ hyperband_train_00d42_00767   TERMINATED   True       False      False           False      True       True         True                 False       True                   1            2.82226   0.404135   0.845122   0.807175 │
│ hyperband_train_00d42_00768   TERMINATED   False      False      True            False      False      True         False                True        True                   2            3.95991   0.378159   0.819736   0.822148 │
│ hyperband_train_00d42_00769   TERMINATED   True       True       True            True       True       False        False                False       True                   1            4.57264   0.40198    0.807964   0.811918 │
│ hyperband_train_00d42_00770   TERMINATED   True       True       True            True       True       False        True                 True        True                   4           19.235     0.419288   0.820248   0.820726 │
│ hyperband_train_00d42_00771   TERMINATED   False      False      False           True       False      False        True                 True        False                  4            8.308     0.407361   0.800389   0.823649 │
│ hyperband_train_00d42_00772   TERMINATED   False      False      False           False      True       True         True                 False       False                  4            6.90049   0.392144   0.834579   0.819153 │
│ hyperband_train_00d42_00773   TERMINATED   False      False      True            True       True       False        False                True        False                  4           11.2251    0.384022   0.837445   0.820597 │
│ hyperband_train_00d42_00774   TERMINATED   False      True       False           True       True       False        True                 False       True                   2            8.09002   0.41154    0.792916   0.807011 │
│ hyperband_train_00d42_00775   TERMINATED   False      True       True            True       False      False        True                 False       False                  4           11.8735    0.421213   0.798649   0.817668 │
│ hyperband_train_00d42_00776   TERMINATED   True       True       True            False      False      True         False                True        False                  1            2.70488   0.477528   0.847886   0.793455 │
│ hyperband_train_00d42_00777   TERMINATED   False      True       False           True       True       False        True                 True        False                  4           16.6546    0.405583   0.817279   0.818188 │
│ hyperband_train_00d42_00778   TERMINATED   True       False      True            False      True       True         True                 False       True                   1            3.06306   0.660291   0.775719   0.531437 │
│ hyperband_train_00d42_00779   TERMINATED   True       True       True            False      True       False        True                 True        True                   2            7.495     0.484441   0.753404   0.805223 │
│ hyperband_train_00d42_00780   TERMINATED   False      False      True            True       False      False        False                True        True                   4            8.96823   0.380786   0.802129   0.824939 │
│ hyperband_train_00d42_00781   TERMINATED   True       True       True            False      False      False        True                 False       True                   4            9.75618   0.383581   0.827106   0.819371 │
│ hyperband_train_00d42_00782   TERMINATED   False      False      False           False      True       False        False                False       True                   4            6.16759   0.373183   0.823114   0.823049 │
│ hyperband_train_00d42_00783   TERMINATED   False      True       False           False      False      True         True                 True        True                   2            5.31208   0.401553   0.802948   0.81082  │
│ hyperband_train_00d42_00784   TERMINATED   True       True       False           True       True       False        False                False       False                  4           16.6167    0.428502   0.850752   0.792848 │
│ hyperband_train_00d42_00785   TERMINATED   True       False      True            False      False      False        False                False       False                  4            8.32075   0.395463   0.819122   0.820865 │
│ hyperband_train_00d42_00786   TERMINATED   False      True       False           True       True       False        True                 True        True                   1            4.35323   0.407459   0.805302   0.807971 │
│ hyperband_train_00d42_00787   TERMINATED   True       True       False           True       False      False        True                 True        False                  2            8.4222    0.414569   0.836114   0.80785  │
│ hyperband_train_00d42_00788   TERMINATED   False      True       True            False      True       True         False                True        False                  4           11.3229    0.422996   0.803153   0.825319 │
│ hyperband_train_00d42_00789   TERMINATED   True       False      False           False      True       True         False                False       True                   1            2.81522   0.450037   0.854745   0.775098 │
│ hyperband_train_00d42_00790   TERMINATED   True       True       False           False      True       True         True                 False       True                   4           14.1068    0.380411   0.821578   0.817203 │
│ hyperband_train_00d42_00791   TERMINATED   True       False      False           False      False      False        True                 False       False                  4            7.11495   0.693144   0.760672   0.5      │
│ hyperband_train_00d42_00792   TERMINATED   True       False      False           False      True       True         True                 True        False                  4           10.4283    0.373308   0.813389   0.824279 │
│ hyperband_train_00d42_00793   TERMINATED   True       True       False           True       True       False        False                False       False                  4           17.5612    0.403817   0.842768   0.80724  │
│ hyperband_train_00d42_00794   TERMINATED   False      True       False           True       True       False        False                True        True                   4           15.9111    0.378342   0.816972   0.823849 │
│ hyperband_train_00d42_00795   TERMINATED   True       True       False           False      False      False        True                 True        False                  2            5.26444   0.693095   0.760672   0.5      │
│ hyperband_train_00d42_00796   TERMINATED   False      False      False           True       True       True         True                 False       True                   4           10.4627    0.392503   0.820145   0.823883 │
│ hyperband_train_00d42_00797   TERMINATED   False      True       False           True       True       True         False                False       True                   2            7.55293   0.434618   0.761695   0.804517 │
│ hyperband_train_00d42_00798   TERMINATED   True       True       True            False      False      False        True                 True        False                  1            2.75024   0.693095   0.760672   0.5      │
│ hyperband_train_00d42_00799   TERMINATED   True       False      False           False      True       False        False                False       True                   1            2.7023    0.424296   0.848193   0.79395  │
│ hyperband_train_00d42_00800   TERMINATED   False      True       False           True       False      True         False                False       True                   4           10.638     0.430893   0.800594   0.8188   │
│ hyperband_train_00d42_00801   TERMINATED   False      True       False           True       True       True         True                 False       False                  4           12.8643    0.538607   0.77531    0.791041 │
│ hyperband_train_00d42_00802   TERMINATED   False      True       True            False      True       False        False                False       True                   4           10.8088    0.373217   0.827516   0.821545 │
│ hyperband_train_00d42_00803   TERMINATED   True       True       True            False      True       True         True                 True        False                  4           14.084     0.610474   0.823933   0.815673 │
│ hyperband_train_00d42_00804   TERMINATED   True       False      True            False      False      False        False                False       False                  2            4.18357   0.693143   0.760672   0.5      │
│ hyperband_train_00d42_00805   TERMINATED   True       False      True            True       False      False        True                 True        True                   4           13.4132    0.384877   0.818712   0.822501 │
│ hyperband_train_00d42_00806   TERMINATED   True       False      False           True       False      False        True                 False       False                  1            2.82729   0.573711   0.813594   0.670806 │
│ hyperband_train_00d42_00807   TERMINATED   True       False      False           False      False      False        False                True        True                   4            8.04255   0.378562   0.814311   0.822979 │
│ hyperband_train_00d42_00808   TERMINATED   True       True       True            False      False      False        False                True        True                   1            2.61657   0.693139   0.760672   0.5      │
│ hyperband_train_00d42_00809   TERMINATED   False      True       True            True       True       True         False                False       True                   2            7.11624   0.402414   0.792507   0.817735 │
│ hyperband_train_00d42_00810   TERMINATED   True       False      True            False      False      False        True                 True        False                  4            8.05475   0.693144   0.760672   0.5      │
│ hyperband_train_00d42_00811   TERMINATED   True       True       False           True       True       False        False                False       False                  4           17.0308    0.403858   0.826901   0.818797 │
│ hyperband_train_00d42_00812   TERMINATED   True       True       False           True       False      True         True                 False       True                   4           13.8259    0.415663   0.796192   0.818252 │
│ hyperband_train_00d42_00813   TERMINATED   False      False      False           True       True       True         False                False       True                   4            9.32561   0.423699   0.786979   0.819231 │
│ hyperband_train_00d42_00814   TERMINATED   False      False      True            False      False      False        False                False       False                  4            6.37696   0.393155   0.819122   0.820572 │
│ hyperband_train_00d42_00815   TERMINATED   True       True       False           False      False      True         True                 False       True                   2            5.24835   0.497067   0.825468   0.814044 │
│ hyperband_train_00d42_00816   TERMINATED   True       True       False           True       False      False        True                 True        True                   1            4.33346   0.557604   0.756577   0.787961 │
│ hyperband_train_00d42_00817   TERMINATED   False      True       True            False      True       False        False                True        False                  1            2.87254   0.379052   0.819531   0.819668 │
│ hyperband_train_00d42_00818   TERMINATED   False      True       False           True       False      False        True                 True        True                   2            7.22672   0.392891   0.807043   0.820254 │
│ hyperband_train_00d42_00819   TERMINATED   False      True       True            True       True       False        False                True        True                   4           16.3467    0.405676   0.808169   0.823925 │
│ hyperband_train_00d42_00820   TERMINATED   True       True       False           True       True       False        False                False       True                   4           16.5881    0.433276   0.780428   0.801734 │
│ hyperband_train_00d42_00821   TERMINATED   True       True       False           False      True       True         False                False       True                   4           12.566     0.553486   0.8528     0.738203 │
│ hyperband_train_00d42_00822   TERMINATED   False      False      True            False      False      True         True                 False       False                  4            5.75314   0.382351   0.812877   0.824382 │
│ hyperband_train_00d42_00823   TERMINATED   True       True       False           False      False      True         False                True        True                   4           10.008     0.403872   0.805917   0.812918 │
│ hyperband_train_00d42_00824   TERMINATED   True       False      True            False      True       False        False                False       False                  4           10.6465    0.386525   0.843484   0.811375 │
│ hyperband_train_00d42_00825   TERMINATED   False      False      False           True       False      True         False                False       False                  2            3.42852   0.760243   0.760672   0.5      │
│ hyperband_train_00d42_00826   TERMINATED   True       True       True            True       True       True         True                 False       False                  2           11.0308    0.445046   0.838673   0.799125 │
│ hyperband_train_00d42_00827   TERMINATED   True       False      False           True       True       True         False                True        True                   1            3.94182   0.531347   0.649299   0.733862 │
│ hyperband_train_00d42_00828   TERMINATED   False      True       True            True       False      True         True                 False       False                  4           14.2605    0.450834   0.853721   0.782194 │
│ hyperband_train_00d42_00829   TERMINATED   True       True       True            True       True       True         True                 True        True                   1            5.96005   0.453596   0.73508    0.77647  │
│ hyperband_train_00d42_00830   TERMINATED   False      False      True            True       True       True         False                True        False                  4            9.61221   0.503102   0.699355   0.782595 │
│ hyperband_train_00d42_00831   TERMINATED   False      False      False           True       False      False        False                False       False                  4            6.37068   0.385365   0.785137   0.818313 │
│ hyperband_train_00d42_00832   TERMINATED   False      False      False           False      True       True         False                True        True                   4            6.01668   0.604293   0.712355   0.796417 │
│ hyperband_train_00d42_00833   TERMINATED   True       False      False           True       False      False        True                 False       True                   4           11.4542    0.382686   0.798854   0.822786 │
│ hyperband_train_00d42_00834   TERMINATED   True       True       False           False      True       False        False                False       True                   4           12.6122    0.374114   0.821988   0.823335 │
│ hyperband_train_00d42_00835   TERMINATED   False      False      True            False      True       False        True                 False       False                  2            3.65959   0.3818     0.834169   0.819323 │
│ hyperband_train_00d42_00836   TERMINATED   True       True       True            True       True       True         True                 True        False                  4           22.0648    0.458786   0.784625   0.818124 │
│ hyperband_train_00d42_00837   TERMINATED   True       False      False           True       True       False        False                True        True                   2            8.09017   0.442484   0.824956   0.796998 │
│ hyperband_train_00d42_00838   TERMINATED   True       True       True            False      True       False        True                 False       False                  1            3.76501   0.543855   0.610298   0.735635 │
│ hyperband_train_00d42_00839   TERMINATED   True       True       False           False      True       True         False                True        True                   1            3.75908   0.622155   0.687481   0.782998 │
│ hyperband_train_00d42_00840   TERMINATED   True       True       True            False      True       False        False                True        False                  4           13.1562    0.487258   0.707851   0.789499 │
│ hyperband_train_00d42_00841   TERMINATED   False      True       False           True       False      True         True                 False       True                   4           11.0081    0.413367   0.781656   0.819397 │
│ hyperband_train_00d42_00842   TERMINATED   False      True       False           True       True       True         False                True        False                  4           14.4416    0.419881   0.852595   0.800508 │
│ hyperband_train_00d42_00843   TERMINATED   False      True       False           True       False      True         True                 True        False                  2            7.35739   0.610705   0.780121   0.540633 │
│ hyperband_train_00d42_00844   TERMINATED   True       True       False           True       True       True         False                False       False                  4           16.8547    0.41673    0.840004   0.810993 │
│ hyperband_train_00d42_00845   TERMINATED   False      True       False           False      False      False        False                False       True                   4            8.28917   0.379062   0.813594   0.823681 │
│ hyperband_train_00d42_00846   TERMINATED   False      True       True            True       True       True         True                 False       True                   1            3.76527   0.438261   0.725663   0.792265 │
│ hyperband_train_00d42_00847   TERMINATED   True       False      False           False      False      True         False                False       False                  1            2.14817   0.557926   0.853209   0.775262 │
│ hyperband_train_00d42_00848   TERMINATED   False      True       True            False      False      False        True                 False       True                   4            9.34259   0.37564    0.819531   0.824505 │
│ hyperband_train_00d42_00849   TERMINATED   False      True       True            True       True       True         False                False       True                   2            7.24697   0.466814   0.762719   0.817649 │
│ hyperband_train_00d42_00850   TERMINATED   True       True       True            False      True       True         True                 False       False                  4           13.6184    0.537278   0.85239    0.80052  │
│ hyperband_train_00d42_00851   TERMINATED   False      False      False           True       True       True         True                 True        True                   4            9.69241   0.417532   0.734876   0.804477 │
│ hyperband_train_00d42_00852   TERMINATED   False      True       True            True       False      False        False                False       True                   4           11.1098    0.37899    0.808373   0.822448 │
│ hyperband_train_00d42_00853   TERMINATED   True       False      False           True       True       True         True                 False       True                   2            6.89537   0.471806   0.674071   0.767001 │
│ hyperband_train_00d42_00854   TERMINATED   False      True       False           False      False      False        False                True        True                   4            8.1661    0.379755   0.814515   0.82414  │
│ hyperband_train_00d42_00855   TERMINATED   False      False      True            False      False      False        True                 True        False                  4            6.31569   0.449924   0.815744   0.824361 │
│ hyperband_train_00d42_00856   TERMINATED   False      True       False           False      True       False        True                 False       False                  4           11.1725    0.388002   0.83939    0.813081 │
│ hyperband_train_00d42_00857   TERMINATED   False      False      False           True       True       False        False                True        False                  1            2.69974   0.401095   0.837854   0.811632 │
│ hyperband_train_00d42_00858   TERMINATED   True       True       True            False      False      False        True                 True        True                   1            2.96348   0.693139   0.760672   0.5      │
│ hyperband_train_00d42_00859   TERMINATED   False      True       False           True       False      True         False                False       False                  2            5.64887   0.398428   0.801208   0.820083 │
│ hyperband_train_00d42_00860   TERMINATED   True       False      False           True       True       False        True                 True        False                  4           13.6168    0.436324   0.850138   0.791564 │
│ hyperband_train_00d42_00861   TERMINATED   True       True       True            True       True       False        False                False       True                   4           17.5036    0.473628   0.741734   0.804148 │
│ hyperband_train_00d42_00862   TERMINATED   True       False      True            False      True       False        False                False       True                   4            9.89567   0.377489   0.834169   0.81903  │
│ hyperband_train_00d42_00863   TERMINATED   False      False      True            False      True       True         True                 False       True                   4            7.98596   0.37501    0.817791   0.823948 │
│ hyperband_train_00d42_00864   TERMINATED   True       False      False           True       True       True         False                True        False                  2            7.17013   0.475965   0.7446     0.801928 │
│ hyperband_train_00d42_00865   TERMINATED   True       False      False           True       True       False        False                True        True                   4           14.282     0.377942   0.821988   0.822749 │
│ hyperband_train_00d42_00866   TERMINATED   True       True       False           False      False      True         False                True        False                  1            2.54964   0.661009   0.821783   0.637494 │
│ hyperband_train_00d42_00867   TERMINATED   True       False      True            True       True       False        True                 False       False                  1            3.51147   0.461463   0.795373   0.798073 │
│ hyperband_train_00d42_00868   TERMINATED   False      False      True            False      True       True         False                True        True                   2            4.12561   0.597743   0.687481   0.781972 │
│ hyperband_train_00d42_00869   TERMINATED   False      True       True            False      False      True         False                False       False                  4            8.833     0.541452   0.808476   0.822222 │
│ hyperband_train_00d42_00870   TERMINATED   True       True       False           False      False      False        True                 True        False                  4            9.04699   0.693105   0.760672   0.5      │
│ hyperband_train_00d42_00871   TERMINATED   True       True       False           False      False      False        True                 True        True                   4            9.10938   0.380267   0.8182     0.821725 │
│ hyperband_train_00d42_00872   TERMINATED   False      False      False           True       True       True         True                 False       True                   4            8.55762   0.401003   0.813799   0.820737 │
│ hyperband_train_00d42_00873   TERMINATED   True       True       True            True       True       False        False                True        True                   2            9.93915   0.410968   0.820862   0.812482 │
│ hyperband_train_00d42_00874   TERMINATED   False      False      False           True       True       False        False                True        False                  4            9.53023   0.38779    0.828846   0.820661 │
│ hyperband_train_00d42_00875   TERMINATED   False      True       False           False      False      True         False                False       False                  4            8.34308   0.387648   0.823728   0.820082 │
│ hyperband_train_00d42_00876   TERMINATED   False      True       False           True       True       False        False                False       True                   2            7.66911   0.394345   0.816358   0.816557 │
│ hyperband_train_00d42_00877   TERMINATED   True       True       False           True       False      True         False                True        True                   1            4.13031   0.401686   0.779404   0.809708 │
│ hyperband_train_00d42_00878   TERMINATED   False      False      False           False      False      True         True                 False       True                   4            6.72624   0.377101   0.821783   0.825106 │
│ hyperband_train_00d42_00879   TERMINATED   True       False      False           True       False      True         True                 True        False                  1            3.68199   0.438683   0.79742    0.793702 │
│ hyperband_train_00d42_00880   TERMINATED   False      True       True            True       False      False        False                False       True                   4           11.0577    0.402673   0.820043   0.817953 │
│ hyperband_train_00d42_00881   TERMINATED   True       True       True            True       True       False        False                True        False                  4           18.7743    0.420812   0.81083    0.816001 │
│ hyperband_train_00d42_00882   TERMINATED   True       True       True            True       False      False        True                 False       True                   4           13.6144    0.437927   0.715017   0.787906 │
│ hyperband_train_00d42_00883   TERMINATED   False      True       True            False      True       False        False                False       False                  4           10.9888    0.428648   0.827413   0.803596 │
│ hyperband_train_00d42_00884   TERMINATED   False      True       True            False      True       False        True                 False       False                  2            6.05603   0.402052   0.838059   0.800774 │
│ hyperband_train_00d42_00885   TERMINATED   True       True       True            False      False      True         False                False       False                  4            9.72483   0.380357   0.817893   0.821523 │
│ hyperband_train_00d42_00886   TERMINATED   False      False      False           False      True       True         False                True        False                  1            1.8486    0.459489   0.741836   0.810958 │
│ hyperband_train_00d42_00887   TERMINATED   False      True       False           True       False      False        False                False       True                   4           11.9928    0.380387   0.791176   0.824482 │
│ hyperband_train_00d42_00888   TERMINATED   False      False      False           True       False      False        False                False       False                  2            4.16411   0.386355   0.772341   0.81899  │
│ hyperband_train_00d42_00889   TERMINATED   True       True       False           False      True       False        True                 False       False                  1            3.79847   0.424257   0.824138   0.814928 │
│ hyperband_train_00d42_00890   TERMINATED   True       True       False           False      False      False        False                False       True                   4            8.77      0.377651   0.825161   0.820731 │
│ hyperband_train_00d42_00891   TERMINATED   False      True       True            False      False      True         False                False       True                   4            8.10093   0.45221    0.816665   0.81969  │
│ hyperband_train_00d42_00892   TERMINATED   True       False      True            False      False      True         False                False       True                   4            7.92075   0.377494   0.820452   0.822619 │
│ hyperband_train_00d42_00893   TERMINATED   True       True       False           False      False      True         False                False       False                  4            9.71597   0.451315   0.819326   0.821146 │
│ hyperband_train_00d42_00894   TERMINATED   True       False      True            True       False      True         True                 False       True                   4           12.1131    0.418869   0.806633   0.814855 │
│ hyperband_train_00d42_00895   TERMINATED   False      True       False           False      True       True         False                False       False                  2            5.46149   0.547523   0.849319   0.803192 │
│ hyperband_train_00d42_00896   TERMINATED   True       False      True            True       False      True         True                 False       False                  1            2.96634   0.516234   0.808578   0.794587 │
│ hyperband_train_00d42_00897   TERMINATED   False      True       False           True       False      True         True                 True        False                  4           15.305     0.380961   0.824956   0.820303 │
│ hyperband_train_00d42_00898   TERMINATED   True       False      True            True       False      True         True                 True        False                  1            3.63075   0.453249   0.752789   0.784592 │
│ hyperband_train_00d42_00899   TERMINATED   False      False      True            True       True       True         False                True        True                   2            5.63096   0.429686   0.720135   0.79684  │
│ hyperband_train_00d42_00900   TERMINATED   True       True       True            True       False      False        True                 True        False                  4           15.6025    0.470863   0.839902   0.793777 │
│ hyperband_train_00d42_00901   TERMINATED   True       True       False           True       False      True         True                 True        True                   4           15.5706    0.390768   0.813799   0.82147  │
│ hyperband_train_00d42_00902   TERMINATED   False      True       False           True       False      False        True                 False       True                   4           10.8607    0.584883   0.770499   0.52053  │
│ hyperband_train_00d42_00903   TERMINATED   True       True       True            True       False      True         False                False       False                  4           14.5529    0.402685   0.7792     0.814851 │
│ hyperband_train_00d42_00904   TERMINATED   False      False      True            True       True       True         True                 True        True                   4           10.9033    0.501217   0.682874   0.768097 │
│ hyperband_train_00d42_00905   TERMINATED   True       True       False           True       False      True         False                True        False                  2            7.59162   0.621457   0.818303   0.635352 │
│ hyperband_train_00d42_00906   TERMINATED   False      True       False           True       True       False        True                 True        False                  2            8.2662    0.410598   0.83939    0.812495 │
│ hyperband_train_00d42_00907   TERMINATED   False      False      False           True       True       False        True                 True        True                   1            2.75941   0.415906   0.820452   0.81617  │
│ hyperband_train_00d42_00908   TERMINATED   False      True       False           False      False      True         True                 False       False                  1            2.68349   0.649607   0.781452   0.543413 │
│ hyperband_train_00d42_00909   TERMINATED   True       True       False           True       False      False        False                False       False                  4           13.9671    0.382329   0.782578   0.821175 │
│ hyperband_train_00d42_00910   TERMINATED   True       False      True            True       True       False        False                False       True                   4           12.6981    0.386409   0.800594   0.818213 │
│ hyperband_train_00d42_00911   TERMINATED   False      True       False           True       False      False        False                False       True                   4           10.3536    0.379107   0.793326   0.823989 │
│ hyperband_train_00d42_00912   TERMINATED   False      True       True            True       True       False        False                True        True                   4           15.4083    0.399455   0.806224   0.818836 │
│ hyperband_train_00d42_00913   TERMINATED   False      False      True            False      False      False        False                False       True                   4            6.25887   0.385486   0.817382   0.821333 │
│ hyperband_train_00d42_00914   TERMINATED   False      True       True            True       False      True         False                False       False                  4           11.7189    0.415274   0.755349   0.810459 │
│ hyperband_train_00d42_00915   TERMINATED   True       False      False           True       False      False        False                True        False                  2            6.03719   0.417449   0.814515   0.81388  │
│ hyperband_train_00d42_00916   TERMINATED   True       False      True            False      False      False        False                False       False                  4            8.38129   0.388235   0.821988   0.82099  │
│ hyperband_train_00d42_00917   TERMINATED   False      False      True            True       True       False        True                 False       False                  1            3.05312   0.414119   0.799263   0.803121 │
│ hyperband_train_00d42_00918   TERMINATED   False      False      False           False      True       True         True                 True        False                  1            2.13123   0.397234   0.844508   0.803547 │
│ hyperband_train_00d42_00919   TERMINATED   False      False      False           True       True       False        False                True        True                   2            5.21983   0.38279    0.815744   0.817325 │
│ hyperband_train_00d42_00920   TERMINATED   False      False      False           True       False      False        False                False       False                  4            6.8139    0.385365   0.785137   0.818313 │
│ hyperband_train_00d42_00921   TERMINATED   True       False      True            False      False      False        True                 True        True                   4            8.26623   0.379012   0.819019   0.820944 │
│ hyperband_train_00d42_00922   TERMINATED   False      True       True            True       False      False        True                 False       False                  4           11.9752    0.381505   0.804074   0.823726 │
│ hyperband_train_00d42_00923   TERMINATED   False      False      True            True       False      False        True                 True        True                   2            6.12742   0.422024   0.804279   0.799676 │
│ hyperband_train_00d42_00924   TERMINATED   False      False      False           False      True       True         True                 True        True                   4            7.49076   0.369453   0.809807   0.825735 │
│ hyperband_train_00d42_00925   TERMINATED   False      False      True            False      False      True         True                 True        False                  4            6.59937   0.396974   0.819736   0.823027 │
│ hyperband_train_00d42_00926   TERMINATED   False      False      True            True       False      True         False                False       False                  1            2.09213   0.683151   0.768144   0.515612 │
│ hyperband_train_00d42_00927   TERMINATED   True       True       False           False      False      True         True                 True        False                  2            5.882     0.621847   0.841744   0.696198 │
│ hyperband_train_00d42_00928   TERMINATED   True       True       False           False      False      False        False                True        True                   1            2.72018   0.693139   0.760672   0.5      │
│ hyperband_train_00d42_00929   TERMINATED   True       False      False           True       True       False        True                 False       True                   4           13.744     0.392933   0.811956   0.814836 │
│ hyperband_train_00d42_00930   TERMINATED   True       True       True            False      False      False        False                False       True                   4            9.86149   0.373842   0.815641   0.823268 │
│ hyperband_train_00d42_00931   TERMINATED   False      False      True            True       False      False        False                False       True                   4            7.22677   0.378713   0.806633   0.82277  │
│ hyperband_train_00d42_00932   TERMINATED   True       True       True            False      True       True         False                False       False                  4           13.0814    0.535613   0.853516   0.795397 │
│ hyperband_train_00d42_00933   TERMINATED   True       True       True            False      True       False        True                 True        False                  4           14.7449    0.468092   0.748592   0.807777 │
│ hyperband_train_00d42_00934   TERMINATED   False      True       True            True       False      True         False                True        True                   4           13.8875    0.397554   0.827106   0.822156 │
│ hyperband_train_00d42_00935   TERMINATED   True       False      True            True       True       True         False                False       True                   2            6.46361   0.522702   0.615518   0.74024  │
│ hyperband_train_00d42_00936   TERMINATED   False      False      False           False      True       True         False                False       False                  1            1.88023   0.672584   0.760672   0.5      │
│ hyperband_train_00d42_00937   TERMINATED   False      False      False           False      False      False        False                True        False                  4            6.54912   0.390542   0.810421   0.822914 │
│ hyperband_train_00d42_00938   TERMINATED   False      False      True            True       True       False        False                False       True                   2            5.39851   0.403971   0.818712   0.819863 │
│ hyperband_train_00d42_00939   TERMINATED   True       True       True            True       True       False        False                True        False                  1            5.07755   0.492184   0.704166   0.756296 │
│ hyperband_train_00d42_00940   TERMINATED   False      False      False           True       False      True         True                 False       False                  4            7.55073   0.441307   0.851776   0.787071 │
│ hyperband_train_00d42_00941   TERMINATED   False      True       True            False      True       True         False                True        True                   4           10.4221    0.659215   0.385403   0.595577 │
│ hyperband_train_00d42_00942   TERMINATED   False      True       False           False      False      True         True                 True        False                  4            8.7335    0.375453   0.815744   0.823921 │
│ hyperband_train_00d42_00943   TERMINATED   True       True       True            False      True       False        False                True        True                   4           14.1489    0.390608   0.784318   0.821    │
│ hyperband_train_00d42_00944   TERMINATED   True       True       False           False      False      False        True                 True        True                   2            5.11135   0.693094   0.760672   0.5      │
│ hyperband_train_00d42_00945   TERMINATED   True       False      False           False      False      False        False                False       False                  4            7.02976   0.390819   0.81298    0.817121 │
│ hyperband_train_00d42_00946   TERMINATED   True       False      False           False      True       True         True                 False       False                  2            5.79939   0.582627   0.856792   0.760761 │
│ hyperband_train_00d42_00947   TERMINATED   True       False      False           True       False      True         False                False       False                  1            2.82746   0.547223   0.824956   0.785126 │
│ hyperband_train_00d42_00948   TERMINATED   True       False      True            False      True       True         False                False       False                  4           11.2297    0.377775   0.823728   0.822281 │
│ hyperband_train_00d42_00949   TERMINATED   True       True       True            False      True       True         True                 False       False                  1            4.17813   0.547733   0.742348   0.79268  │
│ hyperband_train_00d42_00950   TERMINATED   True       True       False           False      True       False        True                 True        True                   4           12.477     0.389736   0.811751   0.820564 │
│ hyperband_train_00d42_00951   TERMINATED   True       True       True            True       False      False        False                False       True                   4           13.627     0.456633   0.79568    0.81513  │
│ hyperband_train_00d42_00952   TERMINATED   False      True       True            True       True       False        True                 False       True                   4           13.9126    0.379432   0.806531   0.824168 │
│ hyperband_train_00d42_00953   TERMINATED   False      True       True            True       True       True         False                False       True                   4           14.7466    0.44613    0.722899   0.787077 │
│ hyperband_train_00d42_00954   TERMINATED   False      False      False           False      False      False        True                 True        True                   4            6.39402   0.393981   0.810318   0.826951 │
│ hyperband_train_00d42_00955   TERMINATED   True       True       True            False      True       False        True                 False       True                   2            7.56874   0.432524   0.845532   0.788683 │
│ hyperband_train_00d42_00956   TERMINATED   True       True       True            False      True       False        False                False       True                   1            3.68914   0.484954   0.75412    0.806867 │
│ hyperband_train_00d42_00957   TERMINATED   False      False      True            True       False      False        False                False       True                   4            9.19782   0.381212   0.815846   0.824282 │
│ hyperband_train_00d42_00958   TERMINATED   True       True       False           False      True       True         False                False       False                  2            7.06293   0.488949   0.848603   0.807997 │
│ hyperband_train_00d42_00959   TERMINATED   True       False      True            True       True       True         False                False       True                   1            3.56595   0.567114   0.584297   0.71019  │
│ hyperband_train_00d42_00960   TERMINATED   False      True       True            False      True       False        False                True        False                  4           10.5062    0.376328   0.829972   0.821988 │
│ hyperband_train_00d42_00961   TERMINATED   False      False      False           True       False      True         True                 False       False                  4            9.22691   0.415788   0.830894   0.809695 │
│ hyperband_train_00d42_00962   TERMINATED   False      True       True            False      False      False        False                False       True                   4            7.91001   0.377216   0.812775   0.823142 │
│ hyperband_train_00d42_00963   TERMINATED   True       False      True            True       True       False        True                 False       True                   4           13.8853    0.430363   0.819429   0.824145 │
│ hyperband_train_00d42_00964   TERMINATED   True       False      True            True       True       False        False                False       False                  2            6.51421   0.429929   0.832429   0.806893 │
│ hyperband_train_00d42_00965   TERMINATED   False      False      True            True       True       False        True                 False       False                  4            9.59148   0.424257   0.825775   0.816151 │
│ hyperband_train_00d42_00966   TERMINATED   False      True       False           True       False      True         False                True        True                   1            3.41437   0.388928   0.787491   0.819714 │
│ hyperband_train_00d42_00967   TERMINATED   True       True       False           False      False      False        True                 False       True                   4           10.8971    0.380533   0.815334   0.823066 │
│ hyperband_train_00d42_00968   TERMINATED   False      False      False           True       True       False        True                 False       True                   2            5.28099   0.398976   0.817893   0.820204 │
│ hyperband_train_00d42_00969   TERMINATED   True       True       True            True       True       True         True                 False       True                   1            5.08193   0.539994   0.593715   0.726347 │
│ hyperband_train_00d42_00970   TERMINATED   False      True       True            False      False      True         True                 True        True                   4            8.34864   0.541428   0.846351   0.796697 │
│ hyperband_train_00d42_00971   TERMINATED   False      False      True            False      True       True         True                 True        False                  4            7.48392   0.374254   0.790767   0.824506 │
│ hyperband_train_00d42_00972   TERMINATED   False      False      True            False      True       False        False                False       False                  4            6.58305   0.391348   0.844815   0.81782  │
│ hyperband_train_00d42_00973   TERMINATED   True       False      True            False      False      False        False                False       False                  2            4.04123   0.693097   0.760672   0.5      │
│ hyperband_train_00d42_00974   TERMINATED   True       False      True            True       True       False        True                 False       False                  4           13.7709    0.519541   0.713789   0.78021  │
│ hyperband_train_00d42_00975   TERMINATED   True       True       True            False      True       True         True                 True        True                   4           14.2074    0.423281   0.81083    0.821424 │
│ hyperband_train_00d42_00976   TERMINATED   False      True       False           True       False      True         False                False       False                  1            3.08244   0.394796   0.824752   0.811814 │
│ hyperband_train_00d42_00977   TERMINATED   True       True       True            False      False      False        True                 False       True                   1            2.94331   0.693095   0.760672   0.5      │
│ hyperband_train_00d42_00978   TERMINATED   False      True       True            False      False      True         False                True        True                   4            8.91232   0.380593   0.807145   0.826037 │
│ hyperband_train_00d42_00979   TERMINATED   True       False      False           False      True       False        True                 False       True                   2            5.38809   0.404948   0.774695   0.817753 │
│ hyperband_train_00d42_00980   TERMINATED   True       False      True            False      False      False        True                 True        True                   4            8.24342   0.693094   0.760672   0.5      │
│ hyperband_train_00d42_00981   TERMINATED   True       False      False           False      True       False        False                True        False                  4            9.19354   0.379534   0.82424    0.820711 │
│ hyperband_train_00d42_00982   TERMINATED   False      True       True            True       False      True         False                False       False                  4           10.431     0.651898   0.63548    0.752481 │
│ hyperband_train_00d42_00983   TERMINATED   True       True       False           True       True       True         False                True        False                  4           19.9611    0.404047   0.835602   0.809712 │
│ hyperband_train_00d42_00984   TERMINATED   False      True       False           True       True       True         True                 False       False                  2            6.67835   0.525133   0.854642   0.761546 │
│ hyperband_train_00d42_00985   TERMINATED   False      False      True            True       False      False        True                 False       True                   4            7.87662   0.393564   0.812059   0.821059 │
│ hyperband_train_00d42_00986   TERMINATED   False      True       True            False      False      False        True                 True        True                   1            2.52916   0.693095   0.760672   0.5      │
│ hyperband_train_00d42_00987   TERMINATED   True       True       True            False      True       False        False                False       True                   4           14.8786    0.414857   0.826697   0.823352 │
│ hyperband_train_00d42_00988   TERMINATED   True       True       False           False      True       True         False                True        True                   2            7.58844   0.551399   0.83898    0.814864 │
│ hyperband_train_00d42_00989   TERMINATED   True       False      True            False      False      True         True                 False       False                  1            2.69592   0.625367   0.841028   0.797155 │
│ hyperband_train_00d42_00990   TERMINATED   False      True       True            False      True       False        False                False       False                  4           10.1142    0.445773   0.791995   0.817691 │
│ hyperband_train_00d42_00991   TERMINATED   True       True       False           True       True       True         True                 False       True                   4           17.0988    0.639723   0.77101    0.5216   │
│ hyperband_train_00d42_00992   TERMINATED   False      False      True            True       True       True         False                False       True                   4            8.55129   0.388747   0.794247   0.824009 │
│ hyperband_train_00d42_00993   TERMINATED   False      True       True            True       False      False        False                True        True                   4           13.4889    0.387113   0.793428   0.820246 │
│ hyperband_train_00d42_00994   TERMINATED   False      True       True            False      True       True         True                 False       True                   4           12.1038    0.374219   0.798342   0.822156 │
│ hyperband_train_00d42_00995   TERMINATED   True       False      True            False      True       False        False                False       True                   2            5.42232   0.476642   0.735695   0.800618 │
│ hyperband_train_00d42_00996   TERMINATED   False      True       True            True       True       True         True                 False       False                  2            8.0696    0.402346   0.820862   0.813068 │
│ hyperband_train_00d42_00997   TERMINATED   False      True       False           True       True       True         True                 True        False                  1            4.16825   0.450046   0.718702   0.793113 │
│ hyperband_train_00d42_00998   TERMINATED   False      False      False           True       True       False        False                True        False                  1            2.69951   0.401095   0.837854   0.811632 │
│ hyperband_train_00d42_00999   TERMINATED   False      False      True            False      True       True         True                 False       False                  4            8.07436   0.37779    0.823421   0.822812 │
│ hyperband_train_00d42_01000   TERMINATED   False      True       False           False      True       True         False                False       False                  4           10.0664    0.47497    0.834886   0.818035 │
│ hyperband_train_00d42_01001   TERMINATED   False      True       True            False      False      True         True                 True        True                   4            8.31692   0.380885   0.808578   0.826393 │
│ hyperband_train_00d42_01002   TERMINATED   False      False      True            False      True       False        True                 False       False                  4            8.7168    0.40483    0.835398   0.805327 │
│ hyperband_train_00d42_01003   TERMINATED   True       True       False           True       False      False        True                 False       False                  2            6.64054   0.446625   0.780326   0.811926 │
│ hyperband_train_00d42_01004   TERMINATED   False      False      True            False      True       False        False                False       False                  4            7.49662   0.387416   0.838776   0.817075 │
│ hyperband_train_00d42_01005   TERMINATED   False      False      False           True       False      True         False                True        True                   4            8.72397   0.391047   0.776026   0.818334 │
│ hyperband_train_00d42_01006   TERMINATED   True       True       False           True       False      True         True                 False       True                   1            4.00416   0.403164   0.791381   0.8189   │
│ hyperband_train_00d42_01007   TERMINATED   True       False      True            False      False      False        True                 True        True                   1            2.37806   0.379471   0.81646    0.820581 │
│ hyperband_train_00d42_01008   TERMINATED   True       False      True            True       False      False        True                 False       True                   2            6.56031   0.410936   0.819838   0.820163 │
│ hyperband_train_00d42_01009   TERMINATED   False      True       True            True       False      False        True                 False       True                   4           12.4378    0.399724   0.792507   0.822132 │
│ hyperband_train_00d42_01010   TERMINATED   False      True       False           False      False      False        False                True        False                  4            7.40834   0.693098   0.760672   0.5      │
│ hyperband_train_00d42_01011   TERMINATED   True       False      False           True       False      True         False                True        True                   4           11.8147    0.376308   0.797625   0.822858 │
│ hyperband_train_00d42_01012   TERMINATED   False      False      True            False      True       True         False                False       True                   4            7.09419   0.370383   0.806428   0.824834 │
│ hyperband_train_00d42_01013   TERMINATED   True       True       True            True       False      True         False                False       True                   4           14.828     0.375094   0.803358   0.822522 │
│ hyperband_train_00d42_01014   TERMINATED   True       False      False           False      False      False        True                 True        True                   4            8.67943   0.374474   0.819019   0.824902 │
│ hyperband_train_00d42_01015   TERMINATED   True       True       False           True       True       False        False                False       True                   2            8.72197   0.646165   0.685024   0.66691  │
│ hyperband_train_00d42_01016   TERMINATED   True       False      True            True       False      False        True                 False       True                   1            3.28919   0.521995   0.757293   0.683194 │
│ hyperband_train_00d42_01017   TERMINATED   True       True       False           True       False      False        True                 True        True                   2            8.70631   0.462523   0.784318   0.816456 │
│ hyperband_train_00d42_01018   TERMINATED   True       True       False           True       False      False        True                 True        True                   1            4.33955   0.538634   0.732419   0.764314 │
│ hyperband_train_00d42_01019   TERMINATED   False      False      False           True       True       True         False                False       True                   4            9.55234   0.423699   0.786979   0.819231 │
│ hyperband_train_00d42_01020   TERMINATED   False      False      True            False      True       True         False                False       False                  4            6.81478   0.370606   0.805917   0.828161 │
│ hyperband_train_00d42_01021   TERMINATED   True       False      True            True       True       False        False                True        True                   4           14.5858    0.493558   0.71471    0.767624 │
│ hyperband_train_00d42_01022   TERMINATED   True       True       False           True       False      False        False                True        True                   4           14.5708    0.381459   0.801003   0.820681 │
│ hyperband_train_00d42_01023   TERMINATED   True       False      False           True       True       True         True                 False       False                  2            7.42621   0.398244   0.809192   0.809794 │
│ hyperband_train_00d42_01024   TERMINATED   True       True       False           False      True       False        True                 True        True                   4           15.1487    0.385179   0.786877   0.819311 │
│ hyperband_train_00d42_01025   TERMINATED   False      True       True            False      True       True         False                True        False                  4           10.6966    0.379505   0.811137   0.821773 │
│ hyperband_train_00d42_01026   TERMINATED   True       False      True            False      True       True         False                True        True                   1            2.97172   0.431096   0.854642   0.789395 │
│ hyperband_train_00d42_01027   TERMINATED   True       True       True            False      True       True         False                False       False                  4           14.3515    0.377556   0.833453   0.82193  │
│ hyperband_train_00d42_01028   TERMINATED   False      False      True            True       True       True         True                 False       True                   1            2.78107   0.403727   0.782168   0.816069 │
│ hyperband_train_00d42_01029   TERMINATED   True       False      True            False      False      True         True                 True        True                   2            4.84043   0.395936   0.803153   0.816524 │
│ hyperband_train_00d42_01030   TERMINATED   True       False      True            False      False      True         True                 True        False                  4            9.23717   0.443564   0.802846   0.819694 │
│ hyperband_train_00d42_01031   TERMINATED   True       True       True            True       True       False        True                 False       True                   4           19.9432    0.524772   0.727096   0.782508 │
│ hyperband_train_00d42_01032   TERMINATED   False      True       True            True       True       True         False                False       False                  4           13.5378    0.469048   0.744396   0.805751 │
│ hyperband_train_00d42_01033   TERMINATED   True       True       False           True       True       False        True                 False       True                   2            8.96106   0.599182   0.604463   0.706003 │
│ hyperband_train_00d42_01034   TERMINATED   False      True       False           True       True       True         False                False       False                  4           14.1789    0.386027   0.814106   0.818447 │
│ hyperband_train_00d42_01035   TERMINATED   True       True       True            True       False      True         False                True        False                  4           15.897     0.374374   0.790971   0.823175 │
│ hyperband_train_00d42_01036   TERMINATED   True       True       False           False      False      False        True                 False       True                   1            2.79403   0.693095   0.760672   0.5      │
│ hyperband_train_00d42_01037   TERMINATED   True       True       False           True       False      True         False                False       True                   2            7.70309   0.534029   0.688095   0.756872 │
│ hyperband_train_00d42_01038   TERMINATED   True       False      True            False      True       False        True                 False       False                  1            2.8981    0.3968     0.849217   0.803124 │
│ hyperband_train_00d42_01039   TERMINATED   False      False      True            True       False      True         False                True        True                   4           10.3366    0.41308    0.752482   0.813705 │
│ hyperband_train_00d42_01040   TERMINATED   True       False      True            True       False      False        False                True        True                   4           11.9544    0.383256   0.807862   0.823284 │
│ hyperband_train_00d42_01041   TERMINATED   True       True       True            True       True       False        True                 False       False                  4           19.4001    0.449624   0.827823   0.792433 │
│ hyperband_train_00d42_01042   TERMINATED   False      False      False           True       True       True         False                False       False                  4            7.65735   0.424319   0.747262   0.805143 │
│ hyperband_train_00d42_01043   TERMINATED   True       True       True            True       True       True         True                 False       False                  2            9.29223   0.507089   0.773569   0.807779 │
│ hyperband_train_00d42_01044   TERMINATED   False      False      True            False      False      False        False                True        False                  4            6.35758   0.439462   0.811751   0.825548 │
│ hyperband_train_00d42_01045   TERMINATED   False      False      True            False      False      False        False                False       False                  4            5.7509    0.388082   0.808066   0.821073 │
│ hyperband_train_00d42_01046   TERMINATED   False      True       True            False      True       False        True                 False       True                   4           12.1328    0.371968   0.826492   0.821312 │
│ hyperband_train_00d42_01047   TERMINATED   False      True       True            False      False      False        True                 True        True                   2            4.91797   0.388438   0.824649   0.820541 │
│ hyperband_train_00d42_01048   TERMINATED   True       True       False           False      True       False        True                 True        False                  1            3.7777    0.444615   0.743065   0.807515 │
│ hyperband_train_00d42_01049   TERMINATED   True       True       False           True       False      False        True                 True        True                   1            4.29248   0.4616     0.797523   0.801538 │
│ hyperband_train_00d42_01050   TERMINATED   True       False      True            True       True       False        True                 False       False                  4           12.6685    0.431917   0.768042   0.799748 │
│ hyperband_train_00d42_01051   TERMINATED   True       False      True            True       True       False        False                True        False                  4           14.5473    0.481542   0.811854   0.808026 │
│ hyperband_train_00d42_01052   TERMINATED   True       True       True            False      False      False        False                True        True                   4            9.37634   0.424288   0.783806   0.823741 │
│ hyperband_train_00d42_01053   TERMINATED   True       True       False           True       True       False        False                False       True                   4           17.8753    0.415064   0.821169   0.809605 │
│ hyperband_train_00d42_01054   TERMINATED   True       True       False           False      True       True         True                 True        False                  2            7.03421   0.669276   0.760672   0.5      │
│ hyperband_train_00d42_01055   TERMINATED   False      False      True            True       False      False        False                False       False                  4            8.319     0.398098   0.808271   0.816078 │
│ hyperband_train_00d42_01056   TERMINATED   True       False      True            True       False      True         True                 True        False                  2            7.46794   0.391173   0.783089   0.818287 │
│ hyperband_train_00d42_01057   TERMINATED   True       False      True            True       True       True         False                True        False                  1            4.06104   0.52987    0.766609   0.775941 │
│ hyperband_train_00d42_01058   TERMINATED   False      False      False           True       True       True         True                 False       True                   4            9.71089   0.399092   0.800594   0.823197 │
│ hyperband_train_00d42_01059   TERMINATED   False      False      False           False      True       True         True                 True        True                   1            2.05544   0.42399    0.853004   0.788905 │
│ hyperband_train_00d42_01060   TERMINATED   True       True       False           True       True       False        True                 True        False                  4           18.5511    0.433568   0.810523   0.818731 │
│ hyperband_train_00d42_01061   TERMINATED   False      True       True            False      False      True         True                 True        True                   4            8.63085   0.380088   0.811854   0.827227 │
│ hyperband_train_00d42_01062   TERMINATED   True       False      False           False      True       False        True                 True        True                   4            9.64572   0.385644   0.803562   0.823976 │
│ hyperband_train_00d42_01063   TERMINATED   False      True       False           True       True       False        False                False       True                   2            6.48272   0.460101   0.756679   0.787003 │
│ hyperband_train_00d42_01064   TERMINATED   True       True       False           True       False      False        False                False       False                  4           14.0693    0.388193   0.810114   0.819927 │
│ hyperband_train_00d42_01065   TERMINATED   True       False      False           False      True       True         True                 True        False                  4           10.1596    0.375119   0.82076    0.823554 │
│ hyperband_train_00d42_01066   TERMINATED   False      False      False           True       True       True         True                 True        True                   1            2.94651   0.649774   0.625243   0.560925 │
│ hyperband_train_00d42_01067   TERMINATED   False      False      False           True       False      True         True                 False       True                   1            2.7357    0.425168   0.746033   0.800379 │
│ hyperband_train_00d42_01068   TERMINATED   False      False      True            False      False      True         False                True        False                  2            4.01627   0.382441   0.818405   0.821713 │
│ hyperband_train_00d42_01069   TERMINATED   False      True       False           False      True       False        False                True        False                  4           10.6809    0.382665   0.814925   0.820891 │
│ hyperband_train_00d42_01070   TERMINATED   False      True       False           True       True       False        False                True        False                  4           14.2887    0.461056   0.846248   0.80088  │
│ hyperband_train_00d42_01071   TERMINATED   True       True       False           False      False      False        False                True        False                  4            8.72112   0.693105   0.760672   0.5      │
│ hyperband_train_00d42_01072   TERMINATED   True       False      True            True       True       True         False                False       False                  4           12.4949    0.393265   0.809602   0.817979 │
│ hyperband_train_00d42_01073   TERMINATED   True       True       True            False      False      True         False                True        True                   4           10.5598    0.376991   0.81472    0.820757 │
│ hyperband_train_00d42_01074   TERMINATED   True       True       False           True       True       True         False                False       False                  4           17.0336    0.393096   0.80694    0.817109 │
│ hyperband_train_00d42_01075   TERMINATED   False      False      True            False      True       False        True                 True        False                  2            3.73744   0.381074   0.834067   0.816471 │
│ hyperband_train_00d42_01076   TERMINATED   True       True       True            False      True       False        False                True        True                   1            3.6941    0.417588   0.755758   0.814832 │
│ hyperband_train_00d42_01077   TERMINATED   False      False      False           True       True       False        True                 False       True                   1            3.01747   0.417004   0.786877   0.802308 │
│ hyperband_train_00d42_01078   TERMINATED   False      True       True            False      True       True         True                 False       False                  2            6.5653    0.405531   0.810114   0.823592 │
│ hyperband_train_00d42_01079   TERMINATED   True       True       True            False      False      True         True                 False       True                   4           10.7978    0.376302   0.8182     0.822311 │
│ hyperband_train_00d42_01080   TERMINATED   True       False      True            True       False      False        True                 True        False                  4           13.3241    0.397219   0.807862   0.826362 │
│ hyperband_train_00d42_01081   TERMINATED   False      True       False           False      False      False        True                 False       False                  4            7.62883   0.383604   0.8182     0.821872 │
│ hyperband_train_00d42_01082   TERMINATED   True       False      False           False      True       False        False                True        False                  4            9.28655   0.372751   0.826492   0.822485 │
│ hyperband_train_00d42_01083   TERMINATED   False      True       True            True       False      False        True                 True        False                  2            6.97811   0.413991   0.817996   0.821297 │
│ hyperband_train_00d42_01084   TERMINATED   False      False      True            True       True       False        False                True        True                   4           11.6756    0.491426   0.804381   0.824221 │
│ hyperband_train_00d42_01085   TERMINATED   False      False      False           True       True       False        True                 True        True                   4           10.2646    0.408642   0.820964   0.822369 │
│ hyperband_train_00d42_01086   TERMINATED   True       False      False           True       False      False        False                False       False                  2            5.86766   0.385569   0.769168   0.817784 │
│ hyperband_train_00d42_01087   TERMINATED   False      False      True            True       True       False        False                False       True                   4            9.57494   0.38565    0.821886   0.823268 │
│ hyperband_train_00d42_01088   TERMINATED   False      True       True            False      True       False        True                 False       False                  1            3.0374    0.393246   0.836319   0.812968 │
│ hyperband_train_00d42_01089   TERMINATED   False      False      True            False      True       False        False                True        True                   1            1.95606   0.393062   0.834272   0.817485 │
│ hyperband_train_00d42_01090   TERMINATED   False      True       False           True       True       False        True                 True        False                  4           15.4423    0.381312   0.833965   0.823146 │
│ hyperband_train_00d42_01091   TERMINATED   True       False      True            False      True       False        True                 True        False                  4           10.0637    0.513663   0.688709   0.775597 │
│ hyperband_train_00d42_01092   TERMINATED   True       False      True            True       True       True         True                 True        True                   4           17.67      0.413577   0.767735   0.817721 │
│ hyperband_train_00d42_01093   TERMINATED   True       False      True            False      True       False        False                True        True                   4           10.58      0.369058   0.810318   0.825778 │
│ hyperband_train_00d42_01094   TERMINATED   True       False      True            True       False      True         True                 True        True                   4           14.776     0.389162   0.77316    0.811174 │
│ hyperband_train_00d42_01095   TERMINATED   True       True       True            False      True       True         False                True        True                   2            7.01417   0.633297   0.703859   0.790246 │
│ hyperband_train_00d42_01096   TERMINATED   True       True       True            False      False      True         False                True        True                   2            5.82907   0.391805   0.817996   0.821004 │
│ hyperband_train_00d42_01097   TERMINATED   True       True       True            True       False      False        True                 False       False                  1            4.00931   0.478046   0.76149    0.788993 │
│ hyperband_train_00d42_01098   TERMINATED   True       False      True            True       False      False        True                 False       True                   1            3.17865   0.408136   0.806736   0.821371 │
│ hyperband_train_00d42_01099   TERMINATED   False      True       False           False      True       False        False                True        False                  4           10.7693    0.374281   0.831508   0.821238 │
│ hyperband_train_00d42_01100   TERMINATED   True       True       False           False      True       False        True                 False       True                   4           13.1709    0.379151   0.829256   0.820198 │
│ hyperband_train_00d42_01101   TERMINATED   True       True       True            True       True       True         True                 True        False                  4           20.1       0.394191   0.818815   0.820956 │
│ hyperband_train_00d42_01102   TERMINATED   False      False      True            True       True       True         True                 False       False                  4            8.52367   0.424      0.766711   0.814703 │
│ hyperband_train_00d42_01103   TERMINATED   False      True       False           False      True       False        True                 False       True                   2            5.24003   0.405755   0.818917   0.818678 │
│ hyperband_train_00d42_01104   TERMINATED   False      False      False           True       True       True         False                False       True                   4            8.23059   0.423699   0.786979   0.819231 │
│ hyperband_train_00d42_01105   TERMINATED   False      False      False           False      True       False        False                True        True                   4            7.21423   0.369141   0.812775   0.827979 │
│ hyperband_train_00d42_01106   TERMINATED   False      True       False           False      True       True         False                True        False                  1            2.89186   0.464182   0.762616   0.817875 │
│ hyperband_train_00d42_01107   TERMINATED   False      True       False           False      False      True         False                False       True                   1            2.4084    0.627955   0.851469   0.733664 │
│ hyperband_train_00d42_01108   TERMINATED   False      True       True            False      True       False        False                True        False                  4           11.3225    0.415294   0.809704   0.827133 │
│ hyperband_train_00d42_01109   TERMINATED   False      False      False           True       False      True         True                 True        True                   2            4.66972   0.399167   0.770396   0.817712 │
│ hyperband_train_00d42_01110   TERMINATED   False      True       False           False      True       False        True                 True        True                   4            9.94191   0.369992   0.813389   0.827357 │
│ hyperband_train_00d42_01111   TERMINATED   False      True       True            True       True       True         False                False       True                   4           13.6188    0.383779   0.813287   0.824065 │
│ hyperband_train_00d42_01112   TERMINATED   True       True       False           True       False      True         True                 False       True                   4           14.1148    0.576251   0.699048   0.779315 │
│ hyperband_train_00d42_01113   TERMINATED   False      True       True            False      False      False        False                True        True                   4            8.70224   0.383666   0.798444   0.825741 │
│ hyperband_train_00d42_01114   TERMINATED   False      True       False           True       True       True         False                True        False                  2            7.55484   0.538178   0.83202    0.670605 │
│ hyperband_train_00d42_01115   TERMINATED   False      True       False           False      True       True         True                 True        False                  4           11.5551    0.530545   0.836728   0.815582 │
│ hyperband_train_00d42_01116   TERMINATED   True       True       True            False      True       False        False                True        False                  2            7.5646    0.378838   0.824342   0.822098 │
│ hyperband_train_00d42_01117   TERMINATED   True       True       False           False      False      False        False                False       True                   1            2.84058   0.693096   0.760672   0.5      │
│ hyperband_train_00d42_01118   TERMINATED   False      True       False           True       True       False        False                True        False                  1            4.06648   0.400895   0.8355     0.81668  │
│ hyperband_train_00d42_01119   TERMINATED   False      True       False           False      False      False        True                 False       True                   4            8.82734   0.380615   0.812366   0.82258  │
│ hyperband_train_00d42_01120   TERMINATED   True       False      False           False      False      True         False                False       False                  4            7.29867   0.37811    0.82813    0.820923 │
│ hyperband_train_00d42_01121   TERMINATED   False      True       False           False      False      True         False                True        True                   4            7.61805   0.40011    0.816153   0.825509 │
│ hyperband_train_00d42_01122   TERMINATED   False      False      True            True       True       True         True                 True        False                  4           14.0866    0.406377   0.784113   0.808993 │
│ hyperband_train_00d42_01123   TERMINATED   True       True       False           True       False      True         False                False       False                  2            6.53845   0.640535   0.781452   0.543413 │
│ hyperband_train_00d42_01124   TERMINATED   True       False      True            True       True       False        True                 False       False                  4           13.8617    0.400854   0.830894   0.814239 │
│ hyperband_train_00d42_01125   TERMINATED   False      False      True            True       False      True         True                 True        True                   4           10.078     0.392959   0.773365   0.821275 │
│ hyperband_train_00d42_01126   TERMINATED   True       False      False           False      True       False        True                 False       False                  2            5.84976   0.384301   0.815744   0.821283 │
│ hyperband_train_00d42_01127   TERMINATED   False      True       True            True       True       True         True                 False       True                   1            3.90743   0.504205   0.647661   0.750814 │
│ hyperband_train_00d42_01128   TERMINATED   False      False      False           False      False      True         True                 True        False                  4            6.52536   0.380576   0.818098   0.824736 │
│ hyperband_train_00d42_01129   TERMINATED   True       True       True            True       False      True         True                 True        False                  1            4.50222   0.438465   0.787082   0.800831 │
│ hyperband_train_00d42_01130   TERMINATED   False      True       True            True       True       False        False                False       True                   4           13.3511    0.384681   0.817279   0.82024  │
│ hyperband_train_00d42_01131   TERMINATED   False      True       False           False      False      True         False                False       False                  4            7.27798   0.389901   0.834783   0.815476 │
│ hyperband_train_00d42_01132   TERMINATED   True       False      False           False      True       False        False                True        True                   4            9.49001   0.368654   0.812366   0.828003 │
│ hyperband_train_00d42_01133   TERMINATED   False      True       True            False      True       False        False                True        False                  4           11.1241    0.377329   0.828949   0.823367 │
│ hyperband_train_00d42_01134   TERMINATED   False      True       False           False      False      True         False                False       True                   2            4.10082   0.60794    0.8485     0.799136 │
│ hyperband_train_00d42_01135   TERMINATED   False      False      True            False      True       False        True                 False       True                   4            8.07425   0.373142   0.827004   0.821209 │
│ hyperband_train_00d42_01136   TERMINATED   True       True       True            True       False      True         True                 False       True                   2            9.10021   0.440523   0.754632   0.797383 │
│ hyperband_train_00d42_01137   TERMINATED   True       True       True            False      False      False        False                True        True                   1            2.74489   0.693097   0.760672   0.5      │
│ hyperband_train_00d42_01138   TERMINATED   True       True       False           False      False      False        False                True        False                  1            2.78073   0.693097   0.760672   0.5      │
│ hyperband_train_00d42_01139   TERMINATED   True       True       True            True       True       True         True                 False       True                   4           21.3895    0.54808    0.759648   0.809034 │
│ hyperband_train_00d42_01140   TERMINATED   True       False      True            True       False      False        True                 False       False                  4           10.3698    0.400225   0.796806   0.823932 │
│ hyperband_train_00d42_01141   TERMINATED   False      True       True            False      False      False        False                True        True                   4            7.92179   0.693094   0.760672   0.5      │
│ hyperband_train_00d42_01142   TERMINATED   False      False      True            False      True       True         True                 True        True                   4            8.91233   0.368107   0.807145   0.825158 │
│ hyperband_train_00d42_01143   TERMINATED   False      True       True            False      False      True         True                 True        False                  4           10.9493    0.492028   0.81472    0.814161 │
│ hyperband_train_00d42_01144   TERMINATED   True       True       True            False      False      False        True                 True        False                  2            5.90048   0.693097   0.760672   0.5      │
│ hyperband_train_00d42_01145   TERMINATED   False      True       False           False      False      True         True                 False       True                   4            8.97828   0.542505   0.826287   0.818833 │
│ hyperband_train_00d42_01146   TERMINATED   True       False      True            False      False      True         False                False       True                   4            8.9675    0.382677   0.810625   0.819971 │
│ hyperband_train_00d42_01147   TERMINATED   True       True       False           False      True       True         False                True        True                   1            3.74765   0.40467    0.834681   0.807348 │
│ hyperband_train_00d42_01148   TERMINATED   False      True       False           True       True       True         False                False       False                  1            3.41968   0.616771   0.737435   0.648008 │
│ hyperband_train_00d42_01149   TERMINATED   False      True       True            False      False      True         True                 False       False                  2            4.50268   0.403205   0.83161    0.816029 │
│ hyperband_train_00d42_01150   TERMINATED   False      True       False           False      True       True         False                True        False                  4           10.2745    0.381615   0.837343   0.818624 │
│ hyperband_train_00d42_01151   TERMINATED   True       False      True            False      False      False        True                 False       False                  4            9.73983   0.693098   0.760672   0.5      │
│ hyperband_train_00d42_01152   TERMINATED   False      True       False           False      False      True         True                 True        True                   4            8.89718   0.375002   0.815846   0.822376 │
│ hyperband_train_00d42_01153   TERMINATED   True       False      False           False      False      True         True                 False       False                  2            4.52424   0.384203   0.831917   0.818869 │
│ hyperband_train_00d42_01154   TERMINATED   False      True       True            True       False      True         False                True        True                   4           13.0909    0.433387   0.819224   0.820786 │
│ hyperband_train_00d42_01155   TERMINATED   False      True       True            False      True       True         False                True        False                  4           11.6197    0.379127   0.813389   0.822374 │
│ hyperband_train_00d42_01156   TERMINATED   False      True       False           True       False      False        False                False       False                  2            5.93045   0.522763   0.837138   0.764991 │
│ hyperband_train_00d42_01157   TERMINATED   False      True       False           True       True       False        False                True        True                   4           15.8812    0.381668   0.81861    0.822287 │
│ hyperband_train_00d42_01158   TERMINATED   True       True       False           True       False      False        False                True        True                   1            4.03895   0.519047   0.657181   0.751795 │
│ hyperband_train_00d42_01159   TERMINATED   True       False      False           True       True       True         False                False       True                   1            3.32266   0.51734    0.65759    0.754409 │
│ hyperband_train_00d42_01160   TERMINATED   True       False      True            False      False      True         True                 False       True                   4            9.82966   0.470466   0.828744   0.807696 │
│ hyperband_train_00d42_01161   TERMINATED   False      True       False           True       True       False        True                 False       False                  4           12.9942    0.423878   0.829153   0.820717 │
│ hyperband_train_00d42_01162   TERMINATED   False      True       True            True       True       False        False                True        True                   4           15.1656    0.376993   0.808373   0.823181 │
│ hyperband_train_00d42_01163   TERMINATED   True       False      True            False      False      False        False                False       True                   4            8.42199   0.375459   0.820248   0.822191 │
│ hyperband_train_00d42_01164   TERMINATED   False      True       True            False      True       True         False                True        True                   4           11.4535    0.373111   0.807247   0.825372 │
│ hyperband_train_00d42_01165   TERMINATED   False      True       False           False      True       False        False                False       False                  2            5.11793   0.392597   0.84287    0.814783 │
│ hyperband_train_00d42_01166   TERMINATED   False      False      True            True       False      True         True                 True        True                   4           14.3072    0.395144   0.80346    0.818192 │
│ hyperband_train_00d42_01167   TERMINATED   True       False      True            False      False      True         True                 True        True                   1            2.56162   0.608075   0.819122   0.787593 │
│ hyperband_train_00d42_01168   TERMINATED   True       True       True            False      True       False        True                 True        False                  2            9.00002   0.401868   0.829461   0.807874 │
│ hyperband_train_00d42_01169   TERMINATED   False      True       False           True       True       True         True                 False       True                   1            3.81739   0.52321    0.73723    0.778176 │
│ hyperband_train_00d42_01170   TERMINATED   True       False      True            True       False      False        False                False       False                  4           10.4789    0.421648   0.771522   0.813175 │
│ hyperband_train_00d42_01171   TERMINATED   False      True       True            False      True       True         False                False       False                  4           10.1864    0.383911   0.814618   0.820982 │
│ hyperband_train_00d42_01172   TERMINATED   True       True       True            True       False      True         True                 True        False                  4           16.2706    0.386995   0.822295   0.812837 │
│ hyperband_train_00d42_01173   TERMINATED   False      True       True            True       True       False        True                 False       True                   2            8.59119   0.42096    0.794247   0.806273 │
│ hyperband_train_00d42_01174   TERMINATED   True       False      True            False      True       True         True                 True        False                  4           11.446     0.397655   0.805405   0.820057 │
│ hyperband_train_00d42_01175   TERMINATED   False      False      False           True       True       False        True                 True        True                   4           11.9185    0.382299   0.818098   0.822244 │
│ hyperband_train_00d42_01176   TERMINATED   True       True       True            True       True       True         True                 True        False                  2           10.8271    0.474029   0.71082    0.777819 │
│ hyperband_train_00d42_01177   TERMINATED   False      False      False           True       False      True         False                False       False                  1            1.8278    0.717232   0.770396   0.520316 │
│ hyperband_train_00d42_01178   TERMINATED   True       False      False           True       True       True         True                 False       True                   4           14.4365    0.42089    0.790255   0.814202 │
│ hyperband_train_00d42_01179   TERMINATED   True       False      True            True       True       True         True                 False       True                   1            4.32926   0.520387   0.843792   0.74049  │
│ hyperband_train_00d42_01180   TERMINATED   True       False      False           True       True       True         True                 True        False                  4           13.8052    0.601964   0.844303   0.800628 │
│ hyperband_train_00d42_01181   TERMINATED   False      True       False           True       True       False        False                True        True                   4           14.6192    0.380582   0.816767   0.823715 │
│ hyperband_train_00d42_01182   TERMINATED   False      False      False           True       True       True         False                False       True                   4            8.00379   0.423699   0.786979   0.819231 │
│ hyperband_train_00d42_01183   TERMINATED   True       True       True            True       False      True         True                 True        True                   4           16.999     0.40585    0.758727   0.814438 │
│ hyperband_train_00d42_01184   TERMINATED   True       True       True            True       True       True         True                 True        True                   4           20.3685    0.39123    0.782168   0.821346 │
│ hyperband_train_00d42_01185   TERMINATED   True       False      True            False      False      False        False                True        False                  2            4.15284   0.693096   0.760672   0.5      │
│ hyperband_train_00d42_01186   TERMINATED   True       False      True            False      False      True         True                 True        True                   2            5.03953   0.529231   0.802641   0.819706 │
│ hyperband_train_00d42_01187   TERMINATED   False      False      True            True       True       False        True                 True        True                   4           12.218     0.405676   0.809807   0.823829 │
│ hyperband_train_00d42_01188   TERMINATED   True       False      False           False      False      False        True                 True        False                  1            2.36216   0.693095   0.760672   0.5      │
│ hyperband_train_00d42_01189   TERMINATED   True       False      False           True       True       False        False                True        False                  1            3.80331   0.403186   0.831508   0.81391  │
│ hyperband_train_00d42_01190   TERMINATED   True       False      True            True       False      True         True                 True        True                   4           15.4855    0.618793   0.795885   0.611529 │
│ hyperband_train_00d42_01191   TERMINATED   True       True       False           False      True       False        True                 True        False                  4           12.3098    0.378038   0.821169   0.824702 │
│ hyperband_train_00d42_01192   TERMINATED   True       True       False           False      False      True         False                False       False                  4            9.04275   0.381813   0.819838   0.822069 │
│ hyperband_train_00d42_01193   TERMINATED   False      True       True            True       False      True         False                False       False                  2            5.9072    0.37685    0.793838   0.823446 │
│ hyperband_train_00d42_01194   TERMINATED   True       True       False           False      True       False        False                False       True                   4           13.3598    0.372144   0.817689   0.826812 │
│ hyperband_train_00d42_01195   TERMINATED   False      True       True            True       False      True         False                True        False                  4           12.9256    0.373696   0.794964   0.825066 │
│ hyperband_train_00d42_01196   TERMINATED   True       True       False           True       True       True         True                 False       True                   2            9.71078   0.530401   0.733954   0.736009 │
│ hyperband_train_00d42_01197   TERMINATED   False      True       True            True       False      True         False                False       False                  1            2.96564   0.547008   0.82813    0.665557 │
│ hyperband_train_00d42_01198   TERMINATED   False      False      False           True       False      True         True                 False       False                  1            2.16589   0.57472    0.795066   0.574934 │
│ hyperband_train_00d42_01199   TERMINATED   False      False      False           False      True       True         False                False       True                   4            7.55855   0.370359   0.808783   0.825648 │
│ hyperband_train_00d42_01200   TERMINATED   True       False      True            False      False      True         False                True        False                  4            7.55334   0.661971   0.801924   0.822752 │
│ hyperband_train_00d42_01201   TERMINATED   True       False      True            False      True       True         False                True        False                  4           10.1068    0.402428   0.807759   0.825855 │
│ hyperband_train_00d42_01202   TERMINATED   False      True       False           True       False      True         False                False       False                  4           10.7732    0.38883    0.785956   0.81592  │
│ hyperband_train_00d42_01203   TERMINATED   True       False      False           False      False      False        True                 True        True                   2            4.0285    0.693113   0.760672   0.5      │
│ hyperband_train_00d42_01204   TERMINATED   False      True       True            False      False      False        True                 True        False                  4            8.70444   0.4061     0.812673   0.822489 │
│ hyperband_train_00d42_01205   TERMINATED   True       True       False           False      True       False        False                True        True                   4           12.4644    0.380107   0.809295   0.824959 │
│ hyperband_train_00d42_01206   TERMINATED   True       True       False           False      True       False        False                True        False                  4           13.7707    0.381545   0.835398   0.816027 │
│ hyperband_train_00d42_01207   TERMINATED   False      False      False           True       True       False        False                True        True                   2            5.67801   0.383183   0.817279   0.819507 │
│ hyperband_train_00d42_01208   TERMINATED   False      True       False           False      True       True         False                False       True                   1            2.98571   0.451085   0.855256   0.777633 │
│ hyperband_train_00d42_01209   TERMINATED   True       True       True            True       False      True         True                 True        True                   1            4.57866   0.582898   0.815437   0.797336 │
│ hyperband_train_00d42_01210   TERMINATED   True       False      False           False      False      True         False                False       False                  4            7.10115   0.666991   0.814925   0.777066 │
│ hyperband_train_00d42_01211   TERMINATED   True       True       True            True       False      True         True                 False       True                   4           15.8893    0.386448   0.814106   0.818301 │
│ hyperband_train_00d42_01212   TERMINATED   False      False      False           False      False      False        False                False       False                  4            4.97818   0.398638   0.819838   0.818698 │
│ hyperband_train_00d42_01213   TERMINATED   True       False      True            False      True       True         True                 False       False                  2            5.31853   0.389674   0.816256   0.818102 │
│ hyperband_train_00d42_01214   TERMINATED   False      False      False           False      True       True         False                False       False                  4            6.25589   0.652863   0.802334   0.588213 │
│ hyperband_train_00d42_01215   TERMINATED   True       False      True            True       False      False        False                True        True                   4           12.5147    0.383459   0.804688   0.825155 │
│ hyperband_train_00d42_01216   TERMINATED   True       False      True            False      False      True         True                 True        False                  1            2.79256   0.57636    0.851571   0.769495 │
│ hyperband_train_00d42_01217   TERMINATED   False      True       True            False      True       False        False                True        False                  2            6.24087   0.400795   0.844815   0.81181  │
│ hyperband_train_00d42_01218   TERMINATED   True       False      True            True       True       False        False                True        True                   1            3.99913   0.497967   0.797932   0.765457 │
│ hyperband_train_00d42_01219   TERMINATED   True       False      False           False      True       True         False                False       False                  4           10.3196    0.378913   0.834579   0.820472 │
│ hyperband_train_00d42_01220   TERMINATED   True       False      False           False      True       False        True                 False       True                   4            9.75178   0.373508   0.824854   0.823021 │
│ hyperband_train_00d42_01221   TERMINATED   True       False      False           False      False      False        True                 True        True                   4            7.40969   0.69314    0.760672   0.5      │
│ hyperband_train_00d42_01222   TERMINATED   False      False      False           False      False      False        True                 False       True                   4            5.53536   0.377524   0.81298    0.825182 │
│ hyperband_train_00d42_01223   TERMINATED   False      True       True            True       False      True         True                 True        False                  4           14.7263    0.398347   0.772136   0.818856 │
│ hyperband_train_00d42_01224   TERMINATED   True       True       True            True       False      True         True                 False       True                   2            7.81502   0.531759   0.691575   0.781292 │
│ hyperband_train_00d42_01225   TERMINATED   False      False      False           False      True       True         False                False       False                  4            7.48758   0.376545   0.821476   0.819628 │
│ hyperband_train_00d42_01226   TERMINATED   False      True       True            True       False      False        True                 True        True                   4           14.3176    0.374485   0.812775   0.824901 │
│ hyperband_train_00d42_01227   TERMINATED   False      False      True            False      True       False        False                True        False                  1            2.12048   0.39059    0.841744   0.815215 │
│ hyperband_train_00d42_01228   TERMINATED   True       False      False           False      False      True         False                False       False                  1            2.07699   0.411517   0.834886   0.812173 │
│ hyperband_train_00d42_01229   TERMINATED   True       True       False           False      True       True         True                 False       False                  2            7.38931   0.39131    0.828744   0.816343 │
│ hyperband_train_00d42_01230   TERMINATED   True       True       False           True       False      False        True                 True        False                  4           14.3567    0.405419   0.81472    0.821636 │
│ hyperband_train_00d42_01231   TERMINATED   False      False      False           False      False      False        True                 False       False                  4            5.56368   0.382155   0.830689   0.817915 │
│ hyperband_train_00d42_01232   TERMINATED   False      True       True            False      False      True         False                True        True                   4            8.39774   0.38864    0.810625   0.825833 │
│ hyperband_train_00d42_01233   TERMINATED   True       False      False           False      True       False        False                True        True                   4           10.0751    0.38935    0.7922     0.822663 │
│ hyperband_train_00d42_01234   TERMINATED   False      True       False           True       True       False        False                False       False                  2            6.49383   0.396892   0.834374   0.820191 │
│ hyperband_train_00d42_01235   TERMINATED   False      False      False           True       False      False        True                 True        True                   4           10.1311    0.383115   0.800389   0.82702  │
│ hyperband_train_00d42_01236   TERMINATED   True       True       True            True       True       True         True                 True        False                  1            5.36953   0.449606   0.748592   0.794586 │
│ hyperband_train_00d42_01237   TERMINATED   False      False      True            False      True       True         False                False       False                  4            8.59996   0.370498   0.80346    0.8264   │
│ hyperband_train_00d42_01238   TERMINATED   False      False      True            True       True       True         False                False       False                  2            5.0318    0.667704   0.744088   0.801006 │
│ hyperband_train_00d42_01239   TERMINATED   False      False      False           True       False      True         False                False       False                  1            2.48844   0.380645   0.810114   0.819048 │
│ hyperband_train_00d42_01240   TERMINATED   True       True       True            True       True       False        True                 False       True                   4           17.8651    0.403251   0.803869   0.820073 │
│ hyperband_train_00d42_01241   TERMINATED   False      False      True            False      True       False        True                 True        True                   4            6.73679   0.371313   0.812775   0.827393 │
│ hyperband_train_00d42_01242   TERMINATED   True       False      True            True       True       True         True                 False       False                  4           13.4807    0.435966   0.754325   0.811399 │
│ hyperband_train_00d42_01243   TERMINATED   True       False      True            False      False      True         True                 False       True                   4           10.7551    0.622146   0.853619   0.77216  │
│ hyperband_train_00d42_01244   TERMINATED   True       True       False           False      False      False        False                True        False                  2            4.54556   0.693095   0.760672   0.5      │
│ hyperband_train_00d42_01245   TERMINATED   False      False      False           False      True       True         True                 False       False                  4            6.53719   0.376724   0.819736   0.821562 │
│ hyperband_train_00d42_01246   TERMINATED   False      True       False           False      True       False        False                False       True                   4           11.4177    0.372688   0.828744   0.823086 │
│ hyperband_train_00d42_01247   TERMINATED   False      False      False           False      True       True         False                False       True                   1            1.85681   0.60483    0.623503   0.746807 │
│ hyperband_train_00d42_01248   TERMINATED   False      False      False           False      False      False        True                 True        False                  2            3.78934   0.398335   0.811444   0.820362 │
│ hyperband_train_00d42_01249   TERMINATED   True       True       True            False      False      False        True                 False       False                  1            3.14323   0.693095   0.760672   0.5      │
│ hyperband_train_00d42_01250   TERMINATED   True       False      False           False      True       False        True                 True        True                   4           10.3023    0.37327    0.801617   0.826948 │
│ hyperband_train_00d42_01251   TERMINATED   True       False      True            False      False      True         False                False       False                  4            7.72972   0.37978    0.818508   0.82178  │
│ hyperband_train_00d42_01252   TERMINATED   True       True       False           False      True       False        True                 True        True                   4           13.1287    0.384033   0.794657   0.825011 │
│ hyperband_train_00d42_01253   TERMINATED   True       False      False           False      False      True         False                False       False                  4            7.83914   0.385361   0.805302   0.818524 │
│ hyperband_train_00d42_01254   TERMINATED   True       True       False           False      True       True         False                True        False                  2            6.49333   0.624321   0.808066   0.602534 │
│ hyperband_train_00d42_01255   TERMINATED   True       True       True            False      True       False        False                False       False                  4           13.0486    0.382821   0.844713   0.813795 │
│ hyperband_train_00d42_01256   TERMINATED   True       True       False           True       False      True         False                True        True                   4           15.9142    0.376534   0.797318   0.822216 │
│ hyperband_train_00d42_01257   TERMINATED   False      False      False           False      True       True         False                True        False                  1            2.02931   0.38052    0.830791   0.818129 │
│ hyperband_train_00d42_01258   TERMINATED   False      True       False           False      True       True         True                 False       True                   1            3.21266   0.403942   0.839595   0.809258 │
│ hyperband_train_00d42_01259   TERMINATED   False      True       False           True       True       False        True                 False       True                   2            6.78426   0.393162   0.821988   0.816446 │
│ hyperband_train_00d42_01260   TERMINATED   True       False      False           True       True       False        False                False       False                  4           12.06      0.402678   0.826287   0.816194 │
│ hyperband_train_00d42_01261   TERMINATED   False      False      True            False      False      True         False                True        False                  4            5.75607   0.378811   0.817074   0.826701 │
│ hyperband_train_00d42_01262   TERMINATED   True       False      False           True       True       False        False                False       False                  4           11.9515    0.435701   0.835091   0.805565 │
│ hyperband_train_00d42_01263   TERMINATED   True       False      True            False      True       True         False                True        True                   2            5.14861   0.694411   0.239328   0.5      │
│ hyperband_train_00d42_01264   TERMINATED   False      True       False           False      False      True         False                False       True                   4            8.73086   0.379719   0.820452   0.822766 │
│ hyperband_train_00d42_01265   TERMINATED   False      True       True            True       False      True         True                 True        False                  4           13.0741    0.532172   0.790562   0.824518 │
│ hyperband_train_00d42_01266   TERMINATED   False      True       True            False      True       True         False                False       True                   1            3.27624   0.44682    0.854438   0.777388 │
│ hyperband_train_00d42_01267   TERMINATED   True       True       False           False      True       False        False                True        False                  2            7.2289    0.392922   0.811035   0.819067 │
│ hyperband_train_00d42_01268   TERMINATED   True       True       True            True       True       True         False                True        False                  1            5.48478   0.464423   0.754018   0.81105  │
│ hyperband_train_00d42_01269   TERMINATED   False      False      True            False      False      False        False                False       True                   4            6.45997   0.380968   0.814106   0.822258 │
│ hyperband_train_00d42_01270   TERMINATED   False      True       True            True       False      False        False                False       False                  4           10.8166    0.383131   0.786467   0.820947 │
│ hyperband_train_00d42_01271   TERMINATED   True       False      False           True       False      False        True                 True        False                  4           12.5036    0.394716   0.806428   0.820436 │
│ hyperband_train_00d42_01272   TERMINATED   True       True       False           True       True       False        True                 False       False                  4           17.5255    0.461089   0.793531   0.816062 │
│ hyperband_train_00d42_01273   TERMINATED   False      True       False           False      False      True         False                True        True                   4            8.42426   0.51798    0.844508   0.806772 │
│ hyperband_train_00d42_01274   TERMINATED   True       True       False           True       False      False        False                True        True                   2            7.55206   0.556611   0.782782   0.761215 │
│ hyperband_train_00d42_01275   TERMINATED   True       False      False           True       False      True         False                False       True                   4           10.829     0.620411   0.843177   0.726748 │
│ hyperband_train_00d42_01276   TERMINATED   True       False      False           True       True       False        False                False       True                   1            3.54713   0.467724   0.755144   0.802996 │
│ hyperband_train_00d42_01277   TERMINATED   True       True       False           False      True       False        False                True        False                  4           13.5036    0.383648   0.839288   0.814773 │
│ hyperband_train_00d42_01278   TERMINATED   False      True       True            False      False      False        True                 True        True                   1            2.40725   0.38859    0.808066   0.817262 │
│ hyperband_train_00d42_01279   TERMINATED   True       True       False           False      False      True         True                 True        True                   2            5.56973   0.416714   0.808783   0.819346 │
│ hyperband_train_00d42_01280   TERMINATED   True       False      False           False      False      False        False                True        True                   4            7.30903   0.693094   0.760672   0.5      │
│ hyperband_train_00d42_01281   TERMINATED   False      True       False           True       False      False        False                False       True                   4           10.9346    0.383342   0.797113   0.822668 │
│ hyperband_train_00d42_01282   TERMINATED   False      False      True            False      False      True         False                False       True                   4            6.00555   0.37861    0.81687    0.824075 │
│ hyperband_train_00d42_01283   TERMINATED   False      True       False           False      False      False        False                True        False                  4            7.99509   0.390424   0.813799   0.82191  │
│ hyperband_train_00d42_01284   TERMINATED   True       True       False           True       False      True         True                 False       True                   2            7.30831   0.442081   0.800287   0.797491 │
│ hyperband_train_00d42_01285   TERMINATED   True       False      True            True       True       True         True                 False       False                  4           12.6012    0.61869    0.844201   0.721998 │
│ hyperband_train_00d42_01286   TERMINATED   True       False      False           True       False      False        True                 True        True                   1            3.80455   0.423262   0.792916   0.805106 │
│ hyperband_train_00d42_01287   TERMINATED   True       True       False           True       True       True         False                False       True                   2            9.54964   0.403807   0.79742    0.81774  │
│ hyperband_train_00d42_01288   TERMINATED   False      True       True            False      True       False        False                True        True                   4           11.4771    0.368893   0.81298    0.827674 │
│ hyperband_train_00d42_01289   TERMINATED   True       True       True            False      True       True         True                 True        False                  1            4.53544   0.569104   0.853721   0.779555 │
│ hyperband_train_00d42_01290   TERMINATED   True       False      True            False      False      True         True                 False       False                  4            8.03847   0.38131    0.820043   0.823523 │
│ hyperband_train_00d42_01291   TERMINATED   False      True       True            True       False      False        True                 False       True                   4           11.7847    0.380201   0.808988   0.822412 │
│ hyperband_train_00d42_01292   TERMINATED   True       True       False           True       False      False        False                False       True                   4           13.0012    0.389105   0.795271   0.822043 │
│ hyperband_train_00d42_01293   TERMINATED   False      True       False           False      False      False        False                True        False                  2            3.90674   0.693097   0.760672   0.5      │
│ hyperband_train_00d42_01294   TERMINATED   True       False      False           True       False      False        True                 True        False                  4           12.3721    0.385053   0.824342   0.823271 │
│ hyperband_train_00d42_01295   TERMINATED   True       True       True            True       True       True         True                 False       True                   4           18.2142    0.391594   0.813185   0.818575 │
│ hyperband_train_00d42_01296   TERMINATED   True       True       False           True       True       True         True                 True        False                  2           10.4474    0.406374   0.834579   0.80816  │
│ hyperband_train_00d42_01297   TERMINATED   False      False      True            False      True       False        True                 True        True                   4            8.59003   0.376758   0.815641   0.828251 │
│ hyperband_train_00d42_01298   TERMINATED   True       False      False           False      True       True         False                True        True                   1            2.68202   0.450037   0.854745   0.775098 │
│ hyperband_train_00d42_01299   TERMINATED   False      True       False           True       True       False        True                 True        False                  1            3.99513   0.407516   0.830075   0.80945  │
│ hyperband_train_00d42_01300   TERMINATED   True       True       True            False      True       False        True                 False       True                   4           14.6827    0.515416   0.746238   0.80066  │
│ hyperband_train_00d42_01301   TERMINATED   False      False      True            False      False      True         True                 True        True                   4            7.58339   0.424821   0.802846   0.815003 │
│ hyperband_train_00d42_01302   TERMINATED   True       False      False           False      False      False        False                False       False                  4            7.0248    0.693097   0.760672   0.5      │
│ hyperband_train_00d42_01303   TERMINATED   False      True       False           False      True       False        False                True        True                   4           10.7697    0.380613   0.793428   0.822591 │
│ hyperband_train_00d42_01304   TERMINATED   False      False      False           True       False      False        True                 False       False                  2            4.43285   0.410967   0.789641   0.808522 │
│ hyperband_train_00d42_01305   TERMINATED   False      True       False           False      True       False        False                True        True                   4           10.2154    0.369284   0.814003   0.827028 │
│ hyperband_train_00d42_01306   TERMINATED   True       True       True            True       False      False        False                True        False                  4           16.7171    0.37651    0.817893   0.823282 │
│ hyperband_train_00d42_01307   TERMINATED   False      False      True            True       False      True         True                 False       True                   2            4.87551   0.451717   0.759648   0.811526 │
│ hyperband_train_00d42_01308   TERMINATED   False      False      False           True       True       False        False                True        False                  1            2.65479   0.401095   0.837854   0.811632 │
│ hyperband_train_00d42_01309   TERMINATED   True       False      True            True       True       True         False                True        False                  1            4.30348   0.458826   0.736206   0.804179 │
│ hyperband_train_00d42_01310   TERMINATED   True       False      True            False      True       True         True                 False       True                   4           10.8993    0.645227   0.802129   0.592475 │
│ hyperband_train_00d42_01311   TERMINATED   True       True       True            False      False      True         False                True        True                   4            9.64936   0.387546   0.815744   0.818938 │
│ hyperband_train_00d42_01312   TERMINATED   True       False      True            False      True       True         False                False       False                  4            9.92963   0.453745   0.831201   0.817812 │
│ hyperband_train_00d42_01313   TERMINATED   True       False      True            True       False      True         True                 True        False                  4           13.6339    0.372289   0.808578   0.823755 │
│ hyperband_train_00d42_01314   TERMINATED   False      True       False           False      True       False        False                False       False                  4           10.7649    0.386021   0.841437   0.812375 │
│ hyperband_train_00d42_01315   TERMINATED   False      True       False           True       False      False        True                 False       False                  2            6.00717   0.385732   0.780837   0.820324 │
│ hyperband_train_00d42_01316   TERMINATED   False      True       False           False      False      True         True                 True        True                   1            2.43546   0.400001   0.815437   0.818736 │
│ hyperband_train_00d42_01317   TERMINATED   True       False      True            True       True       False        False                True        True                   1            4.19351   0.400577   0.816358   0.818902 │
│ hyperband_train_00d42_01318   TERMINATED   True       True       True            True       False      False        False                False       False                  4           14.1676    0.386649   0.790869   0.820323 │
│ hyperband_train_00d42_01319   TERMINATED   True       False      False           False      False      False        True                 True        True                   2            4.48529   0.384912   0.808271   0.82238  │
│ hyperband_train_00d42_01320   TERMINATED   False      True       False           True       False      False        True                 True        False                  4           12.0439    0.389858   0.810216   0.82146  │
│ hyperband_train_00d42_01321   TERMINATED   False      False      False           False      True       True         True                 False       True                   4            6.91625   0.370386   0.816256   0.826456 │
│ hyperband_train_00d42_01322   TERMINATED   True       False      False           False      False      False        False                True        True                   4            7.16224   0.3791     0.816563   0.824459 │
│ hyperband_train_00d42_01323   TERMINATED   False      False      True            False      False      True         True                 True        True                   4            6.63074   0.499972   0.798444   0.823543 │
│ hyperband_train_00d42_01324   TERMINATED   False      False      False           False      True       False        False                False       False                  2            3.55531   0.376786   0.825161   0.820731 │
│ hyperband_train_00d42_01325   TERMINATED   False      False      True            False      True       True         False                False       False                  4            6.94183   0.452782   0.822397   0.820966 │
│ hyperband_train_00d42_01326   TERMINATED   False      True       True            False      True       False        True                 False       True                   4           12.8266    0.386965   0.823012   0.820051 │
│ hyperband_train_00d42_01327   TERMINATED   True       False      False           True       False      False        True                 False       False                  2            6.08325   0.393114   0.797318   0.819138 │
│ hyperband_train_00d42_01328   TERMINATED   True       True       True            False      True       True         False                False       False                  1            3.84897   0.402138   0.79005    0.818465 │
│ hyperband_train_00d42_01329   TERMINATED   False      True       True            False      True       True         True                 True        False                  1            3.39901   0.464484   0.855871   0.786245 │
│ hyperband_train_00d42_01330   TERMINATED   True       False      True            False      True       False        True                 True        True                   4           10.5609    0.400498   0.811751   0.824082 │
│ hyperband_train_00d42_01331   TERMINATED   True       False      False           True       False      False        True                 False       False                  4           10.4867    0.407406   0.808783   0.814949 │
│ hyperband_train_00d42_01332   TERMINATED   True       True       False           True       True       True         True                 True        True                   4           22.4458    0.408942   0.785546   0.803632 │
│ hyperband_train_00d42_01333   TERMINATED   True       True       False           False      True       False        True                 False       True                   4           14.1069    0.382414   0.826185   0.819498 │
│ hyperband_train_00d42_01334   TERMINATED   False      False      True            True       True       False        False                True        False                  4           11.0635    0.384022   0.837445   0.820597 │
│ hyperband_train_00d42_01335   TERMINATED   True       False      True            True       False      False        True                 True        True                   2            6.6034    0.459255   0.791176   0.808505 │
│ hyperband_train_00d42_01336   TERMINATED   True       False      False           False      True       False        False                True        True                   4           11.0334    0.374851   0.804484   0.826487 │
│ hyperband_train_00d42_01337   TERMINATED   False      True       True            True       True       False        True                 False       False                  2            7.79323   0.399536   0.826697   0.813385 │
│ hyperband_train_00d42_01338   TERMINATED   True       False      False           True       True       False        True                 True        True                   1            4.20897   0.420984   0.815539   0.819096 │
│ hyperband_train_00d42_01339   TERMINATED   True       True       False           False      False      True         True                 True        False                  1            3.27022   0.412087   0.819326   0.806635 │
│ hyperband_train_00d42_01340   TERMINATED   True       True       True            False      False      False        False                False       True                   4            9.48368   0.693113   0.760672   0.5      │
│ hyperband_train_00d42_01341   TERMINATED   True       False      False           False      False      True         False                True        False                  4            7.08903   0.383298   0.823523   0.819361 │
│ hyperband_train_00d42_01342   TERMINATED   False      True       False           True       True       False        False                True        True                   4           14.4629    0.377947   0.819736   0.82464  │
│ hyperband_train_00d42_01343   TERMINATED   False      True       False           False      True       False        False                False       False                  4           10.4157    0.398806   0.849422   0.802086 │
│ hyperband_train_00d42_01344   TERMINATED   False      False      False           False      False      False        True                 True        True                   4            6.73065   0.392676   0.79742    0.8173   │
│ hyperband_train_00d42_01345   TERMINATED   False      True       False           False      True       True         True                 True        True                   2            6.78848   0.610186   0.671921   0.772624 │
│ hyperband_train_00d42_01346   TERMINATED   True       False      True            False      False      False        False                True        True                   1            2.27722   0.693139   0.760672   0.5      │
│ hyperband_train_00d42_01347   TERMINATED   True       False      False           False      True       False        False                True        False                  4           10.8223    0.380486   0.830484   0.81822  │
│ hyperband_train_00d42_01348   TERMINATED   False      True       False           False      True       True         False                True        True                   2            6.05391   0.392849   0.844918   0.809972 │
│ hyperband_train_00d42_01349   TERMINATED   True       True       True            False      True       True         True                 False       True                   1            3.88577   0.611168   0.772136   0.523952 │
│ hyperband_train_00d42_01350   TERMINATED   True       False      True            True       True       False        True                 True        True                   4           15.1302    0.381553   0.815232   0.824024 │
│ hyperband_train_00d42_01351   TERMINATED   True       True       False           True       False      False        True                 True        False                  4           14.877     0.394163   0.817689   0.820802 │
│ hyperband_train_00d42_01352   TERMINATED   True       False      False           True       True       True         True                 False       True                   4           12.6381    0.632696   0.606306   0.6886   │
│ hyperband_train_00d42_01353   TERMINATED   False      True       False           True       True       True         True                 False       True                   4           13.7286    0.562031   0.838776   0.795382 │
│ hyperband_train_00d42_01354   TERMINATED   True       False      True            True       True       False        True                 False       False                  2            6.87469   0.551417   0.700276   0.763413 │
│ hyperband_train_00d42_01355   TERMINATED   False      False      True            False      False      True         True                 True        False                  4            7.07844   0.384107   0.819838   0.822362 │
│ hyperband_train_00d42_01356   TERMINATED   False      True       False           True       False      True         False                False       False                  2            6.25124   0.402286   0.764561   0.814902 │
│ hyperband_train_00d42_01357   TERMINATED   False      True       False           False      False      True         False                True        False                  1            2.11544   0.615803   0.852185   0.795402 │
│ hyperband_train_00d42_01358   TERMINATED   True       True       False           False      True       False        False                True        True                   4           13.5822    0.379191   0.813185   0.822825 │
│ hyperband_train_00d42_01359   TERMINATED   False      False      False           False      True       True         False                False       False                  1            1.72988   0.672584   0.760672   0.5      │
│ hyperband_train_00d42_01360   TERMINATED   True       False      False           True       True       True         True                 False       True                   4           13.0927    0.401562   0.808783   0.824622 │
│ hyperband_train_00d42_01361   TERMINATED   False      False      True            False      True       False        True                 True        False                  4            6.99373   0.384643   0.829051   0.820943 │
│ hyperband_train_00d42_01362   TERMINATED   True       True       True            False      True       True         True                 True        False                  4           14.4391    0.447144   0.781963   0.813003 │
│ hyperband_train_00d42_01363   TERMINATED   True       True       True            False      True       False        False                False       True                   4           14.0199    0.381537   0.816767   0.821369 │
│ hyperband_train_00d42_01364   TERMINATED   False      True       True            True       False      False        True                 True        False                  4           15.2347    0.389085   0.812673   0.823515 │
│ hyperband_train_00d42_01365   TERMINATED   True       False      True            False      False      True         False                True        False                  2            4.37086   0.45448    0.820657   0.821728 │
│ hyperband_train_00d42_01366   TERMINATED   True       False      False           False      False      False        True                 False       True                   1            2.31096   0.693139   0.760672   0.5      │
│ hyperband_train_00d42_01367   TERMINATED   True       True       False           True       False      True         False                True        False                  2            8.32379   0.406965   0.820657   0.814252 │
│ hyperband_train_00d42_01368   TERMINATED   False      False      False           False      False      False        False                True        True                   4            6.05317   0.376779   0.810523   0.825766 │
│ hyperband_train_00d42_01369   TERMINATED   False      False      False           True       False      True         False                False       False                  1            2.01031   0.717232   0.770396   0.520316 │
│ hyperband_train_00d42_01370   TERMINATED   True       False      True            True       False      False        False                True        True                   4           12.1555    0.376195   0.812673   0.824834 │
│ hyperband_train_00d42_01371   TERMINATED   True       True       False           True       True       False        False                False       True                   4           16.7724    0.47912    0.830996   0.805365 │
│ hyperband_train_00d42_01372   TERMINATED   False      True       False           False      True       True         True                 False       False                  4           10.1249    0.49472    0.839595   0.810138 │
│ hyperband_train_00d42_01373   TERMINATED   False      True       False           True       False      True         False                False       False                  4           11.0404    0.387383   0.827311   0.8176   │
│ hyperband_train_00d42_01374   TERMINATED   False      False      True            False      True       False        False                False       False                  4            7.49089   0.387416   0.838776   0.817075 │
│ hyperband_train_00d42_01375   TERMINATED   False      True       True            False      False      True         True                 False       False                  2            4.44231   0.397173   0.825264   0.81259  │
│ hyperband_train_00d42_01376   TERMINATED   True       True       False           True       True       False        True                 True        False                  1            5.48736   0.44998    0.771727   0.807154 │
│ hyperband_train_00d42_01377   TERMINATED   True       False      True            False      True       False        True                 False       True                   2            6.36533   0.379275   0.781452   0.82278  │
│ hyperband_train_00d42_01378   TERMINATED   True       False      True            False      True       True         True                 True        False                  1            3.46348   0.420761   0.751663   0.799682 │
│ hyperband_train_00d42_01379   TERMINATED   True       True       False           False      True       False        True                 False       True                   4           14.369     0.386929   0.81298    0.825036 │
│ hyperband_train_00d42_01380   TERMINATED   True       True       False           False      True       True         False                False       True                   4           13.1329    0.374809   0.813492   0.823027 │
│ hyperband_train_00d42_01381   TERMINATED   True       False      True            True       False      False        False                True        False                  4           12.0926    0.399361   0.834272   0.818804 │
│ hyperband_train_00d42_01382   TERMINATED   False      True       True            False      False      False        True                 True        False                  4            8.20672   0.402908   0.811342   0.820148 │
│ hyperband_train_00d42_01383   TERMINATED   True       True       True            False      False      False        False                True        True                   2            5.20209   0.693113   0.760672   0.5      │
│ hyperband_train_00d42_01384   TERMINATED   False      True       False           True       True       False        True                 True        True                   4           14.7049    0.379828   0.812673   0.821903 │
│ hyperband_train_00d42_01385   TERMINATED   True       False      False           True       False      True         False                False       True                   4           11.0183    0.380919   0.821271   0.821105 │
│ hyperband_train_00d42_01386   TERMINATED   False      False      True            False      False      True         True                 False       True                   1            1.86985   0.528376   0.822807   0.821382 │
│ hyperband_train_00d42_01387   TERMINATED   True       True       True            False      True       False        True                 False       True                   2            7.82165   0.390926   0.787082   0.820471 │
│ hyperband_train_00d42_01388   TERMINATED   False      False      False           False      True       False        False                False       False                  4            7.17948   0.391193   0.838878   0.816995 │
│ hyperband_train_00d42_01389   TERMINATED   True       True       True            True       False      False        True                 True        False                  1            4.3027    0.498013   0.726789   0.78641  │
│ hyperband_train_00d42_01390   TERMINATED   True       True       True            True       True       True         False                False       False                  4           17.339     0.384972   0.821783   0.821588 │
│ hyperband_train_00d42_01391   TERMINATED   True       False      False           True       True       True         True                 True        False                  4           14.1787    0.462376   0.804279   0.819903 │
│ hyperband_train_00d42_01392   TERMINATED   False      True       False           False      True       False        False                False       False                  4            9.61221   0.398806   0.849422   0.802086 │
│ hyperband_train_00d42_01393   TERMINATED   True       False      False           True       True       False        True                 True        True                   4           15.3258    0.378437   0.820145   0.823297 │
│ hyperband_train_00d42_01394   TERMINATED   False      True       False           False      True       True         True                 False       False                  2            5.00894   0.630671   0.818405   0.62941  │
│ hyperband_train_00d42_01395   TERMINATED   True       False      True            False      True       True         True                 False       True                   4           11.5321    0.394006   0.818405   0.819075 │
│ hyperband_train_00d42_01396   TERMINATED   True       False      True            False      False      True         False                True        False                  4            8.75073   0.388903   0.822602   0.821101 │
│ hyperband_train_00d42_01397   TERMINATED   True       True       False           False      False      False        False                False       True                   1            2.53317   0.693094   0.760672   0.5      │
│ hyperband_train_00d42_01398   TERMINATED   False      False      True            True       False      True         False                False       False                  1            2.03686   0.683151   0.768144   0.515612 │
│ hyperband_train_00d42_01399   TERMINATED   False      False      True            False      True       False        True                 False       False                  2            4.09689   0.393797   0.839288   0.807884 │
│ hyperband_train_00d42_01400   TERMINATED   False      False      False           False      True       False        True                 False       False                  4            7.24289   0.384472   0.850445   0.815071 │
│ hyperband_train_00d42_01401   TERMINATED   True       True       False           False      False      False        False                False       True                   4            8.9694    0.693095   0.760672   0.5      │
│ hyperband_train_00d42_01402   TERMINATED   True       True       True            True       False      True         True                 False       False                  4           14.4547    0.40509    0.804176   0.818956 │
│ hyperband_train_00d42_01403   TERMINATED   False      False      False           True       False      False        True                 True        True                   4            9.58747   0.375687   0.813799   0.825574 │
│ hyperband_train_00d42_01404   TERMINATED   True       False      True            False      True       False        False                False       False                  2            5.01164   0.385629   0.836217   0.81891  │
│ hyperband_train_00d42_01405   TERMINATED   False      True       True            False      False      True         False                True        True                   4            8.37903   0.375908   0.816767   0.824008 │
│ hyperband_train_00d42_01406   TERMINATED   True       False      True            False      True       False        False                False       False                  4           11.2679    0.389617   0.840209   0.813913 │
│ hyperband_train_00d42_01407   TERMINATED   False      True       True            True       True       True         True                 True        False                  2            9.41229   0.453394   0.775719   0.8174   │
│ hyperband_train_00d42_01408   TERMINATED   False      False      True            False      True       False        True                 False       True                   1            2.25892   0.417097   0.826492   0.815889 │
│ hyperband_train_00d42_01409   TERMINATED   True       False      True            False      True       False        False                True        False                  1            2.87666   0.476665   0.750026   0.805494 │
│ hyperband_train_00d42_01410   TERMINATED   False      True       True            False      True       True         False                True        True                   4           10.5603    0.659191   0.413144   0.613665 │
│ hyperband_train_00d42_01411   TERMINATED   True       False      False           True       True       False        True                 True        True                   4           14.2019    0.379684   0.820555   0.821807 │
│ hyperband_train_00d42_01412   TERMINATED   False      True       True            False      True       True         True                 True        False                  4           11.5648    0.398426   0.810728   0.824288 │
│ hyperband_train_00d42_01413   TERMINATED   False      False      True            True       False      True         False                True        False                  4           10.2735    0.376271   0.813901   0.823883 │
│ hyperband_train_00d42_01414   TERMINATED   True       False      False           True       True       True         True                 False       False                  2            7.26094   0.401309   0.783601   0.809682 │
│ hyperband_train_00d42_01415   TERMINATED   False      False      True            False      True       False        False                False       False                  4            7.60183   0.389986   0.843894   0.812964 │
│ hyperband_train_00d42_01416   TERMINATED   True       True       True            False      True       True         False                True        True                   1            3.89898   0.417295   0.853209   0.796808 │
│ hyperband_train_00d42_01417   TERMINATED   False      True       True            True       False      False        False                False       False                  2            6.31958   0.386354   0.806326   0.824327 │
│ hyperband_train_00d42_01418   TERMINATED   False      True       True            True       False      False        True                 False       True                   4           12.5655    0.396357   0.789845   0.821995 │
│ hyperband_train_00d42_01419   TERMINATED   True       True       True            False      False      True         True                 True        True                   1            2.96341   0.637225   0.835398   0.738197 │
│ hyperband_train_00d42_01420   TERMINATED   False      True       True            True       False      True         False                False       False                  4           10.848     0.529572   0.775719   0.817107 │
│ hyperband_train_00d42_01421   TERMINATED   False      False      False           False      True       False        True                 False       True                   4            8.81985   0.395423   0.799775   0.810053 │
│ hyperband_train_00d42_01422   TERMINATED   False      False      False           True       True       True         False                True        True                   4            9.39409   0.474897   0.679599   0.772247 │
│ hyperband_train_00d42_01423   TERMINATED   False      False      False           False      True       True         True                 True        True                   2            3.52958   0.647541   0.846658   0.797778 │
│ hyperband_train_00d42_01424   TERMINATED   False      False      True            False      False      True         False                True        True                   4            6.59753   0.376544   0.813696   0.825214 │
│ hyperband_train_00d42_01425   TERMINATED   False      False      False           False      True       False        False                False       True                   4            6.39786   0.373183   0.823114   0.823049 │
│ hyperband_train_00d42_01426   TERMINATED   True       False      True            True       False      False        False                False       False                  1            3.04886   0.496791   0.742246   0.797303 │
│ hyperband_train_00d42_01427   TERMINATED   False      True       False           True       False      False        False                True        False                  2            6.78787   0.407019   0.827618   0.805343 │
│ hyperband_train_00d42_01428   TERMINATED   False      False      False           False      True       False        False                False       True                   4            7.71012   0.373183   0.823114   0.823049 │
│ hyperband_train_00d42_01429   TERMINATED   True       False      True            False      False      True         False                True        True                   1            2.27772   0.592218   0.85065    0.806118 │
│ hyperband_train_00d42_01430   TERMINATED   True       False      False           False      True       True         True                 False       True                   4           10.5003    0.456888   0.814925   0.827927 │
│ hyperband_train_00d42_01431   TERMINATED   False      False      False           True       False      True         True                 False       True                   4            7.21668   0.412873   0.766097   0.81386  │
│ hyperband_train_00d42_01432   TERMINATED   False      False      True            False      False      True         False                False       True                   4            5.73645   0.460066   0.821578   0.819988 │
│ hyperband_train_00d42_01433   TERMINATED   False      False      True            True       True       True         True                 False       False                  2            4.89873   0.426236   0.756679   0.810161 │
│ hyperband_train_00d42_01434   TERMINATED   True       True       True            True       False      True         False                False       False                  4           13.782     0.377901   0.805814   0.822818 │
│ hyperband_train_00d42_01435   TERMINATED   False      False      False           False      False      False        True                 False       False                  4            6.14865   0.392922   0.812775   0.820504 │
│ hyperband_train_00d42_01436   TERMINATED   False      True       True            False      True       False        False                True        False                  4           11.6914    0.387748   0.827311   0.819799 │
│ hyperband_train_00d42_01437   TERMINATED   True       True       False           True       True       True         False                False       False                  2            9.64652   0.419114   0.781349   0.817729 │
│ hyperband_train_00d42_01438   TERMINATED   False      False      False           True       True       False        True                 False       True                   1            2.33569   0.403219   0.805814   0.81373  │
│ hyperband_train_00d42_01439   TERMINATED   False      False      False           True       True       False        False                True        False                  1            2.62699   0.401095   0.837854   0.811632 │
│ hyperband_train_00d42_01440   TERMINATED   True       True       True            False      False      True         False                False       True                   4           10.2318    0.423256   0.789641   0.814825 │
│ hyperband_train_00d42_01441   TERMINATED   False      True       False           True       True       False        False                False       True                   4           12.8229    0.397445   0.83335    0.819371 │
│ hyperband_train_00d42_01442   TERMINATED   False      False      False           False      True       True         True                 True        False                  4            6.64935   0.433657   0.827209   0.821051 │
│ hyperband_train_00d42_01443   TERMINATED   False      False      True            True       True       True         True                 False       False                  2            4.06547   0.642513   0.441294   0.622495 │
│ hyperband_train_00d42_01444   TERMINATED   True       True       True            True       True       False        True                 True        False                  4           20.3043    0.486271   0.75023    0.802404 │
│ hyperband_train_00d42_01445   TERMINATED   True       False      True            True       False      False        False                False       True                   4           11.378     0.419161   0.753608   0.809901 │
│ hyperband_train_00d42_01446   TERMINATED   True       False      True            False      True       False        True                 False       False                  1            3.36698   0.39926    0.796806   0.811913 │
│ hyperband_train_00d42_01447   TERMINATED   True       True       True            True       True       True         True                 True        False                  1            6.09829   0.443085   0.768963   0.799181 │
│ hyperband_train_00d42_01448   TERMINATED   False      False      True            False      True       False        False                True        True                   2            4.29753   0.375447   0.801822   0.826056 │
│ hyperband_train_00d42_01449   TERMINATED   True       False      False           False      True       False        False                True        True                   4           10.5983    0.368821   0.813082   0.827595 │
│ hyperband_train_00d42_01450   TERMINATED   False      True       False           True       True       True         True                 False       True                   4           13.9889    0.393018   0.825161   0.822343 │
│ hyperband_train_00d42_01451   TERMINATED   True       True       True            False      True       True         True                 True        True                   4           15.1964    0.374512   0.810933   0.82457  │
│ hyperband_train_00d42_01452   TERMINATED   False      True       False           False      False      True         False                True        False                  4            7.50004   0.377686   0.817279   0.825224 │
│ hyperband_train_00d42_01453   TERMINATED   True       False      False           False      True       True         False                False       True                   2            4.8452    0.660765   0.555942   0.706209 │
│ hyperband_train_00d42_01454   TERMINATED   False      True       False           False      False      True         False                False       True                   4            7.999     0.652528   0.847681   0.807392 │
│ hyperband_train_00d42_01455   TERMINATED   True       True       True            False      True       True         True                 False       False                  4           13.7759    0.373747   0.821886   0.821949 │
│ hyperband_train_00d42_01456   TERMINATED   True       True       True            True       True       False        True                 True        True                   4           22.033     0.380629   0.821374   0.824104 │
│ hyperband_train_00d42_01457   TERMINATED   False      True       True            False      False      True         False                True        False                  2            4.8529    0.541462   0.826083   0.815767 │
│ hyperband_train_00d42_01458   TERMINATED   True       False      True            False      False      True         True                 True        False                  1            2.30113   0.598471   0.838264   0.727622 │
│ hyperband_train_00d42_01459   TERMINATED   False      False      True            False      False      True         False                False       False                  1            1.73075   0.610014   0.846146   0.804917 │
│ hyperband_train_00d42_01460   TERMINATED   True       True       False           True       False      True         False                True        False                  4           14.2062    0.377245   0.821169   0.823676 │
│ hyperband_train_00d42_01461   TERMINATED   False      True       False           True       True       False        False                False       True                   4           12.8016    0.391554   0.803358   0.816219 │
│ hyperband_train_00d42_01462   TERMINATED   True       False      True            True       False      True         True                 False       False                  4           13.7758    0.471543   0.842666   0.770969 │
│ hyperband_train_00d42_01463   TERMINATED   False      True       False           True       True       False        True                 False       False                  4           13.8847    0.41486    0.827413   0.818987 │
│ hyperband_train_00d42_01464   TERMINATED   True       True       True            True       True       False        False                True        False                  2           10.0234    0.401997   0.827925   0.803786 │
│ hyperband_train_00d42_01465   TERMINATED   True       True       False           False      True       False        False                False       False                  4           13.6195    0.387558   0.840209   0.809222 │
│ hyperband_train_00d42_01466   TERMINATED   False      True       False           False      False      False        False                False       False                  1            2.18228   0.693097   0.760672   0.5      │
│ hyperband_train_00d42_01467   TERMINATED   False      True       False           True       True       False        True                 False       False                  4           17.155     0.386679   0.808066   0.822099 │
│ hyperband_train_00d42_01468   TERMINATED   False      True       True            True       False      True         True                 True        False                  1            3.91273   0.461619   0.850445   0.781067 │
│ hyperband_train_00d42_01469   TERMINATED   False      True       False           True       True       False        True                 True        True                   2            7.6046    0.409606   0.820555   0.818143 │
│ hyperband_train_00d42_01470   TERMINATED   True       False      True            True       False      False        False                True        False                  4           11.9425    0.484876   0.833555   0.800452 │
│ hyperband_train_00d42_01471   TERMINATED   True       False      False           False      False      False        True                 True        False                  4            8.79816   0.411459   0.810523   0.813894 │
│ hyperband_train_00d42_01472   TERMINATED   True       False      False           False      False      True         False                True        True                   4            7.29682   0.403882   0.806019   0.813132 │
│ hyperband_train_00d42_01473   TERMINATED   False      True       True            False      True       True         False                True        False                  4           11.3747    0.391728   0.776743   0.822616 │
│ hyperband_train_00d42_01474   TERMINATED   True       True       True            True       False      False        True                 True        False                  2            8.5081    0.429878   0.765687   0.809193 │
│ hyperband_train_00d42_01475   TERMINATED   False      False      False           False      False      False        False                True        False                  4            5.69613   0.390179   0.80561    0.822683 │
│ hyperband_train_00d42_01476   TERMINATED   False      True       True            True       False      False        False                False       True                   1            3.10013   0.405389   0.824445   0.814104 │
│ hyperband_train_00d42_01477   TERMINATED   False      False      False           True       True       True         True                 False       False                  1            2.19535   0.577427   0.664961   0.757348 │
│ hyperband_train_00d42_01478   TERMINATED   True       True       False           False      False      True         True                 True        True                   2            5.91318   0.454492   0.801208   0.820523 │
│ hyperband_train_00d42_01479   TERMINATED   False      False      True            True       False      False        False                False       True                   4            8.46793   0.380206   0.793223   0.823189 │
│ hyperband_train_00d42_01480   TERMINATED   True       False      False           False      True       False        False                True        False                  4            9.17088   0.388401   0.83335    0.81556  │
│ hyperband_train_00d42_01481   TERMINATED   True       True       True            False      True       True         False                True        False                  4           13.2959    0.374781   0.816256   0.822352 │
│ hyperband_train_00d42_01482   TERMINATED   True       True       False           False      True       False        True                 True        True                   4           13.0187    0.383512   0.817586   0.823227 │
│ hyperband_train_00d42_01483   TERMINATED   True       False      True            False      False      False        True                 False       True                   2            5.29238   0.693094   0.760672   0.5      │
│ hyperband_train_00d42_01484   TERMINATED   False      False      False           False      True       False        True                 True        False                  4            7.21818   0.376064   0.828335   0.822084 │
│ hyperband_train_00d42_01485   TERMINATED   True       True       True            False      False      True         True                 True        False                  4           10.9305    0.386407   0.803665   0.826828 │
│ hyperband_train_00d42_01486   TERMINATED   True       False      False           False      True       False        True                 False       False                  2            5.69646   0.392625   0.84154    0.81039  │
│ hyperband_train_00d42_01487   TERMINATED   False      False      False           True       True       True         False                False       True                   1            2.30324   0.428812   0.73938    0.801721 │
│ hyperband_train_00d42_01488   TERMINATED   False      True       False           False      True       True         True                 True        True                   1            3.17369   0.56011    0.820657   0.635141 │
│ hyperband_train_00d42_01489   TERMINATED   True       True       False           False      True       True         True                 True        False                  4           14.7128    0.39102    0.827823   0.81266  │
│ hyperband_train_00d42_01490   TERMINATED   True       False      False           False      True       False        False                True        True                   4            9.4198    0.377485   0.813696   0.825214 │
│ hyperband_train_00d42_01491   TERMINATED   False      True       False           False      False      True         False                True        True                   4            7.60565   0.595017   0.847477   0.806817 │
│ hyperband_train_00d42_01492   TERMINATED   True       False      False           False      True       False        False                True        True                   4            9.81638   0.383133   0.8052     0.823147 │
│ hyperband_train_00d42_01493   TERMINATED   True       True       False           True       False      True         True                 False       True                   2            7.05509   0.566465   0.852902   0.785466 │
│ hyperband_train_00d42_01494   TERMINATED   False      True       False           False      False      True         False                False       False                  4            8.2274    0.409972   0.838469   0.81101  │
│ hyperband_train_00d42_01495   TERMINATED   True       True       True            False      True       True         False                True        True                   4           13.6552    0.399291   0.783806   0.823448 │
│ hyperband_train_00d42_01496   TERMINATED   True       True       False           False      True       True         False                False       False                  2            7.24732   0.497187   0.85065    0.793367 │
│ hyperband_train_00d42_01497   TERMINATED   True       True       True            False      False      False        False                True        True                   4           10.1981    0.383148   0.814925   0.825875 │
│ hyperband_train_00d42_01498   TERMINATED   True       False      True            False      True       True         False                True        True                   1            2.90703   0.711966   0.239328   0.5      │
│ hyperband_train_00d42_01499   TERMINATED   True       True       True            False      False      False        True                 True        False                  1            3.15892   0.693097   0.760672   0.5      │
│ hyperband_train_00d42_01500   TERMINATED   True       False      False           True       True       False        True                 False       True                   4           15.2013    0.463332   0.816153   0.779339 │
│ hyperband_train_00d42_01501   TERMINATED   False      False      True            True       True       False        False                False       True                   4            8.1432    0.388166   0.821681   0.818296 │
│ hyperband_train_00d42_01502   TERMINATED   True       True       True            False      True       False        False                False       True                   4           13.0979    0.377243   0.838264   0.821575 │
│ hyperband_train_00d42_01503   TERMINATED   True       False      False           False      False      False        True                 False       True                   4            8.07613   0.376891   0.817279   0.823904 │
│ hyperband_train_00d42_01504   TERMINATED   False      True       False           False      True       True         False                False       False                  4           10.542     0.607132   0.826901   0.649066 │
│ hyperband_train_00d42_01505   TERMINATED   True       True       True            False      False      False        True                 True        True                   2            5.44343   0.693094   0.760672   0.5      │
│ hyperband_train_00d42_01506   TERMINATED   False      False      False           False      True       True         False                True        False                  2            4.13181   0.371624   0.807862   0.822698 │
│ hyperband_train_00d42_01507   TERMINATED   True       True       True            True       True       True         False                False       False                  1            4.75682   0.511228   0.741222   0.775084 │
│ hyperband_train_00d42_01508   TERMINATED   False      False      True            False      False      False        False                True        False                  1            1.79224   0.38655    0.826287   0.817513 │
│ hyperband_train_00d42_01509   TERMINATED   False      False      False           True       False      False        True                 False       True                   4            8.21334   0.387163   0.802436   0.825287 │
│ hyperband_train_00d42_01510   TERMINATED   False      True       False           True       True       False        True                 False       True                   4           15.1427    0.399089   0.808476   0.814453 │
│ hyperband_train_00d42_01511   TERMINATED   False      True       False           False      False      False        False                False       True                   4            7.321     0.379062   0.813594   0.823681 │
│ hyperband_train_00d42_01512   TERMINATED   False      True       True            True       False      True         True                 False       True                   4           11.2902    0.395781   0.789641   0.821567 │
│ hyperband_train_00d42_01513   TERMINATED   False      True       True            True       False      True         True                 True        False                  2            7.10541   0.439691   0.833965   0.813033 │
│ hyperband_train_00d42_01514   TERMINATED   False      False      True            True       False      False        False                False       False                  4            8.19515   0.40235    0.78483    0.813128 │
│ hyperband_train_00d42_01515   TERMINATED   False      False      True            False      False      False        True                 True        False                  4            6.26929   0.434439   0.816665   0.820862 │
│ hyperband_train_00d42_01516   TERMINATED   False      False      False           False      False      False        True                 False       False                  1            2.20685   0.408383   0.810318   0.803939 │
│ hyperband_train_00d42_01517   TERMINATED   False      False      False           True       True       False        False                True        False                  2            5.75798   0.396333   0.841949   0.814763 │
│ hyperband_train_00d42_01518   TERMINATED   False      True       False           False      False      True         True                 False       True                   4            8.81717   0.386276   0.827618   0.819707 │
│ hyperband_train_00d42_01519   TERMINATED   True       False      True            True       False      True         True                 True        False                  1            3.76844   0.449564   0.773877   0.796548 │
│ hyperband_train_00d42_01520   TERMINATED   False      True       True            True       False      True         False                True        True                   4           12.5062    0.484763   0.817177   0.819587 │
│ hyperband_train_00d42_01521   TERMINATED   False      True       True            False      False      True         False                False       True                   4            8.05207   0.376151   0.81646    0.823073 │
│ hyperband_train_00d42_01522   TERMINATED   True       False      False           True       False      False        False                True        True                   4           11.5508    0.419666   0.774286   0.81206  │
│ hyperband_train_00d42_01523   TERMINATED   False      True       True            False      False      True         False                True        True                   4            8.96437   0.39734    0.815027   0.824476 │
│ hyperband_train_00d42_01524   TERMINATED   True       True       True            False      True       True         False                True        True                   2            7.13877   0.63068    0.62944    0.749244 │
│ hyperband_train_00d42_01525   TERMINATED   False      False      True            False      False      False        False                False       False                  4            6.38368   0.423928   0.8225     0.824111 │
│ hyperband_train_00d42_01526   TERMINATED   False      True       False           True       False      False        False                True        True                   1            3.45451   0.404596   0.806121   0.818329 │
│ hyperband_train_00d42_01527   TERMINATED   True       False      True            True       True       False        True                 True        False                  1            4.24938   0.487086   0.807759   0.79229  │
│ hyperband_train_00d42_01528   TERMINATED   False      False      True            False      False      False        False                True        True                   4            7.1055    0.410023   0.788105   0.822903 │
│ hyperband_train_00d42_01529   TERMINATED   False      False      True            True       True       True         False                False       True                   2            4.58079   0.459294   0.764152   0.817565 │
│ hyperband_train_00d42_01530   TERMINATED   False      False      True            True       True       True         False                False       True                   4            7.89663   0.543448   0.572116   0.710245 │
│ hyperband_train_00d42_01531   TERMINATED   False      False      True            False      False      False        False                True        False                  4            5.59986   0.430928   0.819224   0.821812 │
│ hyperband_train_00d42_01532   TERMINATED   False      True       True            True       False      True         True                 True        False                  4           13.2368    0.402285   0.763947   0.817577 │
│ hyperband_train_00d42_01533   TERMINATED   True       True       False           False      True       False        True                 False       True                   4           14.2905    0.389168   0.805814   0.81974  │
│ hyperband_train_00d42_01534   TERMINATED   True       False      True            False      False      True         True                 True        True                   2            4.21787   0.680219   0.766404   0.511976 │
│ hyperband_train_00d42_01535   TERMINATED   False      False      False           False      False      True         True                 True        False                  4            6.42429   0.378767   0.817382   0.823385 │
│ hyperband_train_00d42_01536   TERMINATED   False      False      False           True       False      False        True                 False       True                   2            4.97966   0.390013   0.805302   0.819257 │
│ hyperband_train_00d42_01537   TERMINATED   False      True       False           True       False      False        True                 False       False                  1            3.33448   0.401997   0.794657   0.81607  │
│ hyperband_train_00d42_01538   TERMINATED   True       False      True            True       False      True         True                 True        False                  4           15.4099    0.384981   0.825468   0.820053 │
│ hyperband_train_00d42_01539   TERMINATED   True       False      False           False      True       True         False                False       False                  1            2.70631   0.389763   0.835091   0.813333 │
│ hyperband_train_00d42_01540   TERMINATED   False      True       False           False      True       False        False                False       False                  4            9.79396   0.386021   0.841437   0.812375 │
│ hyperband_train_00d42_01541   TERMINATED   False      False      True            False      True       False        False                False       True                   4            6.86364   0.373062   0.827823   0.823213 │
│ hyperband_train_00d42_01542   TERMINATED   False      True       False           True       False      True         True                 True        True                   4           13.2268    0.379359   0.790869   0.819443 │
│ hyperband_train_00d42_01543   TERMINATED   False      False      True            True       True       True         True                 False       True                   2            5.14586   0.473409   0.746443   0.807976 │
│ hyperband_train_00d42_01544   TERMINATED   False      False      False           False      False      False        True                 True        True                   4            6.27515   0.378088   0.812366   0.82346  │
│ hyperband_train_00d42_01545   TERMINATED   False      True       True            False      False      False        False                False       False                  4            8.04627   0.381661   0.827106   0.822889 │
│ hyperband_train_00d42_01546   TERMINATED   True       True       False           True       True       True         False                True        True                   1            5.06987   0.484058   0.788617   0.79114  │
│ hyperband_train_00d42_01547   TERMINATED   True       False      False           False      False      True         True                 False       False                  4            9.88927   0.38169    0.819634   0.822814 │
│ hyperband_train_00d42_01548   TERMINATED   True       False      True            True       True       False        False                True        False                  2            8.36916   0.399529   0.828232   0.815714 │
│ hyperband_train_00d42_01549   TERMINATED   True       True       False           True       False      False        False                True        True                   1            3.85375   0.437146   0.758215   0.801497 │
│ hyperband_train_00d42_01550   TERMINATED   True       True       True            False      False      False        True                 False       False                  4            9.57226   0.387      0.828437   0.822004 │
│ hyperband_train_00d42_01551   TERMINATED   True       False      True            False      False      False        True                 True        True                   4            8.20835   0.384491   0.816153   0.822871 │
│ hyperband_train_00d42_01552   TERMINATED   False      False      True            False      False      True         False                True        False                  4            5.95721   0.399073   0.797318   0.823829 │
│ hyperband_train_00d42_01553   TERMINATED   True       False      False           True       True       True         True                 True        True                   4           16.0714    0.384005   0.80346    0.822296 │
│ hyperband_train_00d42_01554   TERMINATED   False      False      True            False      True       False        True                 True        False                  4            9.15573   0.381628   0.837343   0.81027  │
│ hyperband_train_00d42_01555   TERMINATED   True       True       True            True       False      False        False                False       True                   2            7.25321   0.500765   0.61992    0.732873 │
│ hyperband_train_00d42_01556   TERMINATED   False      True       True            True       False      True         True                 True        False                  1            3.8925    0.551603   0.829256   0.664098 │
│ hyperband_train_00d42_01557   TERMINATED   False      True       True            False      True       False        True                 False       True                   4           11.7964    0.384603   0.819634   0.820615 │
│ hyperband_train_00d42_01558   TERMINATED   True       True       True            True       True       True         True                 False       True                   2            9.3768    0.433644   0.77879    0.808572 │
│ hyperband_train_00d42_01559   TERMINATED   True       False      False           False      False      True         False                False       False                  1            2.30046   0.558091   0.841744   0.697078 │
│ hyperband_train_00d42_01560   TERMINATED   False      True       True            False      False      True         True                 False       True                   4            8.77143   0.40973    0.795783   0.817396 │
│ hyperband_train_00d42_01561   TERMINATED   True       False      False           False      False      False        False                False       False                  4            6.83778   0.382151   0.809602   0.825454 │
│ hyperband_train_00d42_01562   TERMINATED   False      False      False           True       False      True         False                False       True                   4            6.46912   0.652766   0.782373   0.548269 │
│ hyperband_train_00d42_01563   TERMINATED   True       False      False           True       True       False        False                False       True                   2            6.701     0.689423   0.664039   0.485144 │
│ hyperband_train_00d42_01564   TERMINATED   True       False      True            True       False      True         True                 True        True                   4           13.8211    0.407044   0.771113   0.81789  │
│ hyperband_train_00d42_01565   TERMINATED   True       False      False           True       True       True         True                 True        False                  4           15.0032    0.413801   0.838469   0.810717 │
│ hyperband_train_00d42_01566   TERMINATED   True       True       True            False      False      False        False                False       True                   1            2.79802   0.693094   0.760672   0.5      │
│ hyperband_train_00d42_01567   TERMINATED   False      False      False           True       False      True         True                 True        True                   2            5.67315   0.405541   0.786672   0.818883 │
│ hyperband_train_00d42_01568   TERMINATED   True       True       False           True       False      False        True                 True        True                   1            4.441     0.551317   0.665268   0.734832 │
│ hyperband_train_00d42_01569   TERMINATED   False      False      True            False      False      False        True                 True        False                  4            7.127     0.423548   0.805917   0.825963 │
│ hyperband_train_00d42_01570   TERMINATED   True       False      False           True       True       True         False                False       False                  4           12.002     0.503779   0.846453   0.793686 │
│ hyperband_train_00d42_01571   TERMINATED   True       False      False           False      False      True         False                False       True                   4            7.38392   0.614025   0.842051   0.808674 │
│ hyperband_train_00d42_01572   TERMINATED   False      False      True            True       False      False        False                True        False                  4            8.77202   0.387395   0.792814   0.824972 │
│ hyperband_train_00d42_01573   TERMINATED   True       False      True            False      True       False        False                True        True                   4           10.9874    0.371371   0.814413   0.826124 │
│ hyperband_train_00d42_01574   TERMINATED   True       False      False           True       True       True         False                False       True                   4           13.8235    0.389048   0.795885   0.819809 │
│ hyperband_train_00d42_01575   TERMINATED   True       False      True            True       False      True         True                 False       True                   2            5.69709   0.405779   0.775207   0.806657 │
│ hyperband_train_00d42_01576   TERMINATED   False      True       True            False      True       True         True                 False       False                  1            3.23055   0.388848   0.836728   0.811771 │
│ hyperband_train_00d42_01577   TERMINATED   True       True       True            True       True       False        False                True        True                   4           20.8403    0.387296   0.823319   0.817321 │
│ hyperband_train_00d42_01578   TERMINATED   False      False      False           True       True       False        True                 True        False                  2            5.25019   0.40312    0.836012   0.815698 │
│ hyperband_train_00d42_01579   TERMINATED   False      False      False           False      True       True         True                 False       True                   1            2.21781   0.453511   0.855666   0.778928 │
│ hyperband_train_00d42_01580   TERMINATED   False      True       False           True       False      True         True                 False       True                   4           10.9254    0.392534   0.809909   0.823897 │
│ hyperband_train_00d42_01581   TERMINATED   True       True       True            True       False      True         True                 True        False                  4           17.2012    0.40777    0.78268    0.804826 │
│ hyperband_train_00d42_01582   TERMINATED   False      False      False           False      False      False        True                 True        True                   4            6.91549   0.39487    0.784932   0.81554  │
│ hyperband_train_00d42_01583   TERMINATED   False      True       False           False      True       True         True                 True        True                   4           11.31      0.551651   0.813082   0.82437  │
│ hyperband_train_00d42_01584   TERMINATED   False      True       True            True       False      True         False                False       False                  2            5.74003   0.658803   0.762719   0.504277 │
│ hyperband_train_00d42_01585   TERMINATED   False      True       True            False      False      True         False                True        True                   4            8.81527   0.381218   0.815129   0.821905 │
│ hyperband_train_00d42_01586   TERMINATED   False      False      True            False      False      True         False                True        False                  2            3.88797   0.386035   0.818303   0.821939 │
│ hyperband_train_00d42_01587   TERMINATED   True       True       False           True       False      True         False                True        False                  1            3.89486   0.762735   0.760672   0.5      │
│ hyperband_train_00d42_01588   TERMINATED   True       True       True            False      False      True         False                True        False                  1            2.72239   0.415403   0.834783   0.811519 │
│ hyperband_train_00d42_01589   TERMINATED   True       True       True            True       True       False        False                False       True                   4           18.3614    0.410897   0.816563   0.823433 │
│ hyperband_train_00d42_01590   TERMINATED   True       True       True            False      True       True         True                 True        False                  4           13.2007    0.474169   0.80735    0.823827 │
│ hyperband_train_00d42_01591   TERMINATED   False      False      False           True       False      False        True                 False       True                   4            8.25051   0.380712   0.793633   0.82126  │
│ hyperband_train_00d42_01592   TERMINATED   False      False      False           True       False      True         False                True        False                  4            7.9761    0.627932   0.822704   0.651877 │
│ hyperband_train_00d42_01593   TERMINATED   False      False      True            False      False      False        True                 False       True                   4            7.13296   0.41786    0.820248   0.819553 │
│ hyperband_train_00d42_01594   TERMINATED   True       False      True            False      False      True         False                True        True                   4            8.70096   0.376234   0.815846   0.822962 │
│ hyperband_train_00d42_01595   TERMINATED   True       False      True            True       True       True         False                False       False                  2            6.96418   0.399843   0.835091   0.805858 │
│ hyperband_train_00d42_01596   TERMINATED   True       False      True            True       False      False        False                True        True                   1            3.59351   0.526001   0.733135   0.791021 │
│ hyperband_train_00d42_01597   TERMINATED   True       True       False           True       False      False        False                True        True                   4           16.4697    0.379035   0.817791   0.823948 │
│ hyperband_train_00d42_01598   TERMINATED   False      True       True            True       True       False        False                True        True                   1            4.16563   0.400598   0.819224   0.815802 │
│ hyperband_train_00d42_01599   TERMINATED   True       False      True            False      True       False        True                 True        False                  2            7.34757   0.386677   0.824752   0.813133 │
│ hyperband_train_00d42_01600   TERMINATED   True       True       True            True       True       False        True                 True        False                  4           19.7696    0.427187   0.814003   0.81325  │
│ hyperband_train_00d42_01601   TERMINATED   False      True       True            True       False      False        False                True        False                  4           12.3519    0.389      0.790255   0.822997 │
│ hyperband_train_00d42_01602   TERMINATED   False      True       False           True       True       True         False                True        True                   4           14.8436    0.423836   0.779609   0.821422 │
│ hyperband_train_00d42_01603   TERMINATED   True       True       True            False      True       True         False                True        True                   4           14.6844    0.559168   0.829461   0.820479 │
│ hyperband_train_00d42_01604   TERMINATED   False      False      True            False      False      False        True                 False       False                  4            6.90899   0.386617   0.80694    0.822971 │
│ hyperband_train_00d42_01605   TERMINATED   False      True       False           True       False      True         False                True        False                  2            6.50456   0.670809   0.778585   0.537865 │
│ hyperband_train_00d42_01606   TERMINATED   False      False      False           False      False      False        True                 False       True                   2            3.55874   0.381922   0.827311   0.822584 │
│ hyperband_train_00d42_01607   TERMINATED   False      False      True            False      True       True         False                False       False                  1            2.00948   0.464172   0.744907   0.811364 │
│ hyperband_train_00d42_01608   TERMINATED   True       True       True            False      False      True         False                False       True                   1            3.09372   0.511931   0.768758   0.803444 │
│ hyperband_train_00d42_01609   TERMINATED   False      False      True            False      True       False        True                 True        True                   4            8.41898   0.388705   0.795578   0.825323 │
│ hyperband_train_00d42_01610   TERMINATED   True       False      False           True       True       False        True                 False       True                   4           12.2684    0.439767   0.833453   0.802876 │
│ hyperband_train_00d42_01611   TERMINATED   True       True       True            True       False      True         True                 True        True                   4           16.0985    0.430765   0.840004   0.816416 │
│ hyperband_train_00d42_01612   TERMINATED   True       True       True            False      False      True         True                 False       False                  4           10.0105    0.59151    0.786877   0.812568 │
│ hyperband_train_00d42_01613   TERMINATED   False      False      True            True       True       False        False                False       True                   4            9.35775   0.503269   0.811649   0.822402 │
│ hyperband_train_00d42_01614   TERMINATED   False      True       False           False      False      False        True                 True        True                   4            9.24129   0.382445   0.800594   0.821438 │
│ hyperband_train_00d42_01615   TERMINATED   False      True       True            True       False      False        True                 True        True                   2            6.96809   0.391923   0.802846   0.819254 │
│ hyperband_train_00d42_01616   TERMINATED   False      True       True            False      False      False        True                 True        False                  4            8.88891   0.414437   0.816767   0.827086 │
│ hyperband_train_00d42_01617   TERMINATED   True       True       False           False      True       True         True                 False       False                  1            3.65617   0.629723   0.710001   0.794869 │
│ hyperband_train_00d42_01618   TERMINATED   True       True       True            True       False      True         False                True        False                  2            8.1354    0.393874   0.811751   0.814848 │
│ hyperband_train_00d42_01619   TERMINATED   True       False      True            True       False      True         False                False       True                   1            3.14415   0.5548     0.827516   0.75251  │
│ hyperband_train_00d42_01620   TERMINATED   False      True       True            True       False      True         False                True        False                  4           12.4973    0.446464   0.848603   0.808877 │
│ hyperband_train_00d42_01621   TERMINATED   True       False      True            False      True       False        False                True        False                  4            9.76027   0.384427   0.830279   0.818965 │
│ hyperband_train_00d42_01622   TERMINATED   True       True       True            True       True       False        False                False       True                   4           17.3298    0.442267   0.763435   0.798626 │
│ hyperband_train_00d42_01623   TERMINATED   False      True       True            False      True       True         True                 True        False                  4           11.3019    0.545249   0.855973   0.788951 │
│ hyperband_train_00d42_01624   TERMINATED   True       True       False           True       False      False        False                False       True                   2            6.88778   0.608872   0.78268    0.69988  │
│ hyperband_train_00d42_01625   TERMINATED   False      False      True            False      False      False        True                 False       True                   4            7.73441   0.377133   0.826185   0.822137 │
│ hyperband_train_00d42_01626   TERMINATED   True       False      False           True       False      False        False                False       False                  1            2.74147   0.526768   0.734466   0.755986 │
│ hyperband_train_00d42_01627   TERMINATED   True       True       True            False      False      True         True                 True        True                   4           11.2771    0.377295   0.813389   0.823546 │
│ hyperband_train_00d42_01628   TERMINATED   False      False      False           True       False      False        True                 False       False                  2            4.42331   0.40087    0.776129   0.818109 │
│ hyperband_train_00d42_01629   TERMINATED   False      True       False           False      True       True         True                 False       True                   1            3.31454   0.505656   0.85065    0.724038 │
│ hyperband_train_00d42_01630   TERMINATED   True       False      False           False      True       False        False                False       True                   4            9.76874   0.373334   0.826185   0.818179 │
│ hyperband_train_00d42_01631   TERMINATED   False      True       True            True       True       True         True                 False       False                  4           13.5822    0.500891   0.812366   0.820235 │
│ hyperband_train_00d42_01632   TERMINATED   False      False      True            False      False      True         True                 True        True                   4            6.20779   0.376884   0.813185   0.82561  │
│ hyperband_train_00d42_01633   TERMINATED   False      True       True            True       False      True         False                True        False                  4           13.5939    0.377664   0.819326   0.822172 │
│ hyperband_train_00d42_01634   TERMINATED   False      True       False           False      True       False        True                 False       False                  4           11.5174    0.386788   0.841744   0.817267 │
│ hyperband_train_00d42_01635   TERMINATED   False      False      True            True       True       True         False                False       False                  2            4.36258   0.453213   0.765176   0.816186 │
│ hyperband_train_00d42_01636   TERMINATED   False      False      False           True       False      False        True                 True        False                  1            2.52118   0.390516   0.815232   0.819041 │
│ hyperband_train_00d42_01637   TERMINATED   False      True       True            True       False      False        False                True        True                   4           13.7784    0.376756   0.812877   0.826434 │
│ hyperband_train_00d42_01638   TERMINATED   True       False      True            False      True       False        False                True        False                  1            2.82915   0.39313    0.847579   0.808351 │
│ hyperband_train_00d42_01639   TERMINATED   False      True       False           True       True       True         True                 True        False                  2            7.71246   0.40742    0.777562   0.820516 │
│ hyperband_train_00d42_01640   TERMINATED   True       True       False           True       True       False        True                 True        True                   4           19.3761    0.390208   0.806838   0.813817 │
│ hyperband_train_00d42_01641   TERMINATED   False      False      True            False      True       False        True                 False       True                   4            8.11448   0.389206   0.814413   0.820408 │
│ hyperband_train_00d42_01642   TERMINATED   True       True       True            True       False      False        False                True        True                   4           15.3435    0.484914   0.796909   0.808463 │
│ hyperband_train_00d42_01643   TERMINATED   False      True       False           False      False      False        False                True        True                   4            8.2914    0.377867   0.813696   0.823015 │
│ hyperband_train_00d42_01644   TERMINATED   False      True       False           True       False      False        True                 False       True                   4           12.5838    0.38622    0.798035   0.817997 │
│ hyperband_train_00d42_01645   TERMINATED   True       True       False           False      True       False        True                 False       False                  2            7.0189    0.418734   0.852595   0.795524 │
│ hyperband_train_00d42_01646   TERMINATED   False      False      False           True       True       False        False                False       False                  1            2.26044   0.399771   0.833555   0.814376 │
│ hyperband_train_00d42_01647   TERMINATED   False      False      True            True       True       True         False                False       False                  1            2.54562   0.540731   0.740199   0.699073 │
│ hyperband_train_00d42_01648   TERMINATED   True       False      False           False      True       False        False                False       True                   4           10.6547    0.369296   0.829256   0.823569 │
│ hyperband_train_00d42_01649   TERMINATED   True       False      True            False      False      True         False                False       True                   2            4.20318   0.37598    0.822704   0.822047 │
│ hyperband_train_00d42_01650   TERMINATED   True       True       True            True       True       False        True                 False       True                   4           17.3862    0.46278    0.78268    0.80336  │
│ hyperband_train_00d42_01651   TERMINATED   True       False      False           True       True       True         False                True        True                   4           13.9373    0.430163   0.717576   0.796184 │
│ hyperband_train_00d42_01652   TERMINATED   False      True       True            False      True       True         True                 False       True                   4           12.1227    0.393454   0.822295   0.809613 │
│ hyperband_train_00d42_01653   TERMINATED   True       False      True            False      True       True         True                 True        False                  4           11.7656    0.371438   0.79783    0.825777 │
│ hyperband_train_00d42_01654   TERMINATED   False      True       False           False      False      False        True                 False       False                  4            9.17451   0.392525   0.823728   0.81803  │
│ hyperband_train_00d42_01655   TERMINATED   False      True       True            True       True       True         False                True        False                  2            8.6149    0.402161   0.814925   0.812097 │
│ hyperband_train_00d42_01656   TERMINATED   False      False      False           True       True       True         True                 True        True                   1            3.03464   0.430807   0.798444   0.81211  │
│ hyperband_train_00d42_01657   TERMINATED   True       True       False           True       True       True         False                False       False                  2            9.52366   0.406704   0.809397   0.814033 │
│ hyperband_train_00d42_01658   TERMINATED   False      False      True            True       True       False        True                 False       True                   4           10.0358    0.384209   0.815948   0.822443 │
│ hyperband_train_00d42_01659   TERMINATED   False      True       True            False      False      True         False                True        True                   1            2.38652   0.605929   0.85239    0.762558 │
│ hyperband_train_00d42_01660   TERMINATED   True       False      False           True       False      True         False                False       True                   4           10.0529    0.508041   0.828846   0.810401 │
│ hyperband_train_00d42_01661   TERMINATED   True       False      True            False      False      True         False                True        False                  4            7.57569   0.656983   0.777152   0.821859 │
│ hyperband_train_00d42_01662   TERMINATED   True       True       False           False      True       True         False                False       False                  4           12.8198    0.581057   0.827925   0.820642 │
│ hyperband_train_00d42_01663   TERMINATED   False      True       False           False      True       False        False                False       False                  2            5.041     0.395006   0.847272   0.806683 │
│ hyperband_train_00d42_01664   TERMINATED   True       False      True            True       True       True         True                 False       True                   4           14.4867    0.414749   0.782066   0.817907 │
│ hyperband_train_00d42_01665   TERMINATED   True       True       True            True       True       True         False                False       False                  4           17.7616    0.38993    0.81257    0.819344 │
│ hyperband_train_00d42_01666   TERMINATED   False      False      False           True       True       True         True                 False       False                  1            2.38125   0.459859   0.71297    0.790518 │
│ hyperband_train_00d42_01667   TERMINATED   True       True       False           True       False      True         True                 False       False                  1            3.65024   0.535007   0.848807   0.727077 │
│ hyperband_train_00d42_01668   TERMINATED   True       True       True            False      True       False        False                True        False                  2            6.87521   0.385018   0.829972   0.823014 │
│ hyperband_train_00d42_01669   TERMINATED   False      True       False           False      False      True         True                 False       False                  4            8.94911   0.447172   0.813389   0.821494 │
│ hyperband_train_00d42_01670   TERMINATED   True       False      False           False      True       False        True                 False       True                   4           10.7532    0.380961   0.817689   0.820656 │
│ hyperband_train_00d42_01671   TERMINATED   False      False      True            False      False      False        True                 False       False                  4            5.74767   0.38771    0.825059   0.822129 │
│ hyperband_train_00d42_01672   TERMINATED   True       True       False           False      True       False        False                True        True                   4           12.858     0.372292   0.800696   0.828394 │
│ hyperband_train_00d42_01673   TERMINATED   False      False      False           False      False      False        True                 False       False                  4            6.86391   0.390921   0.817382   0.821187 │
│ hyperband_train_00d42_01674   TERMINATED   True       True       False           False      False      True         True                 False       True                   2            6.14508   0.548335   0.821169   0.763875 │
│ hyperband_train_00d42_01675   TERMINATED   True       True       True            True       True       True         False                False       True                   4           17.4561    0.434385   0.814208   0.816756 │
│ hyperband_train_00d42_01676   TERMINATED   False      True       True            True       True       True         False                True        False                  1            4.29451   0.430949   0.779814   0.804115 │
│ hyperband_train_00d42_01677   TERMINATED   False      True       True            False      False      False        False                False       False                  4            9.21114   0.390822   0.81646    0.822487 │
│ hyperband_train_00d42_01678   TERMINATED   False      False      False           True       False      True         False                False       False                  2            4.39514   0.391351   0.775514   0.819317 │
│ hyperband_train_00d42_01679   TERMINATED   False      True       False           False      False      False        True                 False       True                   1            3.05227   0.693095   0.760672   0.5      │
│ hyperband_train_00d42_01680   TERMINATED   True       True       False           True       False      True         True                 True        True                   4           15.0975    0.405189   0.791279   0.810038 │
│ hyperband_train_00d42_01681   TERMINATED   True       False      True            True       True       True         True                 True        True                   4           16.0158    0.386219   0.787491   0.82118  │
│ hyperband_train_00d42_01682   TERMINATED   True       False      False           True       False      True         True                 False       False                  4           10.1828    0.678984   0.757805   0.808263 │
│ hyperband_train_00d42_01683   TERMINATED   True       False      False           True       True       True         True                 False       True                   2            6.82799   0.481327   0.796909   0.788089 │
│ hyperband_train_00d42_01684   TERMINATED   False      True       False           True       False      True         True                 True        False                  4           13.066     0.402916   0.772136   0.820321 │
│ hyperband_train_00d42_01685   TERMINATED   False      True       False           False      False      True         False                True        False                  4            8.44296   0.421421   0.840106   0.808862 │
│ hyperband_train_00d42_01686   TERMINATED   False      False      True            False      False      True         True                 True        False                  4            9.29499   0.378704   0.800491   0.823423 │
│ hyperband_train_00d42_01687   TERMINATED   False      True       False           True       True       True         False                True        False                  2            8.32795   0.408326   0.800184   0.808124 │
│ hyperband_train_00d42_01688   TERMINATED   True       False      False           False      False      False        True                 True        False                  1            2.37702   0.693106   0.760672   0.5      │
│ hyperband_train_00d42_01689   TERMINATED   False      False      False           False      True       True         False                True        True                   1            2.09471   0.41631    0.850343   0.800493 │
│ hyperband_train_00d42_01690   TERMINATED   True       True       True            True       False      True         True                 True        True                   4           16.2605    0.372618   0.805507   0.824668 │
│ hyperband_train_00d42_01691   TERMINATED   False      False      False           False      True       True         False                True        False                  4            6.47387   0.369874   0.814106   0.825483 │
│ hyperband_train_00d42_01692   TERMINATED   True       True       False           True       True       False        False                True        False                  4           18.2139    0.392144   0.828437   0.816288 │
│ hyperband_train_00d42_01693   TERMINATED   False      False      True            False      True       False        False                False       False                  4            7.21276   0.387416   0.838776   0.817075 │
│ hyperband_train_00d42_01694   TERMINATED   True       True       True            False      True       True         False                False       False                  4           14.1656    0.37543    0.823523   0.819947 │
│ hyperband_train_00d42_01695   TERMINATED   False      True       False           True       False      True         True                 False       False                  2            6.33433   0.603517   0.789845   0.562562 │
│ hyperband_train_00d42_01696   TERMINATED   True       False      False           False      True       True         True                 False       False                  4           11.5739    0.518418   0.851571   0.807017 │
│ hyperband_train_00d42_01697   TERMINATED   False      True       True            True       False      True         True                 False       False                  2            6.68554   0.522096   0.847989   0.74061  │
│ hyperband_train_00d42_01698   TERMINATED   False      True       False           False      True       True         False                False       False                  1            2.71649   0.670191   0.760672   0.5      │
│ hyperband_train_00d42_01699   TERMINATED   False      True       True            True       True       True         False                True        True                   1            4.27363   0.577356   0.555226   0.702074 │
│ hyperband_train_00d42_01700   TERMINATED   False      False      False           True       False      False        False                False       False                  4            6.69314   0.385365   0.785137   0.818313 │
│ hyperband_train_00d42_01701   TERMINATED   True       False      True            False      False      True         True                 True        True                   4            7.92695   0.602444   0.814618   0.820689 │
│ hyperband_train_00d42_01702   TERMINATED   True       False      True            False      True       True         True                 True        True                   4           10.6619    0.390077   0.789845   0.819063 │
│ hyperband_train_00d42_01703   TERMINATED   True       True       False           False      True       False        True                 False       True                   4           13.5526    0.391986   0.818303   0.819301 │
│ hyperband_train_00d42_01704   TERMINATED   True       False      True            False      False      True         True                 False       False                  4           10.6859    0.388257   0.812673   0.818678 │
│ hyperband_train_00d42_01705   TERMINATED   False      False      False           True       True       False        False                True        False                  2            4.91415   0.392548   0.836421   0.816113 │
│ hyperband_train_00d42_01706   TERMINATED   False      True       True            True       True       True         False                True        True                   1            4.51843   0.438825   0.781656   0.820276 │
│ hyperband_train_00d42_01707   TERMINATED   True       False      True            False      False      True         True                 False       False                  1            2.74313   0.397119   0.813594   0.82031  │
│ hyperband_train_00d42_01708   TERMINATED   True       False      True            False      False      False        False                True        False                  2            4.97438   0.386745   0.816972   0.82209  │
│ hyperband_train_00d42_01709   TERMINATED   False      False      False           False      False      True         False                True        True                   4            6.33464   0.373275   0.820043   0.826161 │
│ hyperband_train_00d42_01710   TERMINATED   True       False      False           True       True       False        True                 False       True                   4           12.6218    0.452603   0.807759   0.787893 │
│ hyperband_train_00d42_01711   TERMINATED   False      True       True            True       True       True         True                 False       False                  4           14.0409    0.401025   0.787696   0.822047 │
│ hyperband_train_00d42_01712   TERMINATED   True       True       True            True       False      False        True                 True        False                  4           15.6705    0.389986   0.790562   0.824371 │
│ hyperband_train_00d42_01713   TERMINATED   True       False      True            True       True       True         True                 True        True                   4           16.2076    0.482378   0.806326   0.814946 │
│ hyperband_train_00d42_01714   TERMINATED   True       False      True            True       False      False        True                 False       False                  4           11.2036    0.401059   0.780018   0.817734 │
│ hyperband_train_00d42_01715   TERMINATED   False      True       True            False      False      True         True                 False       False                  2            4.24792   0.667981   0.78831    0.558475 │
│ hyperband_train_00d42_01716   TERMINATED   True       True       True            True       False      True         False                False       True                   1            3.84413   0.454038   0.832634   0.805855 │
│ hyperband_train_00d42_01717   TERMINATED   False      True       False           False      False      True         False                False       True                   4            9.07505   0.395367   0.818815   0.823008 │
│ hyperband_train_00d42_01718   TERMINATED   True       False      False           False      True       True         True                 True        True                   2            5.8819    0.390491   0.816256   0.818395 │
│ hyperband_train_00d42_01719   TERMINATED   True       False      False           False      True       True         True                 False       False                  1            3.22889   0.414875   0.850445   0.798216 │
│ hyperband_train_00d42_01720   TERMINATED   True       True       False           False      True       True         True                 True        False                  4           13.1474    0.395818   0.834886   0.808215 │
│ hyperband_train_00d42_01721   TERMINATED   False      False      False           True       False      False        True                 False       True                   4            6.98897   0.387666   0.8052     0.823147 │
│ hyperband_train_00d42_01722   TERMINATED   False      True       False           False      False      False        False                False       False                  4            7.38349   0.390355   0.828027   0.81939  │
│ hyperband_train_00d42_01723   TERMINATED   False      False      True            False      True       True         False                False       True                   4            7.81665   0.371363   0.807964   0.824377 │
│ hyperband_train_00d42_01724   TERMINATED   True       False      True            False      False      True         True                 False       False                  4            9.12158   0.398552   0.8225     0.816343 │
│ hyperband_train_00d42_01725   TERMINATED   False      True       False           True       True       True         True                 True        True                   2            8.73672   0.417498   0.775719   0.813735 │
│ hyperband_train_00d42_01726   TERMINATED   True       True       False           True       False      True         True                 False       True                   1            4.04554   0.463698   0.72423    0.795427 │
│ hyperband_train_00d42_01727   TERMINATED   False      True       True            False      True       True         False                True        True                   2            6.54251   0.399237   0.846965   0.809852 │
│ hyperband_train_00d42_01728   TERMINATED   True       False      True            True       True       False        False                True        True                   4           15.9021    0.390095   0.81298    0.818147 │
│ hyperband_train_00d42_01729   TERMINATED   False      False      False           False      True       True         True                 True        True                   1            2.50274   0.477146   0.856075   0.766886 │
│ hyperband_train_00d42_01730   TERMINATED   False      False      True            True       True       True         True                 False       True                   4            9.16098   0.48968    0.703552   0.787699 │
│ hyperband_train_00d42_01731   TERMINATED   True       True       True            False      True       False        False                True        True                   4           13.5836    0.377326   0.809192   0.824012 │
│ hyperband_train_00d42_01732   TERMINATED   True       False      False           False      False      False        False                True        True                   4            7.38091   0.693094   0.760672   0.5      │
│ hyperband_train_00d42_01733   TERMINATED   False      False      True            True       True       False        False                False       True                   4           10.093     0.503269   0.811649   0.822402 │
│ hyperband_train_00d42_01734   TERMINATED   True       True       True            True       True       False        True                 False       True                   4           19.3001    0.401998   0.806224   0.822061 │
│ hyperband_train_00d42_01735   TERMINATED   True       True       False           True       False      False        False                True        False                  2            7.34836   0.525444   0.794554   0.801932 │
│ hyperband_train_00d42_01736   TERMINATED   False      True       True            True       False      False        False                False       True                   4           12.0718    0.381201   0.803972   0.823658 │
│ hyperband_train_00d42_01737   TERMINATED   True       False      True            False      True       False        False                False       False                  1            2.90119   0.49767    0.713481   0.78719  │
│ hyperband_train_00d42_01738   TERMINATED   True       True       True            False      False      False        False                True        True                   1            2.84885   0.693095   0.760672   0.5      │
│ hyperband_train_00d42_01739   TERMINATED   False      False      True            True       False      False        True                 False       True                   2            4.72134   0.395485   0.787184   0.812477 │
│ hyperband_train_00d42_01740   TERMINATED   False      True       False           False      True       False        False                False       False                  4            9.8194    0.398806   0.849422   0.802086 │
│ hyperband_train_00d42_01741   TERMINATED   False      True       True            True       True       False        True                 False       False                  4           14.0321    0.421869   0.802129   0.821568 │
│ hyperband_train_00d42_01742   TERMINATED   True       True       True            False      True       True         True                 True        False                  4           14.6064    0.411115   0.817484   0.819056 │
│ hyperband_train_00d42_01743   TERMINATED   False      False      True            False      False      False        False                False       False                  4            6.37532   0.389908   0.817689   0.823587 │
│ hyperband_train_00d42_01744   TERMINATED   True       False      True            True       False      True         False                True        False                  4           12.7162    0.373977   0.801003   0.820535 │
│ hyperband_train_00d42_01745   TERMINATED   True       False      True            False      False      True         True                 False       True                   2            4.48976   0.618153   0.817689   0.797351 │
│ hyperband_train_00d42_01746   TERMINATED   True       True       True            True       False      False        True                 True        True                   4           16.7452    0.375665   0.809499   0.826266 │
│ hyperband_train_00d42_01747   TERMINATED   False      True       False           False      False      False        True                 True        False                  1            2.57015   0.395124   0.812366   0.816864 │
│ hyperband_train_00d42_01748   TERMINATED   True       True       False           False      False      True         False                True        False                  1            2.63448   0.444599   0.834886   0.816863 │
│ hyperband_train_00d42_01749   TERMINATED   False      False      True            True       False      False        True                 True        False                  2            5.23369   0.398206   0.804791   0.820826 │
│ hyperband_train_00d42_01750   TERMINATED   True       True       False           True       False      False        True                 False       False                  4           13.2793    0.392141   0.797011   0.824067 │
│ hyperband_train_00d42_01751   TERMINATED   False      True       True            False      False      False        False                True        False                  4            7.96203   0.412337   0.828335   0.820911 │
│ hyperband_train_00d42_01752   TERMINATED   True       True       True            False      False      True         True                 True        True                   4           10.9507    0.388206   0.787593   0.819342 │
│ hyperband_train_00d42_01753   TERMINATED   True       True       True            True       True       False        False                True        False                  4           20.1706    0.40479    0.804176   0.822034 │
│ hyperband_train_00d42_01754   TERMINATED   False      True       True            False      True       False        True                 True        False                  4           11.9046    0.380269   0.829665   0.82076  │
│ hyperband_train_00d42_01755   TERMINATED   True       True       True            True       False      True         False                False       True                   2            7.33018   0.476243   0.677551   0.776617 │
│ hyperband_train_00d42_01756   TERMINATED   False      False      False           False      True       False        False                True        True                   4            8.09462   0.368448   0.816358   0.82623  │
│ hyperband_train_00d42_01757   TERMINATED   True       True       True            True       False      True         True                 True        True                   2            9.57605   0.409899   0.810625   0.819238 │
│ hyperband_train_00d42_01758   TERMINATED   True       True       False           True       True       True         True                 True        False                  1            5.34602   0.41469    0.775003   0.802858 │
│ hyperband_train_00d42_01759   TERMINATED   True       True       True            False      True       True         True                 True        True                   1            4.14574   0.402426   0.845634   0.808977 │
│ hyperband_train_00d42_01760   TERMINATED   False      True       False           True       True       True         False                False       False                  4           12.4608    0.572842   0.844713   0.76484  │
│ hyperband_train_00d42_01761   TERMINATED   True       True       True            True       True       True         True                 False       True                   4           17.7086    0.579453   0.731191   0.636721 │
│ hyperband_train_00d42_01762   TERMINATED   True       True       True            True       True       False        True                 True        True                   4           19.3135    0.4216     0.8052     0.813619 │
│ hyperband_train_00d42_01763   TERMINATED   False      True       True            False      True       False        False                False       True                   2            5.28044   0.390211   0.839799   0.812471 │
│ hyperband_train_00d42_01764   TERMINATED   False      True       False           True       False      True         False                True        False                  4           13.0589    0.377857   0.822295   0.821192 │
│ hyperband_train_00d42_01765   TERMINATED   False      True       True            True       True       False        True                 True        False                  4           15.6868    0.390666   0.825468   0.823278 │
│ hyperband_train_00d42_01766   TERMINATED   False      True       False           True       False      False        False                True        True                   4           13.5134    0.379182   0.823012   0.824301 │
│ hyperband_train_00d42_01767   TERMINATED   False      False      False           False      True       False        True                 False       True                   2            4.28215   0.398612   0.769577   0.820984 │
│ hyperband_train_00d42_01768   TERMINATED   True       False      True            False      False      True         True                 True        False                  1            2.92195   0.400146   0.815641   0.813447 │
│ hyperband_train_00d42_01769   TERMINATED   True       True       True            True       True       True         False                False       False                  1            4.82945   0.407177   0.778381   0.821787 │
│ hyperband_train_00d42_01770   TERMINATED   True       True       True            False      True       False        True                 True        True                   4           13.5923    0.381038   0.79957    0.827947 │
│ hyperband_train_00d42_01771   TERMINATED   False      True       True            False      False      False        False                True        True                   4            7.98542   0.39542    0.816767   0.824741 │
│ hyperband_train_00d42_01772   TERMINATED   True       True       True            False      True       True         True                 True        True                   4           13.893     0.417537   0.798035   0.826498 │
│ hyperband_train_00d42_01773   TERMINATED   False      False      False           False      False      True         True                 False       True                   2            3.04213   0.411057   0.83376    0.813778 │
│ hyperband_train_00d42_01774   TERMINATED   True       False      False           False      True       True         True                 True        False                  4           10.3938    0.374207   0.819838   0.82588  │
│ hyperband_train_00d42_01775   TERMINATED   False      False      True            False      True       True         False                False       True                   4            7.89831   0.374164   0.821681   0.825039 │
│ hyperband_train_00d42_01776   TERMINATED   True       False      True            False      False      True         False                True        True                   1            2.53562   0.44954    0.782987   0.80664  │
│ hyperband_train_00d42_01777   TERMINATED   False      False      False           False      False      True         False                False       True                   2            3.48049   0.458948   0.820248   0.822778 │
│ hyperband_train_00d42_01778   TERMINATED   True       False      False           True       True       False        True                 True        True                   1            4.15524   0.504151   0.72208    0.746965 │
│ hyperband_train_00d42_01779   TERMINATED   False      True       False           False      True       False        False                False       True                   4           10.7856    0.380296   0.823523   0.819801 │
│ hyperband_train_00d42_01780   TERMINATED   False      True       True            False      False      True         True                 False       False                  4            9.54578   0.558671   0.850138   0.786141 │
│ hyperband_train_00d42_01781   TERMINATED   False      True       True            False      False      False        False                True        False                  4            7.71427   0.693097   0.760672   0.5      │
│ hyperband_train_00d42_01782   TERMINATED   True       True       False           False      True       False        True                 True        True                   4           13.3523    0.385569   0.815744   0.822162 │
│ hyperband_train_00d42_01783   TERMINATED   False      False      True            False      False      True         True                 True        False                  4            6.40232   0.631116   0.787082   0.823989 │
│ hyperband_train_00d42_01784   TERMINATED   False      False      False           True       False      False        False                False       True                   4            7.50138   0.380502   0.795373   0.823869 │
│ hyperband_train_00d42_01785   TERMINATED   True       False      True            True       False      True         True                 True        True                   2            6.85673   0.627349   0.791176   0.565782 │
│ hyperband_train_00d42_01786   TERMINATED   False      True       True            True       False      True         True                 False       True                   1            4.09577   0.537535   0.841847   0.718105 │
│ hyperband_train_00d42_01787   TERMINATED   True       False      True            False      False      True         True                 True        False                  1            2.18172   0.543741   0.846453   0.804532 │
│ hyperband_train_00d42_01788   TERMINATED   False      True       False           True       False      False        False                False       True                   4           11.5965    0.512248   0.848398   0.733551 │
│ hyperband_train_00d42_01789   TERMINATED   True       False      False           True       False      False        False                False       False                  2            5.30807   0.42718    0.709592   0.790056 │
│ hyperband_train_00d42_01790   TERMINATED   False      True       True            True       False      False        False                True        True                   4           12.8652    0.376578   0.809602   0.823255 │
│ hyperband_train_00d42_01791   TERMINATED   False      False      True            False      True       True         True                 False       True                   4            6.44498   0.673749   0.760672   0.5      │
│ hyperband_train_00d42_01792   TERMINATED   True       True       False           False      False      True         False                True        False                  4            9.07476   0.378143   0.81687    0.823342 │
│ hyperband_train_00d42_01793   TERMINATED   True       True       False           True       True       False        False                True        True                   2            9.75221   0.63753    0.693008   0.72082  │
│ hyperband_train_00d42_01794   TERMINATED   True       True       False           True       False      False        False                True        True                   4           15.5341    0.38579    0.802027   0.821354 │
│ hyperband_train_00d42_01795   TERMINATED   True       False      True            False      False      False        False                True        False                  4            7.6367    0.411746   0.815232   0.825197 │
│ hyperband_train_00d42_01796   TERMINATED   False      False      False           False      False      True         False                True        True                   1            1.64709   0.572141   0.853414   0.768361 │
│ hyperband_train_00d42_01797   TERMINATED   True       False      False           False      True       False        False                True        False                  2            5.54557   0.38654    0.82772    0.818455 │
│ hyperband_train_00d42_01798   TERMINATED   True       False      True            True       False      False        False                True        True                   4           13.1994    0.37951    0.797011   0.82392  │
│ hyperband_train_00d42_01799   TERMINATED   False      True       False           True       True       False        True                 True        False                  1            4.02624   0.466906   0.781861   0.793148 │
│ hyperband_train_00d42_01800   TERMINATED   False      True       True            False      False      False        False                False       True                   4            7.95967   0.37898    0.815437   0.822693 │
│ hyperband_train_00d42_01801   TERMINATED   False      True       False           False      False      True         False                False       True                   4            7.42564   0.659204   0.850036   0.784169 │
│ hyperband_train_00d42_01802   TERMINATED   False      False      False           True       True       False        False                False       False                  4            7.68361   0.401992   0.812263   0.820168 │
│ hyperband_train_00d42_01803   TERMINATED   True       True       False           True       True       True         False                False       True                   2            8.9314    0.469964   0.838059   0.787289 │
│ hyperband_train_00d42_01804   TERMINATED   True       True       False           False      False      False        False                True        True                   4            9.8546    0.377586   0.813696   0.824041 │
│ hyperband_train_00d42_01805   TERMINATED   True       False      True            True       True       True         True                 True        True                   4           16.2869    0.428528   0.734569   0.805301 │
│ hyperband_train_00d42_01806   TERMINATED   False      False      False           False      True       True         True                 True        True                   1            1.9364    0.552712   0.850343   0.72281  │
│ hyperband_train_00d42_01807   TERMINATED   False      True       False           False      True       False        False                True        False                  4           11.3374    0.377074   0.819838   0.823535 │
│ hyperband_train_00d42_01808   TERMINATED   True       False      False           False      False      False        False                False       True                   2            4.48003   0.375417   0.806633   0.823502 │
│ hyperband_train_00d42_01809   TERMINATED   False      False      False           True       True       True         False                True        True                   1            2.68382   0.621266   0.547446   0.675268 │
│ hyperband_train_00d42_01810   TERMINATED   True       False      True            False      False      True         True                 False       False                  4            9.5474    0.381224   0.814925   0.820012 │
│ hyperband_train_00d42_01811   TERMINATED   True       True       False           False      True       True         True                 False       False                  4           13.0769    0.395158   0.83939    0.812788 │
│ hyperband_train_00d42_01812   TERMINATED   False      False      True            False      True       False        False                False       False                  4            6.63284   0.389834   0.844201   0.811114 │
│ hyperband_train_00d42_01813   TERMINATED   False      True       True            False      True       True         False                False       True                   4           10.9133    0.646049   0.827925   0.813167 │
│ hyperband_train_00d42_01814   TERMINATED   False      False      True            True       True       True         True                 False       True                   4            9.26053   0.732039   0.539871   0.588941 │
│ hyperband_train_00d42_01815   TERMINATED   True       True       False           False      False      False        False                True        True                   2            5.0817    0.693112   0.760672   0.5      │
│ hyperband_train_00d42_01816   TERMINATED   True       False      False           True       True       False        False                False       True                   1            3.70631   0.714887   0.261132   0.511694 │
│ hyperband_train_00d42_01817   TERMINATED   False      False      True            False      True       False        True                 True        False                  1            2.24543   0.389573   0.839185   0.812067 │
│ hyperband_train_00d42_01818   TERMINATED   True       True       True            True       True       True         True                 False       False                  4           19.2433    0.393264   0.814106   0.823724 │
│ hyperband_train_00d42_01819   TERMINATED   False      False      True            True       False      True         False                False       True                   2            4.77709   0.454148   0.722592   0.794351 │
│ hyperband_train_00d42_01820   TERMINATED   True       False      False           False      False      False        False                True        False                  4            7.08406   0.693144   0.760672   0.5      │
│ hyperband_train_00d42_01821   TERMINATED   True       False      False           True       True       False        False                True        False                  4           13.8858    0.387013   0.838776   0.816488 │
│ hyperband_train_00d42_01822   TERMINATED   False      True       False           False      True       True         False                False       True                   4           10.3656    0.370224   0.805302   0.825999 │
│ hyperband_train_00d42_01823   TERMINATED   False      False      True            False      False      False        False                True        True                   4            6.33902   0.384295   0.812673   0.825274 │
│ hyperband_train_00d42_01824   TERMINATED   False      False      False           True       True       True         False                False       False                  4            9.0069    0.465992   0.756167   0.808799 │
│ hyperband_train_00d42_01825   TERMINATED   True       True       True            True       False      False        False                True        False                  2            7.84314   0.498706   0.726379   0.797866 │
│ hyperband_train_00d42_01826   TERMINATED   True       False      True            False      False      True         False                True        True                   1            2.40556   0.376467   0.813594   0.820163 │
│ hyperband_train_00d42_01827   TERMINATED   False      False      False           False      True       False        True                 False       False                  1            2.43662   0.396156   0.786263   0.812018 │
│ hyperband_train_00d42_01828   TERMINATED   False      False      True            True       False      False        True                 False       True                   2            4.8881    0.40023    0.81472    0.817385 │
│ hyperband_train_00d42_01829   TERMINATED   False      False      False           False      False      False        False                False       True                   4            6.06854   0.380873   0.813901   0.824909 │
│ hyperband_train_00d42_01830   TERMINATED   True       False      True            False      True       True         True                 False       False                  4           10.5309    0.377908   0.813389   0.82208  │
│ hyperband_train_00d42_01831   TERMINATED   True       True       False           False      True       False        False                True        False                  4           12.6284    0.395842   0.832531   0.812677 │
│ hyperband_train_00d42_01832   TERMINATED   True       True       True            False      False      False        True                 False       True                   4           11.2072    0.693094   0.760672   0.5      │
│ hyperband_train_00d42_01833   TERMINATED   True       False      False           False      True       False        True                 True        False                  4           10.5523    0.383986   0.835705   0.816375 │
│ hyperband_train_00d42_01834   TERMINATED   False      False      False           False      False      True         True                 False       False                  4            6.69876   0.379728   0.812468   0.821621 │
│ hyperband_train_00d42_01835   TERMINATED   False      True       False           True       False      False        False                True        False                  2            6.19862   0.42896    0.779916   0.809019 │
│ hyperband_train_00d42_01836   TERMINATED   True       True       True            False      False      False        True                 False       True                   1            2.87745   0.693139   0.760672   0.5      │
│ hyperband_train_00d42_01837   TERMINATED   True       True       True            False      False      False        False                True        True                   1            2.71132   0.693094   0.760672   0.5      │
│ hyperband_train_00d42_01838   TERMINATED   True       True       True            True       False      True         False                False       True                   2            8.0673    0.540401   0.761183   0.782928 │
│ hyperband_train_00d42_01839   TERMINATED   True       False      False           True       True       False        False                False       False                  4           13.2099    0.399493   0.841642   0.812363 │
│ hyperband_train_00d42_01840   TERMINATED   True       True       False           False      True       False        False                False       False                  4           12.4392    0.3829     0.839185   0.816611 │
│ hyperband_train_00d42_01841   TERMINATED   False      True       True            True       True       False        False                True        True                   4           15.7707    0.373778   0.814311   0.825617 │
│ hyperband_train_00d42_01842   TERMINATED   False      False      True            False      True       True         False                False       False                  4            6.20411   0.648972   0.741018   0.808807 │
│ hyperband_train_00d42_01843   TERMINATED   False      True       False           False      False      False        False                True        True                   4            8.40171   0.376744   0.811035   0.82493  │
│ hyperband_train_00d42_01844   TERMINATED   False      True       True            False      True       False        False                True        True                   4           11.3525    0.371514   0.814311   0.825031 │
│ hyperband_train_00d42_01845   TERMINATED   False      True       True            True       True       False        False                False       False                  2            7.39052   0.39634    0.797932   0.815145 │
│ hyperband_train_00d42_01846   TERMINATED   False      True       True            True       False      False        False                False       True                   2            6.52299   0.389271   0.794145   0.821303 │
│ hyperband_train_00d42_01847   TERMINATED   False      True       True            True       False      False        True                 False       True                   4           12.365     0.379965   0.803358   0.824574 │
│ hyperband_train_00d42_01848   TERMINATED   False      True       True            False      False      True         True                 True        False                  1            2.76119   0.38536    0.81472    0.818411 │
│ hyperband_train_00d42_01849   TERMINATED   False      True       True            True       False      False        True                 True        False                  1            3.84242   0.402338   0.806326   0.81861  │
│ hyperband_train_00d42_01850   TERMINATED   True       True       True            False      True       False        True                 True        True                   4           13.7816    0.418161   0.751152   0.810925 │
│ hyperband_train_00d42_01851   TERMINATED   False      True       False           True       True       False        True                 False       True                   4           13.4253    0.411615   0.819019   0.824315 │
│ hyperband_train_00d42_01852   TERMINATED   False      False      True            True       True       False        True                 True        False                  4           11.2182    0.38567    0.832839   0.821087 │
│ hyperband_train_00d42_01853   TERMINATED   False      False      False           False      True       True         True                 False       False                  4            7.52752   0.392465   0.839595   0.812629 │
│ hyperband_train_00d42_01854   TERMINATED   False      False      False           False      True       True         False                False       True                   2            3.79193   0.463216   0.710513   0.794912 │
│ hyperband_train_00d42_01855   TERMINATED   True       False      False           True       False      False        True                 True        False                  4           11.8797    0.403178   0.824956   0.822209 │
│ hyperband_train_00d42_01856   TERMINATED   True       False      False           False      True       False        False                True        True                   4           11.0367    0.379417   0.788617   0.825438 │
│ hyperband_train_00d42_01857   TERMINATED   False      True       True            False      True       True         False                True        False                  1            2.83911   0.637049   0.767735   0.514756 │
│ hyperband_train_00d42_01858   TERMINATED   True       False      False           False      False      True         True                 True        False                  2            4.74992   0.402195   0.796704   0.814631 │
│ hyperband_train_00d42_01859   TERMINATED   True       True       True            False      False      False        False                False       True                   1            2.6859    0.693112   0.760672   0.5      │
│ hyperband_train_00d42_01860   TERMINATED   False      False      True            False      True       False        False                True        True                   4            7.01696   0.371725   0.820452   0.823792 │
│ hyperband_train_00d42_01861   TERMINATED   False      False      True            True       True       False        True                 False       True                   4            9.19826   0.380572   0.818098   0.825762 │
│ hyperband_train_00d42_01862   TERMINATED   True       True       False           False      False      False        True                 True        False                  4           10.6701    0.39144    0.810114   0.822566 │
│ hyperband_train_00d42_01863   TERMINATED   True       False      False           False      False      True         False                False       False                  2            3.91231   0.384443   0.833043   0.817411 │
│ hyperband_train_00d42_01864   TERMINATED   False      False      False           False      True       True         True                 False       True                   4            7.65342   0.376238   0.821374   0.821173 │
│ hyperband_train_00d42_01865   TERMINATED   False      True       True            False      False      False        False                True        False                  4            8.15319   0.414596   0.809602   0.822522 │
│ hyperband_train_00d42_01866   TERMINATED   False      False      False           True       True       True         False                True        False                  1            2.80589   0.550654   0.729041   0.696722 │
│ hyperband_train_00d42_01867   TERMINATED   False      False      True            False      False      True         True                 False       True                   2            3.9069    0.382295   0.805814   0.818714 │
│ hyperband_train_00d42_01868   TERMINATED   False      True       True            False      True       True         True                 False       True                   4           11.8662    0.371912   0.806838   0.825836 │
│ hyperband_train_00d42_01869   TERMINATED   True       True       True            False      False      True         False                True        False                  1            2.78953   0.592172   0.85065    0.740014 │
│ hyperband_train_00d42_01870   TERMINATED   False      False      True            True       False      False        True                 True        False                  4            9.62289   0.393903   0.811547   0.825706 │
│ hyperband_train_00d42_01871   TERMINATED   False      False      True            True       False      False        False                False       False                  4            7.08378   0.388294   0.787798   0.823434 │
│ hyperband_train_00d42_01872   TERMINATED   True       False      False           True       False      False        True                 True        True                   4           11.8813    0.392405   0.817893   0.823868 │
│ hyperband_train_00d42_01873   TERMINATED   False      False      False           True       False      False        False                True        True                   4            9.29756   0.376133   0.81298    0.82401  │
│ hyperband_train_00d42_01874   TERMINATED   True       True       True            False      True       False        True                 False       True                   2            7.70207   0.441166   0.805098   0.800361 │
│ hyperband_train_00d42_01875   TERMINATED   False      True       True            False      False      False        False                False       False                  4            8.85324   0.382564   0.820043   0.823816 │
│ hyperband_train_00d42_01876   TERMINATED   False      False      True            True       False      True         True                 True        False                  2            5.85045   0.376643   0.795373   0.822843 │
│ hyperband_train_00d42_01877   TERMINATED   True       False      False           False      True       True         False                True        True                   1            2.83254   0.44723    0.857099   0.782802 │
│ hyperband_train_00d42_01878   TERMINATED   False      True       False           False      True       False        True                 True        True                   4           11.321     0.373942   0.803972   0.828349 │
│ hyperband_train_00d42_01879   TERMINATED   False      False      True            True       True       False        False                True        True                   1            3.14446   0.398611   0.821374   0.817069 │
│ hyperband_train_00d42_01880   TERMINATED   False      True       False           False      True       False        True                 False       False                  4           10.3697    0.383097   0.84154    0.815813 │
│ hyperband_train_00d42_01881   TERMINATED   False      True       True            True       True       False        False                False       False                  4           13.3655    0.393105   0.817586   0.815165 │
│ hyperband_train_00d42_01882   TERMINATED   False      False      False           False      False      True         False                False       True                   4            5.29913   0.382641   0.819736   0.823027 │
│ hyperband_train_00d42_01883   TERMINATED   False      True       True            False      True       False        False                False       True                   4           10.964     0.379438   0.833248   0.81989  │
│ hyperband_train_00d42_01884   TERMINATED   True       True       True            False      False      True         True                 False       False                  2            5.28513   0.386175   0.827618   0.82044  │
│ hyperband_train_00d42_01885   TERMINATED   False      True       True            False      True       False        False                False       True                   4           10.7531    0.3859     0.812263   0.824711 │
│ hyperband_train_00d42_01886   TERMINATED   True       True       True            True       False      True         False                False       False                  1            3.86296   0.40822    0.841847   0.806195 │
│ hyperband_train_00d42_01887   TERMINATED   True       False      True            False      True       True         True                 True        False                  1            2.86771   0.501576   0.850241   0.797495 │
│ hyperband_train_00d42_01888   TERMINATED   False      False      True            True       False      False        True                 True        False                  4           11.0211    0.377379   0.800594   0.825835 │
│ hyperband_train_00d42_01889   TERMINATED   False      False      False           True       False      True         False                False       True                   2            4.56237   0.39194    0.775207   0.819555 │
│ hyperband_train_00d42_01890   TERMINATED   True       False      True            False      True       False        False                False       False                  4            9.70534   0.398572   0.838469   0.813502 │
│ hyperband_train_00d42_01891   TERMINATED   True       True       True            True       True       False        True                 True        False                  4           19.8859    0.397861   0.806428   0.822488 │
│ hyperband_train_00d42_01892   TERMINATED   True       True       False           False      False      True         False                True        False                  4            9.16382   0.395512   0.802539   0.813776 │
│ hyperband_train_00d42_01893   TERMINATED   False      False      False           True       True       False        False                True        False                  4           10.3996    0.386546   0.828744   0.819421 │
│ hyperband_train_00d42_01894   TERMINATED   False      False      True            False      True       False        True                 False       False                  2            4.14477   0.389666   0.842256   0.809835 │
│ hyperband_train_00d42_01895   TERMINATED   False      True       True            False      True       False        True                 True        False                  4           10.7165    0.386185   0.833043   0.819902 │
│ hyperband_train_00d42_01896   TERMINATED   True       False      True            True       True       True         True                 True        True                   1            5.00593   0.512034   0.744907   0.783662 │
│ hyperband_train_00d42_01897   TERMINATED   False      False      True            False      False      False        False                True        False                  4            6.44784   0.405394   0.817177   0.827208 │
│ hyperband_train_00d42_01898   TERMINATED   True       False      False           True       False      False        False                True        True                   1            3.2076    0.453225   0.754325   0.789559 │
│ hyperband_train_00d42_01899   TERMINATED   True       True       True            True       True       True         False                True        True                   2            9.92617   0.496391   0.771522   0.79544  │
│ hyperband_train_00d42_01900   TERMINATED   False      True       True            True       True       False        False                False       True                   4           13.5761    0.37788    0.813082   0.822611 │
│ hyperband_train_00d42_01901   TERMINATED   True       False      True            True       False      False        False                True        True                   4           12.1984    0.377786   0.807555   0.822496 │
│ hyperband_train_00d42_01902   TERMINATED   True       False      False           False      False      False        False                False       False                  4            6.97117   0.693095   0.760672   0.5      │
│ hyperband_train_00d42_01903   TERMINATED   True       True       True            True       True       True         True                 True        True                   4           21.0141    0.397081   0.803255   0.820842 │
│ hyperband_train_00d42_01904   TERMINATED   False      False      False           False      False      False        False                True        True                   4            5.93645   0.376734   0.810728   0.824582 │
│ hyperband_train_00d42_01905   TERMINATED   True       False      False           True       True       False        False                True        False                  2            7.04572   0.428958   0.836217   0.794139 │
│ hyperband_train_00d42_01906   TERMINATED   False      True       False           False      False      False        False                True        False                  4            8.84126   0.390358   0.809602   0.821203 │
│ hyperband_train_00d42_01907   TERMINATED   False      True       False           True       False      False        False                False       False                  2            6.25391   0.38415    0.777255   0.821047 │
│ hyperband_train_00d42_01908   TERMINATED   True       False      True            False      False      False        True                 False       True                   1            2.72167   0.693097   0.760672   0.5      │
│ hyperband_train_00d42_01909   TERMINATED   False      False      True            False      False      True         True                 True        False                  1            1.90057   0.383769   0.828949   0.81897  │
│ hyperband_train_00d42_01910   TERMINATED   False      True       False           True       True       False        True                 False       True                   4           13.8475    0.393064   0.809499   0.81923  │
│ hyperband_train_00d42_01911   TERMINATED   True       True       False           False      True       True         True                 False       True                   4           13.8124    0.575599   0.848807   0.793914 │
│ hyperband_train_00d42_01912   TERMINATED   True       False      True            True       True       True         True                 True        False                  4           14.6969    0.527826   0.689016   0.781955 │
│ hyperband_train_00d42_01913   TERMINATED   True       True       False           False      False      True         True                 False       True                   2            4.94591   0.660721   0.745419   0.809795 │
│ hyperband_train_00d42_01914   TERMINATED   False      True       True            False      True       False        False                False       True                   4           11.2668    0.380402   0.826799   0.820488 │
│ hyperband_train_00d42_01915   TERMINATED   False      False      True            True       False      True         False                False       False                  4            7.51978   0.378779   0.794657   0.822959 │
│ hyperband_train_00d42_01916   TERMINATED   False      True       False           False      False      False        False                True        True                   1            2.25959   0.693095   0.760672   0.5      │
│ hyperband_train_00d42_01917   TERMINATED   False      False      False           False      True       True         True                 True        False                  2            4.53617   0.483172   0.833862   0.819415 │
│ hyperband_train_00d42_01918   TERMINATED   True       False      True            True       False      False        False                True        False                  1            3.36585   0.511772   0.74286    0.778505 │
│ hyperband_train_00d42_01919   TERMINATED   False      False      True            True       False      True         False                True        True                   4           10.3448    0.39094    0.771829   0.821145 │
│ hyperband_train_00d42_01920   TERMINATED   True       True       True            False      False      True         False                True        True                   4            9.67051   0.402989   0.811649   0.824161 │
│ hyperband_train_00d42_01921   TERMINATED   True       False      True            False      False      False        True                 False       True                   4            9.54686   0.693095   0.760672   0.5      │
│ hyperband_train_00d42_01922   TERMINATED   True       False      True            True       False      False        True                 True        False                  4           13.3403    0.393251   0.815948   0.823763 │
│ hyperband_train_00d42_01923   TERMINATED   False      True       False           True       True       True         True                 False       True                   4           14.3671    0.405882   0.795987   0.821048 │
│ hyperband_train_00d42_01924   TERMINATED   False      True       False           True       False      False        True                 False       True                   4           11.8262    0.378438   0.80346    0.824348 │
│ hyperband_train_00d42_01925   TERMINATED   True       True       False           True       False      True         True                 True        True                   2            8.34533   0.499546   0.846453   0.799402 │
│ hyperband_train_00d42_01926   TERMINATED   False      False      False           False      False      True         False                False       True                   2            3.66124   0.37687    0.8225     0.825724 │
│ hyperband_train_00d42_01927   TERMINATED   False      True       True            True       False      False        True                 True        False                  1            3.52849   0.402863   0.830382   0.818006 │
│ hyperband_train_00d42_01928   TERMINATED   False      False      False           True       True       True         True                 False       True                   1            2.61072   0.424794   0.81687    0.815281 │
│ hyperband_train_00d42_01929   TERMINATED   True       False      False           False      True       False        True                 True        True                   4           10.783     0.373502   0.802846   0.827755 │
│ hyperband_train_00d42_01930   TERMINATED   True       True       True            True       False      False        True                 True        False                  4           16.6567    0.420366   0.827823   0.810168 │
│ hyperband_train_00d42_01931   TERMINATED   True       False      False           False      False      False        False                True        True                   4            7.12781   0.377914   0.813082   0.822905 │
│ hyperband_train_00d42_01932   TERMINATED   True       False      False           True       False      True         False                True        True                   4           11.3739    0.489575   0.834886   0.787695 │
│ hyperband_train_00d42_01933   TERMINATED   False      True       True            True       False      True         True                 False       True                   4           12.8016    0.426181   0.770806   0.811678 │
│ hyperband_train_00d42_01934   TERMINATED   False      False      False           False      True       True         True                 True        True                   2            3.43161   0.636112   0.576108   0.717852 │
│ hyperband_train_00d42_01935   TERMINATED   False      True       False           True       False      True         False                True        True                   4           12.3983    0.413091   0.824956   0.818105 │
│ hyperband_train_00d42_01936   TERMINATED   False      False      False           True       False      True         False                True        False                  4            9.46212   0.376472   0.803972   0.819994 │
│ hyperband_train_00d42_01937   TERMINATED   True       False      False           False      True       True         True                 False       True                   1            2.80624   0.556943   0.8485     0.765717 │
│ hyperband_train_00d42_01938   TERMINATED   True       False      False           True       True       True         False                True        False                  1            3.93349   0.437592   0.80346    0.804561 │
│ hyperband_train_00d42_01939   TERMINATED   False      True       True            True       True       True         False                True        False                  2            8.15678   0.424773   0.767837   0.818521 │
│ hyperband_train_00d42_01940   TERMINATED   False      False      True            False      False      False        False                True        True                   4            5.9765    0.426473   0.807862   0.825776 │
│ hyperband_train_00d42_01941   TERMINATED   True       False      True            True       False      False        True                 True        True                   4           13.7014    0.391524   0.802232   0.819143 │
│ hyperband_train_00d42_01942   TERMINATED   False      False      True            True       False      False        True                 True        False                  4            9.25773   0.393508   0.807657   0.825348 │
│ hyperband_train_00d42_01943   TERMINATED   True       False      False           True       True       False        False                False       False                  4           12.6945    0.397106   0.824035   0.814567 │
│ hyperband_train_00d42_01944   TERMINATED   True       True       False           True       True       False        True                 True        False                  2            9.86788   0.532965   0.774593   0.79013  │
│ hyperband_train_00d42_01945   TERMINATED   False      False      True            True       False      True         False                False       True                   4            7.51151   0.44307    0.78227    0.818628 │
│ hyperband_train_00d42_01946   TERMINATED   False      True       False           False      False      False        False                False       True                   4            8.93157   0.379502   0.809499   0.823334 │
│ hyperband_train_00d42_01947   TERMINATED   False      True       True            False      True       False        True                 True        False                  2            6.39351   0.403304   0.833555   0.81892  │
│ hyperband_train_00d42_01948   TERMINATED   False      False      False           True       False      True         True                 False       False                  1            2.14665   0.395756   0.789845   0.817891 │
│ hyperband_train_00d42_01949   TERMINATED   True       True       True            False      True       True         True                 True        False                  1            4.17508   0.385254   0.787082   0.818273 │
│ hyperband_train_00d42_01950   TERMINATED   False      True       False           True       False      False        True                 False       False                  4           11.9587    0.44865    0.761081   0.801329 │
│ hyperband_train_00d42_01951   TERMINATED   False      False      False           True       False      False        False                False       False                  4            6.51172   0.385365   0.785137   0.818313 │
│ hyperband_train_00d42_01952   TERMINATED   True       True       True            True       False      False        False                True        True                   4           15.5287    0.39339    0.802846   0.816616 │
│ hyperband_train_00d42_01953   TERMINATED   False      True       True            True       True       False        False                True        True                   4           16.6036    0.376455   0.817996   0.822323 │
│ hyperband_train_00d42_01954   TERMINATED   True       True       True            True       True       False        False                True        True                   4           19.3608    0.392888   0.807964   0.82555  │
│ hyperband_train_00d42_01955   TERMINATED   False      True       True            False      True       False        True                 True        True                   2            6.02911   0.414201   0.789538   0.821353 │
│ hyperband_train_00d42_01956   TERMINATED   True       False      False           True       True       False        True                 True        False                  1            3.80155   0.616584   0.709284   0.72419  │
│ hyperband_train_00d42_01957   TERMINATED   True       True       True            False      False      True         False                False       True                   2            5.83845   0.392846   0.816972   0.818426 │
│ hyperband_train_00d42_01958   TERMINATED   False      True       False           True       False      True         False                True        True                   4           13.2131    0.428958   0.776026   0.819067 │
│ hyperband_train_00d42_01959   TERMINATED   False      True       False           True       True       True         False                True        False                  1            3.85582   0.61093    0.719726   0.680925 │
│ hyperband_train_00d42_01960   TERMINATED   True       False      True            True       True       False        False                False       True                   4           12.9329    0.380106   0.818508   0.821048 │
│ hyperband_train_00d42_01961   TERMINATED   True       False      True            True       True       True         False                True        False                  4           14.1136    0.502125   0.849012   0.791557 │
│ hyperband_train_00d42_01962   TERMINATED   False      True       True            False      False      True         True                 False       True                   4            8.35864   0.383249   0.821271   0.820226 │
│ hyperband_train_00d42_01963   TERMINATED   True       True       False           True       True       True         True                 True        False                  2            9.63299   0.485866   0.82639    0.793543 │
│ hyperband_train_00d42_01964   TERMINATED   False      False      True            True       True       False        False                False       False                  4            9.27101   0.40814    0.821476   0.813472 │
│ hyperband_train_00d42_01965   TERMINATED   False      False      True            True       True       False        True                 False       False                  4            9.32807   0.398523   0.8355     0.819758 │
│ hyperband_train_00d42_01966   TERMINATED   True       False      False           True       True       False        True                 False       True                   4           15.2084    0.402853   0.817074   0.818347 │
│ hyperband_train_00d42_01967   TERMINATED   True       False      False           True       True       False        False                False       False                  2            7.00691   0.403385   0.842256   0.80749  │
│ hyperband_train_00d42_01968   TERMINATED   False      True       True            True       False      True         False                True        False                  1            3.98766   0.626911   0.802436   0.596781 │
│ hyperband_train_00d42_01969   TERMINATED   True       True       True            True       True       True         True                 True        False                  1            5.4208    0.419006   0.800287   0.803794 │
│ hyperband_train_00d42_01970   TERMINATED   False      True       False           True       True       False        True                 False       False                  4           13.2856    0.474293   0.813696   0.812755 │
│ hyperband_train_00d42_01971   TERMINATED   True       True       True            True       True       False        False                False       False                  4           17.2697    0.40296    0.842154   0.808742 │
│ hyperband_train_00d42_01972   TERMINATED   False      True       True            True       False      True         True                 True        False                  4           13.4113    0.456615   0.854028   0.793242 │
│ hyperband_train_00d42_01973   TERMINATED   True       False      False           True       True       True         False                True        False                  2            7.1042    0.43937    0.694851   0.783885 │
│ hyperband_train_00d42_01974   TERMINATED   True       True       True            False      False      True         False                False       False                  4           10.4289    0.389078   0.813901   0.819046 │
│ hyperband_train_00d42_01975   TERMINATED   True       True       False           False      False      False        False                True        True                   4            9.10108   0.383217   0.820555   0.8221   │
│ hyperband_train_00d42_01976   TERMINATED   False      False      False           False      False      True         True                 False       False                  2            3.84559   0.390983   0.825775   0.818203 │
│ hyperband_train_00d42_01977   TERMINATED   True       False      False           True       False      True         False                False       False                  1            2.86945   0.409886   0.78616    0.802863 │
│ hyperband_train_00d42_01978   TERMINATED   False      True       False           True       False      True         True                 True        True                   1            4.13942   0.413009   0.780735   0.809264 │
│ hyperband_train_00d42_01979   TERMINATED   False      True       False           False      False      True         False                True        True                   4            8.59699   0.38309    0.819122   0.819986 │
│ hyperband_train_00d42_01980   TERMINATED   False      False      False           False      False      False        False                True        True                   4            5.27751   0.377109   0.81124    0.823159 │
│ hyperband_train_00d42_01981   TERMINATED   False      False      True            False      True       True         False                False       True                   4            7.20074   0.393296   0.799877   0.826097 │
│ hyperband_train_00d42_01982   TERMINATED   True       True       False           False      False      True         True                 False       True                   4            9.48262   0.733007   0.766404   0.511976 │
│ hyperband_train_00d42_01983   TERMINATED   True       False      True            True       True       False        True                 True        False                  2            8.95026   0.42803    0.826492   0.798887 │
│ hyperband_train_00d42_01984   TERMINATED   False      False      False           False      True       False        True                 True        True                   4            9.49257   0.392321   0.793019   0.811915 │
│ hyperband_train_00d42_01985   TERMINATED   False      True       True            True       False      True         True                 True        False                  4           13.2184    0.394279   0.812366   0.823313 │
│ hyperband_train_00d42_01986   TERMINATED   False      True       True            False      False      True         False                False       False                  1            2.29674   0.383885   0.825059   0.818025 │
│ hyperband_train_00d42_01987   TERMINATED   False      True       True            True       False      False        False                True        False                  2            7.15607   0.38929    0.81687    0.82173  │
│ hyperband_train_00d42_01988   TERMINATED   True       False      True            True       False      True         False                False       False                  1            2.9722    0.404536   0.828744   0.814145 │
│ hyperband_train_00d42_01989   TERMINATED   True       False      False           False      True       False        True                 False       True                   4           11.1294    0.373816   0.83202    0.814539 │
│ hyperband_train_00d42_01990   TERMINATED   True       False      True            True       False      True         False                True        False                  4           12.6415    0.389374   0.808169   0.81733  │
│ hyperband_train_00d42_01991   TERMINATED   False      True       True            False      False      False        True                 True        True                   4            9.92665   0.437058   0.804484   0.813002 │
│ hyperband_train_00d42_01992   TERMINATED   False      False      False           True       False      True         True                 False       False                  4            6.97578   0.403565   0.843996   0.807754 │
│ hyperband_train_00d42_01993   TERMINATED   True       True       False           False      True       True         False                True        False                  4           13.7008    0.376803   0.825571   0.822319 │
│ hyperband_train_00d42_01994   TERMINATED   False      False      False           False      True       True         False                True        False                  4            7.2219    0.369826   0.813492   0.825665 │
│ hyperband_train_00d42_01995   TERMINATED   True       True       False           True       True       True         True                 False       True                   2            9.15185   0.454064   0.758727   0.800221 │
│ hyperband_train_00d42_01996   TERMINATED   True       True       False           False      False      True         True                 False       True                   2            5.87873   0.381106   0.816256   0.819714 │
│ hyperband_train_00d42_01997   TERMINATED   False      True       True            True       False      False        False                False       False                  4           11.9554    0.383518   0.795271   0.823949 │
│ hyperband_train_00d42_01998   TERMINATED   True       False      False           True       True       True         False                False       True                   1            3.40727   0.433842   0.739584   0.803322 │
│ hyperband_train_00d42_01999   TERMINATED   True       False      True            True       True       True         True                 True        True                   1            4.44782   0.554252   0.778483   0.749155 │
╰───────────────────────────────────────────────────────────────────────────────────────────────────────────────────────────────────────────────────────────────────────────────────────────────────────────────────────────────────╯

总时间：8002.593670129776 s
最佳配置：{'loss': 0.368495634568283, 'acc': 0.8066332275565564, 'bacc': 0.8296585083007812, 'training_iteration': 4, 'trial_id': '00d42_00737', 'date': '2025-11-19_09-56-06', 'time_this_iter_s': 2.595642566680908, 'time_total_s': 11.354889869689941, 'config': {'use_l1': True, 'l1_lambda': 1e-06, 'use_l2': False, 'l2_lambda': 0.0, 'use_dropout': True, 'drop_rate': 0.1, 'use_bn': False, 'use_ln': True, 'use_skip': False, 'skip_type': 'None', 'skip_step': 1, 'skip_drop_prob': 0.0, 'use_data_augment': True, 'da_type': 'cutout', 'cutout_ratio': 0.5, 'cutout_prob': 0.2, 'mixup_alpha': 0.0, 'mixup_prob': 0.0, 'cutmix_alpha': 0.0, 'cutmix_prob': 0.0, 'fgsm_epsilon': 0.0, 'fgsm_prob': 0.0, 'use_swa': True, 'use_lookahead': True}}
✅ 字典已保存到: /data/ruipeng/workdir/autoreg/.exp_results/20251119/hyperband_102245.json
(hyperband_train pid=3710702) Visible GPUs: 2
(hyperband_train pid=3710702) Restored on 10.108.25.77 from checkpoint: Checkpoint(filesystem=local, path=/data/ruipeng/ray_results/hyperband/hyperband_train_00d42_01994_1994_use_bn=False,use_data_augment=False,use_dropout=False,use_l1=False,use_l2=False,use_ln=True,use_l_2025-11-19_09-31-23/checkpoint_000001)
(hyperband_train pid=3710702) Checkpoint successfully created at: Checkpoint(filesystem=local, path=/data/ruipeng/ray_results/hyperband/hyperband_train_00d42_01994_1994_use_bn=False,use_data_augment=False,use_dropout=False,use_l1=False,use_l2=False,use_ln=True,use_l_2025-11-19_09-31-23/checkpoint_000003) [repeated 5x across cluster]
