Trial status: 1999 TERMINATED | 1 RUNNING
Current time: 2025-11-19 11:56:39. Total running time: 1hr 19min 10s
Logical resource usage: 2.0/10 CPUs, 1.0/4 GPUs (0.0/1.0 accelerator_type:G)
╭──────────────────────────────────────────────────────────────────────────────────────────────────────────────────────────────────────────────────────────────────────────────────────────────────────────────────────────────╮
│ Trial name               status       use_l1     use_l2     use_dropout     use_bn     use_ln     use_skip     use_data_augment     use_swa     use_lookahead       iter     total time (s)       loss        acc       bacc │
├──────────────────────────────────────────────────────────────────────────────────────────────────────────────────────────────────────────────────────────────────────────────────────────────────────────────────────────────┤
│ asha_train_b1636_01998   RUNNING      True       True       False           False      True       False        True                 False       True                   3            9.68933   0.375979   0.805507   0.823642 │
│ asha_train_b1636_00000   TERMINATED   True       False      True            True       True       False        True                 True        True                   1            4.11209   0.39487    0.814618   0.81893  │
│ asha_train_b1636_00001   TERMINATED   False      True       False           True       False      False        False                False       False                  1            2.7857    0.384179   0.782066   0.820692 │
│ asha_train_b1636_00002   TERMINATED   True       True       False           False      False      True         False                True        True                   4            9.22203   0.399312   0.816972   0.822677 │
│ asha_train_b1636_00003   TERMINATED   True       True       True            True       True       False        False                True        False                  1            5.19279   0.438779   0.810421   0.803566 │
│ asha_train_b1636_00004   TERMINATED   False      False      True            False      True       False        True                 False       True                   4            6.93826   0.375814   0.834169   0.819616 │
╰──────────────────────────────────────────────────────────────────────────────────────────────────────────────────────────────────────────────────────────────────────────────────────────────────────────────────────────────╯
1994 more TERMINATED

Trial asha_train_b1636_01998 completed after 4 iterations at 2025-11-19 11:56:39. Total running time: 1hr 19min 10s
╭─────────────────────────────────────────────────╮
│ Trial asha_train_b1636_01998 result             │
├─────────────────────────────────────────────────┤
│ checkpoint_dir_name                             │
│ time_this_iter_s                          3.061 │
│ time_total_s                            12.7503 │
│ training_iteration                            4 │
│ acc                                     0.83192 │
│ bacc                                    0.82136 │
│ loss                                    0.37317 │
╰─────────────────────────────────────────────────╯

Trial status: 2000 TERMINATED
Current time: 2025-11-19 11:56:42. Total running time: 1hr 19min 12s
Logical resource usage: 2.0/10 CPUs, 1.0/4 GPUs (0.0/1.0 accelerator_type:G)
╭──────────────────────────────────────────────────────────────────────────────────────────────────────────────────────────────────────────────────────────────────────────────────────────────────────────────────────────────╮
│ Trial name               status       use_l1     use_l2     use_dropout     use_bn     use_ln     use_skip     use_data_augment     use_swa     use_lookahead       iter     total time (s)       loss        acc       bacc │
├──────────────────────────────────────────────────────────────────────────────────────────────────────────────────────────────────────────────────────────────────────────────────────────────────────────────────────────────┤
│ asha_train_b1636_00000   TERMINATED   True       False      True            True       True       False        True                 True        True                   1            4.11209   0.39487    0.814618   0.81893  │
│ asha_train_b1636_00001   TERMINATED   False      True       False           True       False      False        False                False       False                  1            2.7857    0.384179   0.782066   0.820692 │
│ asha_train_b1636_00002   TERMINATED   True       True       False           False      False      True         False                True        True                   4            9.22203   0.399312   0.816972   0.822677 │
│ asha_train_b1636_00003   TERMINATED   True       True       True            True       True       False        False                True        False                  1            5.19279   0.438779   0.810421   0.803566 │
│ asha_train_b1636_00004   TERMINATED   False      False      True            False      True       False        True                 False       True                   4            6.93826   0.375814   0.834169   0.819616 │
│ asha_train_b1636_00005   TERMINATED   False      False      False           False      False      False        False                False       True                   2            2.82486   0.378176   0.807247   0.821268 │
│ asha_train_b1636_00006   TERMINATED   False      False      False           False      False      False        False                True        False                  4            5.0166    0.391379   0.806428   0.823661 │
│ asha_train_b1636_00007   TERMINATED   False      True       False           True       False      False        True                 False       True                   1            3.22884   0.409998   0.79179    0.819755 │
│ asha_train_b1636_00008   TERMINATED   False      False      False           True       True       True         True                 True        True                   1            2.85024   0.40723    0.815027   0.816122 │
│ asha_train_b1636_00009   TERMINATED   False      False      True            True       True       True         False                True        True                   1            2.97577   0.439797   0.801617   0.818886 │
│ asha_train_b1636_00010   TERMINATED   True       False      True            False      True       True         False                False       False                  4           10.1971    0.370699   0.81472    0.823541 │
│ asha_train_b1636_00011   TERMINATED   False      True       True            True       True       True         True                 False       True                   1            4.0006    0.428465   0.749821   0.803601 │
│ asha_train_b1636_00012   TERMINATED   True       True       False           True       True       False        True                 False       False                  1            4.49798   0.464974   0.798342   0.792842 │
│ asha_train_b1636_00013   TERMINATED   False      False      False           False      True       False        True                 True        False                  1            2.17577   0.389715   0.781656   0.816172 │
│ asha_train_b1636_00014   TERMINATED   True       False      False           True       False      True         True                 False       True                   1            2.84866   0.450991   0.736411   0.803434 │
│ asha_train_b1636_00015   TERMINATED   True       True       False           False      True       True         False                True        True                   1            3.48219   0.440983   0.854438   0.785596 │
│ asha_train_b1636_00016   TERMINATED   False      False      False           True       False      True         False                True        False                  1            2.41955   0.72008    0.769884   0.519247 │
│ asha_train_b1636_00017   TERMINATED   False      True       True            True       True       False        True                 True        True                   1            4.88799   0.405174   0.787901   0.804593 │
│ asha_train_b1636_00018   TERMINATED   True       True       True            False      False      True         False                False       False                  1            2.80338   0.391365   0.82076    0.817105 │
│ asha_train_b1636_00019   TERMINATED   True       True       True            False      False      True         False                False       False                  1            2.82568   0.577881   0.851367   0.752211 │
│ asha_train_b1636_00020   TERMINATED   True       True       False           False      True       False        True                 False       True                   1            4.25195   0.397862   0.783089   0.810519 │
│ asha_train_b1636_00021   TERMINATED   False      True       False           False      True       True         False                True        True                   1            3.07664   0.447399   0.856485   0.781519 │
│ asha_train_b1636_00022   TERMINATED   False      True       True            False      False      False        False                True        False                  2            4.21085   0.408905   0.813901   0.821977 │
│ asha_train_b1636_00023   TERMINATED   False      False      True            True       False      True         True                 True        True                   1            2.90772   0.397722   0.768963   0.813545 │
│ asha_train_b1636_00024   TERMINATED   False      True       False           False      True       True         False                False       False                  1            2.80042   0.59457    0.791688   0.565678 │
│ asha_train_b1636_00025   TERMINATED   True       True       True            True       False      False        False                False       False                  1            3.78819   0.451922   0.781042   0.799939 │
│ asha_train_b1636_00026   TERMINATED   True       False      True            False      True       False        False                False       False                  1            2.72267   0.486198   0.778176   0.806263 │
│ asha_train_b1636_00027   TERMINATED   True       False      False           True       True       False        True                 False       False                  1            3.52622   0.489654   0.79609    0.77304  │
│ asha_train_b1636_00028   TERMINATED   True       False      True            False      True       False        True                 False       True                   2            5.51212   0.381303   0.832941   0.817783 │
│ asha_train_b1636_00029   TERMINATED   True       False      True            False      False      False        True                 False       True                   1            2.37132   0.693095   0.760672   0.5      │
│ asha_train_b1636_00030   TERMINATED   True       False      True            True       True       False        True                 False       True                   2            6.79638   0.447163   0.749207   0.791765 │
│ asha_train_b1636_00031   TERMINATED   True       False      False           True       False      False        False                False       False                  1            2.85785   0.517549   0.818508   0.806537 │
│ asha_train_b1636_00032   TERMINATED   True       True       False           False      False      True         False                True        True                   4            9.43202   0.382526   0.822193   0.819366 │
│ asha_train_b1636_00033   TERMINATED   False      True       False           True       False      True         False                False       True                   1            3.0521    0.67931    0.779507   0.539936 │
│ asha_train_b1636_00034   TERMINATED   False      False      False           False      False      False        True                 True        True                   4            5.58049   0.377782   0.812161   0.824204 │
│ asha_train_b1636_00035   TERMINATED   True       False      True            True       False      True         False                True        False                  1            3.23062   0.42809    0.802948   0.812726 │
│ asha_train_b1636_00036   TERMINATED   False      True       False           True       True       False        True                 False       False                  2            6.83312   0.421941   0.819224   0.811258 │
│ asha_train_b1636_00037   TERMINATED   False      False      True            True       True       False        False                False       True                   4            8.15881   0.380024   0.820862   0.824207 │
│ asha_train_b1636_00038   TERMINATED   False      True       True            False      True       True         False                False       True                   1            3.01182   0.429518   0.852902   0.786785 │
│ asha_train_b1636_00039   TERMINATED   True       True       False           True       True       False        False                True        True                   2            9.3846    0.380998   0.808476   0.82017  │
│ asha_train_b1636_00040   TERMINATED   False      True       True            True       False      True         True                 False       True                   2            5.96547   0.421724   0.744498   0.810655 │
│ asha_train_b1636_00041   TERMINATED   True       True       False           False      True       True         True                 False       False                  1            3.69612   0.510058   0.85669    0.776084 │
│ asha_train_b1636_00042   TERMINATED   False      False      True            True       False      False        False                True        False                  4            8.79318   0.385421   0.800798   0.822892 │
│ asha_train_b1636_00043   TERMINATED   False      False      True            False      False      True         False                True        True                   1            1.70768   0.454244   0.838571   0.808732 │
│ asha_train_b1636_00044   TERMINATED   False      False      True            False      False      False        False                True        False                  4            5.36658   0.406548   0.816256   0.824697 │
│ asha_train_b1636_00045   TERMINATED   True       True       True            False      True       True         True                 False       False                  1            3.76053   0.395214   0.84676    0.810744 │
│ asha_train_b1636_00046   TERMINATED   False      False      False           False      False      True         True                 True        False                  1            1.80298   0.671019   0.850036   0.773322 │
│ asha_train_b1636_00047   TERMINATED   True       True       False           False      True       True         False                False       True                   1            3.39614   0.610134   0.579588   0.720433 │
│ asha_train_b1636_00048   TERMINATED   True       False      False           True       False      False        True                 False       True                   1            2.95226   0.581349   0.785239   0.64264  │
│ asha_train_b1636_00049   TERMINATED   True       True       False           False      False      True         False                True        True                   1            2.62767   0.611852   0.851571   0.736223 │
│ asha_train_b1636_00050   TERMINATED   True       False      True            True       False      False        True                 False       False                  4           11.246     0.42365    0.806428   0.823808 │
│ asha_train_b1636_00051   TERMINATED   True       False      True            True       False      True         True                 False       True                   1            3.1974    0.432372   0.829358   0.799012 │
│ asha_train_b1636_00052   TERMINATED   False      True       True            True       True       True         True                 False       True                   1            3.93931   0.490452   0.746852   0.792709 │
│ asha_train_b1636_00053   TERMINATED   True       False      False           True       False      True         False                False       True                   1            2.73884   0.53644    0.847681   0.766645 │
│ asha_train_b1636_00054   TERMINATED   True       True       False           False      True       True         True                 True        True                   1            3.43285   0.625336   0.840414   0.685796 │
│ asha_train_b1636_00055   TERMINATED   False      False      True            True       False      True         True                 True        False                  1            3.15302   0.45235    0.772751   0.808266 │
│ asha_train_b1636_00056   TERMINATED   True       True       True            True       True       False        False                True        True                   1            5.29567   0.466107   0.832531   0.788053 │
│ asha_train_b1636_00057   TERMINATED   False      False      False           True       False      True         True                 True        True                   1            2.42469   0.618063   0.821067   0.695651 │
│ asha_train_b1636_00058   TERMINATED   False      True       False           True       True       True         False                True        True                   4           14.7448    0.408041   0.791688   0.823353 │
│ asha_train_b1636_00059   TERMINATED   True       False      True            True       True       False        False                False       False                  1            3.37211   0.467712   0.789538   0.7381   │
│ asha_train_b1636_00060   TERMINATED   True       False      False           False      False      False        False                False       False                  2            3.50173   0.387193   0.813901   0.821391 │
│ asha_train_b1636_00061   TERMINATED   True       True       False           False      True       False        True                 True        True                   2            6.62025   0.381444   0.790562   0.821293 │
│ asha_train_b1636_00062   TERMINATED   False      True       False           True       True       True         False                False       False                  2            6.6188    0.426292   0.782168   0.821052 │
│ asha_train_b1636_00063   TERMINATED   True       False      True            False      True       False        False                True        True                   4            9.86286   0.378693   0.809499   0.826412 │
│ asha_train_b1636_00064   TERMINATED   False      True       True            True       True       True         False                True        True                   1            4.21804   0.487899   0.703552   0.776706 │
│ asha_train_b1636_00065   TERMINATED   True       True       False           True       True       True         True                 True        True                   2            9.70668   0.40972    0.803562   0.821337 │
│ asha_train_b1636_00066   TERMINATED   True       False      False           True       True       False        False                False       False                  1            3.31919   0.587584   0.768963   0.710505 │
│ asha_train_b1636_00067   TERMINATED   False      False      False           False      True       True         False                False       True                   1            1.8354    0.60483    0.623503   0.746807 │
│ asha_train_b1636_00068   TERMINATED   False      True       True            True       False      True         True                 True        True                   1            3.83481   0.454238   0.837547   0.80674  │
│ asha_train_b1636_00069   TERMINATED   False      False      False           False      False      False        False                True        True                   4            5.18973   0.377109   0.81124    0.823159 │
│ asha_train_b1636_00070   TERMINATED   False      False      True            False      True       False        True                 False       False                  2            3.75278   0.385623   0.843382   0.812334 │
│ asha_train_b1636_00071   TERMINATED   False      False      True            False      True       False        False                False       True                   4            6.76521   0.372854   0.827413   0.822504 │
│ asha_train_b1636_00072   TERMINATED   False      True       False           True       True       False        True                 True        True                   1            3.87186   0.445198   0.777664   0.800063 │
│ asha_train_b1636_00073   TERMINATED   False      False      False           False      True       True         False                True        True                   1            1.96911   0.449431   0.856587   0.780413 │
│ asha_train_b1636_00074   TERMINATED   True       False      True            True       True       True         False                False       False                  1            3.63543   0.476277   0.763947   0.802187 │
│ asha_train_b1636_00075   TERMINATED   False      False      False           False      True       False        False                True        True                   4            6.02012   0.36842    0.812673   0.827765 │
│ asha_train_b1636_00076   TERMINATED   True       True       True            False      True       False        False                True        True                   4           13.1249    0.368983   0.808066   0.828988 │
│ asha_train_b1636_00077   TERMINATED   True       True       False           True       True       True         False                False       False                  1            4.28903   0.509745   0.798444   0.797893 │
│ asha_train_b1636_00078   TERMINATED   True       False      True            True       True       True         True                 False       True                   1            3.65025   0.460204   0.756782   0.801874 │
│ asha_train_b1636_00079   TERMINATED   False      True       True            True       True       False        False                False       False                  1            3.39919   0.494555   0.783806   0.797065 │
│ asha_train_b1636_00080   TERMINATED   True       False      False           True       True       True         False                True        False                  1            3.93776   0.419169   0.761798   0.800187 │
│ asha_train_b1636_00081   TERMINATED   False      True       True            False      False      False        False                False       True                   1            2.25888   0.693094   0.760672   0.5      │
│ asha_train_b1636_00082   TERMINATED   True       True       True            True       False      True         False                False       True                   2            7.08346   0.383499   0.809295   0.822027 │
│ asha_train_b1636_00083   TERMINATED   True       False      True            False      False      True         False                False       False                  1            2.19646   0.552758   0.848193   0.719199 │
│ asha_train_b1636_00084   TERMINATED   False      True       True            False      False      True         True                 False       True                   1            2.41866   0.643082   0.854642   0.752459 │
│ asha_train_b1636_00085   TERMINATED   False      True       True            False      False      False        False                True        False                  4            7.89073   0.493696   0.765585   0.817481 │
│ asha_train_b1636_00086   TERMINATED   True       False      False           False      False      True         True                 False       False                  2            4.37182   0.383343   0.816665   0.821009 │
│ asha_train_b1636_00087   TERMINATED   True       True       True            True       True       True         False                False       True                   1            4.67881   0.472089   0.749616   0.791594 │
│ asha_train_b1636_00088   TERMINATED   False      True       False           True       True       False        False                True        True                   2            7.61847   0.380975   0.816153   0.818327 │
│ asha_train_b1636_00089   TERMINATED   False      False      False           True       False      True         True                 True        False                  1            2.62658   0.493322   0.850036   0.804396 │
│ asha_train_b1636_00090   TERMINATED   False      False      False           False      True       True         False                True        False                  1            1.87329   0.573918   0.809909   0.607556 │
│ asha_train_b1636_00091   TERMINATED   True       True       True            True       True       True         True                 True        True                   1            5.4718    0.480459   0.739073   0.778801 │
│ asha_train_b1636_00092   TERMINATED   True       True       False           False      False      False        True                 True        True                   4            9.22533   0.379287   0.82035    0.821233 │
│ asha_train_b1636_00093   TERMINATED   True       True       True            True       True       True         True                 False       False                  1            4.64412   0.430284   0.762924   0.798436 │
│ asha_train_b1636_00094   TERMINATED   True       True       True            False      True       False        False                False       True                   1            3.74357   0.47936    0.738356   0.800169 │
│ asha_train_b1636_00095   TERMINATED   False      True       False           True       True       True         True                 False       False                  1            4.0144    0.566619   0.605487   0.72705  │
│ asha_train_b1636_00096   TERMINATED   False      True       True            False      False      True         False                False       True                   2            4.26626   0.382569   0.819224   0.818587 │
│ asha_train_b1636_00097   TERMINATED   False      False      True            False      False      False        False                False       True                   4            5.57799   0.378376   0.81124    0.823745 │
│ asha_train_b1636_00098   TERMINATED   False      True       False           True       False      True         False                True        True                   4           12.3044    0.389629   0.832429   0.819792 │
│ asha_train_b1636_00099   TERMINATED   True       True       False           True       True       False        False                False       False                  1            4.36214   0.999736   0.346914   0.25544  │
│ asha_train_b1636_00100   TERMINATED   False      True       True            False      True       True         True                 True        True                   1            3.50133   0.458993   0.857201   0.775834 │
│ asha_train_b1636_00101   TERMINATED   False      True       False           True       False      False        True                 False       True                   4           10.743     0.380402   0.785137   0.821391 │
│ asha_train_b1636_00102   TERMINATED   True       True       False           False      True       False        True                 True        True                   1            3.68938   0.408661   0.843894   0.804902 │
│ asha_train_b1636_00103   TERMINATED   True       True       False           False      False      False        True                 True        False                  2            5.1936    0.388609   0.819224   0.816535 │
│ asha_train_b1636_00104   TERMINATED   False      True       False           False      False      True         True                 True        True                   2            4.26602   0.384003   0.816767   0.820637 │
│ asha_train_b1636_00105   TERMINATED   False      False      False           True       False      False        False                True        True                   4            7.90155   0.375853   0.814515   0.826485 │
│ asha_train_b1636_00106   TERMINATED   False      True       True            True       True       False        False                False       True                   4           13.1939    0.379001   0.818712   0.82426  │
│ asha_train_b1636_00107   TERMINATED   True       False      False           False      True       True         False                True        True                   2            4.84169   0.378446   0.823626   0.820894 │
│ asha_train_b1636_00108   TERMINATED   True       True       True            False      False      True         True                 True        True                   4           10.1566    0.382059   0.80735    0.825586 │
│ asha_train_b1636_00109   TERMINATED   False      False      False           False      True       False        False                False       True                   4            6.28976   0.373183   0.823114   0.823049 │
│ asha_train_b1636_00110   TERMINATED   False      True       True            False      False      True         False                True        True                   2            4.42209   0.380351   0.8182     0.821579 │
│ asha_train_b1636_00111   TERMINATED   True       False      True            False      False      False        True                 True        True                   2            3.99893   0.38786    0.824342   0.819899 │
│ asha_train_b1636_00112   TERMINATED   False      False      True            True       False      False        False                True        False                  2            4.48439   0.389252   0.802436   0.82089  │
│ asha_train_b1636_00113   TERMINATED   False      False      False           False      False      True         False                False       False                  4            5.34201   0.393782   0.822909   0.821889 │
│ asha_train_b1636_00114   TERMINATED   False      False      True            False      True       True         False                True        False                  4            6.92838   0.370007   0.800594   0.826128 │
│ asha_train_b1636_00115   TERMINATED   True       False      False           True       False      False        False                False       True                   4           10.0382    0.382285   0.79179    0.821661 │
│ asha_train_b1636_00116   TERMINATED   True       False      False           False      True       False        False                True        False                  2            4.71042   0.373507   0.81646    0.82234  │
│ asha_train_b1636_00117   TERMINATED   True       False      False           False      True       True         False                False       True                   2            4.93071   0.388012   0.785444   0.819248 │
│ asha_train_b1636_00118   TERMINATED   False      False      False           True       True       True         True                 False       True                   2            4.4257    0.401606   0.795475   0.821005 │
│ asha_train_b1636_00119   TERMINATED   False      False      False           True       True       True         True                 False       True                   1            2.59825   0.612235   0.639369   0.718834 │
│ asha_train_b1636_00120   TERMINATED   False      True       True            True       False      True         False                False       True                   2            5.78422   0.407299   0.829153   0.822329 │
│ asha_train_b1636_00121   TERMINATED   True       False      True            True       False      True         True                 False       True                   2            6.17861   0.426571   0.785239   0.820433 │
│ asha_train_b1636_00122   TERMINATED   True       True       True            True       False      False        True                 True        True                   1            4.33428   0.405038   0.825571   0.807076 │
│ asha_train_b1636_00123   TERMINATED   False      False      True            True       False      True         True                 True        True                   2            5.38546   0.41088    0.804688   0.820758 │
│ asha_train_b1636_00124   TERMINATED   True       True       True            True       True       False        False                False       False                  1            4.77655   0.600577   0.609274   0.719866 │
│ asha_train_b1636_00125   TERMINATED   True       False      True            True       False      True         False                False       False                  1            3.02588   0.402858   0.788003   0.81155  │
│ asha_train_b1636_00126   TERMINATED   False      False      True            False      True       True         True                 True        True                   1            2.17593   0.421937   0.85239    0.790553 │
│ asha_train_b1636_00127   TERMINATED   False      True       False           True       True       False        True                 False       True                   2            7.15359   0.394971   0.804074   0.821967 │
│ asha_train_b1636_00128   TERMINATED   True       False      True            True       False      True         False                True        False                  1            3.28353   0.455101   0.793633   0.794437 │
│ asha_train_b1636_00129   TERMINATED   False      False      False           False      True       True         False                False       False                  4            6.39746   0.376545   0.821476   0.819628 │
│ asha_train_b1636_00130   TERMINATED   True       False      False           False      True       True         True                 False       False                  1            2.91989   0.436723   0.853823   0.784753 │
│ asha_train_b1636_00131   TERMINATED   False      True       True            False      False      True         True                 True        False                  2            4.34389   0.421581   0.824342   0.819753 │
│ asha_train_b1636_00132   TERMINATED   False      True       True            False      True       True         False                True        True                   1            2.83909   0.614047   0.558092   0.706743 │
│ asha_train_b1636_00133   TERMINATED   False      True       True            True       True       False        False                True        False                  1            4.17056   0.420277   0.825673   0.806557 │
│ asha_train_b1636_00134   TERMINATED   False      True       True            False      False      True         False                False       True                   2            4.53837   0.37798    0.822295   0.819433 │
│ asha_train_b1636_00135   TERMINATED   False      True       False           True       False      True         True                 False       True                   1            3.26604   0.674355   0.760672   0.5      │
│ asha_train_b1636_00136   TERMINATED   False      True       True            True       False      True         False                False       False                  1            3.17904   0.649264   0.7922     0.569826 │
│ asha_train_b1636_00137   TERMINATED   False      True       True            True       True       False        False                True        False                  1            4.24318   0.4653     0.801003   0.790487 │
│ asha_train_b1636_00138   TERMINATED   True       True       True            True       False      False        False                True        True                   1            4.24546   0.489048   0.687583   0.769434 │
│ asha_train_b1636_00139   TERMINATED   False      False      False           True       False      False        True                 True        False                  4            8.30687   0.389894   0.801822   0.823711 │
│ asha_train_b1636_00140   TERMINATED   False      True       False           True       True       True         False                False       True                   1            3.47044   0.517406   0.76149    0.738279 │
│ asha_train_b1636_00141   TERMINATED   False      False      True            True       True       True         False                False       True                   2            4.44733   0.474899   0.762309   0.816647 │
│ asha_train_b1636_00142   TERMINATED   False      True       True            True       True       True         True                 False       False                  1            4.20457   0.435128   0.749002   0.807167 │
│ asha_train_b1636_00143   TERMINATED   True       True       False           False      False      True         True                 False       True                   1            2.96354   0.67158    0.832531   0.803296 │
│ asha_train_b1636_00144   TERMINATED   True       False      True            True       True       True         False                True        False                  1            4.07649   0.423192   0.775412   0.802394 │
│ asha_train_b1636_00145   TERMINATED   True       False      True            False      True       False        False                True        False                  1            2.70756   0.392517   0.845225   0.809588 │
│ asha_train_b1636_00146   TERMINATED   False      False      False           False      False      True         False                True        False                  4            5.12651   0.405487   0.813389   0.825745 │
│ asha_train_b1636_00147   TERMINATED   True       False      False           False      True       False        False                False       False                  2            4.94321   0.384703   0.841437   0.809883 │
│ asha_train_b1636_00148   TERMINATED   False      True       False           True       True       True         True                 False       True                   2            7.01997   0.39954    0.799877   0.821407 │
│ asha_train_b1636_00149   TERMINATED   False      True       False           True       True       True         True                 True        True                   2            8.10875   0.423415   0.784215   0.817122 │
│ asha_train_b1636_00150   TERMINATED   True       False      False           False      True       True         True                 True        False                  1            2.6516    0.66939    0.762616   0.504063 │
│ asha_train_b1636_00151   TERMINATED   True       True       True            True       True       False        False                False       True                   2            8.91596   0.388152   0.806428   0.816332 │
│ asha_train_b1636_00152   TERMINATED   False      False      True            False      False      True         False                False       False                  4            5.85926   0.38499    0.817586   0.821908 │
│ asha_train_b1636_00153   TERMINATED   False      True       True            False      False      False        True                 True        True                   4            8.03723   0.400668   0.823216   0.822677 │
│ asha_train_b1636_00154   TERMINATED   True       False      False           True       True       False        False                False       False                  1            3.28354   0.536959   0.652882   0.751168 │
│ asha_train_b1636_00155   TERMINATED   True       False      True            False      False      True         True                 False       False                  1            2.21828   0.676447   0.766916   0.513045 │
│ asha_train_b1636_00156   TERMINATED   False      False      True            True       False      False        True                 True        True                   1            3.24022   0.414318   0.801208   0.807478 │
│ asha_train_b1636_00157   TERMINATED   False      True       False           True       True       False        True                 False       False                  1            3.59981   0.405589   0.818405   0.804711 │
│ asha_train_b1636_00158   TERMINATED   False      False      False           True       False      True         True                 True        True                   1            2.9503    0.409714   0.751766   0.809277 │
│ asha_train_b1636_00159   TERMINATED   False      False      True            False      False      False        False                True        False                  4            5.42337   0.430928   0.819224   0.821812 │
│ asha_train_b1636_00160   TERMINATED   True       False      True            True       True       True         False                True        False                  1            3.98819   0.507262   0.822909   0.782461 │
│ asha_train_b1636_00161   TERMINATED   False      False      False           False      False      True         True                 True        True                   2            3.40668   0.388357   0.809397   0.817991 │
│ asha_train_b1636_00162   TERMINATED   False      True       True            True       True       False        False                False       True                   4           13.2783    0.379001   0.818712   0.82426  │
│ asha_train_b1636_00163   TERMINATED   True       True       True            True       False      True         True                 False       False                  1            3.78448   0.4513     0.749002   0.787086 │
│ asha_train_b1636_00164   TERMINATED   True       False      True            False      False      True         True                 True        False                  4            8.69157   0.381526   0.806736   0.827234 │
│ asha_train_b1636_00165   TERMINATED   False      True       True            False      True       False        False                True        False                  4           10.1374    0.376586   0.830689   0.822605 │
│ asha_train_b1636_00166   TERMINATED   True       True       False           True       False      False        True                 False       False                  2            7.15666   0.40492    0.796704   0.821666 │
│ asha_train_b1636_00167   TERMINATED   False      True       True            False      False      True         False                True        True                   4            8.13817   0.389435   0.8052     0.825492 │
│ asha_train_b1636_00168   TERMINATED   False      False      False           False      False      True         False                False       False                  4            5.00804   0.444809   0.819838   0.822069 │
│ asha_train_b1636_00169   TERMINATED   True       False      True            True       False      False        False                True        True                   1            3.43343   0.522006   0.72945    0.748878 │
│ asha_train_b1636_00170   TERMINATED   True       False      True            True       True       True         False                False       True                   2            6.9384    0.492229   0.763538   0.814962 │
│ asha_train_b1636_00171   TERMINATED   False      False      False           True       True       True         True                 True        False                  1            2.68296   0.446315   0.831713   0.799533 │
│ asha_train_b1636_00172   TERMINATED   True       True       True            False      False      True         False                True        True                   4            9.62629   0.383768   0.813799   0.822789 │
│ asha_train_b1636_00173   TERMINATED   True       True       False           True       True       True         False                False       False                  1            4.7482    0.430712   0.79742    0.805281 │
│ asha_train_b1636_00174   TERMINATED   True       False      False           True       True       True         True                 False       True                   2            6.57409   0.42076    0.800696   0.815936 │
│ asha_train_b1636_00175   TERMINATED   False      False      False           True       False      False        True                 True        False                  2            4.33062   0.390239   0.806326   0.821981 │
│ asha_train_b1636_00176   TERMINATED   True       True       False           True       True       False        True                 False       False                  1            5.02779   0.439523   0.760876   0.791227 │
│ asha_train_b1636_00177   TERMINATED   False      False      True            False      False      True         True                 True        False                  1            1.88883   0.669054   0.814208   0.622841 │
│ asha_train_b1636_00178   TERMINATED   True       False      True            False      False      False        False                True        False                  1            2.4605    0.693106   0.760672   0.5      │
│ asha_train_b1636_00179   TERMINATED   False      True       False           False      True       True         True                 True        False                  1            2.77677   0.653054   0.707032   0.793797 │
│ asha_train_b1636_00180   TERMINATED   False      True       True            True       True       True         False                True        True                   2            7.95797   0.444037   0.762412   0.815835 │
│ asha_train_b1636_00181   TERMINATED   False      False      True            False      False      False        False                True        False                  4            5.42743   0.430928   0.819224   0.821812 │
│ asha_train_b1636_00182   TERMINATED   True       True       True            True       True       True         False                False       False                  1            4.65761   0.441554   0.803869   0.8104   │
│ asha_train_b1636_00183   TERMINATED   False      True       True            True       True       False        True                 True        True                   4           16.214     0.395022   0.814925   0.824849 │
│ asha_train_b1636_00184   TERMINATED   False      False      False           False      False      False        True                 True        True                   2            2.76096   0.377345   0.817177   0.821199 │
│ asha_train_b1636_00185   TERMINATED   True       True       False           True       False      True         False                False       True                   1            3.59272   0.464619   0.845429   0.800049 │
│ asha_train_b1636_00186   TERMINATED   True       True       True            True       True       True         False                True        True                   1            5.49867   0.443076   0.759238   0.799238 │
│ asha_train_b1636_00187   TERMINATED   True       True       False           True       False      False        True                 False       False                  2            7.28538   0.439517   0.838571   0.799351 │
│ asha_train_b1636_00188   TERMINATED   False      False      False           False      True       True         False                False       True                   1            1.92866   0.536741   0.855871   0.773493 │
│ asha_train_b1636_00189   TERMINATED   False      False      True            True       True       True         True                 False       True                   2            4.70194   0.41526    0.780428   0.820788 │
│ asha_train_b1636_00190   TERMINATED   False      True       False           True       False      False        True                 False       True                   4           10.5579    0.416354   0.828744   0.817516 │
│ asha_train_b1636_00191   TERMINATED   True       False      True            True       False      False        False                True        True                   1            3.46028   0.522006   0.72945    0.748878 │
│ asha_train_b1636_00192   TERMINATED   True       False      False           False      True       False        False                True        False                  4            8.97874   0.392201   0.806428   0.823075 │
│ asha_train_b1636_00193   TERMINATED   False      False      True            True       False      True         True                 True        True                   4            9.46616   0.390085   0.783806   0.824621 │
│ asha_train_b1636_00194   TERMINATED   True       True       True            False      True       False        True                 False       True                   1            4.26142   0.513655   0.756782   0.786777 │
│ asha_train_b1636_00195   TERMINATED   True       False      False           True       True       True         True                 True        True                   1            4.2121    0.473925   0.722797   0.781147 │
│ asha_train_b1636_00196   TERMINATED   True       True       False           False      False      True         True                 False       True                   1            2.81824   0.606611   0.651653   0.75637  │
│ asha_train_b1636_00197   TERMINATED   True       True       False           False      False      True         False                True        False                  1            2.62252   0.457055   0.84328    0.80274  │
│ asha_train_b1636_00198   TERMINATED   False      True       False           True       False      False        False                True        False                  4           11.5441    0.379615   0.799263   0.823495 │
│ asha_train_b1636_00199   TERMINATED   True       False      True            False      False      False        False                False       False                  4            7.34508   0.380031   0.803869   0.82535  │
│ asha_train_b1636_00200   TERMINATED   True       True       True            True       False      False        False                False       True                   1            3.64474   0.529137   0.783806   0.757637 │
│ asha_train_b1636_00201   TERMINATED   True       False      False           True       True       False        True                 False       False                  1            3.31503   0.453291   0.78053    0.806345 │
│ asha_train_b1636_00202   TERMINATED   True       False      False           False      False      False        True                 False       True                   1            2.64074   0.693095   0.760672   0.5      │
│ asha_train_b1636_00203   TERMINATED   True       False      False           True       True       False        True                 False       True                   1            3.70525   0.468539   0.780735   0.793288 │
│ asha_train_b1636_00204   TERMINATED   True       False      False           True       False      False        False                True        False                  2            6.03549   0.392222   0.821067   0.82185  │
│ asha_train_b1636_00205   TERMINATED   True       False      False           True       False      False        False                True        True                   1            3.07707   0.468303   0.854745   0.771874 │
│ asha_train_b1636_00206   TERMINATED   True       False      False           False      False      False        False                True        False                  1            2.00237   0.693095   0.760672   0.5      │
│ asha_train_b1636_00207   TERMINATED   True       True       True            True       False      True         False                True        False                  2            8.12251   0.377665   0.792507   0.821399 │
│ asha_train_b1636_00208   TERMINATED   True       False      True            False      True       False        True                 False       False                  2            5.37977   0.427302   0.82598    0.813061 │
│ asha_train_b1636_00209   TERMINATED   True       True       True            False      False      True         False                False       True                   2            4.97106   0.375424   0.8182     0.821725 │
│ asha_train_b1636_00210   TERMINATED   False      False      True            True       False      False        False                True        True                   4            8.97267   0.376648   0.808066   0.823418 │
│ asha_train_b1636_00211   TERMINATED   False      False      True            False      False      True         False                True        True                   4            5.67675   0.376287   0.818508   0.825884 │
│ asha_train_b1636_00212   TERMINATED   True       True       True            False      False      False        True                 True        False                  2            5.04788   0.424271   0.816051   0.818846 │
│ asha_train_b1636_00213   TERMINATED   False      False      True            False      False      False        False                True        False                  2            2.95727   0.46836    0.787593   0.820661 │
│ asha_train_b1636_00214   TERMINATED   False      False      True            True       True       True         False                False       False                  2            4.27882   0.453213   0.765176   0.816186 │
│ asha_train_b1636_00215   TERMINATED   False      True       False           False      True       True         False                False       True                   2            5.11906   0.466629   0.720135   0.799918 │
│ asha_train_b1636_00216   TERMINATED   True       True       True            True       False      False        True                 True        True                   4           15.3748    0.385138   0.807043   0.823772 │
│ asha_train_b1636_00217   TERMINATED   False      True       True            True       False      False        True                 True        False                  4           12.5387    0.384833   0.805917   0.822885 │
│ asha_train_b1636_00218   TERMINATED   True       True       False           True       False      False        True                 False       True                   1            4.17969   0.466692   0.831917   0.79146  │
│ asha_train_b1636_00219   TERMINATED   True       False      False           False      True       True         False                False       False                  2            4.81382   0.391001   0.827106   0.814827 │
│ asha_train_b1636_00220   TERMINATED   True       False      False           True       False      False        True                 True        True                   1            3.65151   0.471521   0.735899   0.772025 │
│ asha_train_b1636_00221   TERMINATED   False      True       True            True       False      True         False                True        True                   2            6.66835   0.395453   0.758215   0.817326 │
│ asha_train_b1636_00222   TERMINATED   False      True       True            False      True       False        False                True        False                  1            2.96763   0.389844   0.844508   0.811169 │
│ asha_train_b1636_00223   TERMINATED   True       True       True            False      True       True         False                True        True                   1            3.51506   0.637071   0.415191   0.614864 │
│ asha_train_b1636_00224   TERMINATED   False      False      False           True       True       False        True                 False       True                   2            4.66368   0.393362   0.812059   0.821645 │
│ asha_train_b1636_00225   TERMINATED   True       True       False           True       False      True         False                False       True                   1            3.59455   0.637865   0.81124    0.630563 │
│ asha_train_b1636_00226   TERMINATED   True       False      False           False      False      False        True                 False       True                   4            8.39176   0.385756   0.808169   0.822167 │
│ asha_train_b1636_00227   TERMINATED   False      True       False           False      False      True         False                False       False                  4            7.24867   0.378821   0.816767   0.821809 │
│ asha_train_b1636_00228   TERMINATED   True       False      True            False      True       True         False                False       False                  2            5.24384   0.422791   0.833453   0.817973 │
│ asha_train_b1636_00229   TERMINATED   True       True       False           True       False      False        False                False       False                  1            3.67093   0.606367   0.797113   0.583462 │
│ asha_train_b1636_00230   TERMINATED   True       False      False           False      True       True         False                False       True                   1            2.55082   0.689892   0.239328   0.5      │
│ asha_train_b1636_00231   TERMINATED   False      True       False           True       True       True         True                 False       False                  1            3.56335   0.43493    0.741836   0.805535 │
│ asha_train_b1636_00232   TERMINATED   True       False      True            True       True       False        True                 False       True                   1            3.9486    0.571405   0.719623   0.764111 │
│ asha_train_b1636_00233   TERMINATED   False      True       False           True       True       True         False                False       True                   2            6.76225   0.452756   0.777869   0.820278 │
│ asha_train_b1636_00234   TERMINATED   True       False      False           True       True       True         False                True        False                  1            3.71909   0.532206   0.829461   0.754814 │
│ asha_train_b1636_00235   TERMINATED   False      False      False           False      True       False        False                True        False                  4            5.85203   0.375065   0.829665   0.819734 │
│ asha_train_b1636_00236   TERMINATED   False      True       False           True       True       True         False                False       True                   1            3.54443   0.526949   0.692701   0.744363 │
│ asha_train_b1636_00237   TERMINATED   False      False      False           False      False      True         False                True        False                  4            5.27641   0.376865   0.816358   0.824911 │
│ asha_train_b1636_00238   TERMINATED   True       True       False           False      False      False        False                True        True                   4            8.83241   0.383053   0.820043   0.821324 │
│ asha_train_b1636_00239   TERMINATED   False      True       False           True       False      True         False                False       True                   1            2.97433   0.437534   0.826901   0.807657 │
│ asha_train_b1636_00240   TERMINATED   True       True       False           False      True       True         True                 False       True                   1            4.2966    0.411305   0.813799   0.802855 │
│ asha_train_b1636_00241   TERMINATED   True       False      False           True       False      True         False                False       True                   1            2.94018   0.418899   0.752073   0.810211 │
│ asha_train_b1636_00242   TERMINATED   True       False      True            True       False      True         True                 True        True                   1            3.59988   0.407189   0.760262   0.807093 │
│ asha_train_b1636_00243   TERMINATED   True       True       False           True       False      False        True                 True        True                   1            4.58743   0.439931   0.804279   0.80334  │
│ asha_train_b1636_00244   TERMINATED   True       True       True            False      False      False        True                 False       True                   4            9.61511   0.381842   0.826185   0.820084 │
│ asha_train_b1636_00245   TERMINATED   True       False      True            False      True       True         False                False       True                   2            5.20136   0.473108   0.722899   0.802028 │
│ asha_train_b1636_00246   TERMINATED   False      True       False           False      True       False        False                False       False                  2            5.13698   0.405267   0.810933   0.820759 │
│ asha_train_b1636_00247   TERMINATED   False      True       False           True       False      False        False                False       False                  2            5.17931   0.391075   0.790255   0.820945 │
│ asha_train_b1636_00248   TERMINATED   True       True       False           False      False      False        False                False       False                  1            2.7085    0.693144   0.760672   0.5      │
│ asha_train_b1636_00249   TERMINATED   True       False      False           True       False      False        False                True        True                   1            3.18827   0.40064    0.782885   0.808918 │
│ asha_train_b1636_00250   TERMINATED   True       True       True            False      True       True         False                False       False                  1            3.49424   0.496861   0.855666   0.77673  │
│ asha_train_b1636_00251   TERMINATED   False      False      True            True       False      True         False                True        True                   2            4.78718   0.389858   0.778995   0.820579 │
│ asha_train_b1636_00252   TERMINATED   True       True       True            True       False      False        True                 True        True                   1            4.93495   0.413995   0.824342   0.80275  │
│ asha_train_b1636_00253   TERMINATED   True       True       True            False      True       True         False                False       False                  2            7.00938   0.399744   0.825264   0.813909 │
│ asha_train_b1636_00254   TERMINATED   False      False      False           True       False      True         True                 False       False                  2            3.80643   0.394619   0.802743   0.820506 │
│ asha_train_b1636_00255   TERMINATED   True       True       True            False      False      False        True                 False       False                  2            5.21953   0.395262   0.815027   0.81275  │
│ asha_train_b1636_00256   TERMINATED   False      False      False           False      True       False        False                True        True                   4            6.26648   0.36842    0.812673   0.827765 │
│ asha_train_b1636_00257   TERMINATED   False      False      True            True       True       False        False                False       False                  2            4.31933   0.400406   0.829051   0.815519 │
│ asha_train_b1636_00258   TERMINATED   True       False      False           True       False      False        True                 False       False                  2            5.32286   0.416127   0.821681   0.810821 │
│ asha_train_b1636_00259   TERMINATED   True       False      True            True       True       True         True                 False       False                  1            4.07091   0.465445   0.737947   0.792571 │
│ asha_train_b1636_00260   TERMINATED   True       True       True            False      False      False        False                False       False                  2            4.82932   0.386246   0.821578   0.820428 │
│ asha_train_b1636_00261   TERMINATED   False      True       True            True       True       False        True                 False       False                  2            7.18055   0.39502    0.837854   0.810166 │
│ asha_train_b1636_00262   TERMINATED   False      False      False           True       False      True         False                True        False                  2            4.34422   0.380393   0.815129   0.82     │
│ asha_train_b1636_00263   TERMINATED   True       True       True            True       True       False        True                 False       False                  1            4.73209   0.450888   0.783908   0.807099 │
│ asha_train_b1636_00264   TERMINATED   True       False      False           False      False      False        True                 True        True                   1            2.23452   0.693139   0.760672   0.5      │
│ asha_train_b1636_00265   TERMINATED   False      False      True            True       False      True         False                False       True                   4            6.96628   0.443477   0.762207   0.817459 │
│ asha_train_b1636_00266   TERMINATED   False      False      False           False      False      True         False                False       False                  4            5.04712   0.400897   0.818917   0.821463 │
│ asha_train_b1636_00267   TERMINATED   False      False      True            True       True       False        False                True        True                   2            5.3741    0.380333   0.82076    0.820622 │
│ asha_train_b1636_00268   TERMINATED   True       False      True            True       True       True         False                True        False                  2            7.59232   0.415309   0.78094    0.821271 │
│ asha_train_b1636_00269   TERMINATED   False      True       True            False      True       False        False                True        False                  2            5.20805   0.389079   0.827413   0.820745 │
│ asha_train_b1636_00270   TERMINATED   True       True       False           True       True       True         True                 True        True                   1            5.61946   0.551429   0.718395   0.740731 │
│ asha_train_b1636_00271   TERMINATED   False      True       True            False      True       True         False                True        True                   1            2.98634   0.411379   0.850957   0.800164 │
│ asha_train_b1636_00272   TERMINATED   False      False      False           False      True       False        False                True        True                   4            6.12883   0.36842    0.812673   0.827765 │
│ asha_train_b1636_00273   TERMINATED   False      True       False           True       True       False        False                False       False                  2            6.36955   0.449207   0.838264   0.802667 │
│ asha_train_b1636_00274   TERMINATED   False      True       True            False      True       True         False                True        True                   1            2.96192   0.401674   0.846351   0.805198 │
│ asha_train_b1636_00275   TERMINATED   True       True       False           True       True       False        True                 True        False                  1            5.10197   0.50833    0.701402   0.768257 │
│ asha_train_b1636_00276   TERMINATED   False      True       False           True       False      False        True                 False       True                   2            6.01769   0.407687   0.783294   0.819008 │
│ asha_train_b1636_00277   TERMINATED   False      False      False           False      True       True         False                False       True                   1            1.8973    0.665229   0.240864   0.501009 │
│ asha_train_b1636_00278   TERMINATED   False      False      False           True       True       False        False                False       True                   2            4.12074   0.386835   0.807862   0.818887 │
│ asha_train_b1636_00279   TERMINATED   True       False      False           True       True       False        True                 True        True                   1            3.82495   0.60114    0.645409   0.626506 │
│ asha_train_b1636_00280   TERMINATED   False      False      False           True       False      True         True                 True        False                  1            2.40725   0.606051   0.786979   0.55672  │
│ asha_train_b1636_00281   TERMINATED   True       False      False           True       True       False        False                True        True                   2            7.32649   0.382986   0.819531   0.818496 │
│ asha_train_b1636_00282   TERMINATED   True       False      False           False      False      False        True                 True        False                  4            8.32676   0.390224   0.809704   0.821857 │
│ asha_train_b1636_00283   TERMINATED   False      True       False           False      False      True         False                True        True                   1            2.1456    0.534456   0.851469   0.793905 │
│ asha_train_b1636_00284   TERMINATED   False      False      True            True       True       True         True                 True        False                  1            3.44887   0.585627   0.642645   0.722893 │
│ asha_train_b1636_00285   TERMINATED   True       False      False           True       False      False        True                 False       True                   2            5.86448   0.434391   0.807759   0.816767 │
│ asha_train_b1636_00286   TERMINATED   False      True       True            False      True       True         True                 True        False                  1            3.26196   0.421139   0.8485     0.799429 │
│ asha_train_b1636_00287   TERMINATED   False      True       False           True       True       True         True                 False       True                   1            3.74787   0.574777   0.739073   0.770593 │
│ asha_train_b1636_00288   TERMINATED   True       False      True            False      True       True         False                True        False                  1            2.96896   0.3931     0.841847   0.810299 │
│ asha_train_b1636_00289   TERMINATED   False      True       True            True       True       True         False                False       False                  1            3.7609    0.447353   0.747262   0.808808 │
│ asha_train_b1636_00290   TERMINATED   False      True       True            True       False      False        False                True        True                   4           12.2213    0.375718   0.808885   0.826302 │
│ asha_train_b1636_00291   TERMINATED   True       True       True            False      False      True         True                 True        False                  2            5.10113   0.386914   0.824956   0.821476 │
│ asha_train_b1636_00292   TERMINATED   True       False      True            False      True       False        False                False       False                  2            5.13493   0.386975   0.832429   0.820671 │
│ asha_train_b1636_00293   TERMINATED   True       True       True            True       True       True         False                True        True                   2           10.0783    0.46782    0.774695   0.810424 │
│ asha_train_b1636_00294   TERMINATED   True       False      False           True       True       True         True                 True        False                  1            3.85705   0.506915   0.684615   0.775104 │
│ asha_train_b1636_00295   TERMINATED   False      False      False           True       True       False        False                False       True                   2            4.21535   0.386835   0.807862   0.818887 │
│ asha_train_b1636_00296   TERMINATED   False      False      False           True       True       False        True                 False       True                   2            4.50595   0.387779   0.813287   0.820108 │
│ asha_train_b1636_00297   TERMINATED   False      False      False           True       True       True         True                 True        False                  4           10.2359    0.406945   0.779507   0.821355 │
│ asha_train_b1636_00298   TERMINATED   False      False      False           False      False      False        False                True        True                   4            4.93432   0.377109   0.81124    0.823159 │
│ asha_train_b1636_00299   TERMINATED   True       False      True            False      False      False        True                 True        True                   2            4.24695   0.412095   0.813594   0.818697 │
│ asha_train_b1636_00300   TERMINATED   False      True       True            True       True       False        False                True        False                  2            7.74915   0.385782   0.819838   0.82031  │
│ asha_train_b1636_00301   TERMINATED   True       True       False           False      False      False        True                 True        True                   4            9.84259   0.37913    0.817484   0.820082 │
│ asha_train_b1636_00302   TERMINATED   True       True       False           True       False      True         True                 True        True                   1            3.94228   0.63286    0.773979   0.528095 │
│ asha_train_b1636_00303   TERMINATED   True       False      True            False      True       True         False                True        True                   1            3.30059   0.406985   0.828437   0.811305 │
│ asha_train_b1636_00304   TERMINATED   False      True       False           True       True       True         True                 False       False                  1            3.76388   0.428865   0.773058   0.800993 │
│ asha_train_b1636_00305   TERMINATED   True       False      False           True       True       True         False                False       True                   1            3.57053   0.459451   0.77664    0.799977 │
│ asha_train_b1636_00306   TERMINATED   True       False      False           True       False      True         True                 False       True                   1            3.23522   0.547467   0.836626   0.804229 │
│ asha_train_b1636_00307   TERMINATED   True       False      False           False      False      False        False                False       True                   1            2.31446   0.693094   0.760672   0.5      │
│ asha_train_b1636_00308   TERMINATED   False      True       True            False      False      True         True                 True        True                   2            4.39035   0.422352   0.813082   0.821439 │
│ asha_train_b1636_00309   TERMINATED   True       True       True            False      True       True         True                 False       True                   2            6.87581   0.399789   0.772648   0.815088 │
│ asha_train_b1636_00310   TERMINATED   False      True       True            False      True       True         True                 True        True                   1            2.81489   0.659676   0.8528     0.777044 │
│ asha_train_b1636_00311   TERMINATED   False      False      True            False      False      False        True                 False       True                   2            3.14513   0.377244   0.815129   0.821172 │
│ asha_train_b1636_00312   TERMINATED   False      True       False           True       False      True         True                 True        False                  1            3.54812   0.40139    0.834476   0.811757 │
│ asha_train_b1636_00313   TERMINATED   False      False      True            True       True       False        True                 False       True                   4            8.54245   0.394316   0.819838   0.822069 │
│ asha_train_b1636_00314   TERMINATED   False      True       False           False      True       True         False                False       True                   1            2.85715   0.449057   0.856075   0.779784 │
│ asha_train_b1636_00315   TERMINATED   False      False      True            True       False      False        False                False       False                  4            6.88357   0.384754   0.801617   0.824456 │
│ asha_train_b1636_00316   TERMINATED   False      True       False           True       True       False        False                True        True                   1            4.10552   0.57971    0.766302   0.750382 │
│ asha_train_b1636_00317   TERMINATED   False      False      True            True       False      True         True                 True        True                   4           10.0035    0.38413    0.775514   0.822102 │
│ asha_train_b1636_00318   TERMINATED   True       True       True            False      True       True         True                 True        False                  2            6.65605   0.480404   0.83335    0.818345 │
│ asha_train_b1636_00319   TERMINATED   True       False      False           True       False      True         True                 True        False                  2            5.89627   0.450175   0.845122   0.811573 │
│ asha_train_b1636_00320   TERMINATED   True       False      True            True       True       True         True                 False       True                   2            8.0713    0.435862   0.773774   0.816121 │
│ asha_train_b1636_00321   TERMINATED   True       False      True            False      True       False        True                 True        True                   4           10.277     0.373984   0.803972   0.827909 │
│ asha_train_b1636_00322   TERMINATED   True       True       True            True       True       False        False                False       False                  2            8.57115   0.393927   0.824956   0.813414 │
│ asha_train_b1636_00323   TERMINATED   False      True       True            False      True       True         False                True        False                  4           10.546     0.371341   0.811956   0.823484 │
│ asha_train_b1636_00324   TERMINATED   True       True       False           False      True       True         False                True        True                   1            3.41517   0.530237   0.83898    0.796689 │
│ asha_train_b1636_00325   TERMINATED   True       False      True            True       False      False        True                 False       False                  1            3.05426   0.519924   0.789845   0.789749 │
│ asha_train_b1636_00326   TERMINATED   False      True       True            True       False      True         True                 False       True                   2            5.96415   0.438913   0.743065   0.806342 │
│ asha_train_b1636_00327   TERMINATED   False      True       True            True       True       False        True                 False       False                  2            6.86772   0.410346   0.817893   0.819911 │
│ asha_train_b1636_00328   TERMINATED   True       False      False           False      False      True         False                True        False                  4            7.22784   0.379833   0.817893   0.824015 │
│ asha_train_b1636_00329   TERMINATED   False      False      False           True       False      True         True                 False       False                  1            2.22677   0.423746   0.739277   0.805318 │
│ asha_train_b1636_00330   TERMINATED   False      False      True            True       True       True         False                True        False                  1            2.65486   0.628214   0.615826   0.594602 │
│ asha_train_b1636_00331   TERMINATED   False      False      False           False      False      True         False                True        False                  4            5.30996   0.405487   0.813389   0.825745 │
│ asha_train_b1636_00332   TERMINATED   False      False      True            False      True       False        True                 True        False                  2            3.7852    0.379302   0.821271   0.820666 │
│ asha_train_b1636_00333   TERMINATED   False      True       True            True       True       False        True                 False       True                   4           13.7292    0.378593   0.813594   0.823388 │
│ asha_train_b1636_00334   TERMINATED   True       False      True            True       True       False        False                True        False                  1            3.92523   0.420031   0.821578   0.801813 │
│ asha_train_b1636_00335   TERMINATED   True       False      False           False      True       True         False                True        False                  4            9.56813   0.402962   0.824752   0.819582 │
│ asha_train_b1636_00336   TERMINATED   False      False      False           False      True       True         False                False       False                  4            6.10965   0.376545   0.821476   0.819628 │
│ asha_train_b1636_00337   TERMINATED   False      False      True            False      True       False        True                 False       True                   2            3.89326   0.390474   0.834681   0.817168 │
│ asha_train_b1636_00338   TERMINATED   True       True       False           True       True       True         True                 True        False                  1            5.10815   0.461744   0.780837   0.792182 │
│ asha_train_b1636_00339   TERMINATED   False      True       False           False      True       True         False                False       True                   1            2.69258   0.536192   0.856382   0.77896  │
│ asha_train_b1636_00340   TERMINATED   False      True       False           True       False      True         False                False       False                  1            3.09427   0.525565   0.847579   0.765991 │
│ asha_train_b1636_00341   TERMINATED   False      True       True            False      True       False        False                True        False                  4           10.2005    0.376328   0.829972   0.821988 │
│ asha_train_b1636_00342   TERMINATED   True       False      True            True       False      False        False                True        False                  1            3.28917   0.410746   0.837752   0.813177 │
│ asha_train_b1636_00343   TERMINATED   False      False      True            False      False      True         False                True        True                   1            1.68782   0.565673   0.855256   0.779685 │
│ asha_train_b1636_00344   TERMINATED   False      False      False           False      False      False        False                True        True                   4            5.38001   0.377109   0.81124    0.823159 │
│ asha_train_b1636_00345   TERMINATED   False      True       True            True       True       False        False                False       True                   2            6.70593   0.408746   0.78227    0.802065 │
│ asha_train_b1636_00346   TERMINATED   False      False      False           True       False      True         True                 True        True                   2            5.38067   0.395475   0.774184   0.814338 │
│ asha_train_b1636_00347   TERMINATED   False      True       True            False      False      True         False                False       False                  2            4.10303   0.450265   0.821681   0.819909 │
│ asha_train_b1636_00348   TERMINATED   False      True       False           True       True       True         True                 True        False                  2            7.72966   0.388724   0.798137   0.820703 │
│ asha_train_b1636_00349   TERMINATED   True       True       False           True       True       True         True                 True        False                  1            5.03382   0.474132   0.750947   0.793055 │
│ asha_train_b1636_00350   TERMINATED   False      True       False           True       False      True         False                True        True                   2            6.36258   0.387397   0.798854   0.820294 │
│ asha_train_b1636_00351   TERMINATED   False      False      True            False      False      True         False                True        True                   4            5.7608    0.376287   0.818508   0.825884 │
│ asha_train_b1636_00352   TERMINATED   True       True       False           False      False      True         True                 True        False                  2            5.61983   0.383927   0.821783   0.818071 │
│ asha_train_b1636_00353   TERMINATED   True       False      True            True       True       True         False                False       True                   2            6.63595   0.501558   0.762207   0.812329 │
│ asha_train_b1636_00354   TERMINATED   True       False      False           True       True       False        True                 False       True                   1            3.44359   0.635437   0.607432   0.648593 │
│ asha_train_b1636_00355   TERMINATED   True       True       True            True       True       False        True                 False       True                   2            9.92769   0.400675   0.798342   0.813948 │
│ asha_train_b1636_00356   TERMINATED   True       True       True            True       False      False        True                 True        True                   2            8.20204   0.414051   0.812059   0.816222 │
│ asha_train_b1636_00357   TERMINATED   True       False      False           True       True       False        True                 True        False                  1            4.12153   0.409104   0.816767   0.80554  │
│ asha_train_b1636_00358   TERMINATED   False      False      False           True       True       False        True                 True        True                   4            9.56044   0.374349   0.817484   0.82272  │
│ asha_train_b1636_00359   TERMINATED   True       True       False           True       True       False        True                 False       False                  1            4.71656   0.49627    0.766506   0.777339 │
│ asha_train_b1636_00360   TERMINATED   True       False      True            False      True       True         True                 False       False                  1            2.84376   0.405531   0.842461   0.806892 │
│ asha_train_b1636_00361   TERMINATED   False      False      False           True       True       True         True                 True        False                  4           10.0272    0.414315   0.772853   0.820059 │
│ asha_train_b1636_00362   TERMINATED   True       True       False           False      False      True         False                True        True                   4            9.11199   0.381123   0.821374   0.81956  │
│ asha_train_b1636_00363   TERMINATED   True       True       False           True       True       False        True                 True        True                   1            4.8569    0.564915   0.685126   0.752868 │
│ asha_train_b1636_00364   TERMINATED   True       True       True            False      False      True         True                 True        False                  1            2.70736   0.642911   0.765278   0.510796 │
│ asha_train_b1636_00365   TERMINATED   True       False      True            False      False      False        True                 False       False                  1            2.39449   0.693095   0.760672   0.5      │
│ asha_train_b1636_00366   TERMINATED   True       True       False           True       True       True         True                 True        False                  1            5.2592    0.439544   0.768144   0.794832 │
│ asha_train_b1636_00367   TERMINATED   False      True       True            False      True       False        True                 False       False                  2            5.64604   0.418257   0.848398   0.788369 │
│ asha_train_b1636_00368   TERMINATED   False      True       False           False      True       True         False                False       True                   1            2.78765   0.449057   0.856075   0.779784 │
│ asha_train_b1636_00369   TERMINATED   False      False      False           True       True       False        False                True        True                   2            5.04344   0.38279    0.815744   0.817325 │
│ asha_train_b1636_00370   TERMINATED   False      True       False           True       True       True         False                False       True                   1            3.76426   0.511269   0.762924   0.745083 │
│ asha_train_b1636_00371   TERMINATED   False      False      True            True       False      True         True                 False       False                  4            8.24449   0.384283   0.80131    0.823228 │
│ asha_train_b1636_00372   TERMINATED   True       False      True            True       False      False        True                 False       False                  1            3.15208   0.557067   0.797728   0.765322 │
│ asha_train_b1636_00373   TERMINATED   False      False      True            False      True       False        False                False       True                   2            3.52592   0.375398   0.823626   0.820161 │
│ asha_train_b1636_00374   TERMINATED   True       False      False           False      True       True         True                 True        False                  1            2.90208   0.394538   0.836728   0.812065 │
│ asha_train_b1636_00375   TERMINATED   False      False      False           False      False      False        False                False       True                   2            2.91218   0.378176   0.807247   0.821268 │
│ asha_train_b1636_00376   TERMINATED   True       True       True            False      False      True         True                 False       False                  2            5.10124   0.385693   0.830587   0.8199   │
│ asha_train_b1636_00377   TERMINATED   False      True       True            False      True       True         False                False       False                  1            2.79997   0.600099   0.778688   0.537639 │
│ asha_train_b1636_00378   TERMINATED   True       False      True            True       False      True         False                True        True                   1            3.43681   0.603046   0.708261   0.764997 │
│ asha_train_b1636_00379   TERMINATED   False      False      False           False      True       True         False                True        True                   1            1.94193   0.449431   0.856587   0.780413 │
│ asha_train_b1636_00380   TERMINATED   True       True       False           True       True       False        False                True        True                   1            4.85645   0.449461   0.788003   0.797186 │
│ asha_train_b1636_00381   TERMINATED   False      True       False           False      True       False        True                 True        True                   1            3.37272   0.423699   0.828335   0.802297 │
│ asha_train_b1636_00382   TERMINATED   True       False      False           True       True       True         True                 False       False                  2            7.25442   0.411697   0.812059   0.813877 │
│ asha_train_b1636_00383   TERMINATED   False      False      True            False      True       True         True                 False       True                   1            2.20435   0.504555   0.853414   0.735089 │
│ asha_train_b1636_00384   TERMINATED   False      True       True            False      False      False        False                True        False                  4            7.59371   0.449404   0.815027   0.823597 │
│ asha_train_b1636_00385   TERMINATED   True       True       False           False      True       False        False                True        True                   4           12.6674    0.385377   0.803255   0.825239 │
│ asha_train_b1636_00386   TERMINATED   False      True       True            True       False      True         True                 True        True                   1            3.69506   0.401939   0.754632   0.811161 │
│ asha_train_b1636_00387   TERMINATED   False      True       True            False      False      False        False                False       False                  4            7.72837   0.380231   0.814208   0.823791 │
│ asha_train_b1636_00388   TERMINATED   True       False      False           True       False      True         True                 False       False                  1            2.95948   0.426377   0.798854   0.806663 │
│ asha_train_b1636_00389   TERMINATED   True       True       True            True       False      False        False                True        True                   1            4.38675   0.415104   0.792507   0.80938  │
│ asha_train_b1636_00390   TERMINATED   True       True       False           False      True       False        True                 True        True                   4           13.0452    0.384949   0.79998    0.826897 │
│ asha_train_b1636_00391   TERMINATED   False      False      True            False      False      True         True                 True        True                   4            6.25444   0.403221   0.812775   0.82666  │
│ asha_train_b1636_00392   TERMINATED   True       False      False           True       False      True         True                 True        True                   1            3.3658    0.526835   0.760979   0.782207 │
│ asha_train_b1636_00393   TERMINATED   False      True       False           True       True       False        True                 False       True                   1            3.73115   0.477027   0.82076    0.807724 │
│ asha_train_b1636_00394   TERMINATED   True       True       True            False      False      False        True                 False       True                   2            5.16142   0.387579   0.838776   0.817661 │
│ asha_train_b1636_00395   TERMINATED   False      False      False           True       False      True         False                True        False                  1            2.36095   0.637385   0.809807   0.616723 │
│ asha_train_b1636_00396   TERMINATED   False      True       False           True       False      False        True                 False       False                  1            3.14064   0.418516   0.792097   0.811603 │
│ asha_train_b1636_00397   TERMINATED   False      False      False           False      True       True         True                 True        True                   1            2.15806   0.49083    0.853516   0.74527  │
│ asha_train_b1636_00398   TERMINATED   False      True       True            False      False      True         True                 False       True                   1            2.61115   0.664819   0.787491   0.55779  │
│ asha_train_b1636_00399   TERMINATED   True       True       False           False      False      True         True                 True        True                   4            9.37825   0.376373   0.821783   0.824813 │
│ asha_train_b1636_00400   TERMINATED   True       False      True            True       True       True         True                 True        True                   1            4.64184   0.451532   0.762821   0.797929 │
│ asha_train_b1636_00401   TERMINATED   False      False      True            True       True       False        False                True        True                   4           10.1789    0.378531   0.80909    0.825264 │
│ asha_train_b1636_00402   TERMINATED   True       True       False           True       True       True         False                True        True                   2            9.609     0.4195     0.771727   0.818293 │
│ asha_train_b1636_00403   TERMINATED   True       False      False           False      False      False        False                False       False                  1            2.05036   0.693144   0.760672   0.5      │
│ asha_train_b1636_00404   TERMINATED   True       False      False           True       True       True         False                False       True                   2            6.30107   0.412567   0.793019   0.812208 │
│ asha_train_b1636_00405   TERMINATED   True       True       False           True       True       True         True                 False       False                  1            4.77836   0.575584   0.755246   0.753815 │
│ asha_train_b1636_00406   TERMINATED   False      True       False           True       False      False        False                True        True                   4           11.8743    0.377233   0.811444   0.825492 │
│ asha_train_b1636_00407   TERMINATED   True       False      True            False      False      True         False                False       True                   1            2.42388   0.432084   0.825878   0.810355 │
│ asha_train_b1636_00408   TERMINATED   True       False      False           True       True       True         False                True        True                   1            3.77398   0.426465   0.81861    0.810562 │
│ asha_train_b1636_00409   TERMINATED   False      True       True            True       True       False        False                False       False                  4           13.0412    0.385565   0.811751   0.822763 │
│ asha_train_b1636_00410   TERMINATED   False      False      False           True       True       True         False                False       False                  1            2.12462   0.53503    0.739277   0.712978 │
│ asha_train_b1636_00411   TERMINATED   True       True       False           False      False      False        False                False       True                   4            8.80089   0.379567   0.804484   0.821796 │
│ asha_train_b1636_00412   TERMINATED   True       False      True            False      False      False        True                 False       False                  1            2.21485   0.693097   0.760672   0.5      │
│ asha_train_b1636_00413   TERMINATED   True       True       False           True       False      False        True                 False       False                  1            3.70488   0.522352   0.844611   0.7636   │
│ asha_train_b1636_00414   TERMINATED   True       False      False           True       True       False        False                False       False                  1            3.51281   0.453168   0.820248   0.775435 │
│ asha_train_b1636_00415   TERMINATED   True       False      False           True       True       True         False                False       True                   1            3.60215   0.459451   0.77664    0.799977 │
│ asha_train_b1636_00416   TERMINATED   False      False      False           False      False      False        True                 False       False                  2            3.00869   0.395055   0.824445   0.817328 │
│ asha_train_b1636_00417   TERMINATED   True       False      True            False      False      False        False                True        True                   1            2.30211   0.693095   0.760672   0.5      │
│ asha_train_b1636_00418   TERMINATED   False      True       False           False      True       True         True                 True        False                  4           10.0446    0.377559   0.831917   0.819748 │
│ asha_train_b1636_00419   TERMINATED   True       True       True            True       False      True         False                True        False                  4           15.3463    0.378631   0.823626   0.821187 │
│ asha_train_b1636_00420   TERMINATED   False      True       True            False      True       False        True                 True        False                  1            2.96046   0.395428   0.839902   0.812245 │
│ asha_train_b1636_00421   TERMINATED   True       True       True            True       True       False        False                True        True                   1            5.00057   0.484342   0.777255   0.785723 │
│ asha_train_b1636_00422   TERMINATED   True       False      False           True       False      True         True                 True        True                   2            6.70363   0.386063   0.788924   0.818311 │
│ asha_train_b1636_00423   TERMINATED   False      False      False           True       False      True         False                True        True                   1            2.29693   0.562464   0.83161    0.743036 │
│ asha_train_b1636_00424   TERMINATED   False      False      True            True       True       False        True                 True        True                   4           10.7341    0.387813   0.816051   0.826322 │
│ asha_train_b1636_00425   TERMINATED   False      True       True            False      True       False        True                 True        False                  2            5.41872   0.384197   0.830894   0.815265 │
│ asha_train_b1636_00426   TERMINATED   False      True       True            True       True       True         False                False       False                  1            3.75411   0.441709   0.717883   0.791842 │
│ asha_train_b1636_00427   TERMINATED   True       False      True            True       False      False        False                False       False                  1            2.91701   0.482306   0.694442   0.773502 │
│ asha_train_b1636_00428   TERMINATED   False      False      False           True       False      False        False                True        False                  4            7.86654   0.381665   0.80172    0.82379  │
│ asha_train_b1636_00429   TERMINATED   True       False      False           False      True       True         False                True        True                   1            2.58783   0.551582   0.848296   0.774084 │
│ asha_train_b1636_00430   TERMINATED   False      False      True            True       True       True         False                True        False                  4           10.5584    0.434715   0.762616   0.816702 │
│ asha_train_b1636_00431   TERMINATED   True       False      True            True       True       False        False                False       False                  1            3.42128   0.498567   0.72208    0.769097 │
│ asha_train_b1636_00432   TERMINATED   True       True       False           False      False      True         True                 False       True                   4            9.58524   0.377596   0.818405   0.82186  │
│ asha_train_b1636_00433   TERMINATED   False      False      False           False      False      False        True                 True        False                  4            5.51341   0.408618   0.810523   0.823861 │
│ asha_train_b1636_00434   TERMINATED   False      False      False           True       False      True         False                False       False                  2            3.70798   0.391351   0.775514   0.819317 │
│ asha_train_b1636_00435   TERMINATED   False      False      True            False      True       False        True                 True        False                  2            4.05723   0.380213   0.826697   0.820567 │
│ asha_train_b1636_00436   TERMINATED   False      False      False           True       False      True         False                True        False                  1            2.23419   0.637385   0.809807   0.616723 │
│ asha_train_b1636_00437   TERMINATED   False      False      True            False      False      False        False                False       False                  4            5.33625   0.388082   0.808066   0.821073 │
│ asha_train_b1636_00438   TERMINATED   False      False      True            True       True       True         True                 True        False                  4           11.23      0.383635   0.797318   0.825441 │
│ asha_train_b1636_00439   TERMINATED   False      True       True            False      False      True         False                False       True                   2            4.22428   0.379683   0.822704   0.818969 │
│ asha_train_b1636_00440   TERMINATED   False      False      False           True       True       False        True                 False       True                   2            4.2033    0.395391   0.815744   0.817325 │
│ asha_train_b1636_00441   TERMINATED   True       True       False           False      False      True         True                 False       True                   1            2.8237    0.423909   0.795373   0.809505 │
│ asha_train_b1636_00442   TERMINATED   True       True       True            False      False      False        True                 False       False                  1            2.80675   0.693095   0.760672   0.5      │
│ asha_train_b1636_00443   TERMINATED   False      False      True            False      True       False        True                 True        False                  1            2.24449   0.397074   0.778483   0.810275 │
│ asha_train_b1636_00444   TERMINATED   False      False      True            False      False      False        True                 False       True                   4            6.77862   0.379081   0.809295   0.824812 │
│ asha_train_b1636_00445   TERMINATED   True       True       True            True       False      True         False                False       True                   1            4.04719   0.416313   0.766404   0.809958 │
│ asha_train_b1636_00446   TERMINATED   False      True       False           False      True       True         False                False       True                   1            3.02888   0.449169   0.856075   0.780224 │
│ asha_train_b1636_00447   TERMINATED   False      False      False           False      True       True         True                 False       False                  1            2.02941   0.561977   0.850241   0.79984  │
│ asha_train_b1636_00448   TERMINATED   True       True       False           True       False      False        False                True        True                   1            4.04344   0.509549   0.776026   0.760438 │
│ asha_train_b1636_00449   TERMINATED   False      False      True            True       True       False        True                 False       True                   2            5.09435   0.394672   0.795168   0.814354 │
│ asha_train_b1636_00450   TERMINATED   False      False      False           True       True       True         False                False       False                  2            4.17312   0.431773   0.778892   0.818753 │
│ asha_train_b1636_00451   TERMINATED   True       False      True            True       False      True         True                 False       False                  1            3.23363   0.444004   0.801208   0.796485 │
│ asha_train_b1636_00452   TERMINATED   True       False      False           True       True       False        False                False       True                   1            3.1833    0.668312   0.703962   0.640516 │
│ asha_train_b1636_00453   TERMINATED   True       True       False           False      True       True         True                 False       True                   1            3.71876   0.544534   0.836524   0.678989 │
│ asha_train_b1636_00454   TERMINATED   True       True       True            True       True       False        True                 True        True                   1            5.83652   0.404188   0.80131    0.808717 │
│ asha_train_b1636_00455   TERMINATED   False      False      False           False      True       True         True                 False       False                  1            2.29615   0.476495   0.842461   0.812608 │
│ asha_train_b1636_00456   TERMINATED   False      False      False           True       True       False        True                 False       False                  2            4.09616   0.397329   0.825161   0.814282 │
│ asha_train_b1636_00457   TERMINATED   False      True       False           True       False      False        False                False       True                   1            2.92934   0.445394   0.829153   0.805913 │
│ asha_train_b1636_00458   TERMINATED   False      False      False           False      True       True         True                 False       False                  1            1.79065   0.648636   0.849422   0.732171 │
│ asha_train_b1636_00459   TERMINATED   False      False      False           True       False      False        False                False       False                  2            3.29751   0.386355   0.772341   0.81899  │
│ asha_train_b1636_00460   TERMINATED   False      True       True            False      True       False        True                 True        True                   1            3.22712   0.414058   0.750742   0.806845 │
│ asha_train_b1636_00461   TERMINATED   False      False      False           True       False      True         False                True        False                  2            4.49104   0.380393   0.815129   0.82     │
│ asha_train_b1636_00462   TERMINATED   False      False      True            False      True       True         False                True        False                  1            1.93329   0.663512   0.760672   0.5      │
│ asha_train_b1636_00463   TERMINATED   False      True       True            False      False      False        False                True        False                  1            2.18787   0.693097   0.760672   0.5      │
│ asha_train_b1636_00464   TERMINATED   False      True       False           True       True       False        False                True        True                   4           14.3519    0.380582   0.816767   0.823715 │
│ asha_train_b1636_00465   TERMINATED   True       False      True            False      False      True         False                True        False                  4            7.75548   0.38098    0.812263   0.825591 │
│ asha_train_b1636_00466   TERMINATED   False      True       True            True       False      True         False                True        True                   1            3.37887   0.526437   0.848398   0.75026  │
│ asha_train_b1636_00467   TERMINATED   True       True       True            True       False      False        True                 False       False                  4           14.2333    0.387675   0.808271   0.817837 │
│ asha_train_b1636_00468   TERMINATED   True       True       False           False      False      False        True                 True        True                   1            2.6135    0.693095   0.760672   0.5      │
│ asha_train_b1636_00469   TERMINATED   True       False      True            True       False      False        True                 True        True                   4           12.7442    0.391721   0.812673   0.823661 │
│ asha_train_b1636_00470   TERMINATED   True       True       False           False      True       True         False                False       False                  1            3.48771   0.468374   0.715017   0.798166 │
│ asha_train_b1636_00471   TERMINATED   False      True       False           False      True       False        True                 False       False                  2            5.218     0.388195   0.822704   0.81809  │
│ asha_train_b1636_00472   TERMINATED   False      True       False           False      True       False        False                True        True                   1            2.87762   0.425614   0.84717    0.798994 │
│ asha_train_b1636_00473   TERMINATED   True       True       False           False      False      False        True                 False       False                  4            9.79763   0.380325   0.821374   0.821173 │
│ asha_train_b1636_00474   TERMINATED   True       True       True            True       True       True         False                True        True                   1            5.13236   0.476227   0.785137   0.785188 │
│ asha_train_b1636_00475   TERMINATED   False      False      False           False      True       True         True                 True        True                   1            1.98283   0.497501   0.853107   0.735913 │
│ asha_train_b1636_00476   TERMINATED   False      True       False           True       True       False        False                False       True                   2            6.70588   0.388569   0.808681   0.81752  │
│ asha_train_b1636_00477   TERMINATED   False      False      True            False      True       True         False                False       False                  2            3.68559   0.381186   0.775924   0.819879 │
│ asha_train_b1636_00478   TERMINATED   True       False      False           True       False      False        True                 True        False                  1            3.83894   0.554174   0.673047   0.760319 │
│ asha_train_b1636_00479   TERMINATED   False      True       True            True       True       False        False                True        False                  4           14.9536    0.387482   0.79783    0.822406 │
│ asha_train_b1636_00480   TERMINATED   False      False      True            False      False      False        True                 True        False                  2            3.00481   0.423793   0.818712   0.820889 │
│ asha_train_b1636_00481   TERMINATED   True       False      False           False      False      False        True                 True        True                   2            4.06282   0.382901   0.800594   0.819533 │
│ asha_train_b1636_00482   TERMINATED   True       True       False           False      False      False        True                 False       True                   1            2.99436   0.693096   0.760672   0.5      │
│ asha_train_b1636_00483   TERMINATED   False      False      True            False      True       False        True                 True        True                   4            7.1309    0.376047   0.805712   0.826561 │
│ asha_train_b1636_00484   TERMINATED   True       True       False           False      True       False        True                 False       False                  2            6.74181   0.415583   0.775617   0.818798 │
│ asha_train_b1636_00485   TERMINATED   False      True       True            True       True       False        True                 False       False                  2            7.10957   0.403461   0.821578   0.817203 │
│ asha_train_b1636_00486   TERMINATED   True       True       True            False      False      False        False                False       True                   4            9.46022   0.376209   0.817893   0.823868 │
│ asha_train_b1636_00487   TERMINATED   True       True       False           True       True       True         False                False       False                  1            4.42408   0.464153   0.846351   0.765917 │
│ asha_train_b1636_00488   TERMINATED   False      True       True            True       True       True         False                True        True                   1            4.07421   0.552344   0.680213   0.728972 │
│ asha_train_b1636_00489   TERMINATED   True       True       True            True       False      False        True                 False       True                   4           14.3239    0.419486   0.816358   0.8211   │
│ asha_train_b1636_00490   TERMINATED   False      True       True            False      False      True         True                 True        True                   4            8.93742   0.380195   0.808476   0.827205 │
│ asha_train_b1636_00491   TERMINATED   True       True       False           True       False      True         False                True        False                  1            3.82408   0.530064   0.848705   0.761308 │
│ asha_train_b1636_00492   TERMINATED   False      False      True            True       True       False        True                 True        False                  1            3.06203   0.422558   0.815641   0.805825 │
│ asha_train_b1636_00493   TERMINATED   False      True       True            True       True       False        False                False       True                   1            3.49802   0.424679   0.806838   0.810592 │
│ asha_train_b1636_00494   TERMINATED   False      False      False           True       False      True         False                True        True                   4            8.01757   0.432054   0.799775   0.823098 │
│ asha_train_b1636_00495   TERMINATED   False      False      True            False      True       False        True                 True        False                  2            3.64066   0.384485   0.82076    0.820183 │
│ asha_train_b1636_00496   TERMINATED   True       True       True            True       False      False        True                 False       False                  4           15.4269    0.387634   0.800696   0.823411 │
│ asha_train_b1636_00497   TERMINATED   True       False      True            True       True       True         False                True        False                  2            7.50877   0.42614    0.771113   0.819648 │
│ asha_train_b1636_00498   TERMINATED   True       False      False           True       True       False        True                 False       True                   4           11.9376    0.389374   0.821476   0.819481 │
│ asha_train_b1636_00499   TERMINATED   False      True       False           False      True       True         True                 True        False                  4            9.69503   0.543418   0.854028   0.790311 │
│ asha_train_b1636_00500   TERMINATED   False      False      False           False      False      False        True                 False       True                   2            2.73486   0.392237   0.824342   0.81902  │
│ asha_train_b1636_00501   TERMINATED   False      True       False           False      True       True         False                False       True                   1            3.10288   0.451085   0.855256   0.777633 │
│ asha_train_b1636_00502   TERMINATED   True       True       True            False      False      False        False                True        False                  1            2.75595   0.693106   0.760672   0.5      │
│ asha_train_b1636_00503   TERMINATED   False      False      True            False      False      False        True                 False       False                  2            3.39579   0.383732   0.821169   0.821478 │
│ asha_train_b1636_00504   TERMINATED   False      True       True            False      False      True         True                 False       True                   1            3.11367   0.414134   0.818815   0.801462 │
│ asha_train_b1636_00505   TERMINATED   True       False      False           False      False      False        False                False       False                  1            2.23922   0.693106   0.760672   0.5      │
│ asha_train_b1636_00506   TERMINATED   True       False      False           False      True       False        True                 False       False                  2            5.27282   0.401535   0.762821   0.816104 │
│ asha_train_b1636_00507   TERMINATED   False      True       True            False      True       True         False                True        True                   1            2.83381   0.552627   0.852595   0.738215 │
│ asha_train_b1636_00508   TERMINATED   True       False      False           False      False      True         True                 True        False                  1            2.24207   0.637346   0.845634   0.707403 │
│ asha_train_b1636_00509   TERMINATED   False      True       True            True       False      True         False                False       True                   2            5.77905   0.424846   0.737537   0.807985 │
│ asha_train_b1636_00510   TERMINATED   False      True       False           False      False      True         False                False       True                   4            7.46364   0.380015   0.821886   0.821656 │
│ asha_train_b1636_00511   TERMINATED   True       False      True            True       True       False        False                True        True                   1            4.06363   0.594166   0.668646   0.755667 │
│ asha_train_b1636_00512   TERMINATED   True       False      True            True       True       False        False                True        True                   1            3.9892    0.433482   0.795885   0.805005 │
│ asha_train_b1636_00513   TERMINATED   False      False      True            True       True       False        True                 True        True                   2            5.66039   0.384407   0.822909   0.820716 │
│ asha_train_b1636_00514   TERMINATED   False      True       True            True       False      True         True                 True        False                  2            6.76523   0.406      0.830587   0.816235 │
│ asha_train_b1636_00515   TERMINATED   False      True       True            True       True       True         False                True        False                  1            4.07158   0.46444    0.758727   0.813266 │
│ asha_train_b1636_00516   TERMINATED   True       False      False           False      False      False        False                True        False                  1            1.98478   0.693095   0.760672   0.5      │
│ asha_train_b1636_00517   TERMINATED   False      True       False           False      True       False        True                 True        False                  4            9.91867   0.399497   0.821988   0.82099  │
│ asha_train_b1636_00518   TERMINATED   False      False      True            True       False      False        False                False       False                  2            3.68949   0.384988   0.77705    0.818861 │
│ asha_train_b1636_00519   TERMINATED   True       True       False           False      True       False        False                True        False                  2            6.49155   0.384918   0.825161   0.820584 │
│ asha_train_b1636_00520   TERMINATED   True       False      False           False      False      False        True                 True        True                   1            2.14351   0.693095   0.760672   0.5      │
│ asha_train_b1636_00521   TERMINATED   True       True       True            False      False      True         False                False       False                  2            5.01044   0.382498   0.823319   0.820106 │
│ asha_train_b1636_00522   TERMINATED   True       True       True            True       False      False        True                 True        True                   1            4.27312   0.510585   0.753301   0.784343 │
│ asha_train_b1636_00523   TERMINATED   True       False      False           True       True       False        False                False       False                  1            3.23742   0.587584   0.768963   0.710505 │
│ asha_train_b1636_00524   TERMINATED   False      False      True            True       True       False        False                False       False                  2            4.29487   0.400406   0.829051   0.815519 │
│ asha_train_b1636_00525   TERMINATED   False      True       False           True       True       False        False                True        True                   2            7.58633   0.381858   0.817689   0.820509 │
│ asha_train_b1636_00526   TERMINATED   False      True       True            False      True       False        False                False       True                   2            5.60514   0.375831   0.829972   0.820669 │
│ asha_train_b1636_00527   TERMINATED   False      True       True            False      False      True         True                 True        False                  1            2.94192   0.494605   0.834476   0.801057 │
│ asha_train_b1636_00528   TERMINATED   False      True       False           True       True       True         True                 True        False                  4           15.3202    0.380785   0.797625   0.825936 │
│ asha_train_b1636_00529   TERMINATED   False      False      False           True       False      False        False                False       False                  2            3.49901   0.386355   0.772341   0.81899  │
│ asha_train_b1636_00530   TERMINATED   True       True       True            True       True       True         False                False       True                   1            4.64432   0.441418   0.767223   0.797891 │
│ asha_train_b1636_00531   TERMINATED   True       False      True            False      True       False        True                 False       True                   2            5.52857   0.412633   0.827209   0.813868 │
│ asha_train_b1636_00532   TERMINATED   True       True       True            True       False      True         True                 False       False                  1            3.87592   0.46814    0.814311   0.808175 │
│ asha_train_b1636_00533   TERMINATED   True       False      True            False      True       True         False                True        False                  4            9.81559   0.369873   0.799877   0.826683 │
│ asha_train_b1636_00534   TERMINATED   False      False      False           False      True       False        False                True        True                   4            5.97896   0.36842    0.812673   0.827765 │
│ asha_train_b1636_00535   TERMINATED   True       True       False           True       False      True         False                False       False                  2            6.92909   0.388089   0.806326   0.818171 │
│ asha_train_b1636_00536   TERMINATED   True       False      False           True       True       True         False                True        False                  1            3.6166    0.589616   0.803562   0.603091 │
│ asha_train_b1636_00537   TERMINATED   True       True       False           False      True       True         True                 False       False                  4           13.9468    0.38319    0.83591    0.818855 │
│ asha_train_b1636_00538   TERMINATED   True       True       True            True       False      True         False                True        True                   1            4.30278   0.424795   0.763435   0.799505 │
│ asha_train_b1636_00539   TERMINATED   False      False      True            False      False      True         True                 False       True                   1            2.18591   0.409071   0.806633   0.807819 │
│ asha_train_b1636_00540   TERMINATED   True       False      False           True       True       False        False                False       False                  1            3.30131   0.536959   0.652882   0.751168 │
│ asha_train_b1636_00541   TERMINATED   True       True       False           True       True       True         True                 False       False                  1            5.44629   0.4716     0.755144   0.792149 │
│ asha_train_b1636_00542   TERMINATED   False      False      True            False      False      True         False                False       True                   1            1.8003    0.690705   0.760672   0.5      │
│ asha_train_b1636_00543   TERMINATED   True       False      False           False      True       False        False                False       True                   4            9.31955   0.370301   0.823012   0.824155 │
│ asha_train_b1636_00544   TERMINATED   False      True       True            False      True       True         True                 True        True                   1            2.95242   0.654465   0.773979   0.527802 │
│ asha_train_b1636_00545   TERMINATED   True       False      True            False      False      True         False                False       True                   1            2.2671    0.564633   0.84287    0.718338 │
│ asha_train_b1636_00546   TERMINATED   False      True       True            False      True       False        True                 True        False                  1            3.27629   0.399161   0.844815   0.810052 │
│ asha_train_b1636_00547   TERMINATED   False      False      True            False      True       False        False                False       True                   2            3.38497   0.381482   0.825468   0.821226 │
│ asha_train_b1636_00548   TERMINATED   True       True       True            True       False      True         True                 False       True                   1            3.83847   0.442809   0.806838   0.801065 │
│ asha_train_b1636_00549   TERMINATED   True       False      True            False      True       False        False                False       True                   1            2.74537   0.408839   0.76016    0.812889 │
│ asha_train_b1636_00550   TERMINATED   True       True       True            True       False      False        False                True        True                   4           15.455     0.374404   0.81124    0.824332 │
│ asha_train_b1636_00551   TERMINATED   True       False      True            False      True       False        True                 False       False                  1            2.99812   0.516798   0.704678   0.779205 │
│ asha_train_b1636_00552   TERMINATED   True       False      False           False      True       True         True                 True        True                   2            5.22735   0.386236   0.811751   0.820124 │
│ asha_train_b1636_00553   TERMINATED   True       True       False           True       False      True         True                 True        False                  1            4.24476   0.478654   0.84676    0.793888 │
│ asha_train_b1636_00554   TERMINATED   False      False      True            True       True       False        True                 True        False                  2            5.82506   0.381329   0.826594   0.819328 │
│ asha_train_b1636_00555   TERMINATED   True       False      True            False      False      False        True                 False       True                   1            2.17643   0.693095   0.760672   0.5      │
│ asha_train_b1636_00556   TERMINATED   False      False      True            True       True       True         False                True        False                  4           10.6409    0.434715   0.762616   0.816702 │
│ asha_train_b1636_00557   TERMINATED   False      True       False           True       True       True         False                True        True                   1            4.04994   0.428272   0.763231   0.805087 │
│ asha_train_b1636_00558   TERMINATED   True       True       False           False      True       False        True                 True        True                   1            4.09145   0.450646   0.840516   0.780403 │
│ asha_train_b1636_00559   TERMINATED   True       True       True            True       False      True         False                False       True                   1            3.80135   0.462224   0.833657   0.803304 │
│ asha_train_b1636_00560   TERMINATED   False      True       True            False      False      True         True                 True        True                   4            8.32074   0.391379   0.811649   0.82548  │
│ asha_train_b1636_00561   TERMINATED   True       True       True            False      True       True         False                True        False                  1            3.53265   0.60671    0.77879    0.537853 │
│ asha_train_b1636_00562   TERMINATED   False      False      False           True       True       False        True                 False       True                   1            2.29874   0.418918   0.811342   0.813113 │
│ asha_train_b1636_00563   TERMINATED   True       False      True            True       True       False        True                 True        False                  1            4.26767   0.403961   0.828846   0.812453 │
│ asha_train_b1636_00564   TERMINATED   False      False      False           False      False      True         False                True        True                   4            5.83139   0.373624   0.820043   0.826161 │
│ asha_train_b1636_00565   TERMINATED   True       False      False           False      True       False        False                False       True                   1            2.88109   0.407526   0.841744   0.809645 │
│ asha_train_b1636_00566   TERMINATED   True       True       True            False      False      True         False                True        True                   1            2.77748   0.67958    0.760672   0.5      │
│ asha_train_b1636_00567   TERMINATED   False      False      True            False      False      True         False                True        False                  1            2.00814   0.555375   0.853823   0.786512 │
│ asha_train_b1636_00568   TERMINATED   True       True       True            True       False      False        False                False       True                   4           13.4481    0.383926   0.809295   0.821001 │
│ asha_train_b1636_00569   TERMINATED   True       True       True            False      False      True         False                True        True                   4            9.36989   0.376059   0.813901   0.823296 │
│ asha_train_b1636_00570   TERMINATED   True       True       True            True       True       False        True                 False       False                  1            4.55688   0.41285    0.806428   0.811056 │
│ asha_train_b1636_00571   TERMINATED   False      True       False           False      False      False        False                True        True                   2            3.82562   0.377367   0.812059   0.820766 │
│ asha_train_b1636_00572   TERMINATED   False      False      True            False      True       True         False                True        True                   1            1.96484   0.667697   0.239431   0.500067 │
│ asha_train_b1636_00573   TERMINATED   False      False      True            True       True       False        False                True        False                  4           10.0803    0.382294   0.832122   0.821349 │
│ asha_train_b1636_00574   TERMINATED   False      False      True            True       True       True         False                True        True                   1            2.91406   0.417547   0.758829   0.805272 │
│ asha_train_b1636_00575   TERMINATED   False      True       False           False      True       False        True                 True        True                   4           10.3167    0.375788   0.808169   0.825538 │
│ asha_train_b1636_00576   TERMINATED   True       True       True            False      False      True         False                False       True                   2            5.02192   0.383897   0.817177   0.81944  │
│ asha_train_b1636_00577   TERMINATED   True       False      False           False      True       True         True                 False       True                   1            2.9069    0.494776   0.852288   0.733909 │
│ asha_train_b1636_00578   TERMINATED   False      False      False           True       True       False        True                 False       True                   4            7.66133   0.386097   0.813696   0.825214 │
│ asha_train_b1636_00579   TERMINATED   True       False      False           False      True       False        True                 True        True                   2            5.93131   0.384774   0.783704   0.816639 │
│ asha_train_b1636_00580   TERMINATED   False      False      False           False      False      True         False                False       False                  4            5.34325   0.400897   0.818917   0.821463 │
│ asha_train_b1636_00581   TERMINATED   False      False      True            True       True       True         True                 True        False                  4           10.6364    0.382858   0.800901   0.826184 │
│ asha_train_b1636_00582   TERMINATED   False      False      False           False      True       True         False                False       False                  4            6.07408   0.376545   0.821476   0.819628 │
│ asha_train_b1636_00583   TERMINATED   False      False      True            False      False      True         False                False       True                   4            5.83808   0.375861   0.815027   0.824476 │
│ asha_train_b1636_00584   TERMINATED   True       True       True            False      False      True         False                True        False                  1            2.69577   0.424446   0.840618   0.808465 │
│ asha_train_b1636_00585   TERMINATED   True       False      False           True       True       True         False                True        True                   1            3.8482    0.440187   0.79046    0.803784 │
│ asha_train_b1636_00586   TERMINATED   True       False      True            False      False      True         True                 True        False                  2            4.26282   0.382758   0.824752   0.819436 │
│ asha_train_b1636_00587   TERMINATED   False      False      True            True       True       False        False                False       True                   2            4.51823   0.38726    0.812673   0.819997 │
│ asha_train_b1636_00588   TERMINATED   False      True       False           True       True       False        True                 True        False                  1            3.83857   0.403545   0.815232   0.808781 │
│ asha_train_b1636_00589   TERMINATED   True       False      False           True       True       False        False                False       False                  2            6.06272   0.402417   0.837854   0.81046  │
│ asha_train_b1636_00590   TERMINATED   False      True       True            True       True       True         True                 False       True                   2            7.27508   0.414092   0.77705    0.816809 │
│ asha_train_b1636_00591   TERMINATED   False      False      False           True       True       True         False                False       False                  1            2.29854   0.441011   0.747466   0.809968 │
│ asha_train_b1636_00592   TERMINATED   False      True       True            False      False      True         False                False       True                   4            8.18632   0.379036   0.81861    0.824193 │
│ asha_train_b1636_00593   TERMINATED   False      True       False           True       True       False        True                 True        False                  1            4.0377    0.458515   0.787286   0.790852 │
│ asha_train_b1636_00594   TERMINATED   True       False      True            False      True       False        False                True        False                  4            9.67433   0.377534   0.836319   0.822055 │
│ asha_train_b1636_00595   TERMINATED   False      True       True            True       True       True         True                 False       False                  2            6.95259   0.452969   0.76579    0.817029 │
│ asha_train_b1636_00596   TERMINATED   True       False      True            False      False      False        False                True        False                  4            7.29161   0.411746   0.815232   0.825197 │
│ asha_train_b1636_00597   TERMINATED   True       True       False           True       False      False        False                False       True                   4           13.0182    0.381994   0.786365   0.820587 │
│ asha_train_b1636_00598   TERMINATED   True       False      False           True       True       True         True                 True        False                  1            3.96233   0.483762   0.760876   0.788735 │
│ asha_train_b1636_00599   TERMINATED   False      True       True            False      True       True         False                False       False                  2            5.51658   0.387034   0.829051   0.816839 │
│ asha_train_b1636_00600   TERMINATED   True       False      False           True       False      False        False                True        False                  4           10.9146    0.383542   0.811956   0.823923 │
│ asha_train_b1636_00601   TERMINATED   False      False      False           False      False      True         True                 True        False                  4            5.32529   0.376324   0.816665   0.824966 │
│ asha_train_b1636_00602   TERMINATED   False      False      True            True       False      True         True                 False       True                   2            4.5755    0.430816   0.724639   0.799214 │
│ asha_train_b1636_00603   TERMINATED   True       True       False           True       True       True         True                 True        False                  1            5.22507   0.434      0.753097   0.802823 │
│ asha_train_b1636_00604   TERMINATED   False      False      False           True       False      False        True                 True        False                  4            8.37119   0.381701   0.812366   0.825365 │
│ asha_train_b1636_00605   TERMINATED   True       False      True            False      True       True         True                 True        True                   1            2.93943   0.663258   0.760672   0.5      │
│ asha_train_b1636_00606   TERMINATED   True       False      False           True       True       True         False                False       False                  1            3.43761   0.427582   0.841232   0.80242  │
│ asha_train_b1636_00607   TERMINATED   False      False      False           False      True       True         False                True        False                  2            3.22006   0.400062   0.77142    0.821463 │
│ asha_train_b1636_00608   TERMINATED   True       False      True            True       False      False        True                 False       True                   4           11.0721    0.385415   0.819429   0.826343 │
│ asha_train_b1636_00609   TERMINATED   True       False      False           False      False      False        False                True        False                  2            3.5397    0.386591   0.829256   0.820491 │
│ asha_train_b1636_00610   TERMINATED   False      True       True            True       True       True         True                 False       False                  1            3.5707    0.494809   0.683693   0.773033 │
│ asha_train_b1636_00611   TERMINATED   False      False      False           False      False      True         False                False       True                   1            1.77828   0.682675   0.763333   0.50556  │
│ asha_train_b1636_00612   TERMINATED   False      False      False           False      True       False        False                True        True                   4            6.16784   0.36842    0.812673   0.827765 │
│ asha_train_b1636_00613   TERMINATED   False      False      True            False      False      True         True                 True        True                   4            6.65796   0.399743   0.814413   0.826271 │
│ asha_train_b1636_00614   TERMINATED   True       True       True            True       True       True         False                True        False                  2            9.72312   0.392404   0.81687    0.819971 │
│ asha_train_b1636_00615   TERMINATED   False      False      False           True       True       True         False                True        False                  1            2.50063   0.591243   0.750947   0.646629 │
│ asha_train_b1636_00616   TERMINATED   True       False      False           True       False      False        True                 True        True                   4           12.4098    0.382346   0.819019   0.825488 │
│ asha_train_b1636_00617   TERMINATED   True       False      False           True       False      True         False                False       True                   1            2.88512   0.58437    0.821476   0.656932 │
│ asha_train_b1636_00618   TERMINATED   False      False      False           True       True       True         True                 True        True                   1            2.84033   0.450009   0.80305    0.805318 │
│ asha_train_b1636_00619   TERMINATED   True       False      False           True       False      False        False                False       True                   1            2.82435   0.598445   0.842358   0.717269 │
│ asha_train_b1636_00620   TERMINATED   False      True       False           False      False      True         False                False       True                   2            3.94638   0.378784   0.820452   0.819834 │
│ asha_train_b1636_00621   TERMINATED   False      False      False           True       False      False        False                False       True                   4            6.77404   0.380502   0.795373   0.823869 │
│ asha_train_b1636_00622   TERMINATED   False      True       True            False      False      False        True                 False       False                  1            2.60154   0.693095   0.760672   0.5      │
│ asha_train_b1636_00623   TERMINATED   True       False      True            True       False      False        False                True        False                  1            3.45826   0.499861   0.772239   0.795764 │
│ asha_train_b1636_00624   TERMINATED   False      False      True            True       True       False        True                 False       False                  1            2.58034   0.416798   0.821067   0.812763 │
│ asha_train_b1636_00625   TERMINATED   False      False      True            True       True       False        False                True        True                   4           10.6292    0.373665   0.815027   0.822717 │
│ asha_train_b1636_00626   TERMINATED   False      False      False           False      False      True         False                False       True                   1            1.51885   0.629168   0.853311   0.75261  │
│ asha_train_b1636_00627   TERMINATED   False      False      False           False      True       True         True                 False       True                   1            1.86686   0.533803   0.844099   0.694961 │
│ asha_train_b1636_00628   TERMINATED   False      True       True            False      False      True         False                False       False                  2            4.2302    0.458197   0.82076    0.819303 │
│ asha_train_b1636_00629   TERMINATED   True       False      False           False      True       True         True                 True        False                  1            2.71707   0.392149   0.826287   0.813409 │
│ asha_train_b1636_00630   TERMINATED   False      False      True            True       False      False        False                True        True                   4            8.80418   0.37535    0.812468   0.826165 │
│ asha_train_b1636_00631   TERMINATED   False      False      True            False      False      False        True                 False       True                   2            3.77023   0.382103   0.820145   0.817727 │
│ asha_train_b1636_00632   TERMINATED   True       True       False           False      True       False        False                True        True                   4           12.2545    0.388133   0.793223   0.823043 │
│ asha_train_b1636_00633   TERMINATED   False      False      True            False      True       False        True                 False       False                  2            3.81121   0.386657   0.84113    0.812026 │
│ asha_train_b1636_00634   TERMINATED   True       True       True            True       False      True         True                 True        False                  1            4.94937   0.447164   0.830075   0.793327 │
│ asha_train_b1636_00635   TERMINATED   False      True       False           True       False      True         False                False       False                  1            3.37431   0.394796   0.824752   0.811814 │
│ asha_train_b1636_00636   TERMINATED   False      False      True            True       False      True         False                False       False                  1            2.24387   0.67009    0.773774   0.527374 │
│ asha_train_b1636_00637   TERMINATED   True       False      True            False      True       False        True                 False       True                   1            2.97481   0.491216   0.72423    0.793815 │
│ asha_train_b1636_00638   TERMINATED   False      False      False           True       False      False        False                False       True                   4            6.50288   0.380502   0.795373   0.823869 │
│ asha_train_b1636_00639   TERMINATED   False      False      True            True       True       True         True                 False       True                   1            2.77296   0.435458   0.766609   0.812584 │
│ asha_train_b1636_00640   TERMINATED   True       True       True            True       False      True         False                False       False                  4           13.5447    0.415101   0.806633   0.818666 │
│ asha_train_b1636_00641   TERMINATED   False      True       False           True       True       False        True                 False       False                  1            3.53608   0.407362   0.817382   0.811513 │
│ asha_train_b1636_00642   TERMINATED   True       False      False           True       True       True         False                True        True                   4           13.9469    0.403208   0.793326   0.82223  │
│ asha_train_b1636_00643   TERMINATED   True       False      True            True       True       True         False                False       True                   1            3.48865   0.431525   0.728938   0.794858 │
│ asha_train_b1636_00644   TERMINATED   True       True       True            True       False      False        False                False       False                  1            3.76739   0.420147   0.82639    0.811864 │
│ asha_train_b1636_00645   TERMINATED   True       False      True            False      True       False        True                 True        False                  2            5.34478   0.415086   0.835705   0.814909 │
│ asha_train_b1636_00646   TERMINATED   False      True       True            False      False      True         True                 True        True                   4            8.53637   0.392174   0.812263   0.825884 │
│ asha_train_b1636_00647   TERMINATED   False      True       True            False      True       True         False                True        False                  1            3.12704   0.388332   0.840106   0.812526 │
│ asha_train_b1636_00648   TERMINATED   False      False      True            True       True       True         False                False       False                  1            2.35973   0.54006    0.740915   0.711269 │
│ asha_train_b1636_00649   TERMINATED   True       False      True            True       False      True         False                True        True                   1            3.6915    0.429574   0.758829   0.79677  │
│ asha_train_b1636_00650   TERMINATED   False      True       False           True       False      False        True                 True        True                   4           12.19      0.381477   0.814208   0.82511  │
│ asha_train_b1636_00651   TERMINATED   True       True       True            False      False      False        False                True        False                  1            2.61936   0.693144   0.760672   0.5      │
│ asha_train_b1636_00652   TERMINATED   False      True       False           False      False      True         False                False       False                  2            3.92099   0.380331   0.820043   0.821031 │
│ asha_train_b1636_00653   TERMINATED   False      True       False           True       False      True         True                 True        False                  2            6.9016    0.399035   0.757498   0.813631 │
│ asha_train_b1636_00654   TERMINATED   True       False      True            True       True       True         False                True        True                   1            4.04115   0.567461   0.609172   0.720678 │
│ asha_train_b1636_00655   TERMINATED   False      True       False           True       False      True         True                 True        True                   4           12.354     0.37461    0.825673   0.820774 │
│ asha_train_b1636_00656   TERMINATED   False      True       False           True       False      False        True                 False       True                   4           10.6732    0.380877   0.793633   0.822579 │
│ asha_train_b1636_00657   TERMINATED   True       True       False           True       False      True         True                 True        True                   1            4.60761   0.414529   0.77531    0.802327 │
│ asha_train_b1636_00658   TERMINATED   False      False      False           True       True       False        True                 False       False                  1            2.48632   0.408813   0.81298    0.809646 │
│ asha_train_b1636_00659   TERMINATED   False      False      True            False      False      True         True                 True        True                   1            2.28313   0.399952   0.811547   0.812954 │
│ asha_train_b1636_00660   TERMINATED   False      False      True            True       False      True         True                 True        False                  2            4.71643   0.380571   0.778688   0.82111  │
│ asha_train_b1636_00661   TERMINATED   True       True       False           False      True       False        False                False       False                  2            6.45291   0.379078   0.821067   0.820971 │
│ asha_train_b1636_00662   TERMINATED   False      False      False           False      True       False        False                True        False                  4            6.08789   0.375065   0.829665   0.819734 │
│ asha_train_b1636_00663   TERMINATED   False      True       True            True       True       True         False                False       True                   1            3.72916   0.573546   0.637936   0.734748 │
│ asha_train_b1636_00664   TERMINATED   False      False      True            False      False      True         False                False       False                  1            1.62841   0.621578   0.853107   0.799086 │
│ asha_train_b1636_00665   TERMINATED   True       False      True            False      True       True         True                 True        True                   1            3.05021   0.560702   0.8182     0.627663 │
│ asha_train_b1636_00666   TERMINATED   True       False      False           False      True       False        True                 False       True                   2            5.68662   0.38866    0.780735   0.816593 │
│ asha_train_b1636_00667   TERMINATED   False      False      False           False      True       False        True                 False       False                  1            2.22442   0.396536   0.786979   0.812489 │
│ asha_train_b1636_00668   TERMINATED   False      False      True            True       False      False        False                True        True                   4            8.75409   0.380786   0.802129   0.824939 │
│ asha_train_b1636_00669   TERMINATED   False      True       True            True       False      False        False                False       True                   2            5.45706   0.406098   0.8225     0.816343 │
│ asha_train_b1636_00670   TERMINATED   True       True       False           False      True       True         True                 True        True                   1            3.55729   0.603853   0.795578   0.574098 │
│ asha_train_b1636_00671   TERMINATED   False      False      False           True       True       False        False                True        False                  1            2.72713   0.401095   0.837854   0.811632 │
│ asha_train_b1636_00672   TERMINATED   False      False      True            True       False      True         False                False       True                   1            2.08326   0.436409   0.739277   0.804732 │
│ asha_train_b1636_00673   TERMINATED   True       True       False           False      False      False        True                 True        False                  1            2.7677    0.693097   0.760672   0.5      │
│ asha_train_b1636_00674   TERMINATED   True       False      True            True       True       True         True                 True        True                   1            4.22113   0.507808   0.732009   0.779435 │
│ asha_train_b1636_00675   TERMINATED   True       False      True            False      True       True         False                False       False                  1            2.9716    0.412323   0.849217   0.795063 │
│ asha_train_b1636_00676   TERMINATED   True       True       True            True       False      False        True                 True        False                  1            4.14491   0.461181   0.748797   0.80498  │
│ asha_train_b1636_00677   TERMINATED   True       True       False           True       True       True         False                False       False                  2            8.59383   0.417209   0.840311   0.813687 │
│ asha_train_b1636_00678   TERMINATED   True       True       False           True       True       False        True                 False       False                  1            4.61507   0.444056   0.793019   0.805026 │
│ asha_train_b1636_00679   TERMINATED   False      True       True            False      False      True         False                True        False                  1            2.41338   0.561986   0.845941   0.795402 │
│ asha_train_b1636_00680   TERMINATED   False      False      True            True       False      True         True                 True        False                  2            5.46219   0.390848   0.762412   0.817154 │
│ asha_train_b1636_00681   TERMINATED   False      False      True            True       False      False        True                 False       True                   4            7.79934   0.39761    0.811854   0.822977 │
│ asha_train_b1636_00682   TERMINATED   False      True       True            False      False      False        True                 True        True                   2            4.4839    0.396816   0.825161   0.818972 │
│ asha_train_b1636_00683   TERMINATED   True       False      False           True       False      True         True                 False       False                  2            5.4853    0.391699   0.773672   0.819865 │
│ asha_train_b1636_00684   TERMINATED   True       True       False           True       True       True         True                 True        True                   1            5.43441   0.433017   0.783806   0.808498 │
│ asha_train_b1636_00685   TERMINATED   True       False      False           False      False      True         False                False       True                   1            2.18949   0.526855   0.826492   0.779979 │
│ asha_train_b1636_00686   TERMINATED   True       True       False           False      False      False        False                True        True                   1            2.65994   0.693095   0.760672   0.5      │
│ asha_train_b1636_00687   TERMINATED   True       False      False           True       True       True         False                False       True                   1            3.28772   0.430631   0.767632   0.798453 │
│ asha_train_b1636_00688   TERMINATED   True       False      True            False      True       True         False                True        True                   2            5.22392   0.396015   0.766302   0.814581 │
│ asha_train_b1636_00689   TERMINATED   True       False      False           False      False      True         False                False       True                   1            2.32168   0.459298   0.813185   0.801572 │
│ asha_train_b1636_00690   TERMINATED   False      False      True            False      True       False        True                 True        False                  2            3.80758   0.383333   0.835807   0.816149 │
│ asha_train_b1636_00691   TERMINATED   False      True       True            False      False      False        True                 False       False                  4            8.54234   0.375397   0.813594   0.824267 │
│ asha_train_b1636_00692   TERMINATED   True       False      True            False      False      False        False                False       True                   1            2.1537    0.693095   0.760672   0.5      │
│ asha_train_b1636_00693   TERMINATED   True       True       True            False      True       False        True                 True        True                   1            3.84872   0.482383   0.747159   0.800826 │
│ asha_train_b1636_00694   TERMINATED   True       True       False           False      False      True         True                 True        True                   2            5.46626   0.457819   0.82598    0.818191 │
│ asha_train_b1636_00695   TERMINATED   False      True       False           False      True       False        False                False       False                  4            9.51289   0.386021   0.841437   0.812375 │
│ asha_train_b1636_00696   TERMINATED   False      True       False           True       False      False        False                True        True                   4           11.6131    0.376973   0.812366   0.826538 │
│ asha_train_b1636_00697   TERMINATED   True       False      True            False      True       True         True                 False       True                   2            5.4112    0.400121   0.76579    0.814537 │
│ asha_train_b1636_00698   TERMINATED   True       False      False           False      False      False        False                True        True                   4            6.93424   0.3791     0.816563   0.824459 │
│ asha_train_b1636_00699   TERMINATED   False      True       True            False      True       True         True                 False       True                   1            3.12609   0.398936   0.844406   0.807877 │
│ asha_train_b1636_00700   TERMINATED   True       False      False           True       True       True         True                 True        False                  2            7.08524   0.407851   0.828949   0.810469 │
│ asha_train_b1636_00701   TERMINATED   False      True       True            True       False      False        False                False       True                   4           10.8056    0.37899    0.808373   0.822448 │
│ asha_train_b1636_00702   TERMINATED   False      False      True            False      False      False        False                True        True                   4            5.54444   0.383864   0.81298    0.822544 │
│ asha_train_b1636_00703   TERMINATED   True       True       True            False      True       False        False                True        True                   4           13.1062    0.378176   0.82076    0.8237   │
│ asha_train_b1636_00704   TERMINATED   False      False      False           True       False      False        False                True        False                  4            7.83352   0.381665   0.80172    0.82379  │
│ asha_train_b1636_00705   TERMINATED   True       False      False           False      True       True         True                 True        False                  1            3.03471   0.420701   0.854335   0.794323 │
│ asha_train_b1636_00706   TERMINATED   False      True       True            False      False      False        False                False       True                   4            7.95221   0.378684   0.815641   0.822388 │
│ asha_train_b1636_00707   TERMINATED   False      True       True            False      False      True         True                 True        True                   1            2.78564   0.633621   0.810011   0.611141 │
│ asha_train_b1636_00708   TERMINATED   False      True       True            True       False      False        False                False       True                   4           10.9431    0.382014   0.811444   0.821388 │
│ asha_train_b1636_00709   TERMINATED   True       True       True            False      False      False        True                 False       True                   1            2.92231   0.693094   0.760672   0.5      │
│ asha_train_b1636_00710   TERMINATED   True       True       False           True       False      True         False                True        True                   4           14.5526    0.37348    0.820452   0.824378 │
│ asha_train_b1636_00711   TERMINATED   False      True       False           False      False      True         True                 False       True                   2            3.95274   0.379638   0.823933   0.821536 │
│ asha_train_b1636_00712   TERMINATED   False      False      False           True       False      True         True                 True        True                   4            8.59095   0.394813   0.785751   0.822528 │
│ asha_train_b1636_00713   TERMINATED   True       False      True            True       False      True         False                False       False                  4           10.1979    0.375831   0.804074   0.824312 │
│ asha_train_b1636_00714   TERMINATED   True       False      True            True       True       True         False                True        False                  1            3.84439   0.504986   0.766404   0.780057 │
│ asha_train_b1636_00715   TERMINATED   False      False      True            False      True       False        False                False       False                  2            3.52716   0.384655   0.840414   0.81522  │
│ asha_train_b1636_00716   TERMINATED   False      True       False           True       True       False        False                True        True                   4           14.3368    0.377873   0.819429   0.822533 │
│ asha_train_b1636_00717   TERMINATED   False      False      True            False      True       False        False                True        False                  2            3.47882   0.380287   0.835091   0.821101 │
│ asha_train_b1636_00718   TERMINATED   False      True       True            False      False      False        True                 False       False                  1            2.46566   0.392856   0.829972   0.812461 │
│ asha_train_b1636_00719   TERMINATED   True       False      False           False      False      True         True                 True        True                   4            7.89907   0.446402   0.803358   0.822962 │
│ asha_train_b1636_00720   TERMINATED   True       False      False           False      True       False        True                 False       False                  2            4.87264   0.382746   0.814003   0.821018 │
│ asha_train_b1636_00721   TERMINATED   True       True       True            False      True       True         False                False       False                  1            3.68864   0.665079   0.545501   0.699199 │
│ asha_train_b1636_00722   TERMINATED   False      True       False           True       True       False        True                 True        True                   2            7.18315   0.385097   0.816358   0.819635 │
│ asha_train_b1636_00723   TERMINATED   False      False      True            True       True       False        False                True        True                   4           10.0032    0.373665   0.815027   0.822717 │
│ asha_train_b1636_00724   TERMINATED   False      False      False           False      False      False        True                 True        False                  4            5.1746    0.38945    0.805814   0.825163 │
│ asha_train_b1636_00725   TERMINATED   True       False      False           False      False      False        False                False       True                   4            6.89311   0.37734    0.815539   0.823347 │
│ asha_train_b1636_00726   TERMINATED   True       True       False           True       False      False        True                 True        True                   1            4.20406   0.557604   0.756577   0.787961 │
│ asha_train_b1636_00727   TERMINATED   True       False      True            False      False      True         False                True        True                   1            2.15985   0.492582   0.802334   0.80426  │
│ asha_train_b1636_00728   TERMINATED   False      True       True            False      False      True         True                 True        True                   4            8.65243   0.394827   0.80694    0.825463 │
│ asha_train_b1636_00729   TERMINATED   True       False      False           False      True       False        False                True        True                   4            9.27912   0.371963   0.804688   0.829113 │
│ asha_train_b1636_00730   TERMINATED   True       False      True            False      True       True         False                False       True                   2            5.05102   0.472929   0.701402   0.791269 │
│ asha_train_b1636_00731   TERMINATED   True       False      False           True       True       False        False                False       True                   2            6.2121    0.387481   0.815232   0.819041 │
│ asha_train_b1636_00732   TERMINATED   False      False      False           True       False      True         True                 True        True                   2            4.68123   0.388504   0.787798   0.820209 │
│ asha_train_b1636_00733   TERMINATED   False      False      False           True       True       True         True                 False       False                  1            2.29867   0.493137   0.657897   0.762673 │
│ asha_train_b1636_00734   TERMINATED   False      True       False           True       True       True         True                 True        True                   2            7.97496   0.394671   0.792609   0.82088  │
│ asha_train_b1636_00735   TERMINATED   True       True       True            True       False      False        True                 True        True                   4           15.7841    0.379429   0.815334   0.822919 │
│ asha_train_b1636_00736   TERMINATED   True       True       False           True       True       False        False                False       True                   1            4.54824   0.460086   0.755144   0.801383 │
│ asha_train_b1636_00737   TERMINATED   False      True       True            True       True       True         True                 True        True                   2            8.15816   0.399723   0.772136   0.820468 │
│ asha_train_b1636_00738   TERMINATED   True       False      False           True       True       True         True                 False       True                   1            3.34387   0.654007   0.623912   0.637733 │
│ asha_train_b1636_00739   TERMINATED   False      False      False           False      False      False        False                True        True                   4            5.18781   0.377109   0.81124    0.823159 │
│ asha_train_b1636_00740   TERMINATED   True       False      False           False      False      False        False                True        False                  1            2.13758   0.693144   0.760672   0.5      │
│ asha_train_b1636_00741   TERMINATED   True       False      False           True       False      True         False                False       True                   1            2.97245   0.427352   0.739073   0.804451 │
│ asha_train_b1636_00742   TERMINATED   False      False      True            False      False      False        True                 False       True                   2            3.32006   0.385866   0.818712   0.821329 │
│ asha_train_b1636_00743   TERMINATED   False      False      False           True       True       True         False                True        True                   2            5.1442    0.406144   0.799058   0.821162 │
│ asha_train_b1636_00744   TERMINATED   True       True       True            True       True       False        False                True        False                  4           18.8171    0.380024   0.813594   0.82544  │
│ asha_train_b1636_00745   TERMINATED   False      False      True            True       False      False        True                 True        False                  2            4.61106   0.391118   0.803665   0.821258 │
│ asha_train_b1636_00746   TERMINATED   True       False      True            False      False      True         False                False       False                  1            2.32447   0.431833   0.79609    0.812321 │
│ asha_train_b1636_00747   TERMINATED   False      True       True            False      True       True         False                True        False                  1            2.90841   0.644955   0.766813   0.512832 │
│ asha_train_b1636_00748   TERMINATED   True       False      True            False      False      True         False                True        False                  1            2.2116    0.474092   0.811547   0.80929  │
│ asha_train_b1636_00749   TERMINATED   False      True       True            False      True       False        False                True        True                   4           10.4371    0.375712   0.804893   0.826316 │
│ asha_train_b1636_00750   TERMINATED   True       False      True            True       True       False        True                 False       False                  1            3.55813   0.501228   0.740506   0.770362 │
│ asha_train_b1636_00751   TERMINATED   False      False      False           False      False      False        False                True        True                   4            5.00453   0.377109   0.81124    0.823159 │
│ asha_train_b1636_00752   TERMINATED   True       True       False           False      False      False        False                True        False                  1            2.52152   0.693144   0.760672   0.5      │
│ asha_train_b1636_00753   TERMINATED   False      False      False           False      True       False        True                 False       True                   4            6.73503   0.380933   0.801822   0.827522 │
│ asha_train_b1636_00754   TERMINATED   True       True       False           True       True       True         True                 True        True                   1            5.09644   0.5148     0.725765   0.785151 │
│ asha_train_b1636_00755   TERMINATED   True       False      True            True       False      False        False                True        False                  2            6.42552   0.424586   0.787696   0.806218 │
│ asha_train_b1636_00756   TERMINATED   False      False      False           False      True       True         True                 True        True                   1            1.88962   0.635165   0.854233   0.768313 │
│ asha_train_b1636_00757   TERMINATED   False      True       True            True       True       False        True                 True        True                   4           15.4861    0.397275   0.791688   0.819688 │
│ asha_train_b1636_00758   TERMINATED   True       False      False           False      False      True         True                 True        True                   2            3.79613   0.377771   0.816972   0.821064 │
│ asha_train_b1636_00759   TERMINATED   True       False      True            True       True       False        False                False       False                  2            6.43768   0.397612   0.82424    0.809572 │
│ asha_train_b1636_00760   TERMINATED   True       False      False           True       True       True         True                 False       True                   1            3.53509   0.489674   0.72208    0.791669 │
│ asha_train_b1636_00761   TERMINATED   False      False      False           False      False      True         True                 True        False                  1            1.77601   0.432645   0.836217   0.813927 │
│ asha_train_b1636_00762   TERMINATED   True       True       False           True       False      False        True                 False       True                   2            7.61769   0.39079    0.802948   0.818442 │
│ asha_train_b1636_00763   TERMINATED   False      False      True            False      True       True         True                 False       False                  2            3.90773   0.392746   0.761183   0.818398 │
│ asha_train_b1636_00764   TERMINATED   False      True       False           True       False      True         False                True        False                  1            3.24693   0.532542   0.849422   0.76046  │
│ asha_train_b1636_00765   TERMINATED   False      True       True            False      False      True         True                 False       True                   1            2.45669   0.659539   0.836831   0.780033 │
│ asha_train_b1636_00766   TERMINATED   True       True       True            False      False      False        True                 False       True                   1            3.37519   0.402713   0.789845   0.810855 │
│ asha_train_b1636_00767   TERMINATED   False      False      True            True       True       True         True                 False       True                   2            5.16168   0.458057   0.760774   0.814758 │
│ asha_train_b1636_00768   TERMINATED   True       True       True            False      True       False        False                True        False                  4           12.8038    0.406076   0.766813   0.814331 │
│ asha_train_b1636_00769   TERMINATED   True       False      False           False      False      False        True                 True        False                  4            7.0265    0.389011   0.81257    0.824034 │
│ asha_train_b1636_00770   TERMINATED   False      True       False           True       False      False        True                 True        False                  2            5.95937   0.404183   0.823216   0.816961 │
│ asha_train_b1636_00771   TERMINATED   True       False      False           False      True       True         False                False       True                   1            2.63632   0.450235   0.856075   0.779051 │
│ asha_train_b1636_00772   TERMINATED   True       False      True            True       True       False        False                False       True                   4           12.4385    0.376587   0.816153   0.823897 │
│ asha_train_b1636_00773   TERMINATED   False      False      False           False      False      True         False                False       True                   4            5.20864   0.382641   0.819736   0.823027 │
│ asha_train_b1636_00774   TERMINATED   False      False      False           False      True       True         False                False       False                  1            1.83177   0.652921   0.766506   0.51219  │
│ asha_train_b1636_00775   TERMINATED   True       True       False           False      False      False        True                 True        True                   4            9.2858    0.380267   0.8182     0.821725 │
│ asha_train_b1636_00776   TERMINATED   False      True       True            True       True       False        True                 True        False                  1            4.41678   0.459943   0.818508   0.788215 │
│ asha_train_b1636_00777   TERMINATED   False      False      True            True       True       True         True                 False       False                  2            4.94615   0.434476   0.760569   0.815649 │
│ asha_train_b1636_00778   TERMINATED   True       False      False           False      True       False        False                False       True                   2            4.99648   0.395227   0.768451   0.82127  │
│ asha_train_b1636_00779   TERMINATED   True       True       False           False      False      True         False                True        True                   1            2.42538   0.678527   0.766404   0.511976 │
│ asha_train_b1636_00780   TERMINATED   True       False      True            False      True       True         True                 False       False                  2            5.50204   0.429691   0.837138   0.804565 │
│ asha_train_b1636_00781   TERMINATED   False      False      True            False      True       True         True                 False       False                  4            6.98587   0.372981   0.816153   0.823751 │
│ asha_train_b1636_00782   TERMINATED   False      True       True            True       False      False        False                False       True                   2            5.7382    0.398152   0.811854   0.821071 │
│ asha_train_b1636_00783   TERMINATED   True       True       True            False      False      True         False                True        True                   1            2.91031   0.463816   0.781042   0.805655 │
│ asha_train_b1636_00784   TERMINATED   False      False      True            False      True       True         True                 True        False                  1            2.50658   0.533387   0.83939    0.811762 │
│ asha_train_b1636_00785   TERMINATED   False      False      True            False      False      True         False                False       True                   1            1.87386   0.565673   0.855256   0.779685 │
│ asha_train_b1636_00786   TERMINATED   False      False      False           True       False      True         False                False       False                  1            1.75522   0.712915   0.760672   0.5      │
│ asha_train_b1636_00787   TERMINATED   False      False      True            False      False      False        True                 True        True                   4            6.34379   0.402816   0.808271   0.826924 │
│ asha_train_b1636_00788   TERMINATED   True       False      False           False      False      True         False                True        False                  1            2.11383   0.411517   0.834886   0.812173 │
│ asha_train_b1636_00789   TERMINATED   False      False      False           True       False      False        False                False       False                  2            3.65365   0.386355   0.772341   0.81899  │
│ asha_train_b1636_00790   TERMINATED   False      False      True            False      True       False        False                True        False                  2            3.51643   0.381749   0.840004   0.818322 │
│ asha_train_b1636_00791   TERMINATED   False      True       True            False      False      False        False                False       False                  4            7.9989    0.378848   0.809704   0.824202 │
│ asha_train_b1636_00792   TERMINATED   True       False      False           True       False      False        True                 True        True                   1            3.14079   0.488881   0.792712   0.807316 │
│ asha_train_b1636_00793   TERMINATED   True       False      False           True       False      False        True                 False       True                   2            5.59738   0.402707   0.790357   0.820719 │
│ asha_train_b1636_00794   TERMINATED   False      False      False           False      True       True         False                True        False                  1            2.07949   0.459489   0.741836   0.810958 │
│ asha_train_b1636_00795   TERMINATED   True       True       False           True       True       False        True                 True        False                  1            5.00311   0.467414   0.748081   0.797034 │
│ asha_train_b1636_00796   TERMINATED   True       False      False           False      False      True         False                True        True                   4            7.34155   0.37517    0.819531   0.825531 │
│ asha_train_b1636_00797   TERMINATED   True       True       False           False      False      False        False                False       False                  1            2.42076   0.693095   0.760672   0.5      │
│ asha_train_b1636_00798   TERMINATED   True       False      True            False      True       True         True                 False       True                   1            2.99241   0.506453   0.851469   0.725309 │
│ asha_train_b1636_00799   TERMINATED   True       True       True            False      False      True         True                 False       True                   2            5.73664   0.378475   0.815129   0.819707 │
│ asha_train_b1636_00800   TERMINATED   False      False      True            False      False      True         True                 True        True                   4            6.13604   0.400165   0.811649   0.823428 │
│ asha_train_b1636_00801   TERMINATED   True       False      True            True       False      True         False                True        True                   2            6.34993   0.380596   0.78831    0.821572 │
│ asha_train_b1636_00802   TERMINATED   True       True       False           False      True       True         False                True        False                  2            6.6549    0.385734   0.815129   0.818241 │
│ asha_train_b1636_00803   TERMINATED   True       True       True            False      True       True         True                 True        False                  1            3.90764   0.425087   0.84502    0.805056 │
│ asha_train_b1636_00804   TERMINATED   True       True       True            True       False      False        False                False       True                   4           13.4994    0.381864   0.810421   0.822914 │
│ asha_train_b1636_00805   TERMINATED   True       False      True            False      True       False        True                 True        True                   1            3.56022   0.527422   0.71041    0.768022 │
│ asha_train_b1636_00806   TERMINATED   False      True       True            False      True       False        True                 False       False                  2            5.71827   0.403215   0.850548   0.799895 │
│ asha_train_b1636_00807   TERMINATED   True       False      True            True       False      True         False                False       False                  1            3.01483   0.597102   0.785341   0.553006 │
│ asha_train_b1636_00808   TERMINATED   False      False      True            True       True       True         False                True        False                  1            3.11859   0.429013   0.731191   0.802641 │
│ asha_train_b1636_00809   TERMINATED   True       True       True            True       True       False        True                 True        True                   1            5.57727   0.48909    0.793633   0.788867 │
│ asha_train_b1636_00810   TERMINATED   False      False      False           False      True       True         True                 False       True                   1            2.32292   0.401702   0.844406   0.807584 │
│ asha_train_b1636_00811   TERMINATED   False      False      True            False      False      False        False                False       True                   4            5.76257   0.376983   0.818303   0.821646 │
│ asha_train_b1636_00812   TERMINATED   True       True       False           True       False      False        False                True        False                  1            3.9849    0.540146   0.666189   0.762699 │
│ asha_train_b1636_00813   TERMINATED   False      False      True            False      False      True         False                True        False                  1            1.74227   0.610014   0.846146   0.804917 │
│ asha_train_b1636_00814   TERMINATED   False      False      False           True       True       True         False                False       True                   2            4.24123   0.45339    0.774798   0.819432 │
│ asha_train_b1636_00815   TERMINATED   True       False      False           False      True       False        True                 True        True                   4            9.62973   0.389924   0.795271   0.820871 │
│ asha_train_b1636_00816   TERMINATED   True       True       False           True       False      True         True                 True        True                   4           15.0207    0.376181   0.829563   0.822598 │
│ asha_train_b1636_00817   TERMINATED   False      False      False           True       False      False        False                False       False                  2            3.35334   0.386355   0.772341   0.81899  │
│ asha_train_b1636_00818   TERMINATED   True       False      False           False      True       True         True                 False       False                  1            2.67953   0.419035   0.852083   0.793869 │
│ asha_train_b1636_00819   TERMINATED   True       False      False           True       False      False        False                False       True                   4            9.96836   0.380199   0.790971   0.823321 │
│ asha_train_b1636_00820   TERMINATED   False      True       True            False      False      True         True                 True        False                  1            2.28258   0.489562   0.843382   0.798263 │
│ asha_train_b1636_00821   TERMINATED   True       True       True            True       True       True         False                False       True                   2            9.22079   0.505449   0.75453    0.812119 │
│ asha_train_b1636_00822   TERMINATED   False      True       False           False      False      False        False                False       False                  2            4.02499   0.386394   0.810421   0.819396 │
│ asha_train_b1636_00823   TERMINATED   True       False      False           False      True       False        False                True        True                   4            9.28981   0.374359   0.803972   0.826736 │
│ asha_train_b1636_00824   TERMINATED   False      False      False           True       True       True         False                True        True                   1            2.75518   0.550215   0.690756   0.739567 │
│ asha_train_b1636_00825   TERMINATED   False      True       True            False      False      False        False                False       True                   4            7.86559   0.378562   0.816665   0.82394  │
│ asha_train_b1636_00826   TERMINATED   False      False      True            True       False      True         False                True        True                   2            4.84944   0.384621   0.770703   0.820845 │
│ asha_train_b1636_00827   TERMINATED   True       True       True            False      False      False        False                False       True                   4            9.38385   0.373842   0.815641   0.823268 │
│ asha_train_b1636_00828   TERMINATED   True       True       False           False      False      False        True                 False       True                   1            2.84324   0.693139   0.760672   0.5      │
│ asha_train_b1636_00829   TERMINATED   True       False      True            True       False      True         True                 True        True                   2            6.72617   0.390251   0.774798   0.821338 │
│ asha_train_b1636_00830   TERMINATED   True       False      False           False      True       True         True                 False       True                   1            3.26534   0.423686   0.73723    0.801334 │
│ asha_train_b1636_00831   TERMINATED   True       True       True            False      False      True         True                 False       True                   2            5.34214   0.38022    0.816665   0.819397 │
│ asha_train_b1636_00832   TERMINATED   False      False      False           False      False      False        False                True        False                  4            4.97722   0.391379   0.806428   0.823661 │
│ asha_train_b1636_00833   TERMINATED   True       True       True            False      False      False        True                 False       True                   1            3.0342    0.693094   0.760672   0.5      │
│ asha_train_b1636_00834   TERMINATED   True       False      False           False      False      True         False                True        True                   2            3.99305   0.408498   0.814106   0.819913 │
│ asha_train_b1636_00835   TERMINATED   True       False      True            True       False      True         True                 False       True                   1            3.05584   0.628102   0.840004   0.760572 │
│ asha_train_b1636_00836   TERMINATED   False      True       True            True       True       False        False                True        True                   4           15.3077    0.396872   0.803358   0.824721 │
│ asha_train_b1636_00837   TERMINATED   True       True       True            False      False      True         False                True        True                   4            9.53398   0.376257   0.815437   0.823866 │
│ asha_train_b1636_00838   TERMINATED   False      True       False           False      False      True         False                False       False                  2            3.80043   0.452072   0.815641   0.821509 │
│ asha_train_b1636_00839   TERMINATED   False      False      False           False      True       True         False                False       False                  4            6.20618   0.376545   0.821476   0.819628 │
│ asha_train_b1636_00840   TERMINATED   False      False      False           False      True       False        True                 True        False                  4            6.33208   0.379094   0.825059   0.823595 │
│ asha_train_b1636_00841   TERMINATED   False      True       False           False      False      False        False                True        False                  4            7.30837   0.39079    0.808783   0.822277 │
│ asha_train_b1636_00842   TERMINATED   True       False      True            True       False      False        False                False       True                   1            3.04236   0.466146   0.814208   0.783337 │
│ asha_train_b1636_00843   TERMINATED   True       True       False           True       True       True         False                False       True                   1            4.54517   0.460686   0.777152   0.785216 │
│ asha_train_b1636_00844   TERMINATED   False      False      True            False      True       True         True                 True        False                  1            2.34578   0.414467   0.838673   0.810265 │
│ asha_train_b1636_00845   TERMINATED   True       True       False           False      False      False        True                 True        False                  1            3.06587   0.404169   0.805814   0.80391  │
│ asha_train_b1636_00846   TERMINATED   True       True       True            True       False      True         False                True        False                  1            3.95981   0.503616   0.851981   0.766393 │
│ asha_train_b1636_00847   TERMINATED   True       True       False           False      True       False        False                True        False                  1            3.53601   0.404722   0.742962   0.807594 │
│ asha_train_b1636_00848   TERMINATED   True       True       True            False      False      False        True                 True        True                   1            2.99133   0.693095   0.760672   0.5      │
│ asha_train_b1636_00849   TERMINATED   True       False      True            False      True       False        True                 True        True                   4           10.6554    0.38854    0.815232   0.822852 │
│ asha_train_b1636_00850   TERMINATED   False      False      False           True       True       False        False                False       False                  1            2.25624   0.399771   0.833555   0.814376 │
│ asha_train_b1636_00851   TERMINATED   True       True       False           False      True       True         False                False       False                  2            6.39306   0.486217   0.824138   0.819179 │
│ asha_train_b1636_00852   TERMINATED   True       True       True            True       False      False        True                 False       False                  1            3.76536   0.489322   0.778483   0.790635 │
│ asha_train_b1636_00853   TERMINATED   False      False      True            False      True       True         False                False       False                  1            2.09157   0.570871   0.815744   0.62297  │
│ asha_train_b1636_00854   TERMINATED   True       True       False           False      False      False        False                True        True                   4            8.83363   0.377532   0.811035   0.822878 │
│ asha_train_b1636_00855   TERMINATED   True       False      True            False      True       False        True                 False       False                  2            5.84123   0.405254   0.818098   0.814329 │
│ asha_train_b1636_00856   TERMINATED   False      False      False           True       False      False        True                 True        True                   4            8.6242    0.383986   0.816051   0.824709 │
│ asha_train_b1636_00857   TERMINATED   True       True       False           False      False      True         False                True        False                  1            2.59621   0.403523   0.799263   0.813674 │
│ asha_train_b1636_00858   TERMINATED   True       True       True            False      False      False        False                True        False                  4            9.44337   0.444764   0.823012   0.824008 │
│ asha_train_b1636_00859   TERMINATED   False      False      False           True       True       False        True                 False       True                   4            8.49622   0.385139   0.825059   0.819931 │
│ asha_train_b1636_00860   TERMINATED   True       True       True            True       True       False        True                 True        True                   2            9.84603   0.401075   0.806531   0.819185 │
│ asha_train_b1636_00861   TERMINATED   False      True       True            False      False      True         True                 True        True                   1            2.27864   0.544518   0.846146   0.78938  │
│ asha_train_b1636_00862   TERMINATED   True       False      True            True       True       True         False                True        True                   1            4.04045   0.502957   0.687378   0.754935 │
│ asha_train_b1636_00863   TERMINATED   True       False      False           False      False      True         True                 False       True                   1            2.3523    0.639901   0.836319   0.681199 │
│ asha_train_b1636_00864   TERMINATED   True       True       True            False      True       False        False                False       True                   1            3.83921   0.523094   0.62944    0.746605 │
│ asha_train_b1636_00865   TERMINATED   False      True       True            True       True       False        True                 True        True                   4           15.9939    0.381571   0.814618   0.823621 │
│ asha_train_b1636_00866   TERMINATED   False      True       False           False      False      True         False                False       True                   2            3.90351   0.381633   0.819224   0.820493 │
│ asha_train_b1636_00867   TERMINATED   True       False      False           False      True       False        True                 True        True                   1            2.91782   0.417514   0.839185   0.795358 │
│ asha_train_b1636_00868   TERMINATED   True       False      False           True       False      True         True                 False       True                   1            3.08324   0.434521   0.810728   0.798931 │
│ asha_train_b1636_00869   TERMINATED   False      True       False           True       True       False        True                 False       True                   1            3.6995    0.436238   0.797011   0.8141   │
│ asha_train_b1636_00870   TERMINATED   False      False      True            True       False      True         False                True        False                  1            2.38485   0.697151   0.764868   0.508768 │
│ asha_train_b1636_00871   TERMINATED   False      True       False           False      False      True         True                 True        False                  1            2.79987   0.501823   0.819531   0.8012   │
│ asha_train_b1636_00872   TERMINATED   True       True       True            False      True       True         True                 False       True                   1            4.00036   0.406593   0.800389   0.814268 │
│ asha_train_b1636_00873   TERMINATED   False      True       False           False      False      True         False                False       True                   1            2.10351   0.445726   0.835602   0.809419 │
│ asha_train_b1636_00874   TERMINATED   True       False      False           False      False      False        True                 True        False                  1            2.38855   0.693096   0.760672   0.5      │
│ asha_train_b1636_00875   TERMINATED   True       True       False           True       True       True         True                 False       True                   1            5.00852   0.461274   0.807964   0.80415  │
│ asha_train_b1636_00876   TERMINATED   True       True       False           False      True       True         False                True        True                   1            3.5321    0.547832   0.85413    0.797706 │
│ asha_train_b1636_00877   TERMINATED   True       False      False           True       True       False        False                False       False                  1            3.27213   0.391203   0.827516   0.813484 │
│ asha_train_b1636_00878   TERMINATED   True       True       True            False      True       True         False                True        False                  2            7.01251   0.389312   0.797932   0.819102 │
│ asha_train_b1636_00879   TERMINATED   True       False      False           True       False      False        False                False       False                  1            2.64403   0.42791    0.829051   0.813614 │
│ asha_train_b1636_00880   TERMINATED   True       False      False           True       True       True         True                 False       False                  1            3.78778   0.430047   0.782578   0.80769  │
│ asha_train_b1636_00881   TERMINATED   False      False      False           True       True       True         False                False       True                   2            4.2699    0.45339    0.774798   0.819432 │
│ asha_train_b1636_00882   TERMINATED   True       True       False           True       True       True         True                 False       False                  1            4.85244   0.466546   0.788617   0.808436 │
│ asha_train_b1636_00883   TERMINATED   True       True       False           True       True       True         True                 True        True                   1            5.26215   0.459613   0.735695   0.790651 │
│ asha_train_b1636_00884   TERMINATED   True       False      True            True       True       True         True                 False       True                   1            4.57651   0.48559    0.811547   0.789356 │
│ asha_train_b1636_00885   TERMINATED   False      True       True            False      False      True         False                False       False                  4            7.96796   0.376966   0.816256   0.824844 │
│ asha_train_b1636_00886   TERMINATED   True       True       True            False      False      True         True                 False       True                   1            2.97277   0.670007   0.819736   0.648607 │
│ asha_train_b1636_00887   TERMINATED   False      True       False           False      True       True         True                 True        False                  4           10.1215    0.382334   0.836319   0.816046 │
│ asha_train_b1636_00888   TERMINATED   False      False      True            True       True       True         True                 False       True                   1            2.55155   0.565856   0.674071   0.754249 │
│ asha_train_b1636_00889   TERMINATED   True       False      True            False      False      False        False                False       True                   4            7.58847   0.378107   0.815539   0.821148 │
│ asha_train_b1636_00890   TERMINATED   False      True       True            True       True       True         False                True        False                  2            8.24351   0.447515   0.762207   0.818045 │
│ asha_train_b1636_00891   TERMINATED   True       True       False           False      True       True         False                True        False                  2            6.76184   0.409111   0.831201   0.816493 │
│ asha_train_b1636_00892   TERMINATED   True       False      False           False      True       True         True                 False       True                   1            3.123     0.492322   0.851571   0.728894 │
│ asha_train_b1636_00893   TERMINATED   True       False      False           False      False      True         True                 True        False                  2            4.06325   0.391833   0.826185   0.818326 │
│ asha_train_b1636_00894   TERMINATED   False      True       True            False      False      False        True                 False       False                  4            8.68868   0.382354   0.814208   0.822032 │
│ asha_train_b1636_00895   TERMINATED   False      True       False           True       True       False        True                 True        False                  1            4.01255   0.4656     0.834272   0.788757 │
│ asha_train_b1636_00896   TERMINATED   True       False      False           True       False      True         False                True        True                   4           11.9713    0.382938   0.804176   0.823353 │
│ asha_train_b1636_00897   TERMINATED   False      True       True            False      False      True         True                 False       True                   1            2.94452   0.40487    0.802436   0.808871 │
│ asha_train_b1636_00898   TERMINATED   True       False      True            True       False      False        True                 False       True                   1            3.11964   0.521995   0.757293   0.683194 │
│ asha_train_b1636_00899   TERMINATED   False      True       False           False      True       True         True                 True        True                   1            3.759     0.607151   0.853721   0.738222 │
│ asha_train_b1636_00900   TERMINATED   True       True       False           True       False      False        True                 True        True                   1            4.42695   0.538634   0.732419   0.764314 │
│ asha_train_b1636_00901   TERMINATED   False      True       True            True       False      False        True                 True        False                  1            3.81756   0.415095   0.822602   0.803952 │
│ asha_train_b1636_00902   TERMINATED   True       True       True            False      False      True         True                 True        False                  2            5.51683   0.389509   0.80694    0.818281 │
│ asha_train_b1636_00903   TERMINATED   False      True       True            True       True       False        False                True        True                   4           15.2123    0.394752   0.809909   0.825802 │
│ asha_train_b1636_00904   TERMINATED   False      False      True            False      True       True         True                 False       False                  1            2.21949   0.64775    0.843996   0.694014 │
│ asha_train_b1636_00905   TERMINATED   True       False      True            True       False      True         False                True        False                  1            3.47624   0.433655   0.775105   0.794717 │
│ asha_train_b1636_00906   TERMINATED   True       False      True            True       False      True         True                 True        True                   1            3.82781   0.410389   0.740301   0.804379 │
│ asha_train_b1636_00907   TERMINATED   True       False      False           True       True       False        False                True        True                   1            3.87641   0.406221   0.809192   0.812726 │
│ asha_train_b1636_00908   TERMINATED   False      True       True            True       True       True         False                True        False                  2            8.04153   0.444869   0.759136   0.815001 │
│ asha_train_b1636_00909   TERMINATED   True       False      True            True       False      True         False                True        False                  1            3.39672   0.41357    0.739277   0.805465 │
│ asha_train_b1636_00910   TERMINATED   False      False      True            True       False      True         False                True        True                   4            9.26395   0.397135   0.764254   0.816166 │
│ asha_train_b1636_00911   TERMINATED   False      True       False           True       True       False        False                True        True                   4           14.5331    0.380582   0.816767   0.823715 │
│ asha_train_b1636_00912   TERMINATED   False      True       True            True       True       True         False                False       False                  2            6.86868   0.450339   0.771932   0.819454 │
│ asha_train_b1636_00913   TERMINATED   False      True       True            False      True       False        True                 False       True                   2            5.37658   0.386421   0.825775   0.819669 │
│ asha_train_b1636_00914   TERMINATED   True       True       True            True       True       False        True                 False       True                   2            9.64793   0.396772   0.799877   0.811    │
│ asha_train_b1636_00915   TERMINATED   False      False      False           True       False      True         False                False       False                  2            3.565     0.391351   0.775514   0.819317 │
│ asha_train_b1636_00916   TERMINATED   False      False      True            True       True       False        True                 False       True                   2            4.77301   0.392384   0.805814   0.820472 │
│ asha_train_b1636_00917   TERMINATED   False      True       True            False      True       False        True                 False       True                   2            5.53641   0.393336   0.832736   0.817355 │
│ asha_train_b1636_00918   TERMINATED   False      True       True            False      True       False        True                 True        True                   2            6.17397   0.417372   0.788719   0.821255 │
│ asha_train_b1636_00919   TERMINATED   False      False      True            True       True       True         True                 False       True                   1            2.56056   0.431856   0.740608   0.800916 │
│ asha_train_b1636_00920   TERMINATED   False      False      False           False      True       True         True                 False       False                  2            4.137     0.60437    0.646433   0.760706 │
│ asha_train_b1636_00921   TERMINATED   True       True       True            False      False      False        False                False       False                  2            4.93933   0.387335   0.820043   0.821177 │
│ asha_train_b1636_00922   TERMINATED   True       False      True            False      False      False        True                 False       False                  1            2.2409    0.693096   0.760672   0.5      │
│ asha_train_b1636_00923   TERMINATED   True       False      False           False      False      False        False                True        False                  2            3.73775   0.386591   0.829256   0.820491 │
│ asha_train_b1636_00924   TERMINATED   True       True       False           True       True       True         True                 True        False                  1            5.08817   0.47044    0.838878   0.787534 │
│ asha_train_b1636_00925   TERMINATED   False      True       True            True       True       False        False                True        False                  1            4.24191   0.395243   0.828744   0.810187 │
│ asha_train_b1636_00926   TERMINATED   False      True       False           True       False      True         True                 False       True                   1            3.04673   0.620337   0.791074   0.565128 │
│ asha_train_b1636_00927   TERMINATED   True       False      True            False      True       False        True                 True        False                  1            3.32093   0.407099   0.780428   0.809209 │
│ asha_train_b1636_00928   TERMINATED   False      True       False           False      True       True         False                True        True                   1            3.07505   0.696262   0.239328   0.5      │
│ asha_train_b1636_00929   TERMINATED   True       True       True            True       False      False        False                False       True                   1            3.76404   0.50149    0.766404   0.748837 │
│ asha_train_b1636_00930   TERMINATED   True       False      True            True       False      False        False                True        True                   4           11.9167    0.378046   0.812366   0.824779 │
│ asha_train_b1636_00931   TERMINATED   True       True       False           False      True       True         False                True        False                  1            3.40436   0.410196   0.848398   0.805078 │
│ asha_train_b1636_00932   TERMINATED   True       True       False           False      True       True         False                False       False                  2            6.42543   0.395388   0.83376    0.810406 │
│ asha_train_b1636_00933   TERMINATED   True       True       False           True       True       True         False                False       True                   1            4.63308   0.465781   0.756065   0.788358 │
│ asha_train_b1636_00934   TERMINATED   True       True       True            False      True       False        True                 True        False                  1            4.24668   0.413291   0.751971   0.803695 │
│ asha_train_b1636_00935   TERMINATED   False      False      False           False      True       True         True                 True        True                   1            2.20666   0.42399    0.853004   0.788905 │
│ asha_train_b1636_00936   TERMINATED   False      True       True            False      True       True         False                True        False                  1            3.09287   0.417691   0.732009   0.805231 │
│ asha_train_b1636_00937   TERMINATED   False      True       True            True       True       False        True                 True        True                   1            4.54165   0.43301    0.79957    0.799073 │
│ asha_train_b1636_00938   TERMINATED   True       True       True            True       False      True         True                 False       False                  2            7.3771    0.422435   0.80909    0.818082 │
│ asha_train_b1636_00939   TERMINATED   True       True       True            True       True       False        True                 False       False                  1            4.80313   0.46456    0.780633   0.792194 │
│ asha_train_b1636_00940   TERMINATED   True       True       False           False      True       True         False                False       False                  1            3.75426   0.598237   0.788412   0.558688 │
│ asha_train_b1636_00941   TERMINATED   True       True       False           False      False      False        True                 False       True                   2            5.32235   0.382053   0.819941   0.815687 │
│ asha_train_b1636_00942   TERMINATED   False      False      False           False      False      False        True                 False       False                  4            5.16245   0.384726   0.82209    0.823256 │
│ asha_train_b1636_00943   TERMINATED   True       False      True            False      False      True         False                False       True                   4            7.75165   0.402836   0.81861    0.820822 │
│ asha_train_b1636_00944   TERMINATED   True       False      False           True       False      True         False                False       True                   2            5.24611   0.519956   0.62729    0.745192 │
│ asha_train_b1636_00945   TERMINATED   True       False      False           True       True       True         False                True        True                   1            4.11626   0.413252   0.78616    0.810045 │
│ asha_train_b1636_00946   TERMINATED   False      True       True            True       True       True         True                 False       False                  1            4.51439   0.464551   0.749514   0.803985 │
│ asha_train_b1636_00947   TERMINATED   False      True       True            True       False      True         True                 True        False                  1            4.15749   0.431263   0.730167   0.799037 │
│ asha_train_b1636_00948   TERMINATED   True       True       False           False      True       True         True                 True        True                   1            3.73777   0.540089   0.846555   0.711673 │
│ asha_train_b1636_00949   TERMINATED   False      False      True            True       False      True         False                True        False                  4            9.05186   0.373683   0.79609    0.825953 │
│ asha_train_b1636_00950   TERMINATED   True       False      True            True       True       False        False                False       False                  2            6.21401   0.397467   0.829563   0.816735 │
│ asha_train_b1636_00951   TERMINATED   True       True       False           False      True       True         False                True        True                   1            3.42386   0.45126    0.857304   0.780005 │
│ asha_train_b1636_00952   TERMINATED   True       True       False           False      True       False        True                 True        False                  1            3.7493    0.437119   0.700788   0.788227 │
│ asha_train_b1636_00953   TERMINATED   False      False      False           False      True       False        False                False       True                   4            6.03483   0.373183   0.823114   0.823049 │
│ asha_train_b1636_00954   TERMINATED   True       True       True            False      False      False        True                 False       False                  1            2.61831   0.693144   0.760672   0.5      │
│ asha_train_b1636_00955   TERMINATED   True       False      False           True       False      False        False                True        True                   2            5.99343   0.391853   0.80909    0.821306 │
│ asha_train_b1636_00956   TERMINATED   False      True       True            True       False      False        True                 True        True                   1            4.09248   0.411737   0.812366   0.812613 │
│ asha_train_b1636_00957   TERMINATED   True       True       False           True       False      False        True                 False       False                  1            4.30144   0.692903   0.258573   0.511917 │
│ asha_train_b1636_00958   TERMINATED   False      True       True            True       False      False        False                True        True                   1            3.61151   0.416694   0.808885   0.812817 │
│ asha_train_b1636_00959   TERMINATED   True       False      True            False      False      False        False                False       True                   4            7.65349   0.376049   0.813185   0.822679 │
│ asha_train_b1636_00960   TERMINATED   True       False      False           True       True       True         False                True        False                  4           13.7793    0.415231   0.776947   0.820406 │
│ asha_train_b1636_00961   TERMINATED   False      False      True            True       True       True         True                 False       True                   1            2.31873   0.595538   0.697001   0.73986  │
│ asha_train_b1636_00962   TERMINATED   False      True       True            True       True       True         True                 True        False                  2            9.30011   0.416605   0.771522   0.818745 │
│ asha_train_b1636_00963   TERMINATED   True       False      True            False      False      True         True                 True        True                   2            5.18081   0.397757   0.812468   0.815905 │
│ asha_train_b1636_00964   TERMINATED   True       True       False           False      True       True         False                True        False                  1            3.40585   0.413246   0.850548   0.80312  │
│ asha_train_b1636_00965   TERMINATED   False      True       True            False      True       True         True                 False       True                   1            3.19861   0.410259   0.850855   0.806253 │
│ asha_train_b1636_00966   TERMINATED   True       True       True            True       True       False        True                 False       False                  1            4.62458   0.487152   0.790664   0.793952 │
│ asha_train_b1636_00967   TERMINATED   False      True       False           False      False      False        True                 True        True                   2            4.55481   0.385067   0.806224   0.818983 │
│ asha_train_b1636_00968   TERMINATED   True       False      False           True       False      True         False                False       True                   1            2.87618   0.553133   0.825059   0.684058 │
│ asha_train_b1636_00969   TERMINATED   True       False      True            False      False      True         False                False       True                   1            2.13508   0.640931   0.851776   0.738996 │
│ asha_train_b1636_00970   TERMINATED   False      True       True            False      True       True         False                True        True                   1            3.03112   0.405586   0.8485     0.806171 │
│ asha_train_b1636_00971   TERMINATED   True       True       False           True       True       False        True                 True        True                   1            5.84816   0.433304   0.775003   0.797581 │
│ asha_train_b1636_00972   TERMINATED   True       True       True            False      False      True         True                 True        False                  2            5.32535   0.396751   0.822295   0.817528 │
│ asha_train_b1636_00973   TERMINATED   True       False      True            False      True       True         False                False       True                   1            2.93611   0.437425   0.854642   0.783972 │
│ asha_train_b1636_00974   TERMINATED   False      False      True            True       False      False        False                False       True                   4            7.20155   0.379529   0.80131    0.822056 │
│ asha_train_b1636_00975   TERMINATED   True       False      True            False      False      True         True                 False       True                   1            2.85166   0.519325   0.812263   0.79144  │
│ asha_train_b1636_00976   TERMINATED   True       False      False           False      True       True         False                True        False                  1            2.71521   0.414616   0.84891    0.793982 │
│ asha_train_b1636_00977   TERMINATED   True       False      True            False      True       False        False                False       True                   1            2.72245   0.51285    0.772136   0.791153 │
│ asha_train_b1636_00978   TERMINATED   True       False      True            False      False      True         False                False       True                   2            4.12465   0.383981   0.817177   0.819147 │
│ asha_train_b1636_00979   TERMINATED   False      False      True            True       False      True         False                True        True                   2            4.729     0.419554   0.745931   0.810571 │
│ asha_train_b1636_00980   TERMINATED   True       False      True            True       True       True         False                True        False                  1            3.82138   0.580541   0.747364   0.691617 │
│ asha_train_b1636_00981   TERMINATED   False      False      True            True       False      False        False                False       True                   4            7.06506   0.379056   0.807145   0.822227 │
│ asha_train_b1636_00982   TERMINATED   False      True       False           True       True       True         False                True        False                  1            3.91008   0.564474   0.820145   0.635831 │
│ asha_train_b1636_00983   TERMINATED   False      False      True            True       True       True         False                False       False                  2            4.43824   0.458252   0.763845   0.81663  │
│ asha_train_b1636_00984   TERMINATED   False      True       True            True       True       True         False                True        False                  1            4.20924   0.563539   0.761286   0.720262 │
│ asha_train_b1636_00985   TERMINATED   True       True       True            False      False      False        False                False       False                  2            5.1222    0.385044   0.830791   0.821353 │
│ asha_train_b1636_00986   TERMINATED   True       True       False           False      True       False        False                True        True                   4           12.4463    0.381201   0.807657   0.826374 │
│ asha_train_b1636_00987   TERMINATED   False      False      True            False      True       True         False                False       False                  1            2.05079   0.387898   0.838878   0.811719 │
│ asha_train_b1636_00988   TERMINATED   False      False      False           True       False      True         False                False       False                  2            3.62403   0.391351   0.775514   0.819317 │
│ asha_train_b1636_00989   TERMINATED   True       False      True            False      False      True         False                False       True                   2            4.08207   0.378336   0.819224   0.820199 │
│ asha_train_b1636_00990   TERMINATED   False      True       True            False      False      True         True                 False       True                   2            4.90311   0.397709   0.821681   0.817124 │
│ asha_train_b1636_00991   TERMINATED   True       False      False           False      True       True         False                True        True                   1            2.71542   0.393803   0.839799   0.813057 │
│ asha_train_b1636_00992   TERMINATED   False      True       False           True       True       False        False                False       True                   4           12.7771    0.391554   0.803358   0.816219 │
│ asha_train_b1636_00993   TERMINATED   True       True       False           True       True       True         True                 True        True                   1            5.35508   0.476809   0.760569   0.792051 │
│ asha_train_b1636_00994   TERMINATED   False      False      False           True       False      False        True                 True        True                   4            8.25498   0.379088   0.814003   0.821751 │
│ asha_train_b1636_00995   TERMINATED   True       False      True            False      True       True         True                 False       True                   1            2.87395   0.538663   0.843587   0.696677 │
│ asha_train_b1636_00996   TERMINATED   False      True       False           True       False      True         True                 True        True                   4           13.2127    0.391405   0.794657   0.823985 │
│ asha_train_b1636_00997   TERMINATED   True       True       False           False      False      True         False                True        True                   1            2.47825   0.667987   0.846248   0.708393 │
│ asha_train_b1636_00998   TERMINATED   False      True       False           False      False      False        True                 True        False                  1            2.57391   0.693097   0.760672   0.5      │
│ asha_train_b1636_00999   TERMINATED   True       False      True            True       False      True         False                False       True                   1            2.96055   0.457309   0.807862   0.803203 │
│ asha_train_b1636_01000   TERMINATED   True       False      False           True       True       False        False                True        False                  1            3.74646   0.462415   0.820248   0.801085 │
│ asha_train_b1636_01001   TERMINATED   True       False      True            False      True       False        True                 False       True                   2            5.4177    0.397836   0.817074   0.819519 │
│ asha_train_b1636_01002   TERMINATED   True       False      True            True       True       False        True                 False       False                  1            3.639     0.53105    0.789641   0.779061 │
│ asha_train_b1636_01003   TERMINATED   True       False      False           False      False      True         True                 False       False                  1            2.54157   0.49304    0.80694    0.808168 │
│ asha_train_b1636_01004   TERMINATED   True       True       True            True       False      True         False                False       False                  4           13.4759    0.380095   0.819838   0.819577 │
│ asha_train_b1636_01005   TERMINATED   False      False      True            False      True       True         False                False       True                   1            1.87132   0.611949   0.707032   0.793651 │
│ asha_train_b1636_01006   TERMINATED   False      True       True            False      True       False        False                True        False                  1            2.88274   0.447008   0.752789   0.802621 │
│ asha_train_b1636_01007   TERMINATED   False      True       True            True       False      True         True                 False       False                  2            5.74722   0.392933   0.830894   0.815704 │
│ asha_train_b1636_01008   TERMINATED   True       True       False           True       True       False        False                True        True                   1            5.00098   0.440714   0.787184   0.798699 │
│ asha_train_b1636_01009   TERMINATED   False      False      True            True       True       False        False                False       True                   4            8.46822   0.388166   0.821681   0.818296 │
│ asha_train_b1636_01010   TERMINATED   False      False      True            True       True       False        True                 False       False                  1            2.75547   0.403065   0.829665   0.809767 │
│ asha_train_b1636_01011   TERMINATED   True       False      True            True       True       True         False                True        False                  1            3.96667   0.572727   0.752482   0.700698 │
│ asha_train_b1636_01012   TERMINATED   True       True       True            False      False      True         True                 False       True                   1            2.82186   0.684731   0.760672   0.5      │
│ asha_train_b1636_01013   TERMINATED   False      False      True            False      False      True         True                 False       False                  1            1.95979   0.648618   0.845737   0.769763 │
│ asha_train_b1636_01014   TERMINATED   False      False      False           True       True       False        True                 True        False                  1            2.93666   0.442473   0.833043   0.803046 │
│ asha_train_b1636_01015   TERMINATED   True       False      True            False      False      False        True                 False       False                  1            2.96479   0.693097   0.760672   0.5      │
│ asha_train_b1636_01016   TERMINATED   False      False      False           True       True       True         True                 True        False                  2            5.43137   0.390327   0.815846   0.821057 │
│ asha_train_b1636_01017   TERMINATED   False      False      False           True       True       False        False                False       False                  2            4.12825   0.409814   0.840721   0.808972 │
│ asha_train_b1636_01018   TERMINATED   True       False      True            False      True       True         True                 False       True                   1            3.06531   0.425966   0.833862   0.796696 │
│ asha_train_b1636_01019   TERMINATED   False      True       True            False      True       False        True                 True        False                  1            3.14216   0.394582   0.844611   0.807279 │
│ asha_train_b1636_01020   TERMINATED   False      True       True            False      True       False        True                 True        False                  2            5.65126   0.42493    0.772136   0.815045 │
│ asha_train_b1636_01021   TERMINATED   True       False      False           False      True       True         False                False       True                   2            4.89553   0.3806     0.83335    0.818932 │
│ asha_train_b1636_01022   TERMINATED   True       True       True            False      False      True         True                 False       False                  1            2.64465   0.644379   0.784932   0.550684 │
│ asha_train_b1636_01023   TERMINATED   True       True       True            True       False      False        False                True        False                  1            4.36329   0.51843    0.741632   0.763481 │
│ asha_train_b1636_01024   TERMINATED   False      False      False           False      False      True         False                True        False                  1            1.57954   0.563889   0.84891    0.787533 │
│ asha_train_b1636_01025   TERMINATED   True       False      False           True       True       True         False                True        True                   1            3.96099   0.418544   0.786672   0.807597 │
│ asha_train_b1636_01026   TERMINATED   False      False      False           True       True       False        False                True        True                   2            4.95186   0.38279    0.815744   0.817325 │
│ asha_train_b1636_01027   TERMINATED   True       False      True            True       True       True         False                True        False                  1            4.22839   0.461935   0.684922   0.778824 │
│ asha_train_b1636_01028   TERMINATED   False      True       True            True       True       True         True                 False       False                  1            4.58698   0.425152   0.770499   0.799164 │
│ asha_train_b1636_01029   TERMINATED   True       True       False           True       False      True         False                True        True                   2            7.6182    0.380559   0.797318   0.820018 │
│ asha_train_b1636_01030   TERMINATED   False      True       False           True       True       False        False                False       False                  2            6.62894   0.403772   0.838264   0.814833 │
│ asha_train_b1636_01031   TERMINATED   False      True       True            False      False      False        True                 False       True                   2            4.27373   0.396192   0.831201   0.817225 │
│ asha_train_b1636_01032   TERMINATED   True       True       False           True       True       False        True                 True        False                  1            5.27492   0.424626   0.784625   0.803906 │
│ asha_train_b1636_01033   TERMINATED   False      True       True            False      False      False        False                True        True                   4            7.69286   0.383423   0.815334   0.822626 │
│ asha_train_b1636_01034   TERMINATED   False      True       True            True       False      False        False                False       True                   4           11.0623    0.383181   0.804279   0.822101 │
│ asha_train_b1636_01035   TERMINATED   False      False      False           True       True       True         True                 False       True                   1            2.46724   0.606864   0.654929   0.715724 │
│ asha_train_b1636_01036   TERMINATED   True       False      True            True       True       True         False                False       True                   1            3.56492   0.401819   0.760364   0.813316 │
│ asha_train_b1636_01037   TERMINATED   False      True       True            False      True       True         True                 False       True                   1            3.53668   0.393396   0.840516   0.812209 │
│ asha_train_b1636_01038   TERMINATED   False      True       False           True       False      False        True                 False       False                  2            6.11293   0.39861    0.789845   0.815252 │
│ asha_train_b1636_01039   TERMINATED   False      True       False           True       False      False        False                False       True                   4           10.4356    0.395067   0.794964   0.823307 │
│ asha_train_b1636_01040   TERMINATED   False      False      True            True       True       True         False                True        True                   1            3.00664   0.431592   0.745112   0.795376 │
│ asha_train_b1636_01041   TERMINATED   True       True       True            True       True       False        True                 True        True                   1            5.31713   0.51063    0.749309   0.782012 │
│ asha_train_b1636_01042   TERMINATED   True       True       True            True       True       False        False                True        False                  1            5.19246   0.408954   0.818917   0.812376 │
│ asha_train_b1636_01043   TERMINATED   False      True       True            False      False      True         True                 False       False                  4            8.13167   0.383356   0.821271   0.822278 │
│ asha_train_b1636_01044   TERMINATED   True       True       False           True       True       True         True                 True        True                   1            5.37776   0.551447   0.731293   0.765919 │
│ asha_train_b1636_01045   TERMINATED   True       False      True            True       True       False        True                 True        False                  1            4.9378    0.467968   0.809602   0.787492 │
│ asha_train_b1636_01046   TERMINATED   True       True       True            False      True       False        False                True        True                   1            3.84439   0.428883   0.762616   0.811572 │
│ asha_train_b1636_01047   TERMINATED   False      True       False           False      False      False        False                False       True                   4            7.28779   0.379062   0.813594   0.823681 │
│ asha_train_b1636_01048   TERMINATED   False      True       False           True       True       True         False                False       False                  1            3.41991   0.584622   0.713481   0.690305 │
│ asha_train_b1636_01049   TERMINATED   False      True       False           True       False      True         False                False       True                   1            2.94819   0.653478   0.764152   0.507271 │
│ asha_train_b1636_01050   TERMINATED   True       False      True            True       False      True         True                 True        True                   1            4.39962   0.608645   0.784625   0.777523 │
│ asha_train_b1636_01051   TERMINATED   False      False      True            False      True       True         False                False       False                  4            6.68956   0.370867   0.803869   0.82579  │
│ asha_train_b1636_01052   TERMINATED   False      False      False           False      False      False        True                 True        False                  1            1.93563   0.396809   0.812366   0.812027 │
│ asha_train_b1636_01053   TERMINATED   False      True       False           True       True       False        True                 True        True                   4           15.1347    0.400373   0.815846   0.82648  │
│ asha_train_b1636_01054   TERMINATED   True       True       True            True       False      False        True                 False       False                  1            3.91199   0.429294   0.787901   0.811336 │
│ asha_train_b1636_01055   TERMINATED   False      True       False           True       False      True         True                 True        False                  1            3.6447    0.453297   0.8355     0.812137 │
│ asha_train_b1636_01056   TERMINATED   True       True       True            False      True       False        False                False       True                   4           13.0536    0.380504   0.829563   0.818054 │
│ asha_train_b1636_01057   TERMINATED   True       False      False           False      False      True         True                 False       True                   2            4.0944    0.395209   0.818712   0.818984 │
│ asha_train_b1636_01058   TERMINATED   False      True       False           False      True       False        True                 False       False                  2            5.15873   0.384304   0.841028   0.814304 │
│ asha_train_b1636_01059   TERMINATED   False      True       True            False      True       False        True                 False       True                   4           10.9351    0.377809   0.825775   0.818789 │
│ asha_train_b1636_01060   TERMINATED   True       False      False           False      False      True         True                 True        False                  1            2.61716   0.573609   0.817689   0.76833  │
│ asha_train_b1636_01061   TERMINATED   False      False      False           False      True       True         False                False       False                  4            6.31589   0.376545   0.821476   0.819628 │
│ asha_train_b1636_01062   TERMINATED   True       True       True            False      True       True         False                False       True                   2            6.95834   0.409369   0.744191   0.812652 │
│ asha_train_b1636_01063   TERMINATED   True       True       True            True       True       True         False                False       True                   1            4.79111   0.441624   0.790255   0.809219 │
│ asha_train_b1636_01064   TERMINATED   True       False      False           False      True       True         False                False       True                   1            2.89134   0.673421   0.239328   0.5      │
│ asha_train_b1636_01065   TERMINATED   False      False      True            False      True       True         True                 True        True                   1            2.1817    0.430488   0.8528     0.78452  │
│ asha_train_b1636_01066   TERMINATED   False      False      False           True       False      True         False                False       True                   1            2.0834    0.420165   0.750845   0.80999  │
│ asha_train_b1636_01067   TERMINATED   False      False      True            False      False      False        False                False       True                   4            5.56465   0.378376   0.81124    0.823745 │
│ asha_train_b1636_01068   TERMINATED   True       False      True            True       False      True         True                 True        True                   1            4.0032    0.470161   0.823523   0.813352 │
│ asha_train_b1636_01069   TERMINATED   False      False      True            False      True       False        True                 True        True                   1            2.50309   0.409248   0.806736   0.804222 │
│ asha_train_b1636_01070   TERMINATED   False      False      False           False      False      False        True                 True        False                  4            5.47708   0.391424   0.816563   0.824166 │
│ asha_train_b1636_01071   TERMINATED   False      False      True            True       False      False        True                 True        False                  4            9.20533   0.398859   0.807043   0.823332 │
│ asha_train_b1636_01072   TERMINATED   False      False      True            False      False      False        False                True        False                  2            2.8938    0.46836    0.787593   0.820661 │
│ asha_train_b1636_01073   TERMINATED   False      True       True            False      True       False        False                True        False                  1            2.91022   0.400311   0.846146   0.809167 │
│ asha_train_b1636_01074   TERMINATED   True       True       True            False      False      True         True                 True        False                  4            9.68446   0.396642   0.801106   0.823826 │
│ asha_train_b1636_01075   TERMINATED   False      False      False           True       False      True         False                True        True                   1            2.2471    0.641823   0.764254   0.507925 │
│ asha_train_b1636_01076   TERMINATED   True       False      False           False      False      False        True                 True        True                   1            2.26486   0.693139   0.760672   0.5      │
│ asha_train_b1636_01077   TERMINATED   False      False      False           False      True       False        True                 True        False                  4            6.28672   0.379284   0.832224   0.819511 │
│ asha_train_b1636_01078   TERMINATED   True       False      True            False      True       True         True                 False       True                   1            3.17929   0.42626    0.849933   0.793629 │
│ asha_train_b1636_01079   TERMINATED   False      False      True            True       False      False        False                False       False                  4            7.07649   0.381324   0.799263   0.822029 │
│ asha_train_b1636_01080   TERMINATED   False      False      False           True       False      True         True                 True        False                  1            2.87962   0.454683   0.830996   0.796571 │
│ asha_train_b1636_01081   TERMINATED   False      True       False           True       False      False        False                True        False                  1            3.3835    0.425834   0.833043   0.807151 │
│ asha_train_b1636_01082   TERMINATED   False      False      False           False      True       False        False                False       False                  2            3.18029   0.376786   0.825161   0.820731 │
│ asha_train_b1636_01083   TERMINATED   False      False      True            True       True       True         False                False       True                   2            4.43188   0.459294   0.764152   0.817565 │
│ asha_train_b1636_01084   TERMINATED   True       True       True            True       True       False        True                 False       True                   1            5.11083   0.409462   0.788719   0.81246  │
│ asha_train_b1636_01085   TERMINATED   True       False      False           False      False      False        False                False       True                   1            2.1607    0.693112   0.760672   0.5      │
│ asha_train_b1636_01086   TERMINATED   False      False      True            False      False      True         True                 False       False                  4            6.07394   0.388025   0.808885   0.822931 │
│ asha_train_b1636_01087   TERMINATED   False      False      False           True       False      False        True                 True        False                  4            8.36615   0.392206   0.808681   0.825141 │
│ asha_train_b1636_01088   TERMINATED   False      False      False           False      True       False        False                False       True                   4            6.10484   0.373183   0.823114   0.823049 │
│ asha_train_b1636_01089   TERMINATED   True       True       True            True       True       False        True                 True        True                   4           19.76      0.382133   0.816665   0.822328 │
│ asha_train_b1636_01090   TERMINATED   True       False      True            True       True       False        False                True        False                  2            7.31879   0.387886   0.837854   0.818961 │
│ asha_train_b1636_01091   TERMINATED   False      False      True            True       False      False        True                 True        True                   4            9.68826   0.377909   0.81257    0.82418  │
│ asha_train_b1636_01092   TERMINATED   False      True       True            True       True       True         True                 False       True                   1            3.6421    0.51459    0.620534   0.74295  │
│ asha_train_b1636_01093   TERMINATED   False      False      False           True       False      True         False                True        True                   2            4.42839   0.38555    0.783192   0.819527 │
│ asha_train_b1636_01094   TERMINATED   False      True       False           True       True       False        True                 True        True                   2            8.04795   0.387017   0.825571   0.816896 │
│ asha_train_b1636_01095   TERMINATED   True       True       False           True       False      True         False                True        False                  1            4.14586   0.545793   0.839902   0.704661 │
│ asha_train_b1636_01096   TERMINATED   False      True       False           False      True       False        True                 True        False                  1            3.36174   0.400762   0.76538    0.805767 │
│ asha_train_b1636_01097   TERMINATED   True       False      False           False      False      False        True                 True        True                   4            7.38449   0.391799   0.819941   0.820817 │
│ asha_train_b1636_01098   TERMINATED   True       False      False           True       False      False        False                True        False                  4           11.1785    0.386033   0.811751   0.823349 │
│ asha_train_b1636_01099   TERMINATED   False      True       True            False      False      True         False                False       False                  1            2.26006   0.565305   0.846044   0.800599 │
│ asha_train_b1636_01100   TERMINATED   False      False      True            True       True       True         False                False       False                  2            4.63392   0.45728    0.768451   0.817166 │
│ asha_train_b1636_01101   TERMINATED   False      False      True            False      False      False        False                True        False                  4            5.41433   0.430928   0.819224   0.821812 │
│ asha_train_b1636_01102   TERMINATED   False      True       True            True       True       False        True                 True        True                   4           15.5119    0.379831   0.814311   0.8221   │
│ asha_train_b1636_01103   TERMINATED   False      False      True            True       True       True         True                 True        True                   1            3.1494    0.424372   0.766916   0.807363 │
│ asha_train_b1636_01104   TERMINATED   False      True       False           False      True       True         False                False       False                  4            9.78256   0.386825   0.840106   0.818536 │
│ asha_train_b1636_01105   TERMINATED   False      False      True            True       True       False        False                True        True                   4            9.8536    0.378531   0.80909    0.825264 │
│ asha_train_b1636_01106   TERMINATED   False      False      True            True       True       False        True                 False       False                  2            4.21541   0.390543   0.82209    0.816807 │
│ asha_train_b1636_01107   TERMINATED   True       True       False           True       False      True         False                True        True                   2            7.6156    0.383033   0.788003   0.821077 │
│ asha_train_b1636_01108   TERMINATED   False      False      True            True       False      True         False                True        False                  2            4.7333    0.39447    0.81257    0.821542 │
│ asha_train_b1636_01109   TERMINATED   False      True       False           True       True       False        False                True        False                  2            7.32232   0.438779   0.832531   0.813556 │
│ asha_train_b1636_01110   TERMINATED   True       True       False           True       False      True         False                False       False                  1            3.34624   0.679671   0.768963   0.517322 │
│ asha_train_b1636_01111   TERMINATED   False      False      False           False      False      True         False                False       True                   1            1.71157   0.572141   0.853414   0.768361 │
│ asha_train_b1636_01112   TERMINATED   False      True       True            True       False      False        True                 True        False                  2            7.17236   0.391927   0.800901   0.821347 │
│ asha_train_b1636_01113   TERMINATED   True       True       False           True       True       True         True                 False       True                   1            4.58785   0.501514   0.737435   0.78989  │
│ asha_train_b1636_01114   TERMINATED   True       True       False           True       True       True         False                True        True                   1            5.18119   0.434161   0.815232   0.809807 │
│ asha_train_b1636_01115   TERMINATED   False      False      False           True       True       True         False                True        True                   1            2.70347   0.530727   0.752892   0.731161 │
│ asha_train_b1636_01116   TERMINATED   True       False      True            True       True       True         True                 False       False                  2            6.63203   0.438262   0.766097   0.817817 │
│ asha_train_b1636_01117   TERMINATED   True       True       True            True       False      True         False                False       True                   1            3.61723   0.587405   0.845327   0.734317 │
│ asha_train_b1636_01118   TERMINATED   False      True       False           True       False      True         True                 True        False                  1            3.28863   0.542955   0.830075   0.669327 │
│ asha_train_b1636_01119   TERMINATED   False      True       True            False      False      True         False                True        True                   1            2.20865   0.56184    0.848193   0.735028 │
│ asha_train_b1636_01120   TERMINATED   False      True       True            False      False      False        True                 False       False                  1            2.49708   0.399247   0.82987    0.813566 │
│ asha_train_b1636_01121   TERMINATED   True       True       True            False      True       False        False                False       True                   1            3.68052   0.47552    0.783192   0.812784 │
│ asha_train_b1636_01122   TERMINATED   False      False      True            False      True       False        False                True        False                  2            3.48049   0.380287   0.835091   0.821101 │
│ asha_train_b1636_01123   TERMINATED   False      True       True            False      False      False        True                 False       True                   2            4.92446   0.375933   0.820862   0.82025  │
│ asha_train_b1636_01124   TERMINATED   True       True       False           False      False      True         True                 True        False                  1            2.82655   0.575192   0.842768   0.80768  │
│ asha_train_b1636_01125   TERMINATED   True       True       True            True       True       False        True                 False       False                  1            5.37113   0.411123   0.813082   0.807808 │
│ asha_train_b1636_01126   TERMINATED   False      False      False           False      True       True         True                 False       True                   1            2.35734   0.657196   0.767428   0.514115 │
│ asha_train_b1636_01127   TERMINATED   False      True       True            False      False      False        True                 False       False                  2            4.95189   0.392744   0.80735    0.817671 │
│ asha_train_b1636_01128   TERMINATED   False      False      False           False      False      True         False                False       True                   4            5.21129   0.382641   0.819736   0.823027 │
│ asha_train_b1636_01129   TERMINATED   False      True       True            False      True       False        True                 True        True                   2            6.01909   0.378539   0.804791   0.820826 │
│ asha_train_b1636_01130   TERMINATED   True       True       True            True       True       False        False                True        False                  4           18.6366    0.387909   0.824752   0.821781 │
│ asha_train_b1636_01131   TERMINATED   False      False      True            False      False      True         True                 True        False                  1            1.64688   0.674339   0.844815   0.785574 │
│ asha_train_b1636_01132   TERMINATED   True       True       False           False      True       False        False                False       True                   4           12.4808    0.371794   0.825571   0.823052 │
│ asha_train_b1636_01133   TERMINATED   True       False      False           True       True       False        False                False       False                  2            5.95191   0.402417   0.837854   0.81046  │
│ asha_train_b1636_01134   TERMINATED   True       False      True            True       True       True         False                False       True                   1            3.39873   0.449017   0.770499   0.798578 │
│ asha_train_b1636_01135   TERMINATED   True       True       True            True       False      True         False                False       True                   1            3.82643   0.411168   0.755246   0.811564 │
│ asha_train_b1636_01136   TERMINATED   True       False      True            False      False      True         True                 True        False                  2            4.82325   0.39349    0.816563   0.817424 │
│ asha_train_b1636_01137   TERMINATED   True       False      True            True       True       True         False                True        False                  1            4.01679   0.489732   0.772546   0.792742 │
│ asha_train_b1636_01138   TERMINATED   False      False      True            False      False      False        False                False       True                   4            5.61171   0.379157   0.815948   0.821417 │
│ asha_train_b1636_01139   TERMINATED   True       False      False           True       False      False        True                 True        False                  4           11.339     0.387046   0.825468   0.822838 │
│ asha_train_b1636_01140   TERMINATED   True       True       True            True       True       False        True                 False       True                   1            4.81002   0.495495   0.742451   0.774719 │
│ asha_train_b1636_01141   TERMINATED   False      True       True            True       True       True         False                False       True                   1            3.80159   0.453826   0.771113   0.807923 │
│ asha_train_b1636_01142   TERMINATED   True       False      True            False      True       True         True                 False       True                   1            2.9589    0.437801   0.854642   0.784851 │
│ asha_train_b1636_01143   TERMINATED   True       False      False           True       False      True         False                True        True                   1            3.38821   0.410609   0.781759   0.808178 │
│ asha_train_b1636_01144   TERMINATED   True       True       False           False      False      False        False                True        True                   1            2.59324   0.693095   0.760672   0.5      │
│ asha_train_b1636_01145   TERMINATED   True       False      True            True       False      True         True                 False       True                   1            3.41649   0.466655   0.850138   0.789659 │
│ asha_train_b1636_01146   TERMINATED   True       True       True            True       True       False        True                 False       True                   1            5.05505   0.463901   0.755656   0.785744 │
│ asha_train_b1636_01147   TERMINATED   False      False      False           False      True       False        False                True        False                  4            5.97223   0.375065   0.829665   0.819734 │
│ asha_train_b1636_01148   TERMINATED   True       False      True            False      False      False        True                 False       False                  1            2.60393   0.693144   0.760672   0.5      │
│ asha_train_b1636_01149   TERMINATED   False      False      True            False      False      True         True                 True        True                   4            6.66722   0.382516   0.816153   0.825803 │
│ asha_train_b1636_01150   TERMINATED   False      True       False           False      False      False        True                 True        False                  4            7.8148    0.384918   0.815744   0.825827 │
│ asha_train_b1636_01151   TERMINATED   True       False      False           True       False      False        False                True        True                   1            3.10936   0.468303   0.854745   0.771874 │
│ asha_train_b1636_01152   TERMINATED   True       False      True            True       True       True         False                True        False                  1            3.88975   0.458826   0.736206   0.804179 │
│ asha_train_b1636_01153   TERMINATED   True       False      True            True       True       False        True                 False       False                  2            6.68062   0.435575   0.795987   0.8039   │
│ asha_train_b1636_01154   TERMINATED   True       False      False           True       False      True         True                 True        False                  4           11.8817    0.380754   0.810728   0.822676 │
│ asha_train_b1636_01155   TERMINATED   True       False      False           False      False      False        True                 True        False                  1            2.10034   0.693097   0.760672   0.5      │
│ asha_train_b1636_01156   TERMINATED   True       True       False           True       True       True         False                True        False                  4           18.4336    0.418052   0.774593   0.819738 │
│ asha_train_b1636_01157   TERMINATED   False      True       False           False      True       False        False                False       False                  4            9.56924   0.386021   0.841437   0.812375 │
│ asha_train_b1636_01158   TERMINATED   False      True       False           False      True       False        False                False       False                  2            4.91487   0.395006   0.847272   0.806683 │
│ asha_train_b1636_01159   TERMINATED   False      True       False           False      False      True         True                 True        True                   4            8.56753   0.39268    0.809602   0.827506 │
│ asha_train_b1636_01160   TERMINATED   True       True       True            False      False      True         True                 False       False                  1            2.74461   0.629922   0.760672   0.5      │
│ asha_train_b1636_01161   TERMINATED   False      False      False           False      False      True         True                 True        False                  2            3.29511   0.474644   0.813185   0.82048  │
│ asha_train_b1636_01162   TERMINATED   False      False      True            True       False      True         False                False       True                   2            4.16856   0.403427   0.768042   0.819828 │
│ asha_train_b1636_01163   TERMINATED   False      False      True            True       True       False        True                 True        True                   4           10.6934    0.374083   0.817996   0.828186 │
│ asha_train_b1636_01164   TERMINATED   False      True       True            False      False      True         False                False       True                   4            8.08546   0.37479    0.81646    0.823952 │
│ asha_train_b1636_01165   TERMINATED   True       False      False           False      False      False        True                 False       False                  1            2.54171   0.693097   0.760672   0.5      │
│ asha_train_b1636_01166   TERMINATED   False      False      False           True       False      True         True                 False       False                  1            1.97666   0.625077   0.721875   0.790655 │
│ asha_train_b1636_01167   TERMINATED   False      True       False           True       False      True         False                False       True                   2            5.66349   0.385025   0.797728   0.821166 │
│ asha_train_b1636_01168   TERMINATED   False      True       False           False      True       False        False                True        True                   4            9.46094   0.379115   0.808578   0.825807 │
│ asha_train_b1636_01169   TERMINATED   True       True       True            True       False      True         True                 False       False                  1            4.04522   0.411899   0.796192   0.812096 │
│ asha_train_b1636_01170   TERMINATED   True       False      True            True       False      False        False                True        True                   4           12.3025    0.383459   0.804688   0.825155 │
│ asha_train_b1636_01171   TERMINATED   False      True       False           True       False      True         True                 True        False                  2            6.75602   0.412631   0.781656   0.818224 │
│ asha_train_b1636_01172   TERMINATED   False      True       False           False      True       False        False                False       False                  4            9.49247   0.386021   0.841437   0.812375 │
│ asha_train_b1636_01173   TERMINATED   True       True       False           True       True       True         True                 True        True                   1            5.92698   0.443189   0.777766   0.798812 │
│ asha_train_b1636_01174   TERMINATED   False      False      True            False      True       False        True                 False       True                   4            7.18682   0.38482    0.832839   0.818155 │
│ asha_train_b1636_01175   TERMINATED   True       True       True            False      False      True         False                False       True                   2            5.21249   0.377456   0.821067   0.820678 │
│ asha_train_b1636_01176   TERMINATED   True       True       True            True       False      False        True                 False       False                  2            7.17115   0.398207   0.808271   0.819156 │
│ asha_train_b1636_01177   TERMINATED   False      False      False           True       True       False        False                False       False                  2            3.9584    0.409814   0.840721   0.808972 │
│ asha_train_b1636_01178   TERMINATED   True       True       False           False      True       True         False                True        True                   1            3.44825   0.538718   0.855461   0.780553 │
│ asha_train_b1636_01179   TERMINATED   False      False      True            True       True       False        True                 True        True                   1            3.68805   0.455674   0.793633   0.811146 │
│ asha_train_b1636_01180   TERMINATED   True       False      False           False      False      False        True                 False       False                  1            2.32482   0.693106   0.760672   0.5      │
│ asha_train_b1636_01181   TERMINATED   False      False      False           False      True       False        True                 False       True                   2            3.49483   0.393168   0.773569   0.819065 │
│ asha_train_b1636_01182   TERMINATED   True       False      False           True       True       False        False                False       True                   1            3.37726   0.625942   0.691064   0.610199 │
│ asha_train_b1636_01183   TERMINATED   False      False      False           False      True       False        False                False       False                  2            3.31613   0.376786   0.825161   0.820731 │
│ asha_train_b1636_01184   TERMINATED   True       True       True            False      False      False        True                 False       True                   4           10.2247    0.376485   0.815027   0.82389  │
│ asha_train_b1636_01185   TERMINATED   False      False      False           False      False      True         True                 True        False                  2            2.90497   0.388437   0.825775   0.81791  │
│ asha_train_b1636_01186   TERMINATED   True       False      False           False      True       False        False                True        False                  4            9.02296   0.379534   0.82424    0.820711 │
│ asha_train_b1636_01187   TERMINATED   False      False      True            True       False      True         True                 True        True                   2            5.47007   0.401863   0.760979   0.816358 │
│ asha_train_b1636_01188   TERMINATED   False      True       True            False      True       False        False                True        False                  2            5.57789   0.389079   0.827413   0.820745 │
│ asha_train_b1636_01189   TERMINATED   True       True       False           True       True       True         False                True        True                   1            5.04091   0.494735   0.796704   0.79968  │
│ asha_train_b1636_01190   TERMINATED   True       False      True            True       False      True         False                False       True                   1            3.08069   0.612847   0.775412   0.558791 │
│ asha_train_b1636_01191   TERMINATED   True       True       False           False      True       True         True                 True        False                  1            3.62708   0.630916   0.821886   0.636535 │
│ asha_train_b1636_01192   TERMINATED   True       False      True            False      True       False        False                False       False                  1            2.93777   0.523512   0.65063    0.75511  │
│ asha_train_b1636_01193   TERMINATED   True       True       True            False      True       False        False                True        True                   2            6.6239    0.389924   0.785034   0.820152 │
│ asha_train_b1636_01194   TERMINATED   True       False      False           True       True       True         False                True        True                   1            3.81004   0.504497   0.684819   0.760142 │
│ asha_train_b1636_01195   TERMINATED   True       False      True            False      False      False        True                 True        True                   2            4.13069   0.403574   0.814925   0.819425 │
│ asha_train_b1636_01196   TERMINATED   False      False      False           True       True       False        True                 True        False                  2            5.23657   0.397176   0.832224   0.815846 │
│ asha_train_b1636_01197   TERMINATED   True       False      True            True       False      False        False                False       True                   2            5.39481   0.390886   0.811035   0.820973 │
│ asha_train_b1636_01198   TERMINATED   False      False      True            True       True       True         False                True        True                   1            2.76464   0.568153   0.61429    0.725508 │
│ asha_train_b1636_01199   TERMINATED   False      False      True            False      True       False        True                 True        False                  1            1.96617   0.395491   0.843689   0.809605 │
│ asha_train_b1636_01200   TERMINATED   True       False      True            True       True       True         False                True        False                  2            7.75924   0.422131   0.772034   0.817616 │
│ asha_train_b1636_01201   TERMINATED   True       False      True            True       True       False        True                 False       False                  2            6.82571   0.402058   0.829768   0.816723 │
│ asha_train_b1636_01202   TERMINATED   True       True       True            False      False      True         True                 False       False                  1            3.2022    0.649707   0.781042   0.542558 │
│ asha_train_b1636_01203   TERMINATED   True       True       False           True       False      True         False                False       False                  1            3.40361   0.652468   0.764357   0.507699 │
│ asha_train_b1636_01204   TERMINATED   False      True       True            False      False      True         True                 True        False                  1            2.61036   0.666647   0.766711   0.512618 │
│ asha_train_b1636_01205   TERMINATED   True       False      False           False      False      False        False                False       True                   4            7.27187   0.381961   0.81124    0.824625 │
│ asha_train_b1636_01206   TERMINATED   False      True       False           True       False      False        False                False       False                  4           10.0598    0.386383   0.787082   0.821351 │
│ asha_train_b1636_01207   TERMINATED   True       False      False           False      True       True         True                 False       True                   1            2.6979    0.577452   0.847989   0.72478  │
│ asha_train_b1636_01208   TERMINATED   True       False      False           True       True       True         False                False       True                   2            6.58713   0.412169   0.805405   0.817272 │
│ asha_train_b1636_01209   TERMINATED   True       True       False           True       False      True         False                True        False                  1            3.98658   0.615091   0.830587   0.70103  │
│ asha_train_b1636_01210   TERMINATED   True       False      True            False      False      False        False                False       False                  1            2.27304   0.693144   0.760672   0.5      │
│ asha_train_b1636_01211   TERMINATED   False      False      False           False      False      False        True                 False       False                  4            6.17479   0.387776   0.806019   0.827936 │
│ asha_train_b1636_01212   TERMINATED   True       False      True            True       False      False        False                False       False                  2            5.21682   0.414587   0.827209   0.81636  │
│ asha_train_b1636_01213   TERMINATED   False      True       False           True       False      True         False                True        True                   2            6.58583   0.38573    0.783601   0.819796 │
│ asha_train_b1636_01214   TERMINATED   True       True       False           False      True       False        True                 False       True                   1            3.82214   0.431712   0.845941   0.785581 │
│ asha_train_b1636_01215   TERMINATED   True       True       True            False      False      True         False                True        False                  1            2.75519   0.442705   0.831917   0.805091 │
│ asha_train_b1636_01216   TERMINATED   True       False      False           True       True       False        False                True        False                  1            3.95276   0.516227   0.757089   0.787858 │
│ asha_train_b1636_01217   TERMINATED   False      True       True            False      False      False        True                 False       False                  4            7.96114   0.382911   0.810421   0.821448 │
│ asha_train_b1636_01218   TERMINATED   False      True       True            False      False      True         False                False       True                   2            4.39069   0.377541   0.821271   0.820373 │
│ asha_train_b1636_01219   TERMINATED   False      False      False           True       True       False        False                False       False                  2            3.88773   0.409814   0.840721   0.808972 │
│ asha_train_b1636_01220   TERMINATED   True       False      False           False      True       False        True                 True        False                  2            5.34047   0.403212   0.802232   0.819437 │
│ asha_train_b1636_01221   TERMINATED   True       True       True            False      False      True         False                True        False                  1            2.62297   0.661594   0.8355     0.678609 │
│ asha_train_b1636_01222   TERMINATED   True       True       False           True       True       False        False                True        False                  1            4.86628   0.51254    0.695158   0.766058 │
│ asha_train_b1636_01223   TERMINATED   True       False      True            False      True       False        True                 True        True                   4           10.6035    0.380403   0.81083    0.820691 │
│ asha_train_b1636_01224   TERMINATED   False      False      False           False      True       True         True                 True        False                  1            1.92483   0.666268   0.804893   0.59693  │
│ asha_train_b1636_01225   TERMINATED   False      False      True            True       True       True         True                 True        False                  1            2.83453   0.481721   0.754734   0.793346 │
│ asha_train_b1636_01226   TERMINATED   True       True       True            True       False      False        False                True        False                  1            4.08935   0.54174    0.771522   0.739303 │
│ asha_train_b1636_01227   TERMINATED   True       False      True            False      False      True         False                False       False                  1            2.18734   0.663118   0.766404   0.511976 │
│ asha_train_b1636_01228   TERMINATED   False      True       True            True       True       False        True                 False       False                  1            4.41505   0.416057   0.807145   0.805664 │
│ asha_train_b1636_01229   TERMINATED   False      False      False           True       False      True         True                 True        True                   2            4.43408   0.393811   0.809704   0.820684 │
│ asha_train_b1636_01230   TERMINATED   True       True       True            False      False      True         True                 False       False                  2            4.99115   0.393453   0.828437   0.8179   │
│ asha_train_b1636_01231   TERMINATED   True       True       True            True       False      False        False                False       False                  1            3.58559   0.470109   0.79394    0.798596 │
│ asha_train_b1636_01232   TERMINATED   False      False      False           True       True       False        True                 False       False                  2            5.426     0.396828   0.833657   0.817081 │
│ asha_train_b1636_01233   TERMINATED   False      True       False           True       False      True         False                False       True                   1            2.80752   0.647127   0.764459   0.507913 │
│ asha_train_b1636_01234   TERMINATED   False      False      False           False      True       False        True                 False       False                  2            3.68986   0.375046   0.818303   0.821353 │
│ asha_train_b1636_01235   TERMINATED   False      False      False           False      False      False        True                 False       False                  4            5.09356   0.391965   0.808373   0.823474 │
│ asha_train_b1636_01236   TERMINATED   True       False      True            True       False      False        True                 False       False                  1            3.0342    0.552408   0.808373   0.631464 │
│ asha_train_b1636_01237   TERMINATED   False      True       False           False      True       True         True                 True        False                  1            3.18845   0.398067   0.842461   0.80865  │
│ asha_train_b1636_01238   TERMINATED   False      False      False           False      True       False        True                 False       False                  4            6.50876   0.377676   0.839492   0.819598 │
│ asha_train_b1636_01239   TERMINATED   False      False      True            True       True       True         False                True        False                  1            2.8209    0.471819   0.657693   0.761512 │
│ asha_train_b1636_01240   TERMINATED   False      True       True            False      True       True         True                 True        True                   1            3.01175   0.577749   0.851367   0.791639 │
│ asha_train_b1636_01241   TERMINATED   False      False      True            False      True       False        True                 False       True                   4            7.7248    0.377634   0.827413   0.818693 │
│ asha_train_b1636_01242   TERMINATED   True       False      True            False      False      True         False                True        True                   2            4.43424   0.387997   0.814208   0.820274 │
│ asha_train_b1636_01243   TERMINATED   True       False      True            True       False      True         True                 False       True                   1            3.07388   0.466783   0.785137   0.790611 │
│ asha_train_b1636_01244   TERMINATED   True       True       False           False      False      True         True                 False       True                   1            2.88061   0.657995   0.790869   0.563674 │
│ asha_train_b1636_01245   TERMINATED   True       True       True            False      False      True         True                 False       True                   4           11.3368    0.380276   0.819941   0.816566 │
│ asha_train_b1636_01246   TERMINATED   True       True       False           False      False      True         True                 False       True                   1            2.89498   0.5334     0.847784   0.794414 │
│ asha_train_b1636_01247   TERMINATED   False      True       True            True       True       False        False                True        False                  2            7.60675   0.382508   0.82813    0.82107  │
│ asha_train_b1636_01248   TERMINATED   False      False      False           False      True       False        True                 True        False                  2            3.93861   0.372501   0.814822   0.819944 │
│ asha_train_b1636_01249   TERMINATED   True       False      True            True       False      False        False                False       False                  1            2.8007    0.571605   0.785034   0.644265 │
│ asha_train_b1636_01250   TERMINATED   True       True       True            True       False      True         False                True        False                  2            7.85235   0.394313   0.809499   0.814833 │
│ asha_train_b1636_01251   TERMINATED   True       True       False           False      False      True         True                 True        False                  1            2.89069   0.536547   0.851571   0.794265 │
│ asha_train_b1636_01252   TERMINATED   True       False      True            False      True       False        True                 True        True                   4            9.83578   0.369377   0.810421   0.828191 │
│ asha_train_b1636_01253   TERMINATED   False      True       False           False      False      False        True                 True        True                   4            7.296     0.377934   0.809499   0.824214 │
│ asha_train_b1636_01254   TERMINATED   False      True       False           False      False      True         False                False       True                   2            4.32793   0.383192   0.812263   0.820314 │
│ asha_train_b1636_01255   TERMINATED   False      False      False           False      True       False        False                False       True                   4            6.2959    0.373183   0.823114   0.823049 │
│ asha_train_b1636_01256   TERMINATED   True       True       False           False      False      False        False                True        False                  1            2.56747   0.693096   0.760672   0.5      │
│ asha_train_b1636_01257   TERMINATED   False      False      False           True       False      False        False                False       False                  2            3.32837   0.386355   0.772341   0.81899  │
│ asha_train_b1636_01258   TERMINATED   True       False      False           False      True       True         False                True        False                  2            5.07548   0.386296   0.817996   0.818513 │
│ asha_train_b1636_01259   TERMINATED   True       True       False           False      False      False        False                False       False                  1            2.57365   0.693095   0.760672   0.5      │
│ asha_train_b1636_01260   TERMINATED   True       False      True            True       False      False        False                True        False                  2            6.24031   0.393516   0.828949   0.821315 │
│ asha_train_b1636_01261   TERMINATED   True       True       False           True       True       True         False                True        True                   4           18.9221    0.403701   0.797113   0.824134 │
│ asha_train_b1636_01262   TERMINATED   True       False      False           True       True       False        False                False       False                  1            3.2421    0.536959   0.652882   0.751168 │
│ asha_train_b1636_01263   TERMINATED   True       True       False           False      True       True         True                 False       False                  2            6.67641   0.377309   0.80735    0.817817 │
│ asha_train_b1636_01264   TERMINATED   False      False      False           False      True       True         True                 False       False                  1            1.95145   0.478367   0.856792   0.768676 │
│ asha_train_b1636_01265   TERMINATED   True       False      True            True       False      True         False                False       True                   1            3.14827   0.410879   0.758522   0.813424 │
│ asha_train_b1636_01266   TERMINATED   True       True       True            False      False      False        False                False       True                   4            9.29645   0.378453   0.816767   0.821956 │
│ asha_train_b1636_01267   TERMINATED   True       True       False           True       False      False        False                True        True                   1            3.84165   0.459629   0.696182   0.778897 │
│ asha_train_b1636_01268   TERMINATED   True       False      False           True       False      False        True                 True        False                  1            3.48452   0.568701   0.580305   0.678984 │
│ asha_train_b1636_01269   TERMINATED   False      True       True            False      True       False        True                 True        False                  1            3.00857   0.388764   0.836626   0.811558 │
│ asha_train_b1636_01270   TERMINATED   False      True       True            True       True       False        False                True        True                   1            4.22202   0.424407   0.749718   0.793127 │
│ asha_train_b1636_01271   TERMINATED   True       True       True            True       False      False        False                False       False                  1            3.87813   0.561905   0.59699    0.683942 │
│ asha_train_b1636_01272   TERMINATED   True       True       True            False      True       True         False                True        False                  1            3.58917   0.582315   0.829051   0.656342 │
│ asha_train_b1636_01273   TERMINATED   False      False      True            False      False      True         True                 False       True                   2            3.22937   0.408367   0.83335    0.815854 │
│ asha_train_b1636_01274   TERMINATED   True       True       True            True       True       True         True                 False       True                   1            4.70309   0.480321   0.748285   0.783244 │
│ asha_train_b1636_01275   TERMINATED   False      True       False           False      True       True         False                True        True                   1            2.96869   0.447399   0.856485   0.781519 │
│ asha_train_b1636_01276   TERMINATED   True       True       False           True       False      True         False                True        True                   1            4.16513   0.657518   0.75023    0.761657 │
│ asha_train_b1636_01277   TERMINATED   True       True       False           True       False      True         True                 True        False                  1            3.98824   0.397778   0.827413   0.812537 │
│ asha_train_b1636_01278   TERMINATED   True       False      False           False      True       False        False                False       True                   1            2.77495   0.407526   0.841744   0.809645 │
│ asha_train_b1636_01279   TERMINATED   False      True       True            False      False      False        True                 True        False                  2            4.47621   0.400803   0.799775   0.821193 │
│ asha_train_b1636_01280   TERMINATED   False      False      True            False      False      False        True                 True        True                   4            5.79388   0.402425   0.819019   0.824022 │
│ asha_train_b1636_01281   TERMINATED   False      False      True            False      False      True         False                True        True                   4            5.81793   0.377514   0.816563   0.825779 │
│ asha_train_b1636_01282   TERMINATED   True       True       True            False      True       True         True                 True        False                  4           13.7717    0.38551    0.804791   0.82361  │
│ asha_train_b1636_01283   TERMINATED   False      True       False           True       False      False        False                False       True                   4           10.0642    0.384122   0.793838   0.824472 │
│ asha_train_b1636_01284   TERMINATED   True       True       False           True       True       True         True                 False       False                  1            4.55583   0.52864    0.747978   0.777766 │
│ asha_train_b1636_01285   TERMINATED   False      False      False           False      True       True         False                True        False                  4            6.21948   0.369874   0.814106   0.825483 │
│ asha_train_b1636_01286   TERMINATED   False      True       True            False      False      True         True                 False       True                   2            4.79731   0.3818     0.819019   0.815814 │
│ asha_train_b1636_01287   TERMINATED   False      True       True            False      False      False        False                False       False                  4            7.82439   0.380744   0.819531   0.8226   │
│ asha_train_b1636_01288   TERMINATED   True       False      True            True       False      True         False                False       True                   1            2.92497   0.419103   0.764459   0.807213 │
│ asha_train_b1636_01289   TERMINATED   True       True       True            True       True       False        False                True        False                  1            5.20309   0.394426   0.832531   0.810039 │
│ asha_train_b1636_01290   TERMINATED   False      False      True            False      False      False        False                False       True                   4            5.6974    0.379157   0.815948   0.821417 │
│ asha_train_b1636_01291   TERMINATED   False      False      False           False      False      False        False                False       True                   2            2.86913   0.378176   0.807247   0.821268 │
│ asha_train_b1636_01292   TERMINATED   True       False      True            False      False      False        False                True        True                   1            2.41801   0.693095   0.760672   0.5      │
│ asha_train_b1636_01293   TERMINATED   False      True       True            True       False      True         True                 False       True                   2            7.17759   0.413308   0.792916   0.814486 │
│ asha_train_b1636_01294   TERMINATED   True       True       False           True       True       False        True                 True        True                   1            5.93361   0.432287   0.759955   0.791648 │
│ asha_train_b1636_01295   TERMINATED   True       False      False           False      False      False        True                 True        False                  1            2.39545   0.402872   0.797728   0.813691 │
│ asha_train_b1636_01296   TERMINATED   False      False      False           True       False      True         True                 False       True                   1            2.07142   0.404907   0.757908   0.811262 │
│ asha_train_b1636_01297   TERMINATED   True       False      True            False      True       True         False                False       True                   2            5.38607   0.383977   0.78657    0.821161 │
│ asha_train_b1636_01298   TERMINATED   True       False      False           True       True       False        False                False       False                  1            3.27403   0.587584   0.768963   0.710505 │
│ asha_train_b1636_01299   TERMINATED   False      False      False           False      False      False        False                False       False                  2            2.66346   0.390005   0.811547   0.820283 │
│ asha_train_b1636_01300   TERMINATED   False      True       True            True       False      False        False                False       True                   4           10.895     0.409907   0.833248   0.804647 │
│ asha_train_b1636_01301   TERMINATED   False      True       True            True       True       False        False                False       True                   4           13.6323    0.384901   0.820043   0.823376 │
│ asha_train_b1636_01302   TERMINATED   False      False      False           True       True       True         True                 False       False                  1            2.31893   0.43407    0.810728   0.813295 │
│ asha_train_b1636_01303   TERMINATED   True       True       False           False      False      False        True                 False       True                   1            2.65933   0.693096   0.760672   0.5      │
│ asha_train_b1636_01304   TERMINATED   False      True       True            False      True       False        False                True        True                   4           10.3215    0.368744   0.81124    0.829462 │
│ asha_train_b1636_01305   TERMINATED   True       False      False           True       False      True         True                 True        True                   1            3.23786   0.446788   0.74849    0.804632 │
│ asha_train_b1636_01306   TERMINATED   True       False      False           False      True       False        True                 True        True                   1            2.62448   0.4447     0.849933   0.795974 │
│ asha_train_b1636_01307   TERMINATED   False      True       True            False      False      True         True                 False       True                   2            4.38536   0.386507   0.828642   0.820966 │
│ asha_train_b1636_01308   TERMINATED   False      False      True            True       True       False        True                 True        True                   4           10.562     0.394059   0.805917   0.82523  │
│ asha_train_b1636_01309   TERMINATED   True       False      False           True       True       True         False                True        False                  1            3.68062   0.411205   0.788412   0.807128 │
│ asha_train_b1636_01310   TERMINATED   False      False      True            False      False      False        True                 False       False                  4            6.04677   0.403984   0.819019   0.82241  │
│ asha_train_b1636_01311   TERMINATED   False      False      True            False      True       True         False                False       True                   1            2.05323   0.445978   0.854642   0.777962 │
│ asha_train_b1636_01312   TERMINATED   False      True       True            True       False      True         False                False       False                  1            3.12742   0.657264   0.773467   0.526732 │
│ asha_train_b1636_01313   TERMINATED   False      True       False           False      False      True         False                True        True                   1            2.09371   0.587575   0.856485   0.782691 │
│ asha_train_b1636_01314   TERMINATED   False      False      True            False      False      True         True                 False       True                   2            3.42559   0.378348   0.8225     0.821033 │
│ asha_train_b1636_01315   TERMINATED   False      True       True            True       True       False        False                False       False                  2            7.0453    0.393041   0.819736   0.815845 │
│ asha_train_b1636_01316   TERMINATED   False      False      False           True       False      False        False                True        False                  4            7.96494   0.381665   0.80172    0.82379  │
│ asha_train_b1636_01317   TERMINATED   True       True       False           True       True       False        True                 True        True                   1            5.49018   0.402477   0.797011   0.812487 │
│ asha_train_b1636_01318   TERMINATED   False      False      True            True       False      False        False                False       True                   4            7.24833   0.379529   0.80131    0.822056 │
│ asha_train_b1636_01319   TERMINATED   True       False      False           False      False      True         True                 False       False                  2            3.98208   0.384923   0.829461   0.819893 │
│ asha_train_b1636_01320   TERMINATED   True       False      True            False      True       True         True                 True        False                  1            3.68999   0.499841   0.858737   0.756616 │
│ asha_train_b1636_01321   TERMINATED   False      False      True            True       False      True         False                True        False                  1            2.73011   0.442034   0.829051   0.812295 │
│ asha_train_b1636_01322   TERMINATED   True       True       False           False      False      True         True                 True        True                   1            2.83345   0.613903   0.853721   0.801102 │
│ asha_train_b1636_01323   TERMINATED   False      False      False           False      False      True         False                True        True                   1            1.69652   0.629168   0.853311   0.75261  │
│ asha_train_b1636_01324   TERMINATED   True       False      False           True       True       False        False                False       True                   1            3.49324   0.467724   0.755144   0.802996 │
│ asha_train_b1636_01325   TERMINATED   False      True       True            True       False      False        False                True        True                   1            3.66098   0.416694   0.808885   0.812817 │
│ asha_train_b1636_01326   TERMINATED   True       False      True            False      False      False        False                False       True                   1            2.34814   0.693139   0.760672   0.5      │
│ asha_train_b1636_01327   TERMINATED   True       True       True            True       True       True         True                 False       False                  1            4.79888   0.453768   0.821783   0.785825 │
│ asha_train_b1636_01328   TERMINATED   False      False      False           False      True       False        False                False       False                  2            3.06708   0.376786   0.825161   0.820731 │
│ asha_train_b1636_01329   TERMINATED   False      False      True            False      True       False        True                 True        False                  2            3.93903   0.375293   0.820862   0.821276 │
│ asha_train_b1636_01330   TERMINATED   False      True       True            False      False      True         False                False       True                   2            4.73512   0.37931    0.822295   0.820312 │
│ asha_train_b1636_01331   TERMINATED   False      False      False           False      True       False        True                 False       True                   4            6.59941   0.372456   0.822704   0.822927 │
│ asha_train_b1636_01332   TERMINATED   False      True       True            False      True       True         False                True        True                   1            3.14864   0.428805   0.847784   0.805993 │
│ asha_train_b1636_01333   TERMINATED   False      True       True            True       False      False        False                False       False                  4           10.9475    0.385519   0.791176   0.820671 │
│ asha_train_b1636_01334   TERMINATED   True       False      False           True       True       False        False                False       False                  1            3.27659   0.391203   0.827516   0.813484 │
│ asha_train_b1636_01335   TERMINATED   True       False      False           False      True       True         False                True        True                   1            2.70648   0.606863   0.626471   0.748612 │
│ asha_train_b1636_01336   TERMINATED   False      False      False           True       False      False        False                False       False                  2            3.4963    0.386355   0.772341   0.81899  │
│ asha_train_b1636_01337   TERMINATED   False      True       True            False      False      True         False                False       True                   2            4.26659   0.383199   0.819122   0.821305 │
│ asha_train_b1636_01338   TERMINATED   True       True       True            False      True       True         True                 False       True                   1            4.04472   0.44969    0.856178   0.783809 │
│ asha_train_b1636_01339   TERMINATED   False      True       True            True       False      True         False                True        True                   1            3.4793    0.577389   0.824649   0.665028 │
│ asha_train_b1636_01340   TERMINATED   True       False      False           True       False      False        True                 True        True                   1            3.27683   0.427553   0.759546   0.800026 │
│ asha_train_b1636_01341   TERMINATED   True       False      True            True       False      False        True                 False       True                   4           10.6104    0.406326   0.835295   0.812002 │
│ asha_train_b1636_01342   TERMINATED   True       False      True            True       False      True         True                 True        True                   1            4.28393   0.557804   0.831815   0.701984 │
│ asha_train_b1636_01343   TERMINATED   False      False      True            True       False      True         False                True        True                   1            2.45742   0.645897   0.761798   0.511733 │
│ asha_train_b1636_01344   TERMINATED   True       False      False           True       False      True         True                 False       True                   1            2.88621   0.475915   0.854233   0.790152 │
│ asha_train_b1636_01345   TERMINATED   True       False      False           True       True       True         True                 False       False                  1            3.53228   0.412938   0.783192   0.810293 │
│ asha_train_b1636_01346   TERMINATED   True       True       False           False      True       True         False                True        False                  1            3.86919   0.484267   0.666803   0.77263  │
│ asha_train_b1636_01347   TERMINATED   False      False      False           True       True       True         False                True        True                   2            5.07441   0.406144   0.799058   0.821162 │
│ asha_train_b1636_01348   TERMINATED   True       True       False           False      True       True         True                 False       False                  1            3.80297   0.428312   0.849012   0.79229  │
│ asha_train_b1636_01349   TERMINATED   True       True       True            False      True       False        False                True        True                   4           12.9464    0.383483   0.808783   0.826381 │
│ asha_train_b1636_01350   TERMINATED   True       False      True            True       False      False        False                False       False                  1            2.94204   0.514651   0.842461   0.74709  │
│ asha_train_b1636_01351   TERMINATED   True       True       True            True       True       True         False                False       False                  2            8.67028   0.448201   0.769475   0.818425 │
│ asha_train_b1636_01352   TERMINATED   True       False      True            False      False      True         False                False       False                  2            4.02128   0.387527   0.826594   0.818741 │
│ asha_train_b1636_01353   TERMINATED   True       True       False           True       True       True         False                True        False                  1            4.92076   0.484626   0.84328    0.774158 │
│ asha_train_b1636_01354   TERMINATED   True       False      False           False      True       True         False                False       False                  1            2.79295   0.389763   0.835091   0.813333 │
│ asha_train_b1636_01355   TERMINATED   False      False      True            False      False      False        False                True        False                  4            5.58145   0.496288   0.807964   0.824231 │
│ asha_train_b1636_01356   TERMINATED   False      False      True            True       False      True         False                True        False                  4            9.01984   0.391967   0.807657   0.821244 │
│ asha_train_b1636_01357   TERMINATED   False      True       False           True       False      True         False                False       True                   1            2.86063   0.435944   0.732931   0.802173 │
│ asha_train_b1636_01358   TERMINATED   False      True       False           True       False      False        True                 True        False                  2            7.2896    0.395819   0.813185   0.820773 │
│ asha_train_b1636_01359   TERMINATED   False      True       True            True       True       False        True                 False       False                  2            7.03327   0.4192     0.83939    0.804873 │
│ asha_train_b1636_01360   TERMINATED   True       True       False           False      True       True         True                 False       True                   2            7.2514    0.408876   0.802129   0.818636 │
│ asha_train_b1636_01361   TERMINATED   False      True       True            False      False      False        False                True        True                   4            7.71689   0.426655   0.786774   0.823934 │
│ asha_train_b1636_01362   TERMINATED   False      False      True            False      True       True         True                 False       False                  2            3.55113   0.608547   0.650425   0.763477 │
│ asha_train_b1636_01363   TERMINATED   False      True       True            False      True       False        True                 True        True                   2            5.66867   0.383968   0.823933   0.81963  │
│ asha_train_b1636_01364   TERMINATED   True       False      True            True       True       True         True                 False       True                   1            4.00987   0.497849   0.758317   0.809919 │
│ asha_train_b1636_01365   TERMINATED   False      False      False           True       False      False        True                 False       True                   4            6.83749   0.387604   0.813082   0.825103 │
│ asha_train_b1636_01366   TERMINATED   True       True       True            True       True       True         True                 True        True                   1            5.28483   0.515196   0.730269   0.765979 │
│ asha_train_b1636_01367   TERMINATED   True       False      True            True       True       False        True                 True        True                   1            4.17619   0.470423   0.73723    0.782573 │
│ asha_train_b1636_01368   TERMINATED   True       True       True            False      True       True         True                 False       True                   1            4.21527   0.598751   0.840311   0.786131 │
│ asha_train_b1636_01369   TERMINATED   True       False      True            False      True       False        True                 True        False                  2            5.47923   0.399337   0.824342   0.821072 │
│ asha_train_b1636_01370   TERMINATED   True       True       True            True       True       False        True                 True        False                  2           10.1923    0.389962   0.83376    0.820666 │
│ asha_train_b1636_01371   TERMINATED   False      False      False           True       False      False        False                True        False                  4            7.89568   0.381665   0.80172    0.82379  │
│ asha_train_b1636_01372   TERMINATED   False      True       True            False      False      True         True                 False       True                   2            4.50775   0.406562   0.825775   0.814978 │
│ asha_train_b1636_01373   TERMINATED   False      False      False           False      False      False        False                True        False                  4            5.04081   0.391379   0.806428   0.823661 │
│ asha_train_b1636_01374   TERMINATED   True       False      True            False      False      True         False                True        True                   1            2.19993   0.575266   0.819838   0.789823 │
│ asha_train_b1636_01375   TERMINATED   True       False      True            True       False      True         True                 True        True                   2            6.54035   0.402025   0.772443   0.818325 │
│ asha_train_b1636_01376   TERMINATED   False      True       True            True       True       True         False                False       False                  2            7.01981   0.387123   0.825878   0.820762 │
│ asha_train_b1636_01377   TERMINATED   True       False      True            True       True       False        False                False       False                  1            3.38579   0.401249   0.823421   0.810939 │
│ asha_train_b1636_01378   TERMINATED   True       True       False           False      False      False        False                False       False                  2            4.66232   0.382483   0.827516   0.82008  │
│ asha_train_b1636_01379   TERMINATED   True       False      False           True       True       True         False                True        True                   1            3.66514   0.532951   0.768554   0.722255 │
│ asha_train_b1636_01380   TERMINATED   False      False      True            True       True       True         True                 True        False                  4           10.4972    0.411061   0.778278   0.823039 │
│ asha_train_b1636_01381   TERMINATED   False      True       True            True       True       False        True                 False       False                  2            7.46927   0.396503   0.83335    0.807352 │
│ asha_train_b1636_01382   TERMINATED   False      False      False           True       False      False        False                False       True                   4            6.42645   0.380502   0.795373   0.823869 │
│ asha_train_b1636_01383   TERMINATED   True       True       False           False      False      False        False                False       True                   4            8.87789   0.379567   0.804484   0.821796 │
│ asha_train_b1636_01384   TERMINATED   False      True       True            False      True       False        True                 False       False                  1            3.22062   0.388026   0.834681   0.812331 │
│ asha_train_b1636_01385   TERMINATED   True       False      False           True       False      True         True                 False       True                   1            2.92653   0.644112   0.760672   0.5      │
│ asha_train_b1636_01386   TERMINATED   False      True       False           True       False      True         True                 False       True                   2            5.941     0.427043   0.804995   0.820667 │
│ asha_train_b1636_01387   TERMINATED   False      False      False           False      False      True         True                 True        True                   1            1.67712   0.602197   0.83939    0.789483 │
│ asha_train_b1636_01388   TERMINATED   True       True       True            True       False      True         False                True        False                  4           15.6133    0.388581   0.823216   0.816667 │
│ asha_train_b1636_01389   TERMINATED   True       False      True            False      True       True         False                False       False                  1            2.93908   0.42325    0.85239    0.791579 │
│ asha_train_b1636_01390   TERMINATED   True       True       True            False      False      True         True                 False       False                  1            2.73772   0.550047   0.850343   0.794924 │
│ asha_train_b1636_01391   TERMINATED   True       True       False           False      False      True         True                 True        True                   1            2.93915   0.40915    0.786774   0.80913  │
│ asha_train_b1636_01392   TERMINATED   True       True       True            False      False      False        False                False       False                  4            9.2789    0.385768   0.815846   0.824282 │
│ asha_train_b1636_01393   TERMINATED   False      True       False           True       False      False        True                 True        True                   2            6.65454   0.387387   0.830689   0.820114 │
│ asha_train_b1636_01394   TERMINATED   False      False      True            False      True       True         True                 False       True                   1            2.08121   0.660074   0.760672   0.5      │
│ asha_train_b1636_01395   TERMINATED   True       True       False           False      True       False        True                 True        False                  1            3.53521   0.420914   0.753506   0.813352 │
│ asha_train_b1636_01396   TERMINATED   False      True       False           True       True       True         True                 False       True                   1            3.59282   0.627818   0.644692   0.710021 │
│ asha_train_b1636_01397   TERMINATED   False      True       True            True       True       False        False                True        False                  4           14.7996    0.379346   0.818508   0.826324 │
│ asha_train_b1636_01398   TERMINATED   True       False      True            True       True       True         True                 True        False                  2            8.02986   0.407242   0.773877   0.815309 │
│ asha_train_b1636_01399   TERMINATED   False      True       True            True       True       False        False                True        True                   4           14.7053    0.37376    0.817382   0.822213 │
│ asha_train_b1636_01400   TERMINATED   False      False      False           True       False      False        True                 False       True                   2            4.10363   0.388954   0.794247   0.815507 │
│ asha_train_b1636_01401   TERMINATED   False      True       False           True       False      True         False                False       False                  2            5.32179   0.387967   0.777664   0.819558 │
│ asha_train_b1636_01402   TERMINATED   False      True       False           True       False      True         False                False       True                   2            5.54282   0.511469   0.643464   0.754651 │
│ asha_train_b1636_01403   TERMINATED   True       True       False           False      False      True         True                 False       True                   1            3.22159   0.43453    0.789538   0.795703 │
│ asha_train_b1636_01404   TERMINATED   True       False      True            True       False      False        False                True        True                   1            3.25812   0.526001   0.733135   0.791021 │
│ asha_train_b1636_01405   TERMINATED   False      True       False           False      False      True         True                 False       True                   1            2.18024   0.671217   0.853619   0.787403 │
│ asha_train_b1636_01406   TERMINATED   True       True       False           True       False      True         False                True        True                   1            4.17528   0.581789   0.839083   0.763631 │
│ asha_train_b1636_01407   TERMINATED   False      False      True            True       True       True         True                 False       True                   1            3.43648   0.676828   0.338929   0.565029 │
│ asha_train_b1636_01408   TERMINATED   True       True       False           False      True       True         True                 False       False                  1            3.66562   0.477416   0.854847   0.759482 │
│ asha_train_b1636_01409   TERMINATED   True       False      True            True       True       False        True                 True        False                  1            3.93834   0.522256   0.767018   0.773132 │
│ asha_train_b1636_01410   TERMINATED   True       False      False           False      False      True         False                True        False                  2            3.73045   0.453263   0.820657   0.819529 │
│ asha_train_b1636_01411   TERMINATED   True       False      True            True       True       False        False                True        False                  1            4.02145   0.480505   0.736309   0.779036 │
│ asha_train_b1636_01412   TERMINATED   False      False      True            False      False      False        False                False       False                  2            2.95532   0.387551   0.821988   0.819231 │
│ asha_train_b1636_01413   TERMINATED   False      True       False           True       False      True         True                 False       True                   1            2.90415   0.622461   0.770703   0.520958 │
│ asha_train_b1636_01414   TERMINATED   False      False      False           True       True       False        False                False       True                   2            4.08818   0.386835   0.807862   0.818887 │
│ asha_train_b1636_01415   TERMINATED   False      False      True            False      False      True         True                 False       True                   4            7.01971   0.376316   0.812263   0.822513 │
│ asha_train_b1636_01416   TERMINATED   True       True       True            False      True       True         True                 True        False                  4           13.466     0.434246   0.795168   0.823735 │
│ asha_train_b1636_01417   TERMINATED   True       True       True            False      True       True         True                 True        True                   1            3.74571   0.586385   0.850343   0.75359  │
│ asha_train_b1636_01418   TERMINATED   True       False      False           False      True       True         False                False       True                   1            2.83947   0.471511   0.841847   0.800918 │
│ asha_train_b1636_01419   TERMINATED   True       True       False           False      False      True         True                 False       True                   1            2.74941   0.421229   0.797011   0.812194 │
│ asha_train_b1636_01420   TERMINATED   True       True       False           True       False      True         True                 True        False                  1            4.18994   0.404909   0.779916   0.807553 │
│ asha_train_b1636_01421   TERMINATED   True       False      False           False      True       True         False                False       False                  2            5.18543   0.393025   0.830689   0.814837 │
│ asha_train_b1636_01422   TERMINATED   True       False      False           True       True       True         False                False       False                  1            3.4459    0.464669   0.676835   0.774974 │
│ asha_train_b1636_01423   TERMINATED   True       True       True            True       True       True         True                 False       True                   1            4.96055   0.49833    0.777869   0.80225  │
│ asha_train_b1636_01424   TERMINATED   True       False      True            False      False      True         True                 False       True                   4            8.23706   0.378855   0.82383    0.820589 │
│ asha_train_b1636_01425   TERMINATED   True       True       False           True       False      True         False                True        False                  1            3.91321   0.74207    0.760672   0.5      │
│ asha_train_b1636_01426   TERMINATED   True       True       True            True       True       True         False                False       False                  1            4.65725   0.489232   0.813696   0.809237 │
│ asha_train_b1636_01427   TERMINATED   True       True       True            True       False      True         True                 False       True                   1            4.02131   0.408411   0.757908   0.812581 │
│ asha_train_b1636_01428   TERMINATED   False      False      False           False      True       False        True                 False       False                  2            3.75833   0.374704   0.82813    0.817699 │
│ asha_train_b1636_01429   TERMINATED   False      True       False           True       True       True         False                False       False                  1            3.59417   0.445232   0.781144   0.804843 │
│ asha_train_b1636_01430   TERMINATED   True       False      False           False      False      False        False                True        True                   4            7.00291   0.375412   0.810728   0.825021 │
│ asha_train_b1636_01431   TERMINATED   False      True       True            True       True       True         False                False       True                   2            6.77274   0.470158   0.763231   0.814907 │
│ asha_train_b1636_01432   TERMINATED   True       False      False           False      True       False        False                True        False                  4            9.23822   0.379534   0.82424    0.820711 │
│ asha_train_b1636_01433   TERMINATED   True       True       True            False      False      True         False                False       True                   1            2.72397   0.644703   0.844713   0.717644 │
│ asha_train_b1636_01434   TERMINATED   False      True       False           True       True       True         False                False       False                  1            3.61843   0.514277   0.798239   0.744699 │
│ asha_train_b1636_01435   TERMINATED   True       True       True            True       True       True         False                False       True                   1            4.75769   0.431684   0.79005    0.804101 │
│ asha_train_b1636_01436   TERMINATED   False      False      False           True       False      False        True                 True        True                   4            9.44917   0.377309   0.809397   0.822974 │
│ asha_train_b1636_01437   TERMINATED   False      False      True            False      True       True         True                 False       True                   1            2.19974   0.601252   0.823216   0.643126 │
│ asha_train_b1636_01438   TERMINATED   False      True       False           True       False      False        True                 False       True                   1            3.76883   0.499342   0.789129   0.802323 │
│ asha_train_b1636_01439   TERMINATED   True       True       True            True       False      False        False                True        True                   1            4.27698   0.492108   0.819326   0.757973 │
│ asha_train_b1636_01440   TERMINATED   True       True       False           True       False      False        False                False       True                   4           13.29      0.380419   0.793019   0.823348 │
│ asha_train_b1636_01441   TERMINATED   False      True       True            False      True       True         True                 True        False                  1            3.74495   0.390497   0.836831   0.8092   │
│ asha_train_b1636_01442   TERMINATED   True       False      True            False      True       True         True                 True        True                   1            3.1323    0.451681   0.855564   0.774611 │
│ asha_train_b1636_01443   TERMINATED   False      True       True            False      True       True         True                 True        True                   1            3.68716   0.559905   0.851571   0.726549 │
│ asha_train_b1636_01444   TERMINATED   True       True       True            False      False      True         True                 True        True                   1            2.77074   0.573786   0.853926   0.788777 │
│ asha_train_b1636_01445   TERMINATED   False      False      False           True       True       True         False                True        False                  4            9.57852   0.420302   0.773877   0.818827 │
│ asha_train_b1636_01446   TERMINATED   True       False      True            True       True       False        False                False       False                  2            6.44512   0.402247   0.821067   0.814961 │
│ asha_train_b1636_01447   TERMINATED   True       False      False           False      True       True         False                True        False                  1            2.61273   0.47123    0.729962   0.804325 │
│ asha_train_b1636_01448   TERMINATED   True       False      False           False      False      False        False                True        True                   1            1.99434   0.693095   0.760672   0.5      │
│ asha_train_b1636_01449   TERMINATED   False      True       True            False      True       True         False                False       False                  1            2.87208   0.668583   0.760672   0.5      │
│ asha_train_b1636_01450   TERMINATED   False      True       True            False      True       False        False                True        False                  1            2.87321   0.396047   0.850241   0.807022 │
│ asha_train_b1636_01451   TERMINATED   False      False      True            True       True       True         True                 True        False                  1            3.52608   0.574592   0.621763   0.72397  │
│ asha_train_b1636_01452   TERMINATED   False      True       True            False      False      True         True                 True        False                  2            5.30918   0.38464    0.801106   0.821042 │
│ asha_train_b1636_01453   TERMINATED   False      True       True            True       False      True         True                 False       True                   1            3.52919   0.606767   0.709284   0.781206 │
│ asha_train_b1636_01454   TERMINATED   True       True       True            False      False      True         True                 True        True                   2            5.95197   0.413657   0.815437   0.817563 │
│ asha_train_b1636_01455   TERMINATED   True       True       True            False      True       False        True                 True        True                   4           13.1832    0.375742   0.819736   0.824786 │
│ asha_train_b1636_01456   TERMINATED   True       False      False           False      True       True         True                 True        False                  1            2.96815   0.391995   0.836728   0.810599 │
│ asha_train_b1636_01457   TERMINATED   False      True       False           False      True       True         True                 False       True                   1            2.93312   0.424251   0.853516   0.791586 │
│ asha_train_b1636_01458   TERMINATED   True       True       False           False      True       False        True                 True        True                   4           13.0111    0.379435   0.809192   0.824305 │
│ asha_train_b1636_01459   TERMINATED   False      True       True            False      True       True         False                True        False                  1            3.00713   0.585244   0.799672   0.583239 │
│ asha_train_b1636_01460   TERMINATED   True       True       True            False      False      True         True                 False       False                  1            3.19505   0.436486   0.829461   0.811391 │
│ asha_train_b1636_01461   TERMINATED   False      True       True            False      True       True         True                 True        True                   1            3.10977   0.571991   0.854745   0.760588 │
│ asha_train_b1636_01462   TERMINATED   False      False      True            True       False      True         True                 True        True                   1            3.36534   0.412887   0.756577   0.807749 │
│ asha_train_b1636_01463   TERMINATED   False      True       True            False      False      False        True                 True        True                   2            4.61459   0.383654   0.812366   0.821261 │
│ asha_train_b1636_01464   TERMINATED   True       True       True            True       False      True         False                True        True                   1            4.23582   0.416938   0.77142    0.808125 │
│ asha_train_b1636_01465   TERMINATED   True       False      True            True       True       True         True                 False       True                   2            7.06334   0.464953   0.764254   0.810157 │
│ asha_train_b1636_01466   TERMINATED   True       False      False           False      True       True         False                False       False                  4            9.53216   0.383583   0.836524   0.819698 │
│ asha_train_b1636_01467   TERMINATED   True       False      False           False      True       False        True                 False       True                   1            3.06323   0.404031   0.841744   0.806567 │
│ asha_train_b1636_01468   TERMINATED   True       False      False           False      True       False        False                True        False                  4            9.10046   0.379088   0.832224   0.818338 │
│ asha_train_b1636_01469   TERMINATED   True       True       False           False      True       False        False                True        True                   4           12.4109    0.372292   0.800696   0.828394 │
│ asha_train_b1636_01470   TERMINATED   False      False      False           False      True       False        False                False       True                   4            6.30356   0.373183   0.823114   0.823049 │
│ asha_train_b1636_01471   TERMINATED   True       True       False           False      False      True         True                 False       True                   1            3.17729   0.597591   0.826594   0.742524 │
│ asha_train_b1636_01472   TERMINATED   True       True       True            True       False      False        True                 False       True                   1            4.2472    0.583957   0.706521   0.770302 │
│ asha_train_b1636_01473   TERMINATED   True       False      True            False      True       False        True                 False       True                   4           10.1537    0.374927   0.82598    0.822735 │
│ asha_train_b1636_01474   TERMINATED   True       False      False           False      True       False        True                 False       False                  2            5.5207    0.388357   0.791995   0.818571 │
│ asha_train_b1636_01475   TERMINATED   False      False      True            False      True       False        False                False       True                   4            6.80261   0.372854   0.827413   0.822504 │
│ asha_train_b1636_01476   TERMINATED   False      True       False           True       True       True         True                 False       True                   2            6.97068   0.441809   0.774798   0.81826  │
│ asha_train_b1636_01477   TERMINATED   True       True       True            True       True       True         True                 True        True                   1            5.73437   0.471242   0.790255   0.813176 │
│ asha_train_b1636_01478   TERMINATED   True       True       False           False      False      False        False                True        True                   1            2.72386   0.693095   0.760672   0.5      │
│ asha_train_b1636_01479   TERMINATED   True       True       True            False      True       False        True                 True        True                   1            4.22971   0.497949   0.703654   0.783515 │
│ asha_train_b1636_01480   TERMINATED   True       True       True            False      True       False        True                 False       False                  2            6.77522   0.466636   0.764664   0.806029 │
│ asha_train_b1636_01481   TERMINATED   True       True       True            False      False      False        True                 False       True                   1            2.79759   0.693139   0.760672   0.5      │
│ asha_train_b1636_01482   TERMINATED   False      True       True            True       False      False        False                False       False                  4           10.7592    0.382656   0.800798   0.823331 │
│ asha_train_b1636_01483   TERMINATED   False      True       False           False      False      False        True                 True        False                  1            2.32785   0.693097   0.760672   0.5      │
│ asha_train_b1636_01484   TERMINATED   False      True       True            True       True       True         True                 True        True                   1            4.3992    0.450366   0.765176   0.811788 │
│ asha_train_b1636_01485   TERMINATED   False      True       True            False      False      True         False                True        True                   4            7.98991   0.377063   0.813082   0.824517 │
│ asha_train_b1636_01486   TERMINATED   False      False      False           True       True       True         False                True        True                   2            5.11417   0.413288   0.776129   0.820161 │
│ asha_train_b1636_01487   TERMINATED   True       True       False           True       False      True         False                True        True                   1            4.13233   0.577368   0.84113    0.748267 │
│ asha_train_b1636_01488   TERMINATED   False      False      False           False      True       False        False                False       True                   4            6.07326   0.373183   0.823114   0.823049 │
│ asha_train_b1636_01489   TERMINATED   False      False      True            True       False      False        False                True        False                  4            8.64694   0.385421   0.800798   0.822892 │
│ asha_train_b1636_01490   TERMINATED   True       False      True            True       False      False        True                 False       True                   1            3.30731   0.492636   0.795885   0.767482 │
│ asha_train_b1636_01491   TERMINATED   True       True       False           False      False      False        True                 False       False                  1            2.78347   0.693094   0.760672   0.5      │
│ asha_train_b1636_01492   TERMINATED   True       False      True            False      True       True         False                False       False                  1            2.86586   0.595132   0.800184   0.584601 │
│ asha_train_b1636_01493   TERMINATED   False      False      True            True       True       True         False                True        False                  2            5.34443   0.427792   0.770294   0.81999  │
│ asha_train_b1636_01494   TERMINATED   False      True       True            False      True       False        True                 True        True                   1            3.09041   0.401785   0.837752   0.811711 │
│ asha_train_b1636_01495   TERMINATED   True       False      False           True       False      True         False                True        True                   1            3.27715   0.507129   0.802948   0.783997 │
│ asha_train_b1636_01496   TERMINATED   False      True       False           False      True       True         False                False       True                   2            5.18226   0.471845   0.720852   0.801122 │
│ asha_train_b1636_01497   TERMINATED   False      False      False           True       True       False        False                False       True                   2            4.06038   0.386835   0.807862   0.818887 │
│ asha_train_b1636_01498   TERMINATED   False      True       False           False      True       True         True                 True        True                   1            3.0105    0.399199   0.840106   0.811207 │
│ asha_train_b1636_01499   TERMINATED   True       False      False           True       True       False        False                False       True                   1            3.67221   0.467724   0.755144   0.802996 │
│ asha_train_b1636_01500   TERMINATED   False      True       True            False      False      True         False                True        False                  4            8.07407   0.410551   0.811444   0.824613 │
│ asha_train_b1636_01501   TERMINATED   False      False      False           False      True       False        True                 True        True                   4            7.30441   0.370584   0.811751   0.827893 │
│ asha_train_b1636_01502   TERMINATED   True       False      True            False      True       True         True                 False       False                  2            5.22792   0.382211   0.773262   0.819596 │
│ asha_train_b1636_01503   TERMINATED   True       False      True            True       False      True         True                 True        True                   1            3.50401   0.515729   0.852697   0.754552 │
│ asha_train_b1636_01504   TERMINATED   False      True       False           False      True       True         False                True        True                   1            2.87742   0.398921   0.84287    0.809946 │
│ asha_train_b1636_01505   TERMINATED   True       False      True            False      True       False        True                 False       True                   2            5.25944   0.3838     0.822909   0.819983 │
│ asha_train_b1636_01506   TERMINATED   True       False      True            False      True       True         False                False       True                   1            3.04385   0.830346   0.760672   0.5      │
│ asha_train_b1636_01507   TERMINATED   False      False      True            True       True       True         False                True        False                  2            5.74359   0.427792   0.770294   0.81999  │
│ asha_train_b1636_01508   TERMINATED   True       True       False           False      False      False        False                True        False                  1            2.69526   0.693097   0.760672   0.5      │
│ asha_train_b1636_01509   TERMINATED   False      False      False           True       True       False        False                False       True                   2            4.05008   0.386835   0.807862   0.818887 │
│ asha_train_b1636_01510   TERMINATED   True       True       True            False      True       False        True                 False       True                   2            6.94641   0.401381   0.769577   0.818786 │
│ asha_train_b1636_01511   TERMINATED   True       True       False           True       True       True         True                 False       True                   2            9.27467   0.41884    0.760979   0.815479 │
│ asha_train_b1636_01512   TERMINATED   True       True       False           True       False      False        False                False       False                  2            6.71755   0.415882   0.819941   0.818765 │
│ asha_train_b1636_01513   TERMINATED   True       False      True            False      True       True         True                 False       True                   1            2.97806   0.55574    0.85065    0.766984 │
│ asha_train_b1636_01514   TERMINATED   False      True       False           True       True       False        False                True        False                  1            4.03913   0.412802   0.830382   0.804815 │
│ asha_train_b1636_01515   TERMINATED   True       True       False           False      False      True         False                True        True                   1            2.67443   0.5742     0.848603   0.792314 │
│ asha_train_b1636_01516   TERMINATED   True       True       True            True       True       True         False                True        True                   2           10.3475    0.451309   0.761798   0.815577 │
│ asha_train_b1636_01517   TERMINATED   True       False      True            True       True       False        True                 True        False                  1            4.31242   0.495998   0.752687   0.765911 │
│ asha_train_b1636_01518   TERMINATED   True       True       False           True       False      False        True                 False       True                   1            3.78286   0.463663   0.781759   0.804074 │
│ asha_train_b1636_01519   TERMINATED   True       True       False           False      False      False        False                False       False                  1            2.53626   0.693094   0.760672   0.5      │
│ asha_train_b1636_01520   TERMINATED   False      True       False           True       False      False        True                 True        True                   2            6.48782   0.397731   0.808476   0.820463 │
│ asha_train_b1636_01521   TERMINATED   True       True       True            True       True       False        True                 False       False                  1            4.53785   0.614468   0.510492   0.621956 │
│ asha_train_b1636_01522   TERMINATED   False      True       True            True       False      False        False                True        True                   4           12.3764    0.376597   0.807555   0.822496 │
│ asha_train_b1636_01523   TERMINATED   True       True       True            True       True       True         False                True        False                  1            5.29546   0.49811    0.75238    0.810853 │
│ asha_train_b1636_01524   TERMINATED   False      False      False           True       True       False        True                 False       False                  1            2.69214   0.415947   0.809807   0.808733 │
│ asha_train_b1636_01525   TERMINATED   True       False      True            False      True       True         True                 False       False                  1            3.31521   0.443843   0.851059   0.783522 │
│ asha_train_b1636_01526   TERMINATED   True       False      True            False      True       False        False                False       False                  1            2.88732   0.49767    0.713481   0.78719  │
│ asha_train_b1636_01527   TERMINATED   True       False      False           False      False      True         True                 True        False                  1            2.3126    0.434814   0.815027   0.810992 │
│ asha_train_b1636_01528   TERMINATED   False      True       False           True       True       False        True                 False       False                  1            3.52641   0.425353   0.822602   0.802339 │
│ asha_train_b1636_01529   TERMINATED   False      False      False           False      True       True         False                True        True                   1            2.20768   0.449431   0.856587   0.780413 │
│ asha_train_b1636_01530   TERMINATED   True       False      False           True       False      True         False                False       True                   2            5.48971   0.426954   0.781963   0.820625 │
│ asha_train_b1636_01531   TERMINATED   True       False      True            True       True       True         False                False       False                  1            3.52277   0.475448   0.745522   0.807517 │
│ asha_train_b1636_01532   TERMINATED   True       False      False           False      True       False        False                False       False                  4            9.0534    0.399462   0.804074   0.816983 │
│ asha_train_b1636_01533   TERMINATED   True       True       False           True       False      True         False                True        True                   4           14.9099    0.372385   0.802232   0.823541 │
│ asha_train_b1636_01534   TERMINATED   True       False      True            False      True       True         False                False       False                  1            2.7407    0.421033   0.728529   0.804263 │
│ asha_train_b1636_01535   TERMINATED   False      False      True            False      True       True         False                False       False                  4            6.65748   0.370606   0.805917   0.828161 │
│ asha_train_b1636_01536   TERMINATED   False      False      True            True       False      False        True                 True        False                  4            8.98596   0.387748   0.800287   0.823435 │
│ asha_train_b1636_01537   TERMINATED   True       False      True            False      True       False        False                True        False                  1            2.77513   0.421215   0.80694    0.809633 │
│ asha_train_b1636_01538   TERMINATED   False      False      True            True       False      True         False                False       False                  4            7.2896    0.378779   0.794657   0.822959 │
│ asha_train_b1636_01539   TERMINATED   False      True       False           False      True       False        False                False       True                   4           10.1693    0.376307   0.829563   0.821425 │
│ asha_train_b1636_01540   TERMINATED   True       True       False           False      False      False        True                 False       True                   1            2.57466   0.693095   0.760672   0.5      │
│ asha_train_b1636_01541   TERMINATED   False      False      False           True       True       True         True                 False       False                  2            4.56327   0.421408   0.752073   0.808159 │
│ asha_train_b1636_01542   TERMINATED   False      True       False           False      False      False        True                 False       True                   2            4.70757   0.384279   0.797113   0.820469 │
│ asha_train_b1636_01543   TERMINATED   False      True       False           True       False      True         True                 True        True                   4           12.729     0.378062   0.817279   0.822292 │
│ asha_train_b1636_01544   TERMINATED   False      False      False           False      False      False        True                 False       False                  4            5.0611    0.384452   0.806121   0.825218 │
│ asha_train_b1636_01545   TERMINATED   True       True       True            False      True       True         False                False       False                  2            6.7151    0.388182   0.827413   0.817374 │
│ asha_train_b1636_01546   TERMINATED   True       True       True            True       False      False        False                False       True                   2            7.06383   0.406347   0.832531   0.812384 │
│ asha_train_b1636_01547   TERMINATED   True       True       True            True       True       True         False                False       False                  2            8.82469   0.458563   0.763947   0.815525 │
│ asha_train_b1636_01548   TERMINATED   True       True       False           False      False      True         True                 False       True                   2            4.94077   0.376293   0.818917   0.821024 │
│ asha_train_b1636_01549   TERMINATED   True       True       False           False      False      False        True                 True        False                  1            2.60172   0.693095   0.760672   0.5      │
│ asha_train_b1636_01550   TERMINATED   True       True       True            True       False      True         False                True        True                   1            4.30795   0.638513   0.794554   0.616371 │
│ asha_train_b1636_01551   TERMINATED   False      True       True            False      True       False        True                 False       True                   2            5.87907   0.38818    0.822193   0.81834  │
│ asha_train_b1636_01552   TERMINATED   False      True       True            True       True       False        True                 True        False                  4           15.3503    0.390666   0.825468   0.823278 │
│ asha_train_b1636_01553   TERMINATED   False      True       False           False      False      True         True                 False       False                  1            2.21042   0.636251   0.851981   0.793362 │
│ asha_train_b1636_01554   TERMINATED   True       True       False           True       True       False        False                False       True                   2            8.54645   0.383924   0.812161   0.8201   │
│ asha_train_b1636_01555   TERMINATED   True       False      False           False      True       True         True                 True        False                  1            2.95459   0.438028   0.853823   0.783434 │
│ asha_train_b1636_01556   TERMINATED   False      False      False           False      True       True         True                 True        False                  4            6.95044   0.378664   0.813389   0.823986 │
│ asha_train_b1636_01557   TERMINATED   True       False      True            True       True       False        False                True        False                  1            3.94672   0.412973   0.814925   0.813269 │
│ asha_train_b1636_01558   TERMINATED   False      False      False           False      True       True         True                 True        True                   1            2.44113   0.421628   0.85239    0.799494 │
│ asha_train_b1636_01559   TERMINATED   False      False      False           True       True       True         True                 False       False                  2            4.24617   0.439381   0.777664   0.818971 │
│ asha_train_b1636_01560   TERMINATED   False      False      False           True       True       False        True                 False       True                   2            4.1636    0.413868   0.814208   0.82042  │
│ asha_train_b1636_01561   TERMINATED   False      False      True            True       True       True         False                False       True                   1            2.27639   0.521235   0.758215   0.757525 │
│ asha_train_b1636_01562   TERMINATED   False      False      True            False      True       True         False                False       True                   1            2.02407   0.404018   0.847477   0.803886 │
│ asha_train_b1636_01563   TERMINATED   True       False      False           True       False      True         True                 True        False                  1            3.39723   0.59154    0.725663   0.763684 │
│ asha_train_b1636_01564   TERMINATED   False      True       False           False      True       True         False                True        True                   1            2.75074   0.680477   0.239328   0.5      │
│ asha_train_b1636_01565   TERMINATED   False      True       False           True       False      False        True                 False       False                  2            5.95901   0.39657    0.788105   0.814842 │
│ asha_train_b1636_01566   TERMINATED   True       False      False           True       True       False        False                True        False                  1            3.69119   0.444855   0.765483   0.79748  │
│ asha_train_b1636_01567   TERMINATED   True       False      False           False      False      True         False                False       True                   1            2.08748   0.421895   0.796192   0.807992 │
│ asha_train_b1636_01568   TERMINATED   True       False      True            True       True       False        False                True        True                   1            4.1034    0.5014     0.737332   0.743945 │
│ asha_train_b1636_01569   TERMINATED   False      False      False           True       False      False        True                 True        True                   4            8.24026   0.37637    0.814822   0.823316 │
│ asha_train_b1636_01570   TERMINATED   False      False      True            True       False      True         False                False       False                  1            2.079     0.634944   0.772853   0.525449 │
│ asha_train_b1636_01571   TERMINATED   True       True       False           True       True       False        True                 True        True                   4           18.9548    0.375775   0.819838   0.824267 │
│ asha_train_b1636_01572   TERMINATED   False      False      True            True       True       False        True                 True        False                  1            3.05706   0.408682   0.819941   0.813488 │
│ asha_train_b1636_01573   TERMINATED   False      False      True            True       False      True         False                False       True                   1            2.34992   0.412545   0.757805   0.813393 │
│ asha_train_b1636_01574   TERMINATED   True       False      False           True       False      False        False                True        True                   2            5.74723   0.391853   0.80909    0.821306 │
│ asha_train_b1636_01575   TERMINATED   True       False      False           False      False      True         False                False       True                   1            2.31458   0.49103    0.84113    0.799861 │
│ asha_train_b1636_01576   TERMINATED   False      False      False           False      False      False        False                False       True                   2            2.96294   0.378176   0.807247   0.821268 │
│ asha_train_b1636_01577   TERMINATED   False      False      False           True       True       False        True                 True        False                  2            4.78269   0.405728   0.83591    0.814897 │
│ asha_train_b1636_01578   TERMINATED   True       True       False           False      True       False        False                True        False                  4           12.2069    0.378179   0.826697   0.821594 │
│ asha_train_b1636_01579   TERMINATED   False      True       False           True       False      False        False                False       False                  2            5.18273   0.405121   0.779302   0.816677 │
│ asha_train_b1636_01580   TERMINATED   False      True       True            False      False      True         True                 True        True                   2            4.82328   0.391729   0.814618   0.814826 │
│ asha_train_b1636_01581   TERMINATED   True       True       False           True       True       False        True                 False       False                  1            4.41065   0.516425   0.792609   0.795376 │
│ asha_train_b1636_01582   TERMINATED   False      False      False           False      False      True         False                True        True                   1            1.53889   0.572141   0.853414   0.768361 │
│ asha_train_b1636_01583   TERMINATED   False      False      True            False      False      True         False                True        True                   4            5.84329   0.381911   0.810318   0.826364 │
│ asha_train_b1636_01584   TERMINATED   False      False      True            True       False      False        False                True        False                  2            4.60157   0.389252   0.802436   0.82089  │
│ asha_train_b1636_01585   TERMINATED   True       False      True            True       False      False        True                 True        True                   1            3.44242   0.527391   0.723001   0.744199 │
│ asha_train_b1636_01586   TERMINATED   True       True       False           False      False      True         False                False       False                  1            2.50235   0.639023   0.846044   0.709431 │
│ asha_train_b1636_01587   TERMINATED   False      False      True            True       False      True         False                True        False                  1            2.67308   0.40985    0.742962   0.807008 │
│ asha_train_b1636_01588   TERMINATED   False      False      True            True       False      True         True                 True        False                  2            5.15605   0.383299   0.774388   0.820189 │
│ asha_train_b1636_01589   TERMINATED   False      False      False           False      True       True         True                 False       True                   1            1.91134   0.466741   0.856485   0.762611 │
│ asha_train_b1636_01590   TERMINATED   True       True       True            True       False      True         False                True        False                  1            4.63656   0.426661   0.78483    0.802135 │
│ asha_train_b1636_01591   TERMINATED   False      False      False           False      True       True         True                 True        True                   1            1.85009   0.552712   0.850343   0.72281  │
│ asha_train_b1636_01592   TERMINATED   False      False      True            False      False      True         False                True        True                   4            5.55189   0.475948   0.81257    0.826965 │
│ asha_train_b1636_01593   TERMINATED   True       True       False           False      False      True         True                 True        False                  2            4.98038   0.394556   0.787901   0.81456  │
│ asha_train_b1636_01594   TERMINATED   False      False      True            False      True       False        True                 False       True                   2            4.30884   0.379359   0.826594   0.81581  │
│ asha_train_b1636_01595   TERMINATED   False      False      False           False      True       False        False                False       False                  2            3.38612   0.376786   0.825161   0.820731 │
│ asha_train_b1636_01596   TERMINATED   False      True       False           False      False      False        True                 True        False                  1            2.52578   0.395797   0.825264   0.811271 │
│ asha_train_b1636_01597   TERMINATED   False      False      False           True       False      False        True                 True        True                   4            8.98566   0.410072   0.813082   0.824957 │
│ asha_train_b1636_01598   TERMINATED   False      False      True            True       True       True         True                 True        False                  4           12.158     0.403866   0.780018   0.820079 │
│ asha_train_b1636_01599   TERMINATED   False      True       True            False      False      False        True                 False       True                   1            2.51474   0.693095   0.760672   0.5      │
│ asha_train_b1636_01600   TERMINATED   True       False      True            True       True       True         True                 True        True                   1            4.21753   0.409208   0.772853   0.811118 │
│ asha_train_b1636_01601   TERMINATED   False      False      True            True       False      True         False                False       True                   1            2.35902   0.412545   0.757805   0.813393 │
│ asha_train_b1636_01602   TERMINATED   False      False      False           False      False      True         False                True        True                   2            2.80475   0.462677   0.822909   0.821156 │
│ asha_train_b1636_01603   TERMINATED   False      False      True            False      False      False        False                False       True                   2            3.02109   0.377204   0.820657   0.821288 │
│ asha_train_b1636_01604   TERMINATED   True       False      False           True       False      False        False                True        False                  1            3.17875   0.476511   0.845839   0.772762 │
│ asha_train_b1636_01605   TERMINATED   False      False      False           True       True       False        False                False       False                  2            4.11426   0.409814   0.840721   0.808972 │
│ asha_train_b1636_01606   TERMINATED   True       False      False           False      True       True         True                 True        True                   1            2.77895   0.667382   0.795885   0.575912 │
│ asha_train_b1636_01607   TERMINATED   False      True       False           True       True       False        False                False       True                   2            6.64477   0.38708    0.811342   0.821174 │
│ asha_train_b1636_01608   TERMINATED   False      True       False           True       False      False        False                True        False                  2            6.17541   0.42896    0.779916   0.809019 │
│ asha_train_b1636_01609   TERMINATED   True       True       False           False      True       False        True                 False       True                   4           12.9349    0.375074   0.818917   0.823076 │
│ asha_train_b1636_01610   TERMINATED   True       True       False           True       False      True         True                 True        False                  1            4.14753   0.624496   0.77101    0.5216   │
│ asha_train_b1636_01611   TERMINATED   False      False      True            False      False      True         False                False       False                  4            5.51764   0.52388    0.819531   0.823919 │
│ asha_train_b1636_01612   TERMINATED   False      False      True            False      True       False        True                 False       False                  2            3.89587   0.383362   0.841744   0.81243  │
│ asha_train_b1636_01613   TERMINATED   True       False      False           False      True       False        True                 True        False                  2            4.95602   0.383253   0.840209   0.814939 │
│ asha_train_b1636_01614   TERMINATED   False      False      False           True       True       False        False                True        True                   2            4.84857   0.38279    0.815744   0.817325 │
│ asha_train_b1636_01615   TERMINATED   True       False      True            False      True       False        False                False       True                   4            9.76368   0.375294   0.82383    0.820882 │
│ asha_train_b1636_01616   TERMINATED   True       False      False           False      True       False        True                 True        True                   4            9.55082   0.380704   0.802027   0.826191 │
│ asha_train_b1636_01617   TERMINATED   True       True       False           False      False      False        True                 True        True                   1            2.56281   0.693095   0.760672   0.5      │
│ asha_train_b1636_01618   TERMINATED   False      True       False           False      True       True         False                False       True                   1            2.68864   0.447399   0.856485   0.781519 │
│ asha_train_b1636_01619   TERMINATED   False      True       True            False      False      False        False                True        True                   4            7.77771   0.392301   0.810216   0.825125 │
│ asha_train_b1636_01620   TERMINATED   False      False      False           False      False      False        True                 True        True                   4            5.34074   0.374634   0.810011   0.82499  │
│ asha_train_b1636_01621   TERMINATED   True       False      False           True       True       False        False                True        False                  1            3.78267   0.39406    0.832531   0.811504 │
│ asha_train_b1636_01622   TERMINATED   True       True       False           False      False      False        False                False       True                   1            2.60612   0.693112   0.760672   0.5      │
│ asha_train_b1636_01623   TERMINATED   False      True       True            True       False      False        False                True        True                   4           12.5106    0.375532   0.810421   0.825406 │
│ asha_train_b1636_01624   TERMINATED   True       True       True            True       False      False        True                 True        True                   2            9.27672   0.391551   0.811035   0.81936  │
│ asha_train_b1636_01625   TERMINATED   False      True       True            True       False      False        False                False       True                   4           10.7689    0.379286   0.802846   0.823211 │
│ asha_train_b1636_01626   TERMINATED   True       True       False           False      True       False        True                 False       True                   1            3.44692   0.415522   0.763231   0.811243 │
│ asha_train_b1636_01627   TERMINATED   False      True       True            True       False      False        False                True        True                   4           12.4724    0.388363   0.804688   0.820612 │
│ asha_train_b1636_01628   TERMINATED   True       False      False           True       True       False        True                 False       False                  1            3.1889    0.418657   0.821169   0.811218 │
│ asha_train_b1636_01629   TERMINATED   True       False      True            True       True       True         True                 False       True                   2            7.24855   0.469966   0.755349   0.813097 │
│ asha_train_b1636_01630   TERMINATED   False      True       True            False      True       False        True                 False       False                  2            5.51527   0.464434   0.774184   0.810674 │
│ asha_train_b1636_01631   TERMINATED   False      True       True            False      False      True         True                 True        False                  4            8.73817   0.385368   0.814413   0.824366 │
│ asha_train_b1636_01632   TERMINATED   True       False      False           False      False      False        True                 True        False                  1            2.36035   0.693094   0.760672   0.5      │
│ asha_train_b1636_01633   TERMINATED   True       True       False           True       False      True         True                 False       False                  1            3.58917   0.513899   0.85454    0.774377 │
│ asha_train_b1636_01634   TERMINATED   True       True       False           True       False      False        False                False       False                  1            3.59987   0.546235   0.677551   0.741293 │
│ asha_train_b1636_01635   TERMINATED   False      True       True            True       False      True         True                 False       False                  4           11.1793    0.379423   0.806121   0.82258  │
│ asha_train_b1636_01636   TERMINATED   False      True       False           False      True       False        True                 False       False                  2            5.33711   0.387043   0.841028   0.811226 │
│ asha_train_b1636_01637   TERMINATED   True       True       True            False      True       False        True                 True        True                   2            7.12873   0.42472    0.811649   0.817126 │
│ asha_train_b1636_01638   TERMINATED   True       True       False           True       False      False        True                 True        False                  2            7.41514   0.396486   0.804074   0.815078 │
│ asha_train_b1636_01639   TERMINATED   False      False      True            False      False      False        False                True        True                   4            5.79195   0.441619   0.782168   0.822958 │
│ asha_train_b1636_01640   TERMINATED   True       False      True            True       True       False        False                True        True                   2            7.61872   0.38308    0.812468   0.820889 │
│ asha_train_b1636_01641   TERMINATED   False      False      True            True       True       False        True                 False       False                  1            2.57664   0.40369    0.821271   0.812897 │
│ asha_train_b1636_01642   TERMINATED   True       True       False           True       False      True         False                True        True                   1            4.18203   0.525902   0.844713   0.714566 │
│ asha_train_b1636_01643   TERMINATED   False      True       False           False      True       False        False                False       False                  2            5.14158   0.387723   0.839288   0.813893 │
│ asha_train_b1636_01644   TERMINATED   False      False      True            False      True       False        True                 True        True                   4            7.03108   0.380249   0.80694    0.826049 │
│ asha_train_b1636_01645   TERMINATED   False      True       True            False      True       True         True                 True        False                  4           11.9425    0.457201   0.802334   0.8261   │
│ asha_train_b1636_01646   TERMINATED   True       False      False           True       True       True         True                 False       True                   1            3.60335   0.526825   0.769782   0.793124 │
│ asha_train_b1636_01647   TERMINATED   True       True       False           True       False      True         False                True        False                  1            3.8668    0.664923   0.766302   0.511762 │
│ asha_train_b1636_01648   TERMINATED   True       False      False           False      False      False        False                False       True                   4            7.04602   0.377418   0.824956   0.820743 │
│ asha_train_b1636_01649   TERMINATED   True       False      True            True       True       False        False                True        False                  1            4.02643   0.47329    0.811035   0.793124 │
│ asha_train_b1636_01650   TERMINATED   False      False      True            True       False      True         True                 False       True                   2            4.92394   0.397949   0.785137   0.820512 │
│ asha_train_b1636_01651   TERMINATED   True       True       True            True       True       True         True                 False       False                  1            5.06091   0.541208   0.72556    0.769479 │
│ asha_train_b1636_01652   TERMINATED   True       False      True            False      False      True         True                 False       False                  1            2.63526   0.398859   0.824138   0.813609 │
│ asha_train_b1636_01653   TERMINATED   True       True       False           False      False      False        False                False       False                  1            2.69306   0.693106   0.760672   0.5      │
│ asha_train_b1636_01654   TERMINATED   False      True       True            False      True       False        False                False       True                   4           10.4434    0.376705   0.838469   0.820097 │
│ asha_train_b1636_01655   TERMINATED   True       False      False           True       True       False        False                False       False                  1            3.32744   0.391203   0.827516   0.813484 │
│ asha_train_b1636_01656   TERMINATED   True       False      True            False      False      False        False                False       True                   4            7.76932   0.376839   0.82076    0.823407 │
│ asha_train_b1636_01657   TERMINATED   False      False      False           True       False      True         False                False       True                   1            2.2893    0.420165   0.750845   0.80999  │
│ asha_train_b1636_01658   TERMINATED   True       True       False           True       False      False        False                False       False                  2            6.7203    0.396238   0.810625   0.816893 │
│ asha_train_b1636_01659   TERMINATED   True       False      True            False      True       True         True                 True        False                  1            3.1414    0.501576   0.850241   0.797495 │
│ asha_train_b1636_01660   TERMINATED   True       True       False           False      True       True         False                True        True                   1            3.61385   0.688502   0.239328   0.5      │
│ asha_train_b1636_01661   TERMINATED   False      False      True            True       True       False        True                 False       True                   4            8.47772   0.382458   0.818405   0.821567 │
│ asha_train_b1636_01662   TERMINATED   True       True       True            False      True       True         False                True        True                   1            3.79532   0.426077   0.852493   0.794431 │
│ asha_train_b1636_01663   TERMINATED   False      True       True            False      False      False        True                 False       True                   4            8.8256    0.375864   0.817484   0.823892 │
│ asha_train_b1636_01664   TERMINATED   True       True       False           False      True       False        False                False       True                   2            6.41829   0.390349   0.769884   0.819574 │
│ asha_train_b1636_01665   TERMINATED   True       False      False           True       True       False        False                False       False                  1            3.40595   0.536959   0.652882   0.751168 │
│ asha_train_b1636_01666   TERMINATED   True       False      True            False      True       True         False                False       True                   1            2.91867   0.407264   0.849831   0.807046 │
│ asha_train_b1636_01667   TERMINATED   False      False      False           True       False      True         True                 True        True                   2            4.79584   0.397171   0.773877   0.817215 │
│ asha_train_b1636_01668   TERMINATED   False      True       False           False      False      True         False                False       False                  4            7.22756   0.389187   0.820248   0.821165 │
│ asha_train_b1636_01669   TERMINATED   True       False      False           True       False      False        False                True        True                   1            3.24526   0.453225   0.754325   0.789559 │
│ asha_train_b1636_01670   TERMINATED   True       True       True            True       False      True         True                 False       False                  1            3.89419   0.637573   0.773877   0.528174 │
│ asha_train_b1636_01671   TERMINATED   True       False      True            True       True       False        True                 True        False                  1            3.85395   0.415579   0.799877   0.809534 │
│ asha_train_b1636_01672   TERMINATED   False      False      False           False      False      False        False                True        True                   4            5.08373   0.377109   0.81124    0.823159 │
│ asha_train_b1636_01673   TERMINATED   True       True       True            True       True       True         True                 False       True                   1            4.92993   0.555936   0.812161   0.750185 │
│ asha_train_b1636_01674   TERMINATED   False      False      False           True       True       True         False                False       True                   2            4.37261   0.45339    0.774798   0.819432 │
│ asha_train_b1636_01675   TERMINATED   True       False      True            False      True       True         False                True        False                  1            2.8272    0.589028   0.847681   0.717103 │
│ asha_train_b1636_01676   TERMINATED   False      True       False           False      False      False        False                True        True                   4            7.35136   0.376768   0.810728   0.824582 │
│ asha_train_b1636_01677   TERMINATED   False      False      True            False      True       False        False                True        False                  2            3.6489    0.378999   0.832634   0.820659 │
│ asha_train_b1636_01678   TERMINATED   False      True       False           False      True       False        False                True        True                   4            9.62246   0.37478    0.799058   0.827611 │
│ asha_train_b1636_01679   TERMINATED   True       False      True            True       False      True         False                True        True                   4           12.3457    0.388417   0.774798   0.819579 │
│ asha_train_b1636_01680   TERMINATED   True       True       True            False      False      True         True                 True        False                  1            2.94767   0.54437    0.844201   0.789274 │
│ asha_train_b1636_01681   TERMINATED   True       True       True            True       True       True         False                True        False                  2           10.182     0.440157   0.766404   0.818019 │
│ asha_train_b1636_01682   TERMINATED   True       True       True            False      False      False        True                 True        False                  1            2.93376   0.693095   0.760672   0.5      │
│ asha_train_b1636_01683   TERMINATED   True       False      True            False      False      False        True                 False       True                   1            2.46796   0.693095   0.760672   0.5      │
│ asha_train_b1636_01684   TERMINATED   False      False      False           True       False      True         False                False       False                  1            1.95943   0.448651   0.843484   0.79965  │
│ asha_train_b1636_01685   TERMINATED   False      True       True            False      False      False        False                True        True                   4            7.80374   0.393771   0.819941   0.822429 │
│ asha_train_b1636_01686   TERMINATED   False      False      True            True       False      True         True                 False       True                   1            2.9252    0.401887   0.755451   0.808328 │
│ asha_train_b1636_01687   TERMINATED   True       False      True            False      False      True         True                 False       True                   2            4.29805   0.390398   0.814003   0.819699 │
│ asha_train_b1636_01688   TERMINATED   True       False      False           True       False      True         True                 True        False                  1            3.25097   0.403526   0.786672   0.81302  │
│ asha_train_b1636_01689   TERMINATED   False      False      True            False      True       True         False                False       True                   1            2.30531   0.434553   0.854847   0.785865 │
│ asha_train_b1636_01690   TERMINATED   True       False      False           True       True       False        True                 False       True                   1            3.48783   0.547708   0.763845   0.748181 │
│ asha_train_b1636_01691   TERMINATED   True       True       False           True       True       True         False                True        False                  1            4.92838   0.49114    0.78831    0.793576 │
│ asha_train_b1636_01692   TERMINATED   True       True       True            True       False      True         True                 True        True                   1            4.39553   0.426904   0.76538    0.800637 │
│ asha_train_b1636_01693   TERMINATED   False      True       True            True       False      True         False                False       False                  1            3.08938   0.621397   0.797728   0.583719 │
│ asha_train_b1636_01694   TERMINATED   True       True       False           False      True       True         False                False       True                   1            3.31235   0.405774   0.849729   0.804047 │
│ asha_train_b1636_01695   TERMINATED   False      False      True            True       True       True         False                True        True                   4           10.6794    0.416447   0.77142    0.819997 │
│ asha_train_b1636_01696   TERMINATED   False      False      False           True       False      True         True                 True        True                   2            4.75478   0.387255   0.784113   0.819546 │
│ asha_train_b1636_01697   TERMINATED   True       True       False           False      True       True         False                True        True                   1            3.65326   0.441709   0.856075   0.784181 │
│ asha_train_b1636_01698   TERMINATED   True       False      False           False      False      False        False                True        True                   4            7.06943   0.377914   0.813082   0.822905 │
│ asha_train_b1636_01699   TERMINATED   False      True       False           True       False      True         True                 True        True                   1            3.12573   0.616857   0.77316    0.526091 │
│ asha_train_b1636_01700   TERMINATED   True       False      True            True       True       False        True                 True        True                   1            4.33039   0.492712   0.834067   0.73014  │
│ asha_train_b1636_01701   TERMINATED   True       True       True            False      False      False        True                 False       True                   2            5.04793   0.376799   0.812468   0.821035 │
│ asha_train_b1636_01702   TERMINATED   True       False      False           False      True       False        True                 False       True                   4            9.73048   0.376433   0.813287   0.825238 │
│ asha_train_b1636_01703   TERMINATED   True       False      True            False      True       False        True                 True        False                  2            5.21773   0.383203   0.838776   0.81341  │
│ asha_train_b1636_01704   TERMINATED   False      True       False           True       True       False        True                 True        True                   1            3.9772    0.413512   0.794759   0.809688 │
│ asha_train_b1636_01705   TERMINATED   True       False      True            True       False      False        True                 False       False                  4           11.0212    0.38162    0.80172    0.821885 │
│ asha_train_b1636_01706   TERMINATED   True       True       False           False      True       True         True                 False       True                   2            7.23344   0.388373   0.766097   0.813567 │
│ asha_train_b1636_01707   TERMINATED   True       True       False           False      True       True         False                True        False                  1            3.38588   0.415348   0.848807   0.801976 │
│ asha_train_b1636_01708   TERMINATED   True       True       False           False      False      False        False                False       True                   2            4.77662   0.377222   0.821067   0.821264 │
│ asha_train_b1636_01709   TERMINATED   True       False      False           False      True       False        True                 False       False                  2            5.04342   0.377699   0.822193   0.819659 │
│ asha_train_b1636_01710   TERMINATED   False      False      True            False      False      False        False                False       False                  4            5.44367   0.388082   0.808066   0.821073 │
│ asha_train_b1636_01711   TERMINATED   True       True       False           True       False      True         True                 False       True                   2            7.03529   0.403446   0.781759   0.819318 │
│ asha_train_b1636_01712   TERMINATED   True       True       False           False      True       True         True                 False       True                   2            8.09334   0.391044   0.836728   0.814556 │
│ asha_train_b1636_01713   TERMINATED   True       True       False           False      True       False        True                 False       False                  1            3.68537   0.431117   0.8485     0.798696 │
│ asha_train_b1636_01714   TERMINATED   False      False      False           False      False      True         False                False       False                  4            5.18366   0.444809   0.819838   0.822069 │
│ asha_train_b1636_01715   TERMINATED   True       True       False           False      False      True         True                 True        True                   1            2.78123   0.598676   0.824854   0.784765 │
│ asha_train_b1636_01716   TERMINATED   True       False      False           True       True       True         True                 True        False                  4           14.6128    0.377331   0.807145   0.825451 │
│ asha_train_b1636_01717   TERMINATED   True       True       False           True       False      True         True                 True        True                   1            4.54861   0.398341   0.782373   0.812539 │
│ asha_train_b1636_01718   TERMINATED   False      True       True            False      False      True         False                True        True                   4            8.19944   0.376689   0.81861    0.824633 │
│ asha_train_b1636_01719   TERMINATED   True       False      False           True       False      False        False                True        True                   2            5.93088   0.391853   0.80909    0.821306 │
│ asha_train_b1636_01720   TERMINATED   True       False      True            False      True       False        True                 True        True                   4           10.2579    0.377478   0.808783   0.825795 │
│ asha_train_b1636_01721   TERMINATED   False      False      True            False      True       True         False                True        True                   2            3.65949   0.456766   0.744396   0.812347 │
│ asha_train_b1636_01722   TERMINATED   False      False      True            False      True       True         True                 True        False                  1            2.65869   0.424123   0.835295   0.793387 │
│ asha_train_b1636_01723   TERMINATED   False      True       True            False      False      True         True                 False       True                   2            4.51841   0.38465    0.815027   0.81788  │
│ asha_train_b1636_01724   TERMINATED   False      True       True            True       True       True         False                False       True                   1            3.82749   0.487601   0.768554   0.80712  │
│ asha_train_b1636_01725   TERMINATED   True       True       False           False      True       True         True                 False       False                  1            3.55023   0.676965   0.760672   0.5      │
│ asha_train_b1636_01726   TERMINATED   False      False      False           True       True       False        True                 False       False                  2            4.53607   0.389674   0.83161    0.816469 │
│ asha_train_b1636_01727   TERMINATED   False      False      True            True       False      True         True                 False       False                  1            2.7329    0.441489   0.726891   0.799229 │
│ asha_train_b1636_01728   TERMINATED   False      False      False           True       True       True         False                True        False                  4            9.32288   0.420302   0.773877   0.818827 │
│ asha_train_b1636_01729   TERMINATED   True       False      True            True       True       True         True                 True        True                   1            4.16973   0.419954   0.793838   0.81216  │
│ asha_train_b1636_01730   TERMINATED   False      True       True            True       False      True         False                True        True                   2            6.80185   0.382974   0.836831   0.819021 │
│ asha_train_b1636_01731   TERMINATED   False      True       True            True       True       True         False                False       False                  1            3.69762   0.407167   0.794452   0.812564 │
│ asha_train_b1636_01732   TERMINATED   True       False      True            True       True       False        True                 True        True                   4           15.0605    0.373509   0.81257    0.823448 │
│ asha_train_b1636_01733   TERMINATED   True       False      False           True       True       True         False                True        False                  1            3.9507    0.452764   0.694032   0.783493 │
│ asha_train_b1636_01734   TERMINATED   True       False      False           True       False      False        False                True        True                   1            3.12644   0.558705   0.752073   0.789251 │
│ asha_train_b1636_01735   TERMINATED   False      False      False           False      False      True         True                 False       False                  1            2.14209   0.404058   0.807452   0.811289 │
│ asha_train_b1636_01736   TERMINATED   True       True       False           False      True       False        True                 False       True                   1            3.85741   0.402112   0.796499   0.812884 │
│ asha_train_b1636_01737   TERMINATED   True       True       False           True       False      True         False                True        True                   1            4.37384   0.426038   0.78831    0.804423 │
│ asha_train_b1636_01738   TERMINATED   False      True       False           True       False      False        False                False       True                   4           10.4428    0.383342   0.797113   0.822668 │
│ asha_train_b1636_01739   TERMINATED   True       True       False           True       False      False        False                False       False                  4           12.3376    0.380486   0.795783   0.823845 │
│ asha_train_b1636_01740   TERMINATED   False      False      True            False      True       True         False                False       True                   2            3.56876   0.416321   0.727403   0.804109 │
│ asha_train_b1636_01741   TERMINATED   False      False      False           True       True       False        True                 True        True                   4            9.66289   0.378691   0.821783   0.823494 │
│ asha_train_b1636_01742   TERMINATED   True       True       True            False      True       True         True                 False       True                   1            3.69789   0.681026   0.760672   0.5      │
│ asha_train_b1636_01743   TERMINATED   False      True       True            True       False      True         True                 False       True                   1            3.19159   0.407446   0.756986   0.811389 │
│ asha_train_b1636_01744   TERMINATED   True       True       False           True       True       False        False                True        False                  1            4.84647   0.436416   0.769373   0.796958 │
│ asha_train_b1636_01745   TERMINATED   True       True       False           False      False      True         False                False       True                   2            4.84084   0.37572    0.819224   0.820053 │
│ asha_train_b1636_01746   TERMINATED   False      False      False           False      True       True         True                 False       False                  1            1.9289    0.393096   0.836524   0.810318 │
│ asha_train_b1636_01747   TERMINATED   True       False      True            True       False      True         True                 False       True                   1            3.55275   0.42552    0.802948   0.799827 │
│ asha_train_b1636_01748   TERMINATED   True       True       True            False      False      True         True                 False       False                  1            2.69107   0.665006   0.770703   0.520958 │
│ asha_train_b1636_01749   TERMINATED   False      True       True            True       False      True         True                 False       False                  2            6.08567   0.439501   0.821783   0.81851  │
│ asha_train_b1636_01750   TERMINATED   False      False      True            True       False      True         False                True        True                   1            2.82568   0.587714   0.829051   0.716436 │
│ asha_train_b1636_01751   TERMINATED   True       False      True            False      False      True         True                 False       False                  2            4.19129   0.386942   0.818917   0.818092 │
│ asha_train_b1636_01752   TERMINATED   False      True       False           True       False      True         True                 True        True                   1            3.69386   0.425727   0.758829   0.812014 │
│ asha_train_b1636_01753   TERMINATED   False      False      False           False      False      False        True                 False       True                   4            5.17588   0.382717   0.821783   0.818217 │
│ asha_train_b1636_01754   TERMINATED   False      True       False           True       False      False        False                True        False                  2            5.95515   0.397392   0.834067   0.817204 │
│ asha_train_b1636_01755   TERMINATED   True       True       True            True       True       True         False                True        False                  1            5.23904   0.437517   0.769782   0.811445 │
│ asha_train_b1636_01756   TERMINATED   True       True       True            False      True       False        False                False       False                  1            3.71788   0.444946   0.750845   0.808818 │
│ asha_train_b1636_01757   TERMINATED   True       True       True            True       False      True         False                True        True                   1            4.30199   0.429516   0.756065   0.795686 │
│ asha_train_b1636_01758   TERMINATED   True       True       False           True       False      False        False                False       False                  2            6.64436   0.38582    0.777869   0.821011 │
│ asha_train_b1636_01759   TERMINATED   False      True       False           False      True       False        False                True        False                  4            9.71042   0.375892   0.815641   0.824    │
│ asha_train_b1636_01760   TERMINATED   True       False      False           True       True       True         False                False       True                   1            3.30019   0.526639   0.652267   0.738891 │
│ asha_train_b1636_01761   TERMINATED   False      False      True            False      True       True         True                 True        False                  1            2.64441   0.412759   0.832839   0.799834 │
│ asha_train_b1636_01762   TERMINATED   True       False      True            False      False      False        True                 False       False                  1            2.65213   0.398183   0.812877   0.806061 │
│ asha_train_b1636_01763   TERMINATED   True       False      False           True       False      True         True                 True        False                  1            3.96387   0.455756   0.730576   0.794616 │
│ asha_train_b1636_01764   TERMINATED   True       False      True            False      False      False        False                False       False                  4            7.4357    0.379803   0.816665   0.824234 │
│ asha_train_b1636_01765   TERMINATED   False      True       False           False      False      False        False                True        False                  2            3.79456   0.390848   0.819326   0.82056  │
│ asha_train_b1636_01766   TERMINATED   True       False      True            True       True       False        False                True        False                  1            4.02757   0.437325   0.775207   0.801527 │
│ asha_train_b1636_01767   TERMINATED   False      True       True            False      False      False        True                 True        False                  2            5.03806   0.40284    0.81124    0.818322 │
│ asha_train_b1636_01768   TERMINATED   False      True       True            True       False      False        False                True        True                   4           12.4311    0.379813   0.806121   0.825804 │
│ asha_train_b1636_01769   TERMINATED   False      True       True            False      True       False        True                 True        True                   4           10.7079    0.376864   0.809704   0.82728  │
│ asha_train_b1636_01770   TERMINATED   True       True       False           False      True       False        False                False       True                   4           12.5711    0.371651   0.829153   0.819691 │
│ asha_train_b1636_01771   TERMINATED   True       False      False           True       True       True         False                True        True                   1            3.69878   0.523314   0.786774   0.765451 │
│ asha_train_b1636_01772   TERMINATED   False      True       True            False      False      False        True                 True        True                   4            8.12486   0.403274   0.805917   0.824644 │
│ asha_train_b1636_01773   TERMINATED   False      True       False           True       False      False        False                False       False                  2            5.50442   0.389805   0.773569   0.819211 │
│ asha_train_b1636_01774   TERMINATED   False      True       False           False      True       True         False                False       True                   1            2.69273   0.636253   0.366977   0.583759 │
│ asha_train_b1636_01775   TERMINATED   True       False      False           True       False      True         False                True        False                  1            3.34906   0.432427   0.800798   0.803105 │
│ asha_train_b1636_01776   TERMINATED   False      True       True            False      False      False        False                True        True                   4            7.57222   0.397997   0.80909    0.823945 │
│ asha_train_b1636_01777   TERMINATED   False      False      False           False      False      True         True                 True        False                  1            1.58638   0.66974    0.847272   0.72255  │
│ asha_train_b1636_01778   TERMINATED   True       True       False           True       False      False        True                 True        False                  1            4.11311   0.496009   0.673252   0.763971 │
│ asha_train_b1636_01779   TERMINATED   False      True       True            False      True       False        True                 False       True                   1            3.47402   0.396371   0.818712   0.812681 │
│ asha_train_b1636_01780   TERMINATED   False      True       False           True       False      False        True                 True        True                   2            6.20039   0.404159   0.816256   0.81605  │
│ asha_train_b1636_01781   TERMINATED   False      True       False           False      True       True         True                 True        False                  1            2.77647   0.653112   0.742246   0.809615 │
│ asha_train_b1636_01782   TERMINATED   True       True       True            False      False      False        False                False       True                   1            2.79446   0.693094   0.760672   0.5      │
│ asha_train_b1636_01783   TERMINATED   True       False      True            False      True       False        False                True        False                  1            2.81164   0.392517   0.845225   0.809588 │
│ asha_train_b1636_01784   TERMINATED   True       True       True            False      True       False        False                True        False                  2            6.56692   0.38445    0.830279   0.819112 │
│ asha_train_b1636_01785   TERMINATED   True       False      True            False      False      False        False                True        False                  1            2.1386    0.693097   0.760672   0.5      │
│ asha_train_b1636_01786   TERMINATED   False      False      True            True       False      False        True                 False       False                  4            7.67238   0.392666   0.794247   0.825181 │
│ asha_train_b1636_01787   TERMINATED   True       False      False           True       True       True         True                 True        True                   1            4.25172   0.510593   0.72945    0.788306 │
│ asha_train_b1636_01788   TERMINATED   True       True       False           False      True       True         False                False       False                  2            7.01214   0.415544   0.826185   0.817593 │
│ asha_train_b1636_01789   TERMINATED   True       False      False           True       False      True         False                False       True                   1            3.03401   0.418899   0.752073   0.810211 │
│ asha_train_b1636_01790   TERMINATED   True       False      True            True       True       True         True                 False       False                  1            4.76033   0.425292   0.814925   0.807406 │
│ asha_train_b1636_01791   TERMINATED   True       True       True            True       True       True         False                True        False                  1            5.26603   0.435251   0.772648   0.799991 │
│ asha_train_b1636_01792   TERMINATED   True       False      True            False      True       True         True                 True        False                  1            2.97729   0.438078   0.859965   0.785565 │
│ asha_train_b1636_01793   TERMINATED   True       False      True            True       False      True         False                False       False                  2            5.47393   0.398001   0.790357   0.818374 │
│ asha_train_b1636_01794   TERMINATED   False      False      True            True       False      False        False                False       False                  4            7.2034    0.38507    0.798956   0.822413 │
│ asha_train_b1636_01795   TERMINATED   False      False      True            False      False      False        True                 False       True                   2            3.04952   0.384929   0.821681   0.820642 │
│ asha_train_b1636_01796   TERMINATED   False      False      False           True       True       True         True                 False       False                  2            4.4232    0.397202   0.798649   0.817375 │
│ asha_train_b1636_01797   TERMINATED   False      False      True            True       False      True         True                 False       False                  1            2.93643   0.422291   0.823626   0.812539 │
│ asha_train_b1636_01798   TERMINATED   False      True       False           True       True       False        True                 True        True                   1            4.08093   0.455444   0.783908   0.803288 │
│ asha_train_b1636_01799   TERMINATED   False      True       False           True       True       True         False                True        True                   4           14.8756    0.408041   0.791688   0.823353 │
│ asha_train_b1636_01800   TERMINATED   True       False      True            True       False      False        True                 False       False                  4           10.9727    0.398246   0.792916   0.825479 │
│ asha_train_b1636_01801   TERMINATED   False      True       True            False      True       False        True                 True        True                   1            3.03846   0.4069     0.762002   0.813513 │
│ asha_train_b1636_01802   TERMINATED   False      False      False           True       False      True         True                 True        False                  1            2.43671   0.475398   0.843177   0.794757 │
│ asha_train_b1636_01803   TERMINATED   False      True       False           False      True       False        True                 False       True                   4           10.1136    0.374345   0.81257    0.824474 │
│ asha_train_b1636_01804   TERMINATED   False      False      False           False      False      False        True                 True        False                  2            2.92861   0.386289   0.81257    0.820956 │
│ asha_train_b1636_01805   TERMINATED   True       False      False           False      False      False        True                 False       False                  1            2.30222   0.693094   0.760672   0.5      │
│ asha_train_b1636_01806   TERMINATED   True       True       False           True       True       False        False                True        True                   1            4.96968   0.425181   0.780121   0.802411 │
│ asha_train_b1636_01807   TERMINATED   True       True       True            False      False      False        True                 False       True                   1            2.97507   0.693095   0.760672   0.5      │
│ asha_train_b1636_01808   TERMINATED   False      False      False           True       False      True         True                 False       False                  1            2.12442   0.467912   0.854028   0.77067  │
│ asha_train_b1636_01809   TERMINATED   True       True       True            False      False      False        True                 True        True                   4            9.69117   0.405506   0.819531   0.822307 │
│ asha_train_b1636_01810   TERMINATED   True       False      True            True       False      False        False                True        False                  1            3.25974   0.457139   0.780223   0.792512 │
│ asha_train_b1636_01811   TERMINATED   True       False      False           True       True       True         True                 False       False                  1            4.13089   0.543581   0.593817   0.724216 │
│ asha_train_b1636_01812   TERMINATED   True       False      True            True       True       True         True                 False       True                   2            7.16886   0.435991   0.787286   0.817088 │
│ asha_train_b1636_01813   TERMINATED   False      False      False           False      True       False        True                 True        False                  4            6.74662   0.379167   0.833453   0.821637 │
│ asha_train_b1636_01814   TERMINATED   True       False      True            True       False      True         False                True        True                   1            3.40926   0.427624   0.762616   0.796328 │
│ asha_train_b1636_01815   TERMINATED   False      False      True            True       False      True         False                True        True                   1            2.63678   0.618247   0.785137   0.552578 │
│ asha_train_b1636_01816   TERMINATED   False      False      True            False      False      True         False                True        False                  1            1.85568   0.539964   0.837957   0.810966 │
│ asha_train_b1636_01817   TERMINATED   False      True       True            True       False      True         True                 True        True                   1            4.09996   0.40219    0.763947   0.812593 │
│ asha_train_b1636_01818   TERMINATED   False      False      True            False      True       True         True                 True        True                   1            2.08742   0.444165   0.855359   0.777994 │
│ asha_train_b1636_01819   TERMINATED   False      False      False           False      True       True         False                False       False                  1            1.8394    0.459489   0.741836   0.810958 │
│ asha_train_b1636_01820   TERMINATED   True       True       True            True       True       True         False                False       True                   2            8.99016   0.410757   0.772751   0.816621 │
│ asha_train_b1636_01821   TERMINATED   True       False      True            True       True       True         False                True        True                   2            7.66147   0.411223   0.781042   0.811225 │
│ asha_train_b1636_01822   TERMINATED   False      True       True            False      True       True         False                True        False                  4           10.6399    0.369626   0.802846   0.826436 │
│ asha_train_b1636_01823   TERMINATED   True       False      False           False      False      True         False                True        True                   4            7.30223   0.37517    0.819531   0.825531 │
│ asha_train_b1636_01824   TERMINATED   False      True       True            False      True       True         False                False       False                  2            5.4639    0.38078    0.778278   0.821134 │
│ asha_train_b1636_01825   TERMINATED   True       True       False           False      True       True         False                False       False                  2            6.61949   0.479445   0.826594   0.817569 │
│ asha_train_b1636_01826   TERMINATED   False      True       True            True       True       True         False                False       False                  1            3.57203   0.420744   0.739789   0.803456 │
│ asha_train_b1636_01827   TERMINATED   False      False      True            False      True       False        False                False       True                   2            3.56949   0.375005   0.82639    0.819486 │
│ asha_train_b1636_01828   TERMINATED   False      False      True            True       False      True         True                 False       False                  1            2.42878   0.537447   0.842461   0.801029 │
│ asha_train_b1636_01829   TERMINATED   True       True       False           True       True       False        False                False       True                   1            4.45392   0.4043     0.807043   0.811606 │
│ asha_train_b1636_01830   TERMINATED   False      False      False           True       True       False        False                False       False                  2            3.91601   0.409814   0.840721   0.808972 │
│ asha_train_b1636_01831   TERMINATED   False      True       True            False      False      True         True                 False       True                   2            4.43073   0.455586   0.830689   0.817475 │
│ asha_train_b1636_01832   TERMINATED   True       True       True            True       False      False        True                 True        False                  4           15.5933    0.40141    0.832327   0.819431 │
│ asha_train_b1636_01833   TERMINATED   False      True       False           False      True       False        False                True        False                  4            9.34613   0.377825   0.831405   0.820731 │
│ asha_train_b1636_01834   TERMINATED   False      True       False           False      True       True         False                False       True                   1            2.93406   0.673862   0.239328   0.5      │
│ asha_train_b1636_01835   TERMINATED   True       False      True            True       False      True         False                True        True                   4           12.4683    0.387252   0.771625   0.818959 │
│ asha_train_b1636_01836   TERMINATED   True       False      True            True       False      False        False                True        False                  4           11.8084    0.387991   0.790255   0.823436 │
│ asha_train_b1636_01837   TERMINATED   True       True       True            True       False      True         False                True        False                  1            4.10304   0.463701   0.853107   0.781497 │
│ asha_train_b1636_01838   TERMINATED   False      True       False           True       True       True         False                False       False                  1            3.62597   0.445232   0.781144   0.804843 │
│ asha_train_b1636_01839   TERMINATED   True       False      False           True       True       False        False                True        True                   2            7.10531   0.382659   0.816051   0.820605 │
│ asha_train_b1636_01840   TERMINATED   True       True       True            True       False      False        False                True        False                  1            4.0767    0.499381   0.724946   0.793553 │
│ asha_train_b1636_01841   TERMINATED   False      True       False           True       False      False        False                False       False                  2            5.32532   0.384052   0.775924   0.820319 │
│ asha_train_b1636_01842   TERMINATED   True       True       True            False      True       True         True                 True        True                   1            4.20493   0.478167   0.857918   0.765751 │
│ asha_train_b1636_01843   TERMINATED   True       False      True            False      False      False        False                False       True                   4            7.72002   0.376049   0.813185   0.822679 │
│ asha_train_b1636_01844   TERMINATED   True       False      False           True       True       True         True                 False       False                  1            3.99139   0.599549   0.626471   0.717245 │
│ asha_train_b1636_01845   TERMINATED   False      True       True            False      True       False        False                False       False                  2            5.41573   0.385438   0.839492   0.811976 │
│ asha_train_b1636_01846   TERMINATED   False      True       False           True       True       True         True                 False       False                  4           13.3009    0.398359   0.784727   0.818044 │
│ asha_train_b1636_01847   TERMINATED   False      False      True            True       True       False        False                True        False                  4           10.1347    0.378546   0.823216   0.822237 │
│ asha_train_b1636_01848   TERMINATED   True       True       True            False      False      False        True                 True        True                   1            2.7182    0.693095   0.760672   0.5      │
│ asha_train_b1636_01849   TERMINATED   False      True       False           False      True       True         False                True        False                  4            9.90751   0.380726   0.835193   0.818237 │
│ asha_train_b1636_01850   TERMINATED   True       False      False           False      True       False        True                 True        False                  2            4.96658   0.373807   0.819224   0.81976  │
│ asha_train_b1636_01851   TERMINATED   True       True       False           True       False      False        True                 True        True                   4           15.5973    0.374695   0.812673   0.823661 │
│ asha_train_b1636_01852   TERMINATED   True       False      False           False      True       True         False                True        True                   1            2.70571   0.754222   0.239328   0.5      │
│ asha_train_b1636_01853   TERMINATED   True       True       True            True       True       True         False                False       False                  1            4.54394   0.469748   0.794759   0.785357 │
│ asha_train_b1636_01854   TERMINATED   True       False      True            False      False      False        False                False       False                  4            7.40597   0.395167   0.819019   0.821824 │
│ asha_train_b1636_01855   TERMINATED   True       False      True            False      True       False        True                 True        True                   1            3.07514   0.466822   0.76579    0.812046 │
│ asha_train_b1636_01856   TERMINATED   False      True       False           True       True       False        True                 False       False                  1            3.61659   0.434673   0.840004   0.81026  │
│ asha_train_b1636_01857   TERMINATED   True       False      True            True       True       True         True                 True        False                  4           17.614     0.402814   0.782168   0.820026 │
│ asha_train_b1636_01858   TERMINATED   False      True       False           False      False      True         True                 False       True                   2            3.97521   0.458958   0.820452   0.819688 │
│ asha_train_b1636_01859   TERMINATED   False      False      False           True       False      False        False                False       False                  2            3.33854   0.386355   0.772341   0.81899  │
│ asha_train_b1636_01860   TERMINATED   True       False      True            True       False      True         False                True        False                  2            6.33288   0.397697   0.805098   0.815311 │
│ asha_train_b1636_01861   TERMINATED   True       False      True            False      True       False        True                 False       True                   4           10.533     0.378043   0.826594   0.819181 │
│ asha_train_b1636_01862   TERMINATED   False      False      True            True       True       False        True                 True        False                  2            5.41821   0.382709   0.824956   0.818544 │
│ asha_train_b1636_01863   TERMINATED   True       True       True            False      False      True         True                 False       True                   1            3.40043   0.423822   0.78227    0.79928  │
│ asha_train_b1636_01864   TERMINATED   True       True       True            False      True       True         False                False       False                  2            6.73872   0.389758   0.814311   0.820194 │
│ asha_train_b1636_01865   TERMINATED   True       True       True            False      True       False        False                True        True                   4           12.9596    0.377219   0.805507   0.827013 │
│ asha_train_b1636_01866   TERMINATED   False      True       False           True       True       True         False                True        True                   1            3.84186   0.495111   0.785956   0.773414 │
│ asha_train_b1636_01867   TERMINATED   True       False      False           True       False      False        False                False       False                  4            9.63078   0.39279    0.822193   0.821125 │
│ asha_train_b1636_01868   TERMINATED   False      True       True            False      False      False        True                 False       False                  1            2.32876   0.693095   0.760672   0.5      │
│ asha_train_b1636_01869   TERMINATED   False      True       True            True       True       True         False                True        False                  1            4.30426   0.560604   0.756167   0.724226 │
│ asha_train_b1636_01870   TERMINATED   False      False      False           False      True       False        True                 True        False                  4            6.17406   0.384249   0.82598    0.81907  │
│ asha_train_b1636_01871   TERMINATED   True       False      False           False      False      True         False                False       True                   2            3.87771   0.378119   0.819838   0.820603 │
│ asha_train_b1636_01872   TERMINATED   True       False      True            True       False      True         False                False       False                  1            2.79245   0.62582    0.766609   0.512697 │
│ asha_train_b1636_01873   TERMINATED   True       True       False           False      True       True         False                True        True                   1            3.47089   0.712013   0.239328   0.5      │
│ asha_train_b1636_01874   TERMINATED   False      False      True            False      False      True         False                True        False                  1            1.73      0.539964   0.837957   0.810966 │
│ asha_train_b1636_01875   TERMINATED   False      False      False           True       False      True         True                 True        False                  1            2.76499   0.535459   0.662913   0.768608 │
│ asha_train_b1636_01876   TERMINATED   False      True       True            True       True       True         True                 True        False                  1            4.26859   0.517912   0.823216   0.79175  │
│ asha_train_b1636_01877   TERMINATED   False      True       True            False      False      False        True                 True        False                  4            8.94378   0.473955   0.806224   0.824992 │
│ asha_train_b1636_01878   TERMINATED   False      True       True            True       True       True         False                True        True                   1            4.45366   0.401733   0.780837   0.811823 │
│ asha_train_b1636_01879   TERMINATED   False      True       False           True       True       True         False                False       True                   1            3.59454   0.507817   0.756679   0.766922 │
│ asha_train_b1636_01880   TERMINATED   True       False      False           True       True       True         False                False       False                  1            3.50402   0.431075   0.793121   0.81081  │
│ asha_train_b1636_01881   TERMINATED   True       False      False           False      False      False        True                 False       True                   1            2.57597   0.693095   0.760672   0.5      │
│ asha_train_b1636_01882   TERMINATED   True       False      False           False      False      True         True                 True        True                   1            2.39666   0.434826   0.786979   0.807945 │
│ asha_train_b1636_01883   TERMINATED   True       True       True            True       True       True         False                True        False                  2           10.0482    0.455305   0.753915   0.814207 │
│ asha_train_b1636_01884   TERMINATED   True       True       False           False      False      True         True                 False       True                   2            5.11782   0.382138   0.823523   0.82024  │
│ asha_train_b1636_01885   TERMINATED   True       False      True            True       True       True         False                False       True                   1            3.66952   0.42677    0.78053    0.806491 │
│ asha_train_b1636_01886   TERMINATED   False      True       False           False      True       False        True                 True        False                  1            2.91184   0.424098   0.849626   0.795186 │
│ asha_train_b1636_01887   TERMINATED   False      False      True            False      True       False        True                 False       True                   4            6.94788   0.376461   0.82209    0.821937 │
│ asha_train_b1636_01888   TERMINATED   True       False      True            True       False      False        True                 False       False                  4           10.4396    0.397221   0.810625   0.821143 │
│ asha_train_b1636_01889   TERMINATED   False      False      True            True       True       True         True                 False       True                   2            4.51534   0.446808   0.741836   0.809052 │
│ asha_train_b1636_01890   TERMINATED   True       True       True            False      False      True         True                 False       False                  2            5.27642   0.391155   0.820555   0.820634 │
│ asha_train_b1636_01891   TERMINATED   False      True       True            False      False      False        True                 False       False                  1            2.29982   0.693097   0.760672   0.5      │
│ asha_train_b1636_01892   TERMINATED   False      False      False           False      False      True         False                True        True                   4            5.34402   0.373624   0.820043   0.826161 │
│ asha_train_b1636_01893   TERMINATED   False      False      True            False      False      True         True                 True        True                   4            6.8961    0.378525   0.81646    0.823806 │
│ asha_train_b1636_01894   TERMINATED   False      True       True            True       True       True         False                True        True                   2            7.9498    0.454224   0.76364    0.815616 │
│ asha_train_b1636_01895   TERMINATED   False      False      True            True       False      False        True                 True        True                   4            9.25886   0.376654   0.81298    0.82357  │
│ asha_train_b1636_01896   TERMINATED   False      False      True            False      True       True         False                True        False                  4            6.71658   0.370371   0.799263   0.827159 │
│ asha_train_b1636_01897   TERMINATED   True       True       True            True       False      True         True                 False       True                   1            4.17277   0.426535   0.744805   0.808072 │
│ asha_train_b1636_01898   TERMINATED   False      True       True            True       False      False        True                 False       True                   4           11.2218    0.380257   0.803972   0.82615  │
│ asha_train_b1636_01899   TERMINATED   False      False      True            False      True       False        False                False       True                   4            6.56348   0.373062   0.827823   0.823213 │
│ asha_train_b1636_01900   TERMINATED   True       False      False           True       False      True         False                False       False                  2            5.07263   0.426981   0.849217   0.794477 │
│ asha_train_b1636_01901   TERMINATED   False      True       True            True       False      True         False                True        True                   1            3.36431   0.584925   0.792507   0.572373 │
│ asha_train_b1636_01902   TERMINATED   False      False      True            True       False      False        False                False       False                  4            6.83502   0.38507    0.798956   0.822413 │
│ asha_train_b1636_01903   TERMINATED   False      True       True            True       True       False        True                 True        True                   4           16.513     0.387902   0.79998    0.820595 │
│ asha_train_b1636_01904   TERMINATED   False      False      False           False      True       True         False                True        False                  4            6.16817   0.369874   0.814106   0.825483 │
│ asha_train_b1636_01905   TERMINATED   True       False      False           True       False      True         True                 False       False                  1            3.08192   0.402667   0.777766   0.810977 │
│ asha_train_b1636_01906   TERMINATED   True       False      True            False      True       True         False                False       True                   2            5.08414   0.396351   0.783704   0.81913  │
│ asha_train_b1636_01907   TERMINATED   True       False      True            False      False      True         True                 False       False                  1            2.46475   0.497483   0.838878   0.80439  │
│ asha_train_b1636_01908   TERMINATED   True       False      True            False      False      True         True                 False       False                  2            4.42007   0.388752   0.830689   0.818648 │
│ asha_train_b1636_01909   TERMINATED   False      True       True            True       False      False        False                True        False                  4           12.3755    0.385003   0.804176   0.823207 │
│ asha_train_b1636_01910   TERMINATED   True       True       True            False      False      True         True                 True        False                  4           10.9811    0.376892   0.809295   0.825105 │
│ asha_train_b1636_01911   TERMINATED   False      True       True            False      True       False        True                 False       True                   2            5.53548   0.380864   0.824752   0.816651 │
│ asha_train_b1636_01912   TERMINATED   False      False      False           True       False      True         False                True        False                  2            4.21429   0.397343   0.82813    0.819604 │
│ asha_train_b1636_01913   TERMINATED   False      False      True            False      True       True         False                False       False                  4            7.03893   0.371309   0.813082   0.823344 │
│ asha_train_b1636_01914   TERMINATED   False      False      False           True       True       False        True                 False       False                  1            2.79284   0.404319   0.814208   0.811919 │
│ asha_train_b1636_01915   TERMINATED   False      True       True            False      True       False        False                False       False                  1            2.83113   0.400022   0.847477   0.806085 │
│ asha_train_b1636_01916   TERMINATED   False      False      False           True       True       False        True                 True        True                   2            5.3638    0.385923   0.814822   0.819358 │
│ asha_train_b1636_01917   TERMINATED   True       True       False           False      True       True         True                 False       False                  2            6.75885   0.39229    0.829563   0.814537 │
│ asha_train_b1636_01918   TERMINATED   False      True       False           True       False      False        True                 True        False                  4           12.1846    0.397965   0.81124    0.823892 │
│ asha_train_b1636_01919   TERMINATED   False      True       False           False      True       True         False                True        False                  4            9.78146   0.396853   0.823216   0.822091 │
│ asha_train_b1636_01920   TERMINATED   False      False      False           False      True       True         False                False       False                  4            6.16091   0.376545   0.821476   0.819628 │
│ asha_train_b1636_01921   TERMINATED   False      False      False           False      True       False        False                False       False                  2            3.20489   0.376786   0.825161   0.820731 │
│ asha_train_b1636_01922   TERMINATED   False      False      False           True       True       True         False                True        True                   2            4.94088   0.406144   0.799058   0.821162 │
│ asha_train_b1636_01923   TERMINATED   True       True       False           True       False      True         True                 True        False                  2            7.76545   0.387687   0.799468   0.820844 │
│ asha_train_b1636_01924   TERMINATED   True       False      False           False      True       False        False                False       False                  4            9.33031   0.399462   0.804074   0.816983 │
│ asha_train_b1636_01925   TERMINATED   False      False      False           False      False      False        False                False       True                   2            2.87866   0.378176   0.807247   0.821268 │
│ asha_train_b1636_01926   TERMINATED   True       False      False           True       True       False        True                 False       False                  1            3.73137   0.501706   0.744088   0.779606 │
│ asha_train_b1636_01927   TERMINATED   True       False      False           True       False      True         True                 True        False                  4           12.0925    0.385507   0.811035   0.823171 │
│ asha_train_b1636_01928   TERMINATED   False      False      False           True       True       True         True                 True        False                  2            5.30323   0.397244   0.828642   0.816423 │
│ asha_train_b1636_01929   TERMINATED   True       False      True            False      False      False        False                True        True                   1            2.1369    0.69314    0.760672   0.5      │
│ asha_train_b1636_01930   TERMINATED   True       True       False           True       True       False        True                 False       False                  1            5.14706   0.404619   0.818508   0.805071 │
│ asha_train_b1636_01931   TERMINATED   False      False      False           False      False      False        False                False       True                   2            2.81124   0.378176   0.807247   0.821268 │
│ asha_train_b1636_01932   TERMINATED   True       True       True            False      True       True         True                 False       True                   1            4.41109   0.536242   0.829153   0.65509  │
│ asha_train_b1636_01933   TERMINATED   True       False      False           False      False      True         True                 False       True                   2            4.50832   0.387057   0.81861    0.816571 │
│ asha_train_b1636_01934   TERMINATED   False      False      False           False      True       False        True                 False       True                   1            2.42049   0.396268   0.78268    0.811275 │
│ asha_train_b1636_01935   TERMINATED   False      False      False           True       False      True         True                 True        True                   4            9.30795   0.3796     0.791483   0.825417 │
│ asha_train_b1636_01936   TERMINATED   False      True       False           True       False      False        True                 True        True                   4           12.2116    0.409581   0.806736   0.82357  │
│ asha_train_b1636_01937   TERMINATED   True       True       True            True       True       True         True                 False       True                   2            9.02263   0.413955   0.765073   0.816558 │
│ asha_train_b1636_01938   TERMINATED   True       True       True            False      False      False        False                True        True                   1            2.69077   0.693139   0.760672   0.5      │
│ asha_train_b1636_01939   TERMINATED   True       False      True            True       True       True         False                True        True                   1            3.94099   0.456321   0.791893   0.796225 │
│ asha_train_b1636_01940   TERMINATED   False      True       True            False      False      False        True                 False       True                   2            4.57994   0.382463   0.807964   0.820273 │
│ asha_train_b1636_01941   TERMINATED   True       False      False           False      False      False        True                 False       False                  1            2.27152   0.401984   0.837138   0.81292  │
│ asha_train_b1636_01942   TERMINATED   True       False      True            True       True       True         False                False       True                   1            3.7093    0.432161   0.760262   0.795074 │
│ asha_train_b1636_01943   TERMINATED   False      True       False           False      False      False        False                True        False                  4            7.20267   0.390198   0.809499   0.821576 │
│ asha_train_b1636_01944   TERMINATED   True       True       True            True       True       False        True                 True        False                  1            6.01586   0.40261    0.81298    0.812284 │
│ asha_train_b1636_01945   TERMINATED   True       True       True            False      True       False        False                True        True                   4           13.204     0.395673   0.811751   0.826134 │
│ asha_train_b1636_01946   TERMINATED   False      False      False           False      True       False        True                 True        False                  2            3.53475   0.382878   0.816665   0.820862 │
│ asha_train_b1636_01947   TERMINATED   True       False      False           True       False      False        True                 False       True                   4           10.5955    0.378684   0.813185   0.824438 │
│ asha_train_b1636_01948   TERMINATED   True       False      True            False      False      False        False                True        True                   1            2.30523   0.693112   0.760672   0.5      │
│ asha_train_b1636_01949   TERMINATED   True       True       True            True       True       True         False                False       True                   1            4.80645   0.423369   0.800491   0.807593 │
│ asha_train_b1636_01950   TERMINATED   True       False      False           False      False      False        True                 True        False                  2            4.40508   0.388683   0.808169   0.819675 │
│ asha_train_b1636_01951   TERMINATED   False      False      False           True       False      True         False                False       True                   1            2.22822   0.420165   0.750845   0.80999  │
│ asha_train_b1636_01952   TERMINATED   True       False      False           False      True       True         True                 False       True                   1            3.31598   0.615395   0.84891    0.71835  │
│ asha_train_b1636_01953   TERMINATED   True       False      False           True       False      True         True                 True        False                  1            3.25954   0.419316   0.784215   0.804809 │
│ asha_train_b1636_01954   TERMINATED   False      True       False           True       False      False        False                False       False                  1            2.84791   0.501405   0.820145   0.810105 │
│ asha_train_b1636_01955   TERMINATED   True       False      False           True       False      True         False                False       True                   1            3.05376   0.59037    0.807043   0.61388  │
│ asha_train_b1636_01956   TERMINATED   True       True       True            False      True       True         False                False       True                   1            3.738     0.450213   0.856178   0.777946 │
│ asha_train_b1636_01957   TERMINATED   True       True       True            False      True       True         False                False       False                  1            3.78358   0.437374   0.767428   0.812829 │
│ asha_train_b1636_01958   TERMINATED   True       True       False           False      True       True         False                False       False                  1            3.62787   0.596179   0.785956   0.553263 │
│ asha_train_b1636_01959   TERMINATED   False      False      False           False      True       False        True                 True        True                   4            6.54793   0.388534   0.804074   0.826364 │
│ asha_train_b1636_01960   TERMINATED   False      False      True            True       True       False        True                 True        True                   4           10.3983    0.377298   0.810523   0.824887 │
│ asha_train_b1636_01961   TERMINATED   False      True       True            False      True       True         True                 False       True                   1            3.19789   0.437333   0.852083   0.786247 │
│ asha_train_b1636_01962   TERMINATED   True       True       False           False      True       True         True                 False       True                   1            4.41591   0.408243   0.819326   0.811472 │
│ asha_train_b1636_01963   TERMINATED   False      False      False           False      False      True         True                 True        True                   4            6.42586   0.399032   0.816767   0.825034 │
│ asha_train_b1636_01964   TERMINATED   True       False      False           False      True       False        False                True        False                  4            9.03825   0.374829   0.833555   0.819652 │
│ asha_train_b1636_01965   TERMINATED   False      True       False           True       False      False        True                 False       False                  4           10.5164    0.389039   0.791074   0.824121 │
│ asha_train_b1636_01966   TERMINATED   True       True       True            True       True       True         False                False       False                  1            4.74146   0.411929   0.786365   0.811206 │
│ asha_train_b1636_01967   TERMINATED   True       False      False           True       False      True         False                True        True                   2            6.20269   0.385983   0.786365   0.819854 │
│ asha_train_b1636_01968   TERMINATED   True       True       True            False      False      True         True                 True        True                   1            2.94519   0.541427   0.743372   0.796724 │
│ asha_train_b1636_01969   TERMINATED   False      True       True            False      True       False        False                False       False                  4           10.3214    0.39716    0.830894   0.810281 │
│ asha_train_b1636_01970   TERMINATED   True       False      False           False      False      False        True                 True        True                   1            2.29111   0.693112   0.760672   0.5      │
│ asha_train_b1636_01971   TERMINATED   True       False      False           False      True       False        True                 False       False                  1            2.81116   0.405695   0.749923   0.809824 │
│ asha_train_b1636_01972   TERMINATED   False      True       True            False      False      False        True                 False       True                   4            9.11525   0.374615   0.820043   0.825721 │
│ asha_train_b1636_01973   TERMINATED   True       False      False           True       False      True         True                 True        False                  4           11.6596    0.38258    0.799365   0.823855 │
│ asha_train_b1636_01974   TERMINATED   True       True       True            True       False      False        False                True        True                   4           15.2523    0.380666   0.796192   0.825287 │
│ asha_train_b1636_01975   TERMINATED   True       False      True            True       False      False        False                True        True                   4           12.239     0.381419   0.809704   0.824788 │
│ asha_train_b1636_01976   TERMINATED   False      True       True            False      True       True         False                False       False                  1            2.89736   0.581806   0.804688   0.595477 │
│ asha_train_b1636_01977   TERMINATED   True       False      False           True       True       True         False                False       False                  1            3.18445   0.588498   0.731293   0.699668 │
│ asha_train_b1636_01978   TERMINATED   False      False      True            True       True       False        False                False       True                   4            8.30244   0.380024   0.820862   0.824207 │
│ asha_train_b1636_01979   TERMINATED   False      True       False           False      True       False        True                 True        False                  4            9.49864   0.374429   0.828744   0.822353 │
│ asha_train_b1636_01980   TERMINATED   False      False      False           False      False      True         False                False       True                   1            1.5696    0.629168   0.853311   0.75261  │
│ asha_train_b1636_01981   TERMINATED   False      True       True            False      False      True         False                True        True                   4            8.27208   0.409652   0.809499   0.82568  │
│ asha_train_b1636_01982   TERMINATED   False      True       False           True       False      True         False                True        False                  2            6.29371   0.387974   0.776129   0.820307 │
│ asha_train_b1636_01983   TERMINATED   True       False      True            True       False      False        True                 False       False                  2            5.92316   0.43854    0.824547   0.81036  │
│ asha_train_b1636_01984   TERMINATED   False      True       False           True       True       False        True                 False       True                   2            6.88551   0.396487   0.800082   0.811574 │
│ asha_train_b1636_01985   TERMINATED   False      False      False           True       False      False        True                 False       False                  4            6.72514   0.393025   0.799877   0.823166 │
│ asha_train_b1636_01986   TERMINATED   False      False      True            True       True       True         False                True        False                  1            2.88616   0.44646    0.746033   0.809173 │
│ asha_train_b1636_01987   TERMINATED   True       False      False           False      True       True         True                 False       True                   1            2.84135   0.408838   0.845941   0.805662 │
│ asha_train_b1636_01988   TERMINATED   True       False      True            True       False      False        False                True        False                  1            3.44458   0.511772   0.74286    0.778505 │
│ asha_train_b1636_01989   TERMINATED   True       True       True            False      True       True         True                 True        False                  1            3.73318   0.433631   0.789845   0.810855 │
│ asha_train_b1636_01990   TERMINATED   False      True       True            True       False      True         False                False       False                  1            3.05327   0.559026   0.844815   0.743215 │
│ asha_train_b1636_01991   TERMINATED   False      False      False           False      False      True         False                True        False                  4            5.22624   0.376865   0.816358   0.824911 │
│ asha_train_b1636_01992   TERMINATED   True       False      False           True       True       True         False                True        False                  1            3.88858   0.437545   0.753711   0.810555 │
│ asha_train_b1636_01993   TERMINATED   True       True       False           True       True       False        True                 False       False                  1            4.54199   0.504541   0.738356   0.795625 │
│ asha_train_b1636_01994   TERMINATED   False      False      True            False      True       False        False                False       False                  2            3.4211    0.384117   0.83898    0.813838 │
│ asha_train_b1636_01995   TERMINATED   True       True       True            False      True       True         True                 False       False                  1            4.34472   0.65631    0.795066   0.572882 │
│ asha_train_b1636_01996   TERMINATED   False      False      False           True       False      False        True                 True        True                   2            5.63152   0.391139   0.807657   0.816847 │
│ asha_train_b1636_01997   TERMINATED   True       True       False           True       False      True         True                 True        False                  1            3.99462   0.415143   0.795885   0.809109 │
│ asha_train_b1636_01998   TERMINATED   True       True       False           False      True       False        True                 False       True                   4           12.7503    0.373169   0.831917   0.821361 │
│ asha_train_b1636_01999   TERMINATED   False      True       True            False      True       True         False                True        True                   1            2.86846   0.674727   0.239328   0.5      │
╰──────────────────────────────────────────────────────────────────────────────────────────────────────────────────────────────────────────────────────────────────────────────────────────────────────────────────────────────╯

总时间：4755.277125120163 s
最佳配置：{'loss': 0.3687436094665839, 'acc': 0.8112396355819429, 'bacc': 0.8294617533683777, 'training_iteration': 4, 'trial_id': 'b1636_01304', 'date': '2025-11-19_11-28-43', 'time_this_iter_s': 2.3953583240509033, 'time_total_s': 10.321513175964355, 'config': {'use_l1': False, 'l1_lambda': 0.0, 'use_l2': True, 'l2_lambda': 5e-06, 'use_dropout': True, 'drop_rate': 0.1, 'use_bn': False, 'use_ln': True, 'use_skip': False, 'skip_type': 'None', 'skip_step': 1, 'skip_drop_prob': 0.0, 'use_data_augment': False, 'da_type': 'None', 'cutout_ratio': 0.0, 'cutout_prob': 0.0, 'mixup_alpha': 0.0, 'mixup_prob': 0.0, 'cutmix_alpha': 0.0, 'cutmix_prob': 0.0, 'fgsm_epsilon': 0.0, 'fgsm_prob': 0.0, 'use_swa': True, 'use_lookahead': True}}
✅ 字典已保存到: /data/ruipeng/workdir/autoreg/.exp_results/20251119/asha_115644.json
(asha_train pid=4093069) Visible GPUs: 3 [repeated 3x across cluster]