Trial status: 2000 TERMINATED
Current time: 2025-11-18 16:50:39. Total running time: 1hr 46min 45s
Logical resource usage: 2.0/10 CPUs, 1.0/4 GPUs (0.0/1.0 accelerator_type:G)
╭──────────────────────────────────────────────────────────────────────────────────────────────────────────────────────────────────────────────────────────────────────────────────────────────────────────────────────────────╮
│ Trial name               status       use_l1     use_l2     use_dropout     use_bn     use_ln     use_skip     use_data_augment     use_swa     use_lookahead       iter     total time (s)       loss        acc       bacc │
├──────────────────────────────────────────────────────────────────────────────────────────────────────────────────────────────────────────────────────────────────────────────────────────────────────────────────────────────┤
│ asha_train_be58a_00000   TERMINATED   True       False      True            True       True       False        True                 True        True                   1            6.09971   0.799007   0.691607   0.647219 │
│ asha_train_be58a_00001   TERMINATED   False      True       False           True       False      False        False                False       False                  4           16.0342    0.592289   0.775977   0.743448 │
│ asha_train_be58a_00002   TERMINATED   True       True       False           False      False      True         False                True        True                   4           13.7652    0.672009   0.771018   0.697281 │
│ asha_train_be58a_00003   TERMINATED   True       True       True            True       True       False        False                True        False                  1            7.35118   0.923286   0.679248   0.561004 │
│ asha_train_be58a_00004   TERMINATED   False      False      True            False      True       False        True                 False       True                   1            2.49995   0.835953   0.730462   0.614379 │
│ asha_train_be58a_00005   TERMINATED   False      False      False           False      False      False        False                False       True                   1            2.91888   0.764701   0.766282   0.638976 │
│ asha_train_be58a_00006   TERMINATED   False      False      False           False      False      False        False                True        False                  1            2.82218   0.849133   0.781009   0.610505 │
│ asha_train_be58a_00007   TERMINATED   False      True       False           True       False      False        True                 False       True                   4           17.2962    0.688148   0.734606   0.719108 │
│ asha_train_be58a_00008   TERMINATED   False      False      False           True       True       True         True                 True        True                   1            4.40212   0.800829   0.746152   0.625406 │
│ asha_train_be58a_00009   TERMINATED   False      False      True            True       True       True         False                True        True                   4           17.1982    0.590213   0.814239   0.738629 │
│ asha_train_be58a_00010   TERMINATED   True       False      True            False      True       True         False                False       False                  1            4.63216   0.828845   0.765246   0.593773 │
│ asha_train_be58a_00011   TERMINATED   False      True       True            True       True       True         True                 False       True                   1            6.15464   0.938152   0.618487   0.554489 │
│ asha_train_be58a_00012   TERMINATED   True       True       False           True       True       False        True                 False       False                  1            7.13679   0.974675   0.531454   0.536602 │
│ asha_train_be58a_00013   TERMINATED   False      False      False           False      True       False        True                 True        False                  1            2.49981   0.948539   0.71344    0.551855 │
│ asha_train_be58a_00014   TERMINATED   True       False      False           True       False      True         True                 False       True                   2            8.36153   0.68009    0.726021   0.705668 │
│ asha_train_be58a_00015   TERMINATED   True       True       False           False      True       True         False                True        True                   2            9.86762   0.726948   0.751332   0.652517 │
│ asha_train_be58a_00016   TERMINATED   False      False      False           True       False      True         False                True        False                  1            3.28194   0.860078   0.528049   0.61827  │
│ asha_train_be58a_00017   TERMINATED   False      True       True            True       True       False        True                 True        True                   4           23.8067    0.622401   0.755551   0.72996  │
│ asha_train_be58a_00018   TERMINATED   True       True       True            False      False      True         False                False       False                  1            4.34381   0.854609   0.725799   0.572578 │
│ asha_train_be58a_00019   TERMINATED   True       True       True            False      False      True         False                False       False                  1            4.3761    0.948242   0.702265   0.568392 │
│ asha_train_be58a_00020   TERMINATED   True       True       False           False      True       False        True                 False       True                   1            5.39098   0.812551   0.725059   0.614312 │
│ asha_train_be58a_00021   TERMINATED   False      True       False           False      True       True         False                True        True                   2            8.13049   0.669944   0.757623   0.688818 │
│ asha_train_be58a_00022   TERMINATED   False      True       True            False      False      False        False                True        False                  1            3.04992   0.823731   0.761989   0.612098 │
│ asha_train_be58a_00023   TERMINATED   False      False      True            True       False      True         True                 True        True                   4           15.0325    0.604456   0.784636   0.731924 │
│ asha_train_be58a_00024   TERMINATED   False      True       False           False      True       True         False                False       False                  1            3.55496   0.923639   0.723579   0.558116 │
│ asha_train_be58a_00025   TERMINATED   True       True       True            True       False      False        False                False       False                  1            5.77002   0.86749    0.60857    0.616285 │
│ asha_train_be58a_00026   TERMINATED   True       False      True            False      True       False        False                False       False                  1            4.36973   1.09851    0.658304   0.333333 │
│ asha_train_be58a_00027   TERMINATED   True       False      False           True       True       False        True                 False       False                  1            5.39985   0.956566   0.559799   0.557448 │
│ asha_train_be58a_00028   TERMINATED   True       False      True            False      True       False        True                 False       True                   1            4.04798   0.909787   0.697306   0.574258 │
│ asha_train_be58a_00029   TERMINATED   True       False      True            False      False      False        True                 False       True                   1            2.77214   1.09844    0.658304   0.333333 │
│ asha_train_be58a_00030   TERMINATED   True       False      True            True       True       False        True                 False       True                   2           10.4381    0.782661   0.712774   0.636739 │
│ asha_train_be58a_00031   TERMINATED   True       False      False           True       False      False        False                False       False                  1            4.56735   0.862766   0.67577    0.597377 │
│ asha_train_be58a_00032   TERMINATED   True       True       False           False      False      True         False                True        True                   1            4.38184   0.844557   0.699896   0.582828 │
│ asha_train_be58a_00033   TERMINATED   False      True       False           True       False      True         False                False       True                   1            4.68413   0.912058   0.423845   0.525995 │
│ asha_train_be58a_00034   TERMINATED   False      False      False           False      False      False        True                 True        True                   2            3.68263   0.699083   0.780565   0.68127  │
│ asha_train_be58a_00035   TERMINATED   True       False      True            True       False      True         False                True        False                  2            9.36555   0.781726   0.698638   0.651055 │
│ asha_train_be58a_00036   TERMINATED   False      True       False           True       True       False        True                 False       False                  2            9.96334   0.754385   0.704337   0.681595 │
│ asha_train_be58a_00037   TERMINATED   False      False      True            True       True       False        False                False       True                   2            6.51795   0.691183   0.743709   0.692627 │
│ asha_train_be58a_00038   TERMINATED   False      True       True            False      True       True         False                False       True                   2            8.964     0.673469   0.766948   0.689127 │
│ asha_train_be58a_00039   TERMINATED   True       True       False           True       True       False        False                True        True                   4           28.8495    0.620863   0.776421   0.732128 │
│ asha_train_be58a_00040   TERMINATED   False      True       True            True       False      True         True                 False       True                   2            9.56264   0.726768   0.753774   0.665024 │
│ asha_train_be58a_00041   TERMINATED   True       True       False           False      True       True         True                 False       False                  2           10.5575    0.852505   0.749778   0.604027 │
│ asha_train_be58a_00042   TERMINATED   False      False      True            True       False      False        False                True        False                  4           13.925     0.607264   0.755477   0.736732 │
│ asha_train_be58a_00043   TERMINATED   False      False      True            False      False      True         False                True        True                   2            3.96417   0.800296   0.737863   0.683091 │
│ asha_train_be58a_00044   TERMINATED   False      False      True            False      False      False        False                True        False                  2            4.88691   0.692827   0.746226   0.675248 │
│ asha_train_be58a_00045   TERMINATED   True       True       True            False      True       True         True                 False       False                  2           11.4757    0.75677    0.792037   0.643077 │
│ asha_train_be58a_00046   TERMINATED   False      False      False           False      False      True         True                 True        False                  1            2.97938   1.06361    0.687315   0.513827 │
│ asha_train_be58a_00047   TERMINATED   True       True       False           False      True       True         False                False       True                   1            5.25313   1.03559    0.583777   0.502623 │
│ asha_train_be58a_00048   TERMINATED   True       False      False           True       False      False        True                 False       True                   1            4.62      0.938586   0.582519   0.557241 │
│ asha_train_be58a_00049   TERMINATED   True       True       False           False      False      True         False                True        True                   1            3.48009   0.944287   0.774645   0.613755 │
│ asha_train_be58a_00050   TERMINATED   True       False      True            True       False      False        True                 False       False                  4           16.9265    0.663281   0.727427   0.71281  │
│ asha_train_be58a_00051   TERMINATED   True       False      True            True       False      True         True                 False       True                   1            4.39848   0.932389   0.748964   0.534646 │
│ asha_train_be58a_00052   TERMINATED   False      True       True            True       True       True         True                 False       True                   1            5.84489   0.998239   0.587478   0.539562 │
│ asha_train_be58a_00053   TERMINATED   True       False      False           True       False      True         False                False       True                   4           15.6858    0.726763   0.648683   0.694848 │
│ asha_train_be58a_00054   TERMINATED   True       True       False           False      True       True         True                 True        True                   1            5.57891   1.03387    0.770796   0.526169 │
│ asha_train_be58a_00055   TERMINATED   False      False      True            True       False      True         True                 True        False                  2            7.16027   0.734027   0.695308   0.673002 │
│ asha_train_be58a_00056   TERMINATED   True       True       True            True       True       False        False                True        True                   2           14.8374    0.813644   0.705003   0.632349 │
│ asha_train_be58a_00057   TERMINATED   False      False      False           True       False      True         True                 True        True                   1            3.87939   1.00572    0.629515   0.511373 │
│ asha_train_be58a_00058   TERMINATED   False      True       False           True       True       True         False                True        True                   4           24.2759    0.638347   0.82053    0.726715 │
│ asha_train_be58a_00059   TERMINATED   True       False      True            True       True       False        False                False       False                  1            5.11085   0.977208   0.633659   0.514783 │
│ asha_train_be58a_00060   TERMINATED   True       False      False           False      False      False        False                False       False                  2            4.8899    0.792635   0.789668   0.655647 │
│ asha_train_be58a_00061   TERMINATED   True       True       False           False      True       False        True                 True        True                   1            5.24747   0.834663   0.731498   0.614277 │
│ asha_train_be58a_00062   TERMINATED   False      True       False           True       True       True         False                False       False                  4           20.6666    0.70829    0.815201   0.718921 │
│ asha_train_be58a_00063   TERMINATED   True       False      True            False      True       False        False                True        True                   1            4.73164   0.859741   0.630181   0.60426  │
│ asha_train_be58a_00064   TERMINATED   False      True       True            True       True       True         False                True        True                   1            6.27174   0.84734    0.624926   0.60343  │
│ asha_train_be58a_00065   TERMINATED   True       True       False           True       True       True         True                 True        True                   4           30.0904    0.63323    0.821122   0.723118 │
│ asha_train_be58a_00066   TERMINATED   True       False      False           True       True       False        False                False       False                  1            4.29798   1.00838    0.612049   0.485253 │
│ asha_train_be58a_00067   TERMINATED   False      False      False           False      True       True         False                False       True                   1            2.27377   1.01864    0.561279   0.491858 │
│ asha_train_be58a_00068   TERMINATED   False      True       True            True       False      True         True                 True        True                   1            5.98805   0.91048    0.721359   0.59703  │
│ asha_train_be58a_00069   TERMINATED   False      False      False           False      False      False        False                True        True                   2            4.66683   0.699083   0.780565   0.68127  │
│ asha_train_be58a_00070   TERMINATED   False      False      True            False      True       False        True                 False       False                  2            6.04561   0.74193    0.696936   0.671867 │
│ asha_train_be58a_00071   TERMINATED   False      False      True            False      True       False        False                False       True                   2            5.0316    0.885252   0.772202   0.563107 │
│ asha_train_be58a_00072   TERMINATED   False      True       False           True       True       False        True                 True        True                   1            6.23073   0.908308   0.619967   0.585397 │
│ asha_train_be58a_00073   TERMINATED   False      False      False           False      True       True         False                True        True                   4            9.86404   0.615804   0.77124    0.72495  │
│ asha_train_be58a_00074   TERMINATED   True       False      True            True       True       True         False                False       False                  1            5.47877   0.854332   0.684651   0.580937 │
│ asha_train_be58a_00075   TERMINATED   False      False      False           False      True       False        False                True        True                   2            5.25342   0.724437   0.746226   0.664917 │
│ asha_train_be58a_00076   TERMINATED   True       True       True            False      True       False        False                True        True                   1            5.6593    0.830776   0.737567   0.604335 │
│ asha_train_be58a_00077   TERMINATED   True       True       False           True       True       True         False                False       False                  1            6.67424   0.927712   0.68132    0.577476 │
│ asha_train_be58a_00078   TERMINATED   True       False      True            True       True       True         True                 False       True                   1            5.73471   1.00504    0.491341   0.513361 │
│ asha_train_be58a_00079   TERMINATED   False      True       True            True       True       False        False                False       False                  1            5.0863    0.95669    0.595619   0.549888 │
│ asha_train_be58a_00080   TERMINATED   True       False      False           True       True       True         False                True        False                  1            5.99538   0.821256   0.732164   0.611748 │
│ asha_train_be58a_00081   TERMINATED   False      True       True            False      False      False        False                False       True                   1            3.01951   1.09846    0.658304   0.333333 │
│ asha_train_be58a_00082   TERMINATED   True       True       True            True       False      True         False                False       True                   4           22.2658    0.665377   0.73468    0.706155 │
│ asha_train_be58a_00083   TERMINATED   True       False      True            False      False      True         False                False       False                  4           12.0171    0.771321   0.77087    0.717122 │
│ asha_train_be58a_00084   TERMINATED   False      True       True            False      False      True         True                 False       True                   1            3.00066   0.944634   0.742451   0.583965 │
│ asha_train_be58a_00085   TERMINATED   False      True       True            False      False      False        False                True        False                  1            3.97037   0.817561   0.677694   0.611165 │
│ asha_train_be58a_00086   TERMINATED   True       False      False           False      False      True         True                 False       False                  2            6.09616   0.70287    0.796329   0.685067 │
│ asha_train_be58a_00087   TERMINATED   True       True       True            True       True       True         False                False       True                   1            7.03036   0.840271   0.652679   0.598916 │
│ asha_train_be58a_00088   TERMINATED   False      True       False           True       True       False        False                True        True                   4           22.9937    0.610245   0.780195   0.740332 │
│ asha_train_be58a_00089   TERMINATED   False      False      False           True       False      True         True                 True        False                  1            3.32083   0.916942   0.595619   0.599768 │
│ asha_train_be58a_00090   TERMINATED   False      False      False           False      True       True         False                True        False                  1            2.45984   0.879122   0.742007   0.571642 │
│ asha_train_be58a_00091   TERMINATED   True       True       True            True       True       True         True                 True        True                   1            7.94065   0.998743   0.626406   0.526558 │
│ asha_train_be58a_00092   TERMINATED   True       True       False           False      False      False        True                 True        True                   2            7.24908   0.731784   0.764284   0.66178  │
│ asha_train_be58a_00093   TERMINATED   True       True       True            True       True       True         True                 False       False                  2           13.6609    0.798481   0.762729   0.613648 │
│ asha_train_be58a_00094   TERMINATED   True       True       True            False      True       False        False                False       True                   1            5.49452   1.09849    0.246226   0.333333 │
│ asha_train_be58a_00095   TERMINATED   False      True       False           True       True       True         True                 False       False                  1            5.85697   0.934822   0.549734   0.610931 │
│ asha_train_be58a_00096   TERMINATED   False      True       True            False      False      True         False                False       True                   2            7.00577   0.761552   0.763247   0.632708 │
│ asha_train_be58a_00097   TERMINATED   False      False      True            False      False      False        False                False       True                   2            4.4318    0.741064   0.7537     0.648251 │
│ asha_train_be58a_00098   TERMINATED   False      True       False           True       False      True         False                True        True                   4           19.4055    0.66971    0.751998   0.707718 │
│ asha_train_be58a_00099   TERMINATED   True       True       False           True       True       False        False                False       False                  1            6.78797   1.04492    0.565201   0.476839 │
│ asha_train_be58a_00100   TERMINATED   False      True       True            False      True       True         True                 True        True                   1            5.29989   0.940883   0.608792   0.521078 │
│ asha_train_be58a_00101   TERMINATED   False      True       False           True       False      False        True                 False       True                   4           17.3036    0.590853   0.781157   0.75079  │
│ asha_train_be58a_00102   TERMINATED   True       True       False           False      True       False        True                 True        True                   1            5.81465   1.10169    0.246226   0.333333 │
│ asha_train_be58a_00103   TERMINATED   True       True       False           False      False      False        True                 True        False                  1            4.44669   1.09845    0.658304   0.333333 │
│ asha_train_be58a_00104   TERMINATED   False      True       False           False      False      True         True                 True        True                   2            6.57369   0.741986   0.7164     0.649673 │
│ asha_train_be58a_00105   TERMINATED   False      False      False           True       False      False        False                True        True                   4           12.7945    0.580019   0.775533   0.74724  │
│ asha_train_be58a_00106   TERMINATED   False      True       True            True       True       False        False                False       True                   2           11.2133    0.747643   0.689165   0.673964 │
│ asha_train_be58a_00107   TERMINATED   True       False      False           False      True       True         False                True        True                   1            3.62614   0.846395   0.688943   0.59267  │
│ asha_train_be58a_00108   TERMINATED   True       True       True            False      False      True         True                 True        True                   2            8.14951   0.723293   0.761175   0.666631 │
│ asha_train_be58a_00109   TERMINATED   False      False      False           False      True       False        False                False       True                   2            5.30211   0.72689    0.778567   0.671323 │
│ asha_train_be58a_00110   TERMINATED   False      True       True            False      False      True         False                True        True                   2            7.07073   0.752346   0.748224   0.652784 │
│ asha_train_be58a_00111   TERMINATED   True       False      True            False      False      False        True                 True        True                   1            4.14836   1.09851    0.658304   0.333333 │
│ asha_train_be58a_00112   TERMINATED   False      False      True            True       False      False        False                True        False                  4           13.6744    0.677474   0.697602   0.705102 │
│ asha_train_be58a_00113   TERMINATED   False      False      False           False      False      True         False                False       False                  2            3.68658   0.695541   0.80299    0.679995 │
│ asha_train_be58a_00114   TERMINATED   False      False      True            False      True       True         False                True        False                  2            5.64599   0.733128   0.78619    0.660811 │
│ asha_train_be58a_00115   TERMINATED   True       False      False           True       False      False        False                False       True                   4           16.0866    0.603741   0.787078   0.745537 │
│ asha_train_be58a_00116   TERMINATED   True       False      False           False      True       False        False                True        False                  1            4.19077   0.852066   0.707593   0.589081 │
│ asha_train_be58a_00117   TERMINATED   True       False      False           False      True       True         False                False       True                   1            4.53107   0.884221   0.687685   0.557297 │
│ asha_train_be58a_00118   TERMINATED   False      False      False           True       True       True         True                 False       True                   4           13.0562    0.648033   0.827709   0.71216  │
│ asha_train_be58a_00119   TERMINATED   False      False      False           True       True       True         True                 False       True                   1            3.112     1.15165    0.181542   0.392565 │
│ asha_train_be58a_00120   TERMINATED   False      True       True            True       False      True         False                False       True                   2            8.42354   0.721822   0.691237   0.678953 │
│ asha_train_be58a_00121   TERMINATED   True       False      True            True       False      True         True                 False       True                   2            9.59768   0.740994   0.739195   0.664798 │
│ asha_train_be58a_00122   TERMINATED   True       True       True            True       False      False        True                 True        True                   2           13.2145    0.743248   0.631069   0.671036 │
│ asha_train_be58a_00123   TERMINATED   False      False      True            True       False      True         True                 True        True                   4           16.0874    0.609045   0.792037   0.739506 │
│ asha_train_be58a_00124   TERMINATED   True       True       True            True       True       False        False                False       False                  1            6.79916   1.09821    0.500296   0.342627 │
│ asha_train_be58a_00125   TERMINATED   True       False      True            True       False      True         False                False       False                  2            8.4656    0.739381   0.705077   0.658643 │
│ asha_train_be58a_00126   TERMINATED   False      False      True            False      True       True         True                 True        True                   2            5.95158   0.71202    0.745782   0.66938  │
│ asha_train_be58a_00127   TERMINATED   False      True       False           True       True       False        True                 False       True                   4           21.791     0.716982   0.734532   0.704365 │
│ asha_train_be58a_00128   TERMINATED   True       False      True            True       False      True         False                True        False                  1            5.49135   0.967848   0.662226   0.526438 │
│ asha_train_be58a_00129   TERMINATED   False      False      False           False      True       True         False                False       False                  4            9.99159   0.713898   0.827043   0.7039   │
│ asha_train_be58a_00130   TERMINATED   True       False      False           False      True       True         True                 False       False                  2            8.60858   0.721746   0.800252   0.663124 │
│ asha_train_be58a_00131   TERMINATED   False      True       True            False      False      True         True                 True        False                  2            7.15958   0.740313   0.782712   0.677687 │
│ asha_train_be58a_00132   TERMINATED   False      True       True            False      True       True         False                True        True                   1            4.70014   1.0152     0.68058    0.546183 │
│ asha_train_be58a_00133   TERMINATED   False      True       True            True       True       False        False                True        False                  2           12.5968    0.81588    0.634547   0.633595 │
│ asha_train_be58a_00134   TERMINATED   False      True       True            False      False      True         False                False       True                   2            7.02225   0.744754   0.776939   0.651342 │
│ asha_train_be58a_00135   TERMINATED   False      True       False           True       False      True         True                 False       True                   1            4.55794   0.981374   0.732386   0.549774 │
│ asha_train_be58a_00136   TERMINATED   False      True       True            True       False      True         False                False       False                  2            9.25243   0.792246   0.656454   0.623973 │
│ asha_train_be58a_00137   TERMINATED   False      True       True            True       True       False        False                True        False                  1            6.49889   0.889094   0.668517   0.5956   │
│ asha_train_be58a_00138   TERMINATED   True       True       True            True       False      False        False                True        True                   1            7.15421   0.991466   0.507105   0.466002 │
│ asha_train_be58a_00139   TERMINATED   False      False      False           True       False      False        True                 True        False                  4           12.7405    0.605151   0.766874   0.740285 │
│ asha_train_be58a_00140   TERMINATED   False      True       False           True       True       True         False                False       True                   2           10.5721    0.758393   0.661338   0.655296 │
│ asha_train_be58a_00141   TERMINATED   False      False      True            True       True       True         False                False       True                   4           13.3807    0.623854   0.792703   0.725022 │
│ asha_train_be58a_00142   TERMINATED   False      True       True            True       True       True         True                 False       False                  1            6.73035   0.845479   0.696788   0.610209 │
│ asha_train_be58a_00143   TERMINATED   True       True       False           False      False      True         True                 False       True                   1            3.78022   1.0679     0.6455     0.576175 │
│ asha_train_be58a_00144   TERMINATED   True       False      True            True       True       True         False                True        False                  1            6.16556   0.907186   0.649349   0.54515  │
│ asha_train_be58a_00145   TERMINATED   True       False      True            False      True       False        False                True        False                  1            4.66243   1.09954    0.246226   0.333333 │
│ asha_train_be58a_00146   TERMINATED   False      False      False           False      False      True         False                True        False                  2            4.93632   0.69297    0.774867   0.678938 │
│ asha_train_be58a_00147   TERMINATED   True       False      False           False      True       False        False                False       False                  1            4.48262   1.09851    0.246226   0.333333 │
│ asha_train_be58a_00148   TERMINATED   False      True       False           True       True       True         True                 False       True                   4           21.3105    0.658772   0.82127    0.719851 │
│ asha_train_be58a_00149   TERMINATED   False      True       False           True       True       True         True                 True        True                   4           24.1861    0.628517   0.786708   0.723959 │
│ asha_train_be58a_00150   TERMINATED   True       False      False           False      True       True         True                 True        False                  1            3.592     1.0837     0.741415   0.481031 │
│ asha_train_be58a_00151   TERMINATED   True       True       True            True       True       False        False                False       True                   4           27.0155    0.607305   0.777309   0.745016 │
│ asha_train_be58a_00152   TERMINATED   False      False      True            False      False      True         False                False       False                  4            9.60386   0.633972   0.807578   0.723764 │
│ asha_train_be58a_00153   TERMINATED   False      True       True            False      False      False        True                 True        True                   1            3.9667    0.794046   0.720619   0.614688 │
│ asha_train_be58a_00154   TERMINATED   True       False      False           True       True       False        False                False       False                  1            5.53016   1.09557    0.546403   0.388056 │
│ asha_train_be58a_00155   TERMINATED   True       False      True            False      False      True         True                 False       False                  1            3.9203    1.09843    0.658304   0.333333 │
│ asha_train_be58a_00156   TERMINATED   False      False      True            True       False      False        True                 True        True                   4           14.0244    0.575325   0.771906   0.748576 │
│ asha_train_be58a_00157   TERMINATED   False      True       False           True       True       False        True                 False       False                  4           20.3712    0.651017   0.754737   0.71634  │
│ asha_train_be58a_00158   TERMINATED   False      False      False           True       False      True         True                 True        True                   1            4.36321   0.872317   0.694494   0.596042 │
│ asha_train_be58a_00159   TERMINATED   False      False      True            False      False      False        False                True        False                  1            2.09735   0.79958    0.760583   0.611864 │
│ asha_train_be58a_00160   TERMINATED   True       False      True            True       True       True         False                True        False                  1            5.99012   1.02516    0.679396   0.494332 │
│ asha_train_be58a_00161   TERMINATED   False      False      False           False      False      True         True                 True        True                   4            7.99831   0.608116   0.799882   0.728196 │
│ asha_train_be58a_00162   TERMINATED   False      True       True            True       True       False        False                False       True                   2           10.9521    0.747643   0.689165   0.673964 │
│ asha_train_be58a_00163   TERMINATED   True       True       True            True       False      True         True                 False       False                  1            5.61143   0.907561   0.593176   0.554571 │
│ asha_train_be58a_00164   TERMINATED   True       False      True            False      False      True         True                 True        False                  2            7.12017   0.721585   0.739787   0.681122 │
│ asha_train_be58a_00165   TERMINATED   False      True       True            False      True       False        False                True        False                  1            3.88721   0.903874   0.696122   0.591863 │
│ asha_train_be58a_00166   TERMINATED   True       True       False           True       False      False        True                 False       False                  2           10.8413    0.756443   0.700044   0.668455 │
│ asha_train_be58a_00167   TERMINATED   False      True       True            False      False      True         False                True        True                   2            6.51602   0.727279   0.746152   0.67317  │
│ asha_train_be58a_00168   TERMINATED   False      False      False           False      False      True         False                False       False                  4            7.8587    0.701835   0.8004     0.715512 │
│ asha_train_be58a_00169   TERMINATED   True       False      True            True       False      False        False                True        True                   1            5.34656   1.03251    0.486086   0.439986 │
│ asha_train_be58a_00170   TERMINATED   True       False      True            True       True       True         False                False       True                   2            9.90014   0.732486   0.750666   0.674874 │
│ asha_train_be58a_00171   TERMINATED   False      False      False           True       True       True         True                 True        False                  4           15.6836    0.647888   0.780861   0.725581 │
│ asha_train_be58a_00172   TERMINATED   True       True       True            False      False      True         False                True        True                   1            4.3504    0.852819   0.71566    0.570838 │
│ asha_train_be58a_00173   TERMINATED   True       True       False           True       True       True         False                False       False                  1            6.86403   0.84157    0.728686   0.59549  │
│ asha_train_be58a_00174   TERMINATED   True       False      False           True       True       True         True                 False       True                   2            9.59921   0.712124   0.799142   0.676885 │
│ asha_train_be58a_00175   TERMINATED   False      False      False           True       False      False        True                 True        False                  4           13.052     0.598104   0.765468   0.742344 │
│ asha_train_be58a_00176   TERMINATED   True       True       False           True       True       False        True                 False       False                  1            7.61708   0.873451   0.691163   0.585475 │
│ asha_train_be58a_00177   TERMINATED   False      False      True            False      False      True         True                 True        False                  1            2.87392   1.0682     0.507401   0.613062 │
│ asha_train_be58a_00178   TERMINATED   True       False      True            False      False      False        False                True        False                  1            3.13974   1.09843    0.658304   0.333333 │
│ asha_train_be58a_00179   TERMINATED   False      True       False           False      True       True         True                 True        False                  1            4.14058   1.04771    0.7705     0.501823 │
│ asha_train_be58a_00180   TERMINATED   False      True       True            True       True       True         False                True        True                   2           11.8785    0.72156    0.739417   0.676835 │
│ asha_train_be58a_00181   TERMINATED   False      False      True            False      False      False        False                True        False                  1            2.48454   0.79958    0.760583   0.611864 │
│ asha_train_be58a_00182   TERMINATED   True       True       True            True       True       True         False                False       False                  1            6.97596   0.866288   0.678952   0.574151 │
│ asha_train_be58a_00183   TERMINATED   False      True       True            True       True       False        True                 True        True                   2           12.2155    0.771779   0.703671   0.66487  │
│ asha_train_be58a_00184   TERMINATED   False      False      False           False      False      False        True                 True        True                   2            3.98843   0.727229   0.778715   0.663238 │
│ asha_train_be58a_00185   TERMINATED   True       True       False           True       False      True         False                False       True                   4           18.7646    0.693844   0.656676   0.703507 │
│ asha_train_be58a_00186   TERMINATED   True       True       True            True       True       True         False                True        True                   1            7.20247   0.994517   0.680432   0.501023 │
│ asha_train_be58a_00187   TERMINATED   True       True       False           True       False      False        True                 False       False                  2            9.90459   0.783048   0.68206    0.673045 │
│ asha_train_be58a_00188   TERMINATED   False      False      False           False      True       True         False                False       True                   1            2.36412   0.92001    0.632105   0.526215 │
│ asha_train_be58a_00189   TERMINATED   False      False      True            True       True       True         True                 False       True                   4           12.7925    0.617888   0.818236   0.724601 │
│ asha_train_be58a_00190   TERMINATED   False      True       False           True       False      False        True                 False       True                   4           15.5369    0.635248   0.776791   0.728283 │
│ asha_train_be58a_00191   TERMINATED   True       False      True            True       False      False        False                True        True                   1            4.78239   1.03251    0.486086   0.439986 │
│ asha_train_be58a_00192   TERMINATED   True       False      False           False      True       False        False                True        False                  1            3.93759   1.09847    0.658304   0.333333 │
│ asha_train_be58a_00193   TERMINATED   False      False      True            True       False      True         True                 True        True                   2            7.64002   0.711212   0.738751   0.672937 │
│ asha_train_be58a_00194   TERMINATED   True       True       True            False      True       False        True                 False       True                   1            5.11284   1.09844    0.658304   0.333333 │
│ asha_train_be58a_00195   TERMINATED   True       False      False           True       True       True         True                 True        True                   1            5.50514   0.932074   0.633289   0.536315 │
│ asha_train_be58a_00196   TERMINATED   True       True       False           False      False      True         True                 False       True                   1            4.25973   1.09849    0.658304   0.333333 │
│ asha_train_be58a_00197   TERMINATED   True       True       False           False      False      True         False                True        False                  1            3.47415   0.86379    0.717436   0.597062 │
│ asha_train_be58a_00198   TERMINATED   False      True       False           True       False      False        False                True        False                  4           16.6754    0.595089   0.766356   0.741582 │
│ asha_train_be58a_00199   TERMINATED   True       False      True            False      False      False        False                False       False                  1            3.30541   1.09846    0.658304   0.333333 │
│ asha_train_be58a_00200   TERMINATED   True       True       True            True       False      False        False                False       True                   1            5.31424   0.897295   0.599023   0.584635 │
│ asha_train_be58a_00201   TERMINATED   True       False      False           True       True       False        True                 False       False                  1            4.61456   0.905537   0.733866   0.586283 │
│ asha_train_be58a_00202   TERMINATED   True       False      False           False      False      False        True                 False       True                   1            3.04394   1.09849    0.658304   0.333333 │
│ asha_train_be58a_00203   TERMINATED   True       False      False           True       True       False        True                 False       True                   2           10.0545    0.896648   0.680358   0.609696 │
│ asha_train_be58a_00204   TERMINATED   True       False      False           True       False      False        False                True        False                  4           17.8037    0.612293   0.752886   0.732026 │
│ asha_train_be58a_00205   TERMINATED   True       False      False           True       False      False        False                True        True                   1            5.1138    0.793694   0.742377   0.581079 │
│ asha_train_be58a_00206   TERMINATED   True       False      False           False      False      False        False                True        False                  1            2.77017   1.09848    0.658304   0.333333 │
│ asha_train_be58a_00207   TERMINATED   True       True       True            True       False      True         False                True        False                  4           25.5532    0.638756   0.778345   0.719143 │
│ asha_train_be58a_00208   TERMINATED   True       False      True            False      True       False        True                 False       False                  1            3.53026   1.09863    0.211294   0.323539 │
│ asha_train_be58a_00209   TERMINATED   True       True       True            False      False      True         False                False       True                   2            7.50714   0.756344   0.78582    0.652958 │
│ asha_train_be58a_00210   TERMINATED   False      False      True            True       False      False        False                True        True                   4           15.1127    0.626452   0.739343   0.730515 │
│ asha_train_be58a_00211   TERMINATED   False      False      True            False      False      True         False                True        True                   4            8.61645   0.625614   0.802694   0.728142 │
│ asha_train_be58a_00212   TERMINATED   True       True       True            False      False      False        True                 True        False                  2            7.38096   0.78267    0.671995   0.66313  │
│ asha_train_be58a_00213   TERMINATED   False      False      True            False      False      False        False                True        False                  2            4.95416   0.856808   0.571788   0.640168 │
│ asha_train_be58a_00214   TERMINATED   False      False      True            True       True       True         False                False       False                  4           13.865     0.689881   0.776347   0.695054 │
│ asha_train_be58a_00215   TERMINATED   False      True       False           False      True       True         False                False       True                   1            3.91963   0.843917   0.674586   0.558601 │
│ asha_train_be58a_00216   TERMINATED   True       True       True            True       False      False        True                 True        True                   2           12.4946    0.749809   0.607682   0.663414 │
│ asha_train_be58a_00217   TERMINATED   False      True       True            True       False      False        True                 True        False                  4           19.4201    0.617537   0.745263   0.734907 │
│ asha_train_be58a_00218   TERMINATED   True       True       False           True       False      False        True                 False       True                   2           10.6954    0.799642   0.67577    0.617275 │
│ asha_train_be58a_00219   TERMINATED   True       False      False           False      True       True         False                False       False                  1            3.80899   0.893388   0.717584   0.573997 │
│ asha_train_be58a_00220   TERMINATED   True       False      False           True       False      False        True                 True        True                   1            4.51729   0.859538   0.729648   0.573794 │
│ asha_train_be58a_00221   TERMINATED   False      True       True            True       False      True         False                True        True                   2           10.618     0.705867   0.706853   0.676198 │
│ asha_train_be58a_00222   TERMINATED   False      True       True            False      True       False        False                True        False                  2            8.2685    0.818343   0.693532   0.634589 │
│ asha_train_be58a_00223   TERMINATED   True       True       True            False      True       True         False                True        True                   1            5.37595   1.06685    0.528715   0.474115 │
│ asha_train_be58a_00224   TERMINATED   False      False      False           True       True       False        True                 False       True                   2            6.4194    0.715268   0.719731   0.671149 │
│ asha_train_be58a_00225   TERMINATED   True       True       False           True       False      True         False                False       True                   1            5.54171   0.912235   0.388099   0.508083 │
│ asha_train_be58a_00226   TERMINATED   True       False      False           False      False      False        True                 False       True                   4           11.368     0.598466   0.809651   0.742401 │
│ asha_train_be58a_00227   TERMINATED   False      True       False           False      False      True         False                False       False                  4           12.1944    0.68252    0.813277   0.698656 │
│ asha_train_be58a_00228   TERMINATED   True       False      True            False      True       True         False                False       False                  1            3.72489   0.850231   0.720397   0.59966  │
│ asha_train_be58a_00229   TERMINATED   True       True       False           True       False      False        False                False       False                  1            5.64456   0.93595    0.529455   0.560936 │
│ asha_train_be58a_00230   TERMINATED   True       False      False           False      True       True         False                False       True                   1            4.36519   1.06497    0.778863   0.525706 │
│ asha_train_be58a_00231   TERMINATED   False      True       False           True       True       True         True                 False       False                  4           20.855     0.61936    0.748594   0.728075 │
│ asha_train_be58a_00232   TERMINATED   True       False      True            True       True       False        True                 False       True                   1            5.44205   1.10223    0.294923   0.328604 │
│ asha_train_be58a_00233   TERMINATED   False      True       False           True       True       True         False                False       True                   4           20.4268    0.707898   0.81942    0.726972 │
│ asha_train_be58a_00234   TERMINATED   True       False      False           True       True       True         False                True        False                  1            5.76698   1.03424    0.662818   0.4825   │
│ asha_train_be58a_00235   TERMINATED   False      False      False           False      True       False        False                True        False                  1            3.21084   0.948539   0.71344    0.551855 │
│ asha_train_be58a_00236   TERMINATED   False      True       False           True       True       True         False                False       True                   1            5.67139   0.85566    0.599171   0.612216 │
│ asha_train_be58a_00237   TERMINATED   False      False      False           False      False      True         False                True        False                  2            4.53698   0.690392   0.784636   0.678228 │
│ asha_train_be58a_00238   TERMINATED   True       True       False           False      False      False        False                True        True                   1            4.26877   1.0985     0.658304   0.333333 │
│ asha_train_be58a_00239   TERMINATED   False      True       False           True       False      True         False                False       True                   4           16.1597    0.617726   0.761101   0.734847 │
│ asha_train_be58a_00240   TERMINATED   True       True       False           False      True       True         True                 False       True                   1            5.4459    0.806648   0.708185   0.608208 │
│ asha_train_be58a_00241   TERMINATED   True       False      False           True       False      True         False                False       True                   4           16.3102    0.644432   0.808985   0.742377 │
│ asha_train_be58a_00242   TERMINATED   True       False      True            True       False      True         True                 True        True                   1            5.91129   0.831488   0.683837   0.597815 │
│ asha_train_be58a_00243   TERMINATED   True       True       False           True       False      False        True                 True        True                   1            6.5883    0.824899   0.722617   0.602119 │
│ asha_train_be58a_00244   TERMINATED   True       True       True            False      False      False        True                 False       True                   1            4.12469   0.852318   0.731054   0.57988  │
│ asha_train_be58a_00245   TERMINATED   True       False      True            False      True       True         False                False       True                   1            4.52082   0.885855   0.650903   0.53733  │
│ asha_train_be58a_00246   TERMINATED   False      True       False           False      True       False        False                False       False                  1            3.60967   1.09996    0.246226   0.333333 │
│ asha_train_be58a_00247   TERMINATED   False      True       False           True       False      False        False                False       False                  4           15.5261    0.630121   0.741119   0.722981 │
│ asha_train_be58a_00248   TERMINATED   True       True       False           False      False      False        False                False       False                  1            4.22537   1.09847    0.658304   0.333333 │
│ asha_train_be58a_00249   TERMINATED   True       False      False           True       False      False        False                True        True                   4           17.8616    0.645265   0.770204   0.713987 │
│ asha_train_be58a_00250   TERMINATED   True       True       True            False      True       True         False                False       False                  1            5.47721   0.935438   0.745041   0.539997 │
│ asha_train_be58a_00251   TERMINATED   False      False      True            True       False      True         False                True        True                   4           14.8711    0.585962   0.797957   0.745214 │
│ asha_train_be58a_00252   TERMINATED   True       True       True            True       False      False        True                 True        True                   2           12.2395    0.750003   0.613085   0.667491 │
│ asha_train_be58a_00253   TERMINATED   True       True       True            False      True       True         False                False       False                  1            5.61691   0.915035   0.719879   0.53924  │
│ asha_train_be58a_00254   TERMINATED   False      False      False           True       False      True         True                 False       False                  4           10.3031    0.626466   0.762951   0.724131 │
│ asha_train_be58a_00255   TERMINATED   True       True       True            False      False      False        True                 False       False                  1            3.47002   0.842525   0.710924   0.606574 │
│ asha_train_be58a_00256   TERMINATED   False      False      False           False      True       False        False                True        True                   2            5.33672   0.724437   0.746226   0.664917 │
│ asha_train_be58a_00257   TERMINATED   False      False      True            True       True       False        False                False       False                  4           12.9776    0.628472   0.770944   0.728182 │
│ asha_train_be58a_00258   TERMINATED   True       False      False           True       False      False        True                 False       False                  4           16.2627    0.643709   0.750962   0.725341 │
│ asha_train_be58a_00259   TERMINATED   True       False      True            True       True       True         True                 False       False                  1            5.30699   0.902708   0.65897    0.552132 │
│ asha_train_be58a_00260   TERMINATED   True       True       True            False      False      False        False                False       False                  1            4.27509   1.09846    0.658304   0.333333 │
│ asha_train_be58a_00261   TERMINATED   False      True       True            True       True       False        True                 False       False                  1            6.79813   0.848739   0.661116   0.614771 │
│ asha_train_be58a_00262   TERMINATED   False      False      False           True       False      True         False                True        False                  4           14.0032    0.634534   0.78471    0.726965 │
│ asha_train_be58a_00263   TERMINATED   True       True       True            True       True       False        True                 False       False                  1            7.1956    0.937649   0.658082   0.559993 │
│ asha_train_be58a_00264   TERMINATED   True       False      False           False      False      False        True                 True        True                   1            2.68596   1.09849    0.658304   0.333333 │
│ asha_train_be58a_00265   TERMINATED   False      False      True            True       False      True         False                False       True                   2            6.76684   0.761449   0.656676   0.667897 │
│ asha_train_be58a_00266   TERMINATED   False      False      False           False      False      True         False                False       False                  4            7.99044   0.62951    0.807208   0.730599 │
│ asha_train_be58a_00267   TERMINATED   False      False      True            True       True       False        False                True        True                   4           16.3406    0.592624   0.777309   0.747227 │
│ asha_train_be58a_00268   TERMINATED   True       False      True            True       True       True         False                True        False                  4           23.2664    0.598899   0.790927   0.738284 │
│ asha_train_be58a_00269   TERMINATED   False      True       True            False      True       False        False                True        False                  1            4.641     0.884091   0.66341    0.59014  │
│ asha_train_be58a_00270   TERMINATED   True       True       False           True       True       True         True                 True        True                   1            7.29415   0.875839   0.620337   0.568673 │
│ asha_train_be58a_00271   TERMINATED   False      True       True            False      True       True         False                True        True                   1            4.82305   0.818816   0.704411   0.610088 │
│ asha_train_be58a_00272   TERMINATED   False      False      False           False      True       False        False                True        True                   2            5.3455    0.724437   0.746226   0.664917 │
│ asha_train_be58a_00273   TERMINATED   False      True       False           True       True       False        False                False       False                  4           20.4454    0.662207   0.77124    0.706836 │
│ asha_train_be58a_00274   TERMINATED   False      True       True            False      True       True         False                True        True                   1            4.85089   0.793492   0.73357    0.61124  │
│ asha_train_be58a_00275   TERMINATED   True       True       False           True       True       False        True                 True        False                  1            7.48351   1.09623    0.457593   0.354988 │
│ asha_train_be58a_00276   TERMINATED   False      True       False           True       False      False        True                 False       True                   2            8.70995   0.766649   0.686131   0.674625 │
│ asha_train_be58a_00277   TERMINATED   False      False      False           False      True       True         False                False       True                   1            3.15565   1.0613     0.780121   0.561088 │
│ asha_train_be58a_00278   TERMINATED   False      False      False           True       True       False        False                False       True                   4           13.3233    0.667508   0.767244   0.718268 │
│ asha_train_be58a_00279   TERMINATED   True       False      False           True       True       False        True                 True        True                   1            6.04754   1.09923    0.455965   0.35374  │
│ asha_train_be58a_00280   TERMINATED   False      False      False           True       False      True         True                 True        False                  2            6.87462   0.884574   0.672143   0.678207 │
│ asha_train_be58a_00281   TERMINATED   True       False      False           True       True       False        False                True        True                   4           21.0514    0.607338   0.773535   0.738865 │
│ asha_train_be58a_00282   TERMINATED   True       False      False           False      False      False        True                 True        False                  2            5.50108   0.739909   0.754144   0.668967 │
│ asha_train_be58a_00283   TERMINATED   False      True       False           False      False      True         False                True        True                   2            6.0356    0.844942   0.767318   0.679156 │
│ asha_train_be58a_00284   TERMINATED   False      False      True            True       True       True         True                 True        False                  1            4.47468   0.91179    0.512063   0.538784 │
│ asha_train_be58a_00285   TERMINATED   True       False      False           True       False      False        True                 False       True                   2            9.58011   0.755393   0.715956   0.642328 │
│ asha_train_be58a_00286   TERMINATED   False      True       True            False      True       True         True                 True        False                  1            4.98565   0.899295   0.752146   0.562364 │
│ asha_train_be58a_00287   TERMINATED   False      True       False           True       True       True         True                 False       True                   1            5.75077   0.987289   0.428878   0.511195 │
│ asha_train_be58a_00288   TERMINATED   True       False      True            False      True       True         False                True        False                  2            7.91421   0.712175   0.766948   0.669073 │
│ asha_train_be58a_00289   TERMINATED   False      True       True            True       True       True         False                False       False                  4           20.7591    0.641929   0.797883   0.715484 │
│ asha_train_be58a_00290   TERMINATED   False      True       True            True       False      False        False                True        True                   4           19.6127    0.58463    0.766208   0.746312 │
│ asha_train_be58a_00291   TERMINATED   True       True       True            False      False      True         True                 True        False                  1            3.64781   0.820658   0.776791   0.614662 │
│ asha_train_be58a_00292   TERMINATED   True       False      True            False      True       False        False                False       False                  1            4.47518   0.84428    0.732016   0.591656 │
│ asha_train_be58a_00293   TERMINATED   True       True       True            True       True       True         False                True        True                   1            7.54325   0.883209   0.652087   0.556983 │
│ asha_train_be58a_00294   TERMINATED   True       False      False           True       True       True         True                 True        False                  1            6.61603   0.972333   0.542851   0.572823 │
│ asha_train_be58a_00295   TERMINATED   False      False      False           True       True       False        False                False       True                   4           11.9995    0.667508   0.767244   0.718268 │
│ asha_train_be58a_00296   TERMINATED   False      False      False           True       True       False        True                 False       True                   4           12.6189    0.64536    0.779825   0.718003 │
│ asha_train_be58a_00297   TERMINATED   False      False      False           True       True       True         True                 True        False                  4           17.1636    0.603958   0.775237   0.733116 │
│ asha_train_be58a_00298   TERMINATED   False      False      False           False      False      False        False                True        True                   2            4.22059   0.699083   0.780565   0.68127  │
│ asha_train_be58a_00299   TERMINATED   True       False      True            False      False      False        True                 True        True                   1            4.16707   1.0985     0.658304   0.333333 │
│ asha_train_be58a_00300   TERMINATED   False      True       True            True       True       False        False                True        False                  4           23.7708    0.63462    0.75148    0.727991 │
│ asha_train_be58a_00301   TERMINATED   True       True       False           False      False      False        True                 True        True                   1            3.65523   1.0985     0.658304   0.333333 │
│ asha_train_be58a_00302   TERMINATED   True       True       False           True       False      True         True                 True        True                   1            6.07772   0.941042   0.742747   0.547512 │
│ asha_train_be58a_00303   TERMINATED   True       False      True            False      True       True         False                True        True                   1            4.08321   0.982753   0.58696    0.497905 │
│ asha_train_be58a_00304   TERMINATED   False      True       False           True       True       True         True                 False       False                  2           10.5492    0.749663   0.691385   0.669314 │
│ asha_train_be58a_00305   TERMINATED   True       False      False           True       True       True         False                False       True                   1            5.21569   0.80767    0.701451   0.612786 │
│ asha_train_be58a_00306   TERMINATED   True       False      False           True       False      True         True                 False       True                   1            4.74883   0.954179   0.530269   0.526714 │
│ asha_train_be58a_00307   TERMINATED   True       False      False           False      False      False        False                False       True                   1            3.22005   1.09843    0.658304   0.333333 │
│ asha_train_be58a_00308   TERMINATED   False      True       True            False      False      True         True                 True        True                   1            3.13566   0.899454   0.717436   0.584701 │
│ asha_train_be58a_00309   TERMINATED   True       True       True            False      True       True         True                 False       True                   1            5.90865   0.95632    0.612863   0.506563 │
│ asha_train_be58a_00310   TERMINATED   False      True       True            False      True       True         True                 True        True                   1            4.94125   1.07951    0.246596   0.333521 │
│ asha_train_be58a_00311   TERMINATED   False      False      True            False      False      False        True                 False       True                   2            5.17943   0.70367    0.794183   0.680139 │
│ asha_train_be58a_00312   TERMINATED   False      True       False           True       False      True         True                 True        False                  1            5.69544   0.898881   0.605906   0.583049 │
│ asha_train_be58a_00313   TERMINATED   False      False      True            True       True       False        True                 False       True                   4           13.5874    0.637273   0.776199   0.730553 │
│ asha_train_be58a_00314   TERMINATED   False      True       False           False      True       True         False                False       True                   4           15.9672    0.590789   0.805728   0.740867 │
│ asha_train_be58a_00315   TERMINATED   False      False      True            True       False      False        False                False       False                  4           10.5692    0.634459   0.758807   0.723077 │
│ asha_train_be58a_00316   TERMINATED   False      True       False           True       True       False        False                True        True                   2           11.5724    0.763725   0.73616    0.661569 │
│ asha_train_be58a_00317   TERMINATED   False      False      True            True       False      True         True                 True        True                   4           15.3074    0.628163   0.784118   0.718163 │
│ asha_train_be58a_00318   TERMINATED   True       True       True            False      True       True         True                 True        False                  1            5.55532   0.954637   0.757031   0.517955 │
│ asha_train_be58a_00319   TERMINATED   True       False      False           True       False      True         True                 True        False                  4           18.2032    0.66318    0.782712   0.742049 │
│ asha_train_be58a_00320   TERMINATED   True       False      True            True       True       True         True                 False       True                   4           20.0516    0.610174   0.815127   0.742898 │
│ asha_train_be58a_00321   TERMINATED   True       False      True            False      True       False        True                 True        True                   2            7.88506   0.778475   0.713588   0.648236 │
│ asha_train_be58a_00322   TERMINATED   True       True       True            True       True       False        False                False       False                  4           27.6589    0.660983   0.743487   0.715769 │
│ asha_train_be58a_00323   TERMINATED   False      True       True            False      True       True         False                True        False                  1            4.63227   0.866703   0.759917   0.566219 │
│ asha_train_be58a_00324   TERMINATED   True       True       False           False      True       True         False                True        True                   1            5.07639   0.99129    0.698046   0.534268 │
│ asha_train_be58a_00325   TERMINATED   True       False      True            True       False      False        True                 False       False                  1            4.94137   1.09821    0.664964   0.343417 │
│ asha_train_be58a_00326   TERMINATED   False      True       True            True       False      True         True                 False       True                   4           18.1928    0.622676   0.804396   0.726091 │
│ asha_train_be58a_00327   TERMINATED   False      True       True            True       True       False        True                 False       False                  2           10.7541    0.767652   0.690423   0.659975 │
│ asha_train_be58a_00328   TERMINATED   True       False      False           False      False      True         False                True        False                  2            5.93709   0.691715   0.789224   0.67467  │
│ asha_train_be58a_00329   TERMINATED   False      False      False           True       False      True         True                 False       False                  4           12.7564    0.663027   0.795367   0.68996  │
│ asha_train_be58a_00330   TERMINATED   False      False      True            True       True       True         False                True        False                  1            3.56963   0.88614    0.641356   0.579277 │
│ asha_train_be58a_00331   TERMINATED   False      False      False           False      False      True         False                True        False                  2            3.77585   0.69297    0.774867   0.678938 │
│ asha_train_be58a_00332   TERMINATED   False      False      True            False      True       False        True                 True        False                  1            2.57222   0.853023   0.726317   0.579796 │
│ asha_train_be58a_00333   TERMINATED   False      True       True            True       True       False        True                 False       True                   2           11.1471    0.776012   0.708851   0.666292 │
│ asha_train_be58a_00334   TERMINATED   True       False      True            True       True       False        False                True        False                  4           23.2016    0.710987   0.735568   0.696272 │
│ asha_train_be58a_00335   TERMINATED   True       False      False           False      True       True         False                True        False                  2            7.3439    0.738318   0.78841    0.657882 │
│ asha_train_be58a_00336   TERMINATED   False      False      False           False      True       True         False                False       False                  4            9.94206   0.713898   0.827043   0.7039   │
│ asha_train_be58a_00337   TERMINATED   False      False      True            False      True       False        True                 False       True                   1            2.72613   0.931916   0.668665   0.525259 │
│ asha_train_be58a_00338   TERMINATED   True       True       False           True       True       True         True                 True        False                  1            7.4916    0.91389    0.65638    0.568281 │
│ asha_train_be58a_00339   TERMINATED   False      True       False           False      True       True         False                False       True                   1            4.68318   0.921429   0.646536   0.532519 │
│ asha_train_be58a_00340   TERMINATED   False      True       False           True       False      True         False                False       False                  4           16.6788    0.676479   0.704485   0.72187  │
│ asha_train_be58a_00341   TERMINATED   False      True       True            False      True       False        False                True        False                  1            4.62252   0.890494   0.729722   0.604112 │
│ asha_train_be58a_00342   TERMINATED   True       False      True            True       False      False        False                True        False                  4           19.9878    0.672941   0.746966   0.709009 │
│ asha_train_be58a_00343   TERMINATED   False      False      True            False      False      True         False                True        True                   4            8.57538   0.840721   0.770574   0.722122 │
│ asha_train_be58a_00344   TERMINATED   False      False      False           False      False      False        False                True        True                   2            3.67839   0.699083   0.780565   0.68127  │
│ asha_train_be58a_00345   TERMINATED   False      True       True            True       True       False        False                False       True                   2           11.0095    0.77123    0.692126   0.661406 │
│ asha_train_be58a_00346   TERMINATED   False      False      False           True       False      True         True                 True        True                   4           13.6251    0.611515   0.8172     0.739597 │
│ asha_train_be58a_00347   TERMINATED   False      True       True            False      False      True         False                False       False                  2            6.42344   0.773255   0.78841    0.666744 │
│ asha_train_be58a_00348   TERMINATED   False      True       False           True       True       True         True                 True        False                  4           24.8419    0.633657   0.7873     0.724367 │
│ asha_train_be58a_00349   TERMINATED   True       True       False           True       True       True         True                 True        False                  1            8.25004   0.881121   0.630921   0.621225 │
│ asha_train_be58a_00350   TERMINATED   False      True       False           True       False      True         False                True        True                   4           18.9343    0.577301   0.794479   0.744486 │
│ asha_train_be58a_00351   TERMINATED   False      False      True            False      False      True         False                True        True                   4            9.70762   0.625614   0.802694   0.728142 │
│ asha_train_be58a_00352   TERMINATED   True       True       False           False      False      True         True                 True        False                  1            4.69864   0.878966   0.707963   0.564348 │
│ asha_train_be58a_00353   TERMINATED   True       False      True            True       True       True         False                False       True                   2            9.84487   0.728006   0.776717   0.672903 │
│ asha_train_be58a_00354   TERMINATED   True       False      False           True       True       False        True                 False       True                   1            5.35772   1.04066    0.528049   0.469343 │
│ asha_train_be58a_00355   TERMINATED   True       True       True            True       True       False        True                 False       True                   2           13.6218    0.797041   0.68206    0.649262 │
│ asha_train_be58a_00356   TERMINATED   True       True       True            True       False      False        True                 True        True                   2           12.8095    0.781006   0.709962   0.638638 │
│ asha_train_be58a_00357   TERMINATED   True       False      False           True       True       False        True                 True        False                  4           22.3654    0.646016   0.769464   0.725937 │
│ asha_train_be58a_00358   TERMINATED   False      False      False           True       True       False        True                 True        True                   4           15.4394    0.598222   0.773387   0.746491 │
│ asha_train_be58a_00359   TERMINATED   True       True       False           True       True       False        True                 False       False                  1            6.73031   0.969471   0.565497   0.528673 │
│ asha_train_be58a_00360   TERMINATED   True       False      True            False      True       True         True                 False       False                  1            3.79442   0.806534   0.759621   0.609997 │
│ asha_train_be58a_00361   TERMINATED   False      False      False           True       True       True         True                 True        False                  4           15.9048    0.588357   0.806246   0.746086 │
│ asha_train_be58a_00362   TERMINATED   True       True       False           False      False      True         False                True        True                   1            3.53654   0.837723   0.701969   0.591269 │
│ asha_train_be58a_00363   TERMINATED   True       True       False           True       True       False        True                 True        True                   1            7.4595    1.09914    0.339846   0.323541 │
│ asha_train_be58a_00364   TERMINATED   True       True       True            False      False      True         True                 True        False                  1            3.53905   0.953386   0.774719   0.544352 │
│ asha_train_be58a_00365   TERMINATED   True       False      True            False      False      False        True                 False       False                  1            3.85981   1.09848    0.658304   0.333333 │
│ asha_train_be58a_00366   TERMINATED   True       True       False           True       True       True         True                 True        False                  1            7.69148   0.807616   0.729056   0.616592 │
│ asha_train_be58a_00367   TERMINATED   False      True       True            False      True       False        True                 False       False                  1            4.68308   0.927981   0.676214   0.529669 │
│ asha_train_be58a_00368   TERMINATED   False      True       False           False      True       True         False                False       True                   4           15.7739    0.590789   0.805728   0.740867 │
│ asha_train_be58a_00369   TERMINATED   False      False      False           True       True       False        False                True        True                   4           14.6972    0.603649   0.775903   0.736683 │
│ asha_train_be58a_00370   TERMINATED   False      True       False           True       True       True         False                False       True                   2            9.62773   0.75328    0.685613   0.659769 │
│ asha_train_be58a_00371   TERMINATED   False      False      True            True       False      True         True                 False       False                  1            3.05467   0.817422   0.644316   0.614443 │
│ asha_train_be58a_00372   TERMINATED   True       False      True            True       False      False        True                 False       False                  1            5.06728   1.09845    0.658304   0.333333 │
│ asha_train_be58a_00373   TERMINATED   False      False      True            False      True       False        False                False       True                   1            2.62062   0.845969   0.717732   0.603876 │
│ asha_train_be58a_00374   TERMINATED   True       False      False           False      True       True         True                 True        False                  1            4.44031   0.835116   0.693532   0.596483 │
│ asha_train_be58a_00375   TERMINATED   False      False      False           False      False      False        False                False       True                   4            8.73404   0.634674   0.820678   0.723785 │
│ asha_train_be58a_00376   TERMINATED   True       True       True            False      False      True         True                 False       False                  2            7.72172   0.715068   0.789224   0.666887 │
│ asha_train_be58a_00377   TERMINATED   False      True       True            False      True       True         False                False       False                  1            4.76471   0.974461   0.708555   0.542098 │
│ asha_train_be58a_00378   TERMINATED   True       False      True            True       False      True         False                True        True                   1            5.61472   0.970509   0.446862   0.458937 │
│ asha_train_be58a_00379   TERMINATED   False      False      False           False      True       True         False                True        True                   4            9.64529   0.615804   0.77124    0.72495  │
│ asha_train_be58a_00380   TERMINATED   True       True       False           True       True       False        False                True        True                   1            7.31659   0.94995    0.682726   0.570786 │
│ asha_train_be58a_00381   TERMINATED   False      True       False           False      True       False        True                 True        True                   1            3.65355   0.918643   0.675252   0.574739 │
│ asha_train_be58a_00382   TERMINATED   True       False      False           True       True       True         True                 False       False                  2           10.0022    0.713541   0.771314   0.6724   │
│ asha_train_be58a_00383   TERMINATED   False      False      True            False      True       True         True                 False       True                   1            3.52237   0.867818   0.647647   0.572494 │
│ asha_train_be58a_00384   TERMINATED   False      True       True            False      False      False        False                True        False                  2            6.26453   0.737951   0.737123   0.670358 │
│ asha_train_be58a_00385   TERMINATED   True       True       False           False      True       False        False                True        True                   1            5.52952   1.09861    0.246226   0.333333 │
│ asha_train_be58a_00386   TERMINATED   False      True       True            True       False      True         True                 True        True                   2           10.5439    0.727703   0.708999   0.66959  │
│ asha_train_be58a_00387   TERMINATED   False      True       True            False      False      False        False                False       False                  2            6.46209   0.73624    0.734606   0.666453 │
│ asha_train_be58a_00388   TERMINATED   True       False      False           True       False      True         True                 False       False                  1            3.8669    0.919548   0.734828   0.540846 │
│ asha_train_be58a_00389   TERMINATED   True       True       True            True       False      False        False                True        True                   1            6.37024   0.812141   0.652531   0.614074 │
│ asha_train_be58a_00390   TERMINATED   True       True       False           False      True       False        True                 True        True                   1            5.61286   0.879538   0.711886   0.577899 │
│ asha_train_be58a_00391   TERMINATED   False      False      True            False      False      True         True                 True        True                   2            5.46392   0.763784   0.754811   0.657956 │
│ asha_train_be58a_00392   TERMINATED   True       False      False           True       False      True         True                 True        True                   1            5.51687   1.00544    0.641948   0.486734 │
│ asha_train_be58a_00393   TERMINATED   False      True       False           True       True       False        True                 False       True                   1            5.86501   0.971948   0.604278   0.525794 │
│ asha_train_be58a_00394   TERMINATED   True       True       True            False      False      False        True                 False       True                   1            3.69688   1.09848    0.658304   0.333333 │
│ asha_train_be58a_00395   TERMINATED   False      False      False           True       False      True         False                True        False                  4           12.7158    0.714091   0.69775    0.725955 │
│ asha_train_be58a_00396   TERMINATED   False      True       False           True       False      False        True                 False       False                  2            8.10675   0.761436   0.71455    0.648168 │
│ asha_train_be58a_00397   TERMINATED   False      False      False           False      True       True         True                 True        True                   1            3.01034   0.914635   0.570086   0.527714 │
│ asha_train_be58a_00398   TERMINATED   False      True       True            False      False      True         True                 False       True                   2            6.39317   1.03318    0.651125   0.593761 │
│ asha_train_be58a_00399   TERMINATED   True       True       False           False      False      True         True                 True        True                   4           14.2674    0.614796   0.790409   0.725423 │
│ asha_train_be58a_00400   TERMINATED   True       False      True            True       True       True         True                 True        True                   2           12.0398    0.711735   0.753108   0.679112 │
│ asha_train_be58a_00401   TERMINATED   False      False      True            True       True       False        False                True        True                   2            7.76618   0.767657   0.703227   0.67024  │
│ asha_train_be58a_00402   TERMINATED   True       True       False           True       True       True         False                True        True                   4           29.0558    0.601765   0.78952    0.730561 │
│ asha_train_be58a_00403   TERMINATED   True       False      False           False      False      False        False                False       False                  1            2.63922   1.09847    0.658304   0.333333 │
│ asha_train_be58a_00404   TERMINATED   True       False      False           True       True       True         False                False       True                   1            5.32722   0.873449   0.735716   0.612909 │
│ asha_train_be58a_00405   TERMINATED   True       True       False           True       True       True         True                 False       False                  1            6.91714   1.06362    0.222247   0.433546 │
│ asha_train_be58a_00406   TERMINATED   False      True       False           True       False      False        False                True        True                   4           19.6167    0.578685   0.775829   0.742807 │
│ asha_train_be58a_00407   TERMINATED   True       False      True            False      False      True         False                False       True                   1            2.87938   0.896032   0.710998   0.555717 │
│ asha_train_be58a_00408   TERMINATED   True       False      False           True       True       True         False                True        True                   1            5.93165   0.864765   0.721729   0.611741 │
│ asha_train_be58a_00409   TERMINATED   False      True       True            True       True       False        False                False       False                  2           11.0154    0.754924   0.667925   0.670191 │
│ asha_train_be58a_00410   TERMINATED   False      False      False           True       True       True         False                False       False                  4           12.0631    0.719102   0.689091   0.665122 │
│ asha_train_be58a_00411   TERMINATED   True       True       False           False      False      False        False                False       True                   2            7.17168   0.72555    0.788706   0.66952  │
│ asha_train_be58a_00412   TERMINATED   True       False      True            False      False      False        True                 False       False                  1            3.93512   1.09849    0.658304   0.333333 │
│ asha_train_be58a_00413   TERMINATED   True       True       False           True       False      False        True                 False       False                  2           10.7709    0.785458   0.705225   0.658881 │
│ asha_train_be58a_00414   TERMINATED   True       False      False           True       True       False        False                False       False                  1            5.47001   0.905537   0.733866   0.586283 │
│ asha_train_be58a_00415   TERMINATED   True       False      False           True       True       True         False                False       True                   1            5.30382   0.80767    0.701451   0.612786 │
│ asha_train_be58a_00416   TERMINATED   False      False      False           False      False      False        True                 False       False                  2            4.64221   0.782484   0.756957   0.635482 │
│ asha_train_be58a_00417   TERMINATED   True       False      True            False      False      False        False                True        True                   1            3.47986   1.09844    0.658304   0.333333 │
│ asha_train_be58a_00418   TERMINATED   False      True       False           False      True       True         True                 True        False                  2            7.23977   0.71975    0.794183   0.660417 │
│ asha_train_be58a_00419   TERMINATED   True       True       True            True       False      True         False                True        False                  2           12.1375    0.692256   0.781824   0.676969 │
│ asha_train_be58a_00420   TERMINATED   False      True       True            False      True       False        True                 True        False                  1            4.30599   0.935171   0.660672   0.522322 │
│ asha_train_be58a_00421   TERMINATED   True       True       True            True       True       False        False                True        True                   1            7.26287   1.08913    0.442052   0.383951 │
│ asha_train_be58a_00422   TERMINATED   True       False      False           True       False      True         True                 True        True                   4           17.1979    0.613331   0.814387   0.73934  │
│ asha_train_be58a_00423   TERMINATED   False      False      False           True       False      True         False                True        True                   2            6.16123   0.735418   0.685391   0.681892 │
│ asha_train_be58a_00424   TERMINATED   False      False      True            True       True       False        True                 True        True                   2            8.60372   0.795084   0.68058    0.649902 │
│ asha_train_be58a_00425   TERMINATED   False      True       True            False      True       False        True                 True        False                  1            4.03721   1.00074    0.661412   0.551266 │
│ asha_train_be58a_00426   TERMINATED   False      True       True            True       True       True         False                False       False                  4           19.0641    0.655738   0.763247   0.706094 │
│ asha_train_be58a_00427   TERMINATED   True       False      True            True       False      False        False                False       False                  1            4.17069   1.01966    0.415335   0.456144 │
│ asha_train_be58a_00428   TERMINATED   False      False      False           True       False      False        False                True        False                  4           11.5564    0.591602   0.76643    0.746444 │
│ asha_train_be58a_00429   TERMINATED   True       False      False           False      True       True         False                True        True                   1            3.70316   1.00719    0.609828   0.508413 │
│ asha_train_be58a_00430   TERMINATED   False      False      True            True       True       True         False                True        False                  4           14.914     0.595913   0.799067   0.742355 │
│ asha_train_be58a_00431   TERMINATED   True       False      True            True       True       False        False                False       False                  1            5.09206   0.922258   0.589032   0.567304 │
│ asha_train_be58a_00432   TERMINATED   True       True       False           False      False      True         True                 False       True                   4           13.862     0.679946   0.815349   0.723736 │
│ asha_train_be58a_00433   TERMINATED   False      False      False           False      False      False        True                 True        False                  2            4.46548   0.802095   0.715882   0.662598 │
│ asha_train_be58a_00434   TERMINATED   False      False      False           True       False      True         False                False       False                  4           10.2276    0.678429   0.787448   0.716901 │
│ asha_train_be58a_00435   TERMINATED   False      False      True            False      True       False        True                 True        False                  1            2.78196   0.85456    0.669257   0.587892 │
│ asha_train_be58a_00436   TERMINATED   False      False      False           True       False      True         False                True        False                  4           11.7849    0.714091   0.69775    0.725955 │
│ asha_train_be58a_00437   TERMINATED   False      False      True            False      False      False        False                False       False                  2            4.25827   0.760215   0.760805   0.655281 │
│ asha_train_be58a_00438   TERMINATED   False      False      True            True       True       True         True                 True        False                  4           16.0078    0.616645   0.771906   0.731625 │
│ asha_train_be58a_00439   TERMINATED   False      True       True            False      False      True         False                False       True                   1            3.6208    0.789935   0.740897   0.615913 │
│ asha_train_be58a_00440   TERMINATED   False      False      False           True       True       False        True                 False       True                   4           12.4202    0.61783    0.776939   0.741335 │
│ asha_train_be58a_00441   TERMINATED   True       True       False           False      False      True         True                 False       True                   1            3.34827   1.09849    0.658304   0.333333 │
│ asha_train_be58a_00442   TERMINATED   True       True       True            False      False      False        True                 False       False                  1            4.58271   1.09848    0.658304   0.333333 │
│ asha_train_be58a_00443   TERMINATED   False      False      True            False      True       False        True                 True        False                  1            3.39691   0.859979   0.690719   0.618358 │
│ asha_train_be58a_00444   TERMINATED   False      False      True            False      False      False        True                 False       True                   1            2.56852   0.80903    0.757623   0.619863 │
│ asha_train_be58a_00445   TERMINATED   True       True       True            True       False      True         False                False       True                   2           11.3664    0.739044   0.735124   0.660118 │
│ asha_train_be58a_00446   TERMINATED   False      True       False           False      True       True         False                False       True                   4           16.4288    0.584218   0.804618   0.741745 │
│ asha_train_be58a_00447   TERMINATED   False      False      False           False      True       True         True                 False       False                  1            2.49556   0.923693   0.777531   0.581052 │
│ asha_train_be58a_00448   TERMINATED   True       True       False           True       False      False        False                True        True                   1            6.15679   0.868857   0.71307    0.573428 │
│ asha_train_be58a_00449   TERMINATED   False      False      True            True       True       False        True                 False       True                   4           12.8473    0.605982   0.786486   0.735801 │
│ asha_train_be58a_00450   TERMINATED   False      False      False           True       True       True         False                False       False                  4           12.5185    0.687256   0.812463   0.720991 │
│ asha_train_be58a_00451   TERMINATED   True       False      True            True       False      True         True                 False       False                  1            5.0666    0.945821   0.635953   0.52288  │
│ asha_train_be58a_00452   TERMINATED   True       False      False           True       True       False        False                False       True                   1            5.23914   0.9722     0.670515   0.527041 │
│ asha_train_be58a_00453   TERMINATED   True       True       False           False      True       True         True                 False       True                   1            5.66622   0.991236   0.533526   0.475233 │
│ asha_train_be58a_00454   TERMINATED   True       True       True            True       True       False        True                 True        True                   2           16.1872    0.76854    0.691459   0.662876 │
│ asha_train_be58a_00455   TERMINATED   False      False      False           False      True       True         True                 False       False                  1            2.55779   0.867468   0.771536   0.616796 │
│ asha_train_be58a_00456   TERMINATED   False      False      False           True       True       False        True                 False       False                  4           12.737     0.652503   0.77198    0.725163 │
│ asha_train_be58a_00457   TERMINATED   False      True       False           True       False      False        False                False       True                   2            8.50779   0.745553   0.7127     0.678505 │
│ asha_train_be58a_00458   TERMINATED   False      False      False           False      True       True         True                 False       False                  1            2.38187   1.04473    0.713588   0.478888 │
│ asha_train_be58a_00459   TERMINATED   False      False      False           True       False      False        False                False       False                  4           10.7936    0.605127   0.777235   0.746434 │
│ asha_train_be58a_00460   TERMINATED   False      True       True            False      True       False        True                 True        True                   1            3.84854   1.11687    0.246226   0.333333 │
│ asha_train_be58a_00461   TERMINATED   False      False      False           True       False      True         False                True        False                  4           13.0108    0.634534   0.78471    0.726965 │
│ asha_train_be58a_00462   TERMINATED   False      False      True            False      True       True         False                True        False                  1            2.59962   1.07377    0.263914   0.34229  │
│ asha_train_be58a_00463   TERMINATED   False      True       True            False      False      False        False                True        False                  1            3.9981    1.09849    0.658304   0.333333 │
│ asha_train_be58a_00464   TERMINATED   False      True       False           True       True       False        False                True        True                   4           22.736     0.60282    0.774719   0.736376 │
│ asha_train_be58a_00465   TERMINATED   True       False      True            False      False      True         False                True        False                  4           12.073     0.645618   0.767688   0.722168 │
│ asha_train_be58a_00466   TERMINATED   False      True       True            True       False      True         False                True        True                   2           10.4662    0.845699   0.5336     0.642803 │
│ asha_train_be58a_00467   TERMINATED   True       True       True            True       False      False        True                 False       False                  2           11.4246    0.802948   0.69664    0.636934 │
│ asha_train_be58a_00468   TERMINATED   True       True       False           False      False      False        True                 True        True                   1            3.87069   1.09844    0.658304   0.333333 │
│ asha_train_be58a_00469   TERMINATED   True       False      True            True       False      False        True                 True        True                   4           20.8546    0.691516   0.749334   0.723388 │
│ asha_train_be58a_00470   TERMINATED   True       True       False           False      True       True         False                False       False                  1            5.40069   0.806066   0.73431    0.598698 │
│ asha_train_be58a_00471   TERMINATED   False      True       False           False      True       False        True                 False       False                  1            4.51276   1.09872    0.246226   0.333333 │
│ asha_train_be58a_00472   TERMINATED   False      True       False           False      True       False        False                True        True                   1            4.51106   0.918643   0.675252   0.574739 │
│ asha_train_be58a_00473   TERMINATED   True       True       False           False      False      False        True                 False       False                  1            3.76306   1.09845    0.658304   0.333333 │
│ asha_train_be58a_00474   TERMINATED   True       True       True            True       True       True         False                True        True                   1            7.93948   0.808267   0.694642   0.615655 │
│ asha_train_be58a_00475   TERMINATED   False      False      False           False      True       True         True                 True        True                   1            2.63925   0.924027   0.521536   0.515314 │
│ asha_train_be58a_00476   TERMINATED   False      True       False           True       True       False        False                False       True                   4           20.8007    0.660517   0.774719   0.727292 │
│ asha_train_be58a_00477   TERMINATED   False      False      True            False      True       True         False                False       False                  2            5.81487   0.752088   0.78656    0.657925 │
│ asha_train_be58a_00478   TERMINATED   True       False      False           True       False      False        True                 True        False                  1            4.12784   1.09847    0.658304   0.333333 │
│ asha_train_be58a_00479   TERMINATED   False      True       True            True       True       False        False                True        False                  2           12.3104    0.754858   0.692052   0.672245 │
│ asha_train_be58a_00480   TERMINATED   False      False      True            False      False      False        True                 True        False                  1            2.18125   0.804738   0.739565   0.602312 │
│ asha_train_be58a_00481   TERMINATED   True       False      False           False      False      False        True                 True        True                   2            5.8855    0.720637   0.767392   0.668265 │
│ asha_train_be58a_00482   TERMINATED   True       True       False           False      False      False        True                 False       True                   1            3.31057   1.09849    0.658304   0.333333 │
│ asha_train_be58a_00483   TERMINATED   False      False      True            False      True       False        True                 True        True                   1            2.73319   0.81239    0.711516   0.613857 │
│ asha_train_be58a_00484   TERMINATED   True       True       False           False      True       False        True                 False       False                  1            5.51987   1.09844    0.658304   0.333333 │
│ asha_train_be58a_00485   TERMINATED   False      True       True            True       True       False        True                 False       False                  4           22.0036    0.659931   0.752072   0.719096 │
│ asha_train_be58a_00486   TERMINATED   True       True       True            False      False      False        False                False       True                   1            4.28319   1.09848    0.658304   0.333333 │
│ asha_train_be58a_00487   TERMINATED   True       True       False           True       True       True         False                False       False                  1            6.99567   0.862148   0.680432   0.591322 │
│ asha_train_be58a_00488   TERMINATED   False      True       True            True       True       True         False                True        True                   1            6.50954   0.898005   0.618265   0.576931 │
│ asha_train_be58a_00489   TERMINATED   True       True       True            True       False      False        True                 False       True                   2           11.7816    0.789068   0.664076   0.659478 │
│ asha_train_be58a_00490   TERMINATED   False      True       True            False      False      True         True                 True        True                   1            3.29025   0.795247   0.750074   0.618641 │
│ asha_train_be58a_00491   TERMINATED   True       True       False           True       False      True         False                True        False                  4           23.0586    0.662358   0.676658   0.71095  │
│ asha_train_be58a_00492   TERMINATED   False      False      True            True       True       False        True                 True        False                  2            8.86819   0.77095    0.703597   0.671785 │
│ asha_train_be58a_00493   TERMINATED   False      True       True            True       True       False        False                False       True                   2           10.1325    0.806136   0.71566    0.640745 │
│ asha_train_be58a_00494   TERMINATED   False      False      False           True       False      True         False                True        True                   4           12.9906    0.61583    0.775089   0.734275 │
│ asha_train_be58a_00495   TERMINATED   False      False      True            False      True       False        True                 True        False                  1            3.52741   0.854731   0.701155   0.594208 │
│ asha_train_be58a_00496   TERMINATED   True       True       True            True       False      False        True                 False       False                  4           21.4035    0.632754   0.758659   0.726029 │
│ asha_train_be58a_00497   TERMINATED   True       False      True            True       True       True         False                True        False                  4           23.6618    0.631863   0.77161    0.718099 │
│ asha_train_be58a_00498   TERMINATED   True       False      False           True       True       False        True                 False       True                   4           19.1426    0.636193   0.783526   0.727343 │
│ asha_train_be58a_00499   TERMINATED   False      True       False           False      True       True         True                 True        False                  1            3.6815    0.91762    0.775089   0.548562 │
│ asha_train_be58a_00500   TERMINATED   False      False      False           False      False      False        True                 False       True                   2            4.66549   0.755714   0.794553   0.640165 │
│ asha_train_be58a_00501   TERMINATED   False      True       False           False      True       True         False                False       True                   4           15.3519    0.631408   0.806024   0.722693 │
│ asha_train_be58a_00502   TERMINATED   True       True       True            False      False      False        False                True        False                  1            4.50854   1.09843    0.658304   0.333333 │
│ asha_train_be58a_00503   TERMINATED   False      False      True            False      False      False        True                 False       False                  2            5.25203   0.751905   0.760065   0.657728 │
│ asha_train_be58a_00504   TERMINATED   False      True       True            False      False      True         True                 False       True                   2            6.85929   0.727798   0.763692   0.667983 │
│ asha_train_be58a_00505   TERMINATED   True       False      False           False      False      False        False                False       False                  1            3.39319   1.09843    0.658304   0.333333 │
│ asha_train_be58a_00506   TERMINATED   True       False      False           False      True       False        True                 False       False                  1            4.10083   1.09847    0.658304   0.333333 │
│ asha_train_be58a_00507   TERMINATED   False      True       True            False      True       True         False                True        True                   1            4.25408   0.955638   0.725799   0.5534   │
│ asha_train_be58a_00508   TERMINATED   True       False      False           False      False      True         True                 True        False                  1            3.04186   1.00154    0.713218   0.571879 │
│ asha_train_be58a_00509   TERMINATED   False      True       True            True       False      True         False                False       True                   4           17.9014    0.648496   0.74815    0.707857 │
│ asha_train_be58a_00510   TERMINATED   False      True       False           False      False      True         False                False       True                   4           11.998     0.699554   0.821862   0.715691 │
│ asha_train_be58a_00511   TERMINATED   True       False      True            True       True       False        False                True        True                   1            6.10226   1.09203    0.427028   0.404005 │
│ asha_train_be58a_00512   TERMINATED   True       False      True            True       True       False        False                True        True                   1            6.13796   0.865728   0.632475   0.586634 │
│ asha_train_be58a_00513   TERMINATED   False      False      True            True       True       False        True                 True        True                   4           15.8814    0.622495   0.772351   0.741444 │
│ asha_train_be58a_00514   TERMINATED   False      True       True            True       False      True         True                 True        False                  2           10.909     0.737588   0.705225   0.666822 │
│ asha_train_be58a_00515   TERMINATED   False      True       True            True       True       True         False                True        False                  4           23.827     0.656966   0.761693   0.712027 │
│ asha_train_be58a_00516   TERMINATED   True       False      False           False      False      False        False                True        False                  1            2.62008   1.09848    0.658304   0.333333 │
│ asha_train_be58a_00517   TERMINATED   False      True       False           False      True       False        True                 True        False                  1            4.67714   1.09843    0.658304   0.333333 │
│ asha_train_be58a_00518   TERMINATED   False      False      True            True       False      False        False                False       False                  4           11.1822    0.587325   0.772499   0.748624 │
│ asha_train_be58a_00519   TERMINATED   True       True       False           False      True       False        False                True        False                  1            5.16445   1.09845    0.658304   0.333333 │
│ asha_train_be58a_00520   TERMINATED   True       False      False           False      False      False        True                 True        True                   1            2.69333   1.09849    0.658304   0.333333 │
│ asha_train_be58a_00521   TERMINATED   True       True       True            False      False      True         False                False       False                  2            7.5138    0.743666   0.776939   0.653433 │
│ asha_train_be58a_00522   TERMINATED   True       True       True            True       False      False        True                 True        True                   1            6.47633   1.05328    0.651199   0.44175  │
│ asha_train_be58a_00523   TERMINATED   True       False      False           True       True       False        False                False       False                  1            5.15108   1.00838    0.612049   0.485253 │
│ asha_train_be58a_00524   TERMINATED   False      False      True            True       True       False        False                False       False                  4           13.6177    0.628472   0.770944   0.728182 │
│ asha_train_be58a_00525   TERMINATED   False      True       False           True       True       False        False                True        True                   4           23.997     0.5952     0.777383   0.743619 │
│ asha_train_be58a_00526   TERMINATED   False      True       True            False      True       False        False                False       True                   1            4.80101   0.794498   0.742599   0.620864 │
│ asha_train_be58a_00527   TERMINATED   False      True       True            False      False      True         True                 True        False                  1            3.91568   0.904639   0.740083   0.56848  │
│ asha_train_be58a_00528   TERMINATED   False      True       False           True       True       True         True                 True        False                  4           24.9938    0.685511   0.788928   0.702777 │
│ asha_train_be58a_00529   TERMINATED   False      False      False           True       False      False        False                False       False                  4           10.1058    0.605127   0.777235   0.746434 │
│ asha_train_be58a_00530   TERMINATED   True       True       True            True       True       True         False                False       True                   1            6.91346   0.890517   0.69701    0.551765 │
│ asha_train_be58a_00531   TERMINATED   True       False      True            False      True       False        True                 False       True                   1            4.95696   1.10097    0.246226   0.333333 │
│ asha_train_be58a_00532   TERMINATED   True       True       True            True       False      True         True                 False       False                  1            5.94288   0.925691   0.702709   0.578751 │
│ asha_train_be58a_00533   TERMINATED   True       False      True            False      True       True         False                True        False                  1            4.31903   0.811327   0.766578   0.610931 │
│ asha_train_be58a_00534   TERMINATED   False      False      False           False      True       False        False                True        True                   2            5.27396   0.724437   0.746226   0.664917 │
│ asha_train_be58a_00535   TERMINATED   True       True       False           True       False      True         False                False       False                  4           21.4311    0.626713   0.754144   0.722541 │
│ asha_train_be58a_00536   TERMINATED   True       False      False           True       True       True         False                True        False                  1            5.88957   0.910239   0.637211   0.545779 │
│ asha_train_be58a_00537   TERMINATED   True       True       False           False      True       True         True                 False       False                  2            9.29053   0.778248   0.774275   0.634741 │
│ asha_train_be58a_00538   TERMINATED   True       True       True            True       False      True         False                True        True                   1            6.54393   0.928967   0.664742   0.517874 │
│ asha_train_be58a_00539   TERMINATED   False      False      True            False      False      True         True                 False       True                   2            4.24016   0.744454   0.803952   0.661632 │
│ asha_train_be58a_00540   TERMINATED   True       False      False           True       True       False        False                False       False                  1            5.17379   1.09557    0.546403   0.388056 │
│ asha_train_be58a_00541   TERMINATED   True       True       False           True       True       True         True                 False       False                  1            6.84205   0.84649    0.700414   0.60697  │
│ asha_train_be58a_00542   TERMINATED   False      False      True            False      False      True         False                False       True                   4            9.22971   0.99838    0.698046   0.682396 │
│ asha_train_be58a_00543   TERMINATED   True       False      False           False      True       False        False                False       True                   1            3.93831   0.81538    0.740675   0.609929 │
│ asha_train_be58a_00544   TERMINATED   False      True       True            False      True       True         True                 True        True                   1            4.18582   1.05074    0.650237   0.545656 │
│ asha_train_be58a_00545   TERMINATED   True       False      True            False      False      True         False                False       True                   2            6.52137   0.830838   0.776717   0.677181 │
│ asha_train_be58a_00546   TERMINATED   False      True       True            False      True       False        True                 True        False                  1            4.7125    1.09925    0.246226   0.333333 │
│ asha_train_be58a_00547   TERMINATED   False      False      True            False      True       False        False                False       True                   1            2.84515   0.909903   0.702339   0.572483 │
│ asha_train_be58a_00548   TERMINATED   True       True       True            True       False      True         True                 False       True                   1            6.21201   0.808152   0.687389   0.611902 │
│ asha_train_be58a_00549   TERMINATED   True       False      True            False      True       False        False                False       True                   1            4.35886   1.10038    0.246226   0.333333 │
│ asha_train_be58a_00550   TERMINATED   True       True       True            True       False      False        False                True        True                   4           24.1407    0.663737   0.706779   0.709408 │
│ asha_train_be58a_00551   TERMINATED   True       False      True            False      True       False        True                 False       False                  1            4.79673   1.09859    0.658304   0.333333 │
│ asha_train_be58a_00552   TERMINATED   True       False      False           False      True       True         True                 True        True                   1            3.94411   0.882428   0.674586   0.562618 │
│ asha_train_be58a_00553   TERMINATED   True       True       False           True       False      True         True                 True        False                  1            6.47997   0.901854   0.671995   0.581954 │
│ asha_train_be58a_00554   TERMINATED   False      False      True            True       True       False        True                 True        False                  2            7.93158   0.729366   0.721137   0.677205 │
│ asha_train_be58a_00555   TERMINATED   True       False      True            False      False      False        True                 False       True                   1            3.87933   1.09843    0.658304   0.333333 │
│ asha_train_be58a_00556   TERMINATED   False      False      True            True       True       True         False                True        False                  4           16.9335    0.595913   0.799067   0.742355 │
│ asha_train_be58a_00557   TERMINATED   False      True       False           True       True       True         False                True        True                   4           24.3402    0.619179   0.754885   0.728719 │
│ asha_train_be58a_00558   TERMINATED   True       True       False           False      True       False        True                 True        True                   1            5.47544   1.10155    0.246226   0.333333 │
│ asha_train_be58a_00559   TERMINATED   True       True       True            True       False      True         False                False       True                   2           11.0942    0.770689   0.655343   0.682884 │
│ asha_train_be58a_00560   TERMINATED   False      True       True            False      False      True         True                 True        True                   2            6.70924   0.761186   0.753922   0.647736 │
│ asha_train_be58a_00561   TERMINATED   True       True       True            False      True       True         False                True        False                  1            5.74781   1.00968    0.701821   0.543705 │
│ asha_train_be58a_00562   TERMINATED   False      False      False           True       True       False        True                 False       True                   4           12.4962    0.674529   0.762507   0.723318 │
│ asha_train_be58a_00563   TERMINATED   True       False      True            True       True       False        True                 True        False                  2           12.3705    0.746214   0.713736   0.66239  │
│ asha_train_be58a_00564   TERMINATED   False      False      False           False      False      True         False                True        True                   4            8.54682   0.608116   0.799882   0.728196 │
│ asha_train_be58a_00565   TERMINATED   True       False      False           False      True       False        False                False       True                   1            3.43838   0.901403   0.676436   0.58786  │
│ asha_train_be58a_00566   TERMINATED   True       True       True            False      False      True         False                True        True                   2            7.65348   1.03186    0.659562   0.679531 │
│ asha_train_be58a_00567   TERMINATED   False      False      True            False      False      True         False                True        False                  4            8.28498   0.911864   0.702413   0.714219 │
│ asha_train_be58a_00568   TERMINATED   True       True       True            True       False      False        False                False       True                   2           10.9963    0.723597   0.650755   0.671809 │
│ asha_train_be58a_00569   TERMINATED   True       True       True            False      False      True         False                True        True                   2            8.39919   0.743252   0.759695   0.651506 │
│ asha_train_be58a_00570   TERMINATED   True       True       True            True       True       False        True                 False       False                  4           27.3536    0.684557   0.738307   0.697704 │
│ asha_train_be58a_00571   TERMINATED   False      True       False           False      False      False        False                True        True                   1            3.11183   1.09849    0.658304   0.333333 │
│ asha_train_be58a_00572   TERMINATED   False      False      True            False      True       True         False                True        True                   1            3.32011   1.05194    0.782638   0.535206 │
│ asha_train_be58a_00573   TERMINATED   False      False      True            True       True       False        False                True        False                  4           15.2139    0.624574   0.747484   0.72996  │
│ asha_train_be58a_00574   TERMINATED   False      False      True            True       True       True         False                True        True                   4           16.4824    0.633396   0.765838   0.727632 │
│ asha_train_be58a_00575   TERMINATED   False      True       False           False      True       False        True                 True        True                   1            4.82168   0.841574   0.69331    0.600507 │
│ asha_train_be58a_00576   TERMINATED   True       True       True            False      False      True         False                False       True                   1            4.40829   0.869778   0.718769   0.562737 │
│ asha_train_be58a_00577   TERMINATED   True       False      False           False      True       True         True                 False       True                   1            4.70379   0.873272   0.624038   0.562495 │
│ asha_train_be58a_00578   TERMINATED   False      False      False           True       True       False        True                 False       True                   4           12.1671    0.637922   0.759177   0.725812 │
│ asha_train_be58a_00579   TERMINATED   True       False      False           False      True       False        True                 True        True                   2            7.46072   0.752523   0.747558   0.656559 │
│ asha_train_be58a_00580   TERMINATED   False      False      False           False      False      True         False                False       False                  2            4.54794   0.699382   0.790409   0.68294  │
│ asha_train_be58a_00581   TERMINATED   False      False      True            True       True       True         True                 True        False                  4           17.1293    0.601489   0.781083   0.741881 │
│ asha_train_be58a_00582   TERMINATED   False      False      False           False      True       True         False                False       False                  4           10.3006    0.713898   0.827043   0.7039   │
│ asha_train_be58a_00583   TERMINATED   False      False      True            False      False      True         False                False       True                   2            5.03145   0.711171   0.761915   0.672396 │
│ asha_train_be58a_00584   TERMINATED   True       True       True            False      False      True         False                True        False                  1            3.65399   0.843835   0.732312   0.580715 │
│ asha_train_be58a_00585   TERMINATED   True       False      False           True       True       True         False                True        True                   1            5.99211   0.89468    0.709295   0.558239 │
│ asha_train_be58a_00586   TERMINATED   True       False      True            False      False      True         True                 True        False                  2            6.53075   0.697431   0.778049   0.680044 │
│ asha_train_be58a_00587   TERMINATED   False      False      True            True       True       False        False                False       True                   4           13.2366    0.642393   0.762137   0.723688 │
│ asha_train_be58a_00588   TERMINATED   False      True       False           True       True       False        True                 True        False                  4           22.1519    0.63745    0.751628   0.722665 │
│ asha_train_be58a_00589   TERMINATED   True       False      False           True       True       False        False                False       False                  4           18.6267    0.632495   0.768502   0.730589 │
│ asha_train_be58a_00590   TERMINATED   False      True       True            True       True       True         True                 False       True                   2           11.1746    0.702524   0.767318   0.682936 │
│ asha_train_be58a_00591   TERMINATED   False      False      False           True       True       True         False                False       False                  4           12.9438    0.631237   0.795219   0.728734 │
│ asha_train_be58a_00592   TERMINATED   False      True       True            False      False      True         False                False       True                   2            6.66916   0.734212   0.800178   0.659232 │
│ asha_train_be58a_00593   TERMINATED   False      True       False           True       True       False        True                 True        False                  1            6.0883    0.962754   0.57164    0.538436 │
│ asha_train_be58a_00594   TERMINATED   True       False      True            False      True       False        False                True        False                  1            4.01403   0.846268   0.714402   0.607641 │
│ asha_train_be58a_00595   TERMINATED   False      True       True            True       True       True         True                 False       False                  4           22.0504    0.64547    0.813721   0.720194 │
│ asha_train_be58a_00596   TERMINATED   True       False      True            False      False      False        False                True        False                  2            6.22378   0.710251   0.76828    0.667859 │
│ asha_train_be58a_00597   TERMINATED   True       True       False           True       False      False        False                False       True                   4           20.0833    0.602904   0.790927   0.747295 │
│ asha_train_be58a_00598   TERMINATED   True       False      False           True       True       True         True                 True        False                  1            6.341     0.960662   0.62315    0.55429  │
│ asha_train_be58a_00599   TERMINATED   False      True       True            False      True       True         False                False       False                  1            4.68168   0.795182   0.711812   0.611151 │
│ asha_train_be58a_00600   TERMINATED   True       False      False           True       False      False        False                True        False                  4           18.0485    0.594583   0.764654   0.743099 │
│ asha_train_be58a_00601   TERMINATED   False      False      False           False      False      True         True                 True        False                  2            4.7873    0.684187   0.790335   0.676162 │
│ asha_train_be58a_00602   TERMINATED   False      False      True            True       False      True         True                 False       True                   2            6.03769   0.707731   0.746818   0.67534  │
│ asha_train_be58a_00603   TERMINATED   True       True       False           True       True       True         True                 True        False                  1            7.48764   0.794955   0.745856   0.620832 │
│ asha_train_be58a_00604   TERMINATED   False      False      False           True       False      False        True                 True        False                  4           13.7941    0.610254   0.756513   0.740625 │
│ asha_train_be58a_00605   TERMINATED   True       False      True            False      True       True         True                 True        True                   1            3.71423   1.05793    0.500814   0.539274 │
│ asha_train_be58a_00606   TERMINATED   True       False      False           True       True       True         False                False       False                  1            5.42016   0.81622    0.702635   0.618144 │
│ asha_train_be58a_00607   TERMINATED   False      False      False           False      True       True         False                True        False                  4           10.1911    0.651094   0.799142   0.710965 │
│ asha_train_be58a_00608   TERMINATED   True       False      True            True       False      False        True                 False       True                   4           17.1722    0.643256   0.750222   0.720374 │
│ asha_train_be58a_00609   TERMINATED   True       False      False           False      False      False        False                True        False                  1            3.1046    1.09846    0.658304   0.333333 │
│ asha_train_be58a_00610   TERMINATED   False      True       True            True       True       True         True                 False       False                  1            6.04281   0.886155   0.60635    0.611939 │
│ asha_train_be58a_00611   TERMINATED   False      False      False           False      False      True         False                False       True                   2            3.60769   1.0213     0.757697   0.661592 │
│ asha_train_be58a_00612   TERMINATED   False      False      False           False      True       False        False                True        True                   2            5.45609   0.724437   0.746226   0.664917 │
│ asha_train_be58a_00613   TERMINATED   False      False      True            False      False      True         True                 True        True                   2            5.48602   0.787267   0.759917   0.648665 │
│ asha_train_be58a_00614   TERMINATED   True       True       True            True       True       True         False                True        False                  2           15.553     0.756067   0.708555   0.656169 │
│ asha_train_be58a_00615   TERMINATED   False      False      False           True       True       True         False                True        False                  2            7.61417   0.806914   0.614047   0.636675 │
│ asha_train_be58a_00616   TERMINATED   True       False      False           True       False      False        True                 True        True                   2           10.1222    0.75762    0.701969   0.675187 │
│ asha_train_be58a_00617   TERMINATED   True       False      False           True       False      True         False                False       True                   1            4.4075    0.875339   0.458777   0.57722  │
│ asha_train_be58a_00618   TERMINATED   False      False      False           True       True       True         True                 True        True                   4           15.3212    0.683319   0.811575   0.721617 │
│ asha_train_be58a_00619   TERMINATED   True       False      False           True       False      False        False                False       True                   2            7.78012   0.757374   0.732312   0.646813 │
│ asha_train_be58a_00620   TERMINATED   False      True       False           False      False      True         False                False       True                   4           11.237     0.622101   0.793295   0.727214 │
│ asha_train_be58a_00621   TERMINATED   False      False      False           True       False      False        False                False       True                   4            9.59674   0.599185   0.783378   0.744311 │
│ asha_train_be58a_00622   TERMINATED   False      True       True            False      False      False        True                 False       False                  1            2.9033    1.09847    0.658304   0.333333 │
│ asha_train_be58a_00623   TERMINATED   True       False      True            True       False      False        False                True        False                  1            5.24295   1.09849    0.629218   0.349462 │
│ asha_train_be58a_00624   TERMINATED   False      False      True            True       True       False        True                 False       False                  1            4.10843   0.862296   0.644686   0.621879 │
│ asha_train_be58a_00625   TERMINATED   False      False      True            True       True       False        False                True        True                   4           16.4051    0.618401   0.763173   0.734304 │
│ asha_train_be58a_00626   TERMINATED   False      False      False           False      False      True         False                False       True                   4            8.67809   0.894206   0.784784   0.712349 │
│ asha_train_be58a_00627   TERMINATED   False      False      False           False      True       True         True                 False       True                   1            3.35873   0.922827   0.559059   0.512109 │
│ asha_train_be58a_00628   TERMINATED   False      True       True            False      False      True         False                False       False                  2            6.4578    0.762481   0.78841    0.662039 │
│ asha_train_be58a_00629   TERMINATED   True       False      False           False      True       True         True                 True        False                  1            3.67005   0.88586    0.71529    0.574931 │
│ asha_train_be58a_00630   TERMINATED   False      False      True            True       False      False        False                True        True                   4           13.7013    0.604521   0.754811   0.73722  │
│ asha_train_be58a_00631   TERMINATED   False      False      True            False      False      False        True                 False       True                   1            2.68183   0.928018   0.678212   0.549499 │
│ asha_train_be58a_00632   TERMINATED   True       True       False           False      True       False        False                True        True                   1            5.48379   1.10155    0.246226   0.333333 │
│ asha_train_be58a_00633   TERMINATED   False      False      True            False      True       False        True                 False       False                  1            2.78961   1.01113    0.722247   0.488447 │
│ asha_train_be58a_00634   TERMINATED   True       True       True            True       False      True         True                 True        False                  2           13.1584    0.734946   0.686131   0.670035 │
│ asha_train_be58a_00635   TERMINATED   False      True       False           True       False      True         False                False       False                  2            8.17558   0.719777   0.705077   0.670055 │
│ asha_train_be58a_00636   TERMINATED   False      False      True            True       False      True         False                False       False                  2            5.56489   0.875815   0.580077   0.574425 │
│ asha_train_be58a_00637   TERMINATED   True       False      True            False      True       False        True                 False       True                   1            4.25386   1.09857    0.246226   0.333333 │
│ asha_train_be58a_00638   TERMINATED   False      False      False           True       False      False        False                False       True                   4           10.6062    0.599185   0.783378   0.744311 │
│ asha_train_be58a_00639   TERMINATED   False      False      True            True       True       True         True                 False       True                   1            3.49737   0.810961   0.709813   0.612213 │
│ asha_train_be58a_00640   TERMINATED   True       True       True            True       False      True         False                False       False                  4           21.5992    0.646307   0.739269   0.710976 │
│ asha_train_be58a_00641   TERMINATED   False      True       False           True       True       False        True                 False       False                  2           10.1132    0.731449   0.721951   0.669176 │
│ asha_train_be58a_00642   TERMINATED   True       False      False           True       True       True         False                True        True                   4           22.7641    0.631891   0.819864   0.728025 │
│ asha_train_be58a_00643   TERMINATED   True       False      True            True       True       True         False                False       True                   4           20.3633    0.634792   0.777531   0.715528 │
│ asha_train_be58a_00644   TERMINATED   True       True       True            True       False      False        False                False       False                  2           11.0654    0.707765   0.675992   0.682763 │
│ asha_train_be58a_00645   TERMINATED   True       False      True            False      True       False        True                 True        False                  1            4.95515   1.10072    0.246226   0.333333 │
│ asha_train_be58a_00646   TERMINATED   False      True       True            False      False      True         True                 True        True                   1            3.39244   0.798037   0.741489   0.614219 │
│ asha_train_be58a_00647   TERMINATED   False      True       True            False      True       True         False                True        False                  2            9.12066   0.719243   0.786412   0.662159 │
│ asha_train_be58a_00648   TERMINATED   False      False      True            True       True       True         False                False       False                  4           13.1784    0.703553   0.748298   0.68631  │
│ asha_train_be58a_00649   TERMINATED   True       False      True            True       False      True         False                True        True                   1            5.52086   0.923363   0.655047   0.526663 │
│ asha_train_be58a_00650   TERMINATED   False      True       False           True       False      False        True                 True        True                   4           19.8613    0.588527   0.777679   0.749521 │
│ asha_train_be58a_00651   TERMINATED   True       True       True            False      False      False        False                True        False                  1            4.35324   1.09847    0.658304   0.333333 │
│ asha_train_be58a_00652   TERMINATED   False      True       False           False      False      True         False                False       False                  2            6.17698   0.754478   0.787226   0.655814 │
│ asha_train_be58a_00653   TERMINATED   False      True       False           True       False      True         True                 True        False                  1            5.56438   0.847771   0.74741    0.601928 │
│ asha_train_be58a_00654   TERMINATED   True       False      True            True       True       True         False                True        True                   1            5.85396   0.88083    0.616637   0.579632 │
│ asha_train_be58a_00655   TERMINATED   False      True       False           True       False      True         True                 True        True                   4           18.5109    0.603909   0.788262   0.73239  │
│ asha_train_be58a_00656   TERMINATED   False      True       False           True       False      False        True                 False       True                   4           15.5481    0.592981   0.775163   0.74732  │
│ asha_train_be58a_00657   TERMINATED   True       True       False           True       False      True         True                 True        True                   2           10.7656    0.691364   0.769686   0.678644 │
│ asha_train_be58a_00658   TERMINATED   False      False      False           True       True       False        True                 False       False                  2            6.66535   0.781512   0.709073   0.654159 │
│ asha_train_be58a_00659   TERMINATED   False      False      True            False      False      True         True                 True        True                   4            8.30304   0.625614   0.802694   0.728142 │
│ asha_train_be58a_00660   TERMINATED   False      False      True            True       False      True         True                 True        False                  4           13.1681    0.638935   0.745708   0.712258 │
│ asha_train_be58a_00661   TERMINATED   True       True       False           False      True       False        False                False       False                  1            4.78883   1.09846    0.658304   0.333333 │
│ asha_train_be58a_00662   TERMINATED   False      False      False           False      True       False        False                True        False                  1            2.64777   0.948539   0.71344    0.551855 │
│ asha_train_be58a_00663   TERMINATED   False      True       True            True       True       True         False                False       True                   1            5.07287   0.943868   0.520426   0.539801 │
│ asha_train_be58a_00664   TERMINATED   False      False      True            False      False      True         False                False       False                  4            7.54866   0.909945   0.7332     0.705434 │
│ asha_train_be58a_00665   TERMINATED   True       False      True            False      True       True         True                 True        True                   1            4.18337   0.910655   0.632401   0.551456 │
│ asha_train_be58a_00666   TERMINATED   True       False      False           False      True       False        True                 False       True                   1            3.86208   0.824652   0.728242   0.609678 │
│ asha_train_be58a_00667   TERMINATED   False      False      False           False      True       False        True                 False       False                  1            2.45919   0.948539   0.71344    0.551855 │
│ asha_train_be58a_00668   TERMINATED   False      False      True            True       False      False        False                True        True                   2            6.5904    0.749746   0.608644   0.664744 │
│ asha_train_be58a_00669   TERMINATED   False      True       True            True       False      False        False                False       True                   2            8.41312   0.739319   0.751258   0.654182 │
│ asha_train_be58a_00670   TERMINATED   True       True       False           False      True       True         True                 True        True                   1            5.17904   1.01482    0.664298   0.525207 │
│ asha_train_be58a_00671   TERMINATED   False      False      False           True       True       False        False                True        False                  4           13.585     0.622695   0.765468   0.730293 │
│ asha_train_be58a_00672   TERMINATED   False      False      True            True       False      True         False                False       True                   4           10.9137    0.585547   0.785968   0.741238 │
│ asha_train_be58a_00673   TERMINATED   True       True       False           False      False      False        True                 True        False                  1            3.4051    1.09849    0.658304   0.333333 │
│ asha_train_be58a_00674   TERMINATED   True       False      True            True       True       True         True                 True        True                   1            5.83898   0.993683   0.661264   0.511322 │
│ asha_train_be58a_00675   TERMINATED   True       False      True            False      True       True         False                False       False                  2            7.71972   0.811467   0.792185   0.624027 │
│ asha_train_be58a_00676   TERMINATED   True       True       True            True       False      False        True                 True        False                  1            5.7368    0.849493   0.644834   0.598902 │
│ asha_train_be58a_00677   TERMINATED   True       True       False           True       True       True         False                False       False                  4           25.1997    0.631964   0.758437   0.723913 │
│ asha_train_be58a_00678   TERMINATED   True       True       False           True       True       False        True                 False       False                  1            6.32613   0.899026   0.614565   0.595605 │
│ asha_train_be58a_00679   TERMINATED   False      True       True            False      False      True         False                True        False                  4           12.266     0.869618   0.745634   0.731367 │
│ asha_train_be58a_00680   TERMINATED   False      False      True            True       False      True         True                 True        False                  1            4.84312   0.829327   0.640246   0.616348 │
│ asha_train_be58a_00681   TERMINATED   False      False      True            True       False      False        True                 False       True                   1            3.68982   0.85281    0.523979   0.61082  │
│ asha_train_be58a_00682   TERMINATED   False      True       True            False      False      False        True                 True        True                   1            3.26329   1.09845    0.658304   0.333333 │
│ asha_train_be58a_00683   TERMINATED   True       False      False           True       False      True         True                 False       False                  4           16.7736    0.634257   0.741637   0.726602 │
│ asha_train_be58a_00684   TERMINATED   True       True       False           True       True       True         True                 True        True                   1            7.56731   0.886578   0.712848   0.560427 │
│ asha_train_be58a_00685   TERMINATED   True       False      False           False      False      True         False                False       True                   1            2.79484   1.09849    0.658304   0.333333 │
│ asha_train_be58a_00686   TERMINATED   True       True       False           False      False      False        False                True        True                   1            4.15903   1.09844    0.658304   0.333333 │
│ asha_train_be58a_00687   TERMINATED   True       False      False           True       True       True         False                False       True                   1            5.51692   0.902189   0.732534   0.569285 │
│ asha_train_be58a_00688   TERMINATED   True       False      True            False      True       True         False                True        True                   1            3.81758   0.912379   0.651569   0.536618 │
│ asha_train_be58a_00689   TERMINATED   True       False      False           False      False      True         False                False       True                   1            3.07093   1.09844    0.658304   0.333333 │
│ asha_train_be58a_00690   TERMINATED   False      False      True            False      True       False        True                 True        False                  1            2.61549   0.861807   0.711368   0.581992 │
│ asha_train_be58a_00691   TERMINATED   False      True       True            False      False      False        True                 False       False                  1            3.22032   0.896611   0.613603   0.600811 │
│ asha_train_be58a_00692   TERMINATED   True       False      True            False      False      False        False                False       True                   1            3.94331   1.09849    0.658304   0.333333 │
│ asha_train_be58a_00693   TERMINATED   True       True       True            False      True       False        True                 True        True                   1            6.15913   1.09843    0.658304   0.333333 │
│ asha_train_be58a_00694   TERMINATED   True       True       False           False      False      True         True                 True        True                   2            7.27278   0.765122   0.756661   0.682698 │
│ asha_train_be58a_00695   TERMINATED   False      True       False           False      True       False        False                False       False                  1            4.44568   0.882771   0.637063   0.587142 │
│ asha_train_be58a_00696   TERMINATED   False      True       False           True       False      False        False                True        True                   4           19.6731    0.586296   0.777753   0.743059 │
│ asha_train_be58a_00697   TERMINATED   True       False      True            False      True       True         True                 False       True                   1            5.1492    0.945684   0.621374   0.519108 │
│ asha_train_be58a_00698   TERMINATED   True       False      False           False      False      False        False                True        True                   2            5.8718    0.716352   0.722099   0.672067 │
│ asha_train_be58a_00699   TERMINATED   False      True       True            False      True       True         True                 False       True                   1            4.86184   0.801741   0.706261   0.616552 │
│ asha_train_be58a_00700   TERMINATED   True       False      False           True       True       True         True                 True        False                  1            6.02629   0.839235   0.748816   0.593548 │
│ asha_train_be58a_00701   TERMINATED   False      True       True            True       False      False        False                False       True                   4           17.8317    0.630733   0.741267   0.730086 │
│ asha_train_be58a_00702   TERMINATED   False      False      True            False      False      False        False                True        True                   2            4.8196    0.709165   0.779899   0.677962 │
│ asha_train_be58a_00703   TERMINATED   True       True       True            False      True       False        False                True        True                   1            5.87963   0.875469   0.599837   0.58073  │
│ asha_train_be58a_00704   TERMINATED   False      False      False           True       False      False        False                True        False                  4           12.4082    0.591602   0.76643    0.746444 │
│ asha_train_be58a_00705   TERMINATED   True       False      False           False      True       True         True                 True        False                  2            7.54284   0.706247   0.766134   0.669276 │
│ asha_train_be58a_00706   TERMINATED   False      True       True            False      False      False        False                False       True                   2            6.39024   0.732189   0.773979   0.669437 │
│ asha_train_be58a_00707   TERMINATED   False      True       True            False      False      True         True                 True        True                   1            4.01996   0.933684   0.766208   0.571754 │
│ asha_train_be58a_00708   TERMINATED   False      True       True            True       False      False        False                False       True                   2            8.64077   0.720989   0.650755   0.677961 │
│ asha_train_be58a_00709   TERMINATED   True       True       True            False      False      False        True                 False       True                   1            4.78406   1.09844    0.658304   0.333333 │
│ asha_train_be58a_00710   TERMINATED   True       True       False           True       False      True         False                True        True                   4           24.0191    0.605602   0.805432   0.737945 │
│ asha_train_be58a_00711   TERMINATED   False      True       False           False      False      True         True                 False       True                   2            6.52105   0.70507    0.8078     0.680451 │
│ asha_train_be58a_00712   TERMINATED   False      False      False           True       False      True         True                 True        True                   4           14.1933    0.582438   0.809281   0.743526 │
│ asha_train_be58a_00713   TERMINATED   True       False      True            True       False      True         False                False       False                  4           16.6214    0.64124    0.781083   0.710538 │
│ asha_train_be58a_00714   TERMINATED   True       False      True            True       True       True         False                True        False                  1            6.74685   1.00759    0.576007   0.520705 │
│ asha_train_be58a_00715   TERMINATED   False      False      True            False      True       False        False                False       False                  1            3.296     0.827205   0.738085   0.609868 │
│ asha_train_be58a_00716   TERMINATED   False      True       False           True       True       False        False                True        True                   4           22.7107    0.600978   0.773239   0.735579 │
│ asha_train_be58a_00717   TERMINATED   False      False      True            False      True       False        False                True        False                  1            3.47581   0.861807   0.711368   0.581992 │
│ asha_train_be58a_00718   TERMINATED   False      True       True            False      False      False        True                 False       False                  2            6.50961   0.751191   0.735864   0.655818 │
│ asha_train_be58a_00719   TERMINATED   True       False      False           False      False      True         True                 True        True                   1            2.99556   0.887322   0.741711   0.613477 │
│ asha_train_be58a_00720   TERMINATED   True       False      False           False      True       False        True                 False       False                  1            4.34362   1.09845    0.658304   0.333333 │
│ asha_train_be58a_00721   TERMINATED   True       True       True            False      True       True         False                False       False                  1            5.70131   1.08226    0.749186   0.512686 │
│ asha_train_be58a_00722   TERMINATED   False      True       False           True       True       False        True                 True        True                   4           24.2133    0.604517   0.771018   0.737616 │
│ asha_train_be58a_00723   TERMINATED   False      False      True            True       True       False        False                True        True                   4           16.0616    0.618401   0.763173   0.734304 │
│ asha_train_be58a_00724   TERMINATED   False      False      False           False      False      False        True                 True        False                  1            1.95968   0.849133   0.781009   0.610505 │
│ asha_train_be58a_00725   TERMINATED   True       False      False           False      False      False        False                False       True                   2            4.79063   0.746005   0.760509   0.674109 │
│ asha_train_be58a_00726   TERMINATED   True       True       False           True       False      False        True                 True        True                   1            6.29254   1.07244    0.687833   0.411441 │
│ asha_train_be58a_00727   TERMINATED   True       False      True            False      False      True         False                True        True                   1            3.95312   1.09844    0.658304   0.333333 │
│ asha_train_be58a_00728   TERMINATED   False      True       True            False      False      True         True                 True        True                   1            3.93637   0.80364    0.742155   0.617965 │
│ asha_train_be58a_00729   TERMINATED   True       False      False           False      True       False        False                True        True                   1            3.78426   0.824652   0.728242   0.609678 │
│ asha_train_be58a_00730   TERMINATED   True       False      True            False      True       True         False                False       True                   1            3.78866   0.866908   0.672365   0.551424 │
│ asha_train_be58a_00731   TERMINATED   True       False      False           True       True       False        False                False       True                   4           18.5637    0.622727   0.791445   0.743763 │
│ asha_train_be58a_00732   TERMINATED   False      False      False           True       False      True         True                 True        True                   4           13.6166    0.63404    0.79966    0.715972 │
│ asha_train_be58a_00733   TERMINATED   False      False      False           True       True       True         True                 False       False                  2            5.95038   0.742811   0.705447   0.671865 │
│ asha_train_be58a_00734   TERMINATED   False      True       False           True       True       True         True                 True        True                   4           23.5883    0.614094   0.799586   0.732948 │
│ asha_train_be58a_00735   TERMINATED   True       True       True            True       False      False        True                 True        True                   1            6.49256   0.830854   0.562981   0.621087 │
│ asha_train_be58a_00736   TERMINATED   True       True       False           True       True       False        False                False       True                   1            6.69957   0.849552   0.681468   0.601145 │
│ asha_train_be58a_00737   TERMINATED   False      True       True            True       True       True         True                 True        True                   2           12.7521    0.745947   0.76384    0.6497   │
│ asha_train_be58a_00738   TERMINATED   True       False      False           True       True       True         True                 False       True                   1            5.13034   0.894015   0.541445   0.569561 │
│ asha_train_be58a_00739   TERMINATED   False      False      False           False      False      False        False                True        True                   2            4.52359   0.699083   0.780565   0.68127  │
│ asha_train_be58a_00740   TERMINATED   True       False      False           False      False      False        False                True        False                  1            2.79182   1.09847    0.658304   0.333333 │
│ asha_train_be58a_00741   TERMINATED   True       False      False           True       False      True         False                False       True                   4           16.5328    0.594155   0.777753   0.739322 │
│ asha_train_be58a_00742   TERMINATED   False      False      True            False      False      False        True                 False       True                   1            2.19469   0.834046   0.753478   0.603352 │
│ asha_train_be58a_00743   TERMINATED   False      False      False           True       True       True         False                True        True                   4           14.8597    0.634463   0.818532   0.725646 │
│ asha_train_be58a_00744   TERMINATED   True       True       True            True       True       False        False                True        False                  2           15.6022    0.763178   0.697676   0.673538 │
│ asha_train_be58a_00745   TERMINATED   False      False      True            True       False      False        True                 True        False                  4           13.8864    0.68275    0.69516    0.704303 │
│ asha_train_be58a_00746   TERMINATED   True       False      True            False      False      True         False                False       False                  1            3.10145   1.09843    0.658304   0.333333 │
│ asha_train_be58a_00747   TERMINATED   False      True       True            False      True       True         False                True        False                  1            4.65632   0.981558   0.754811   0.566711 │
│ asha_train_be58a_00748   TERMINATED   True       False      True            False      False      True         False                True        False                  1            3.74004   1.09843    0.658304   0.333333 │
│ asha_train_be58a_00749   TERMINATED   False      True       True            False      True       False        False                True        True                   1            5.00103   0.844762   0.665187   0.609806 │
│ asha_train_be58a_00750   TERMINATED   True       False      True            True       True       False        True                 False       False                  1            5.93394   1.01213    0.571492   0.507109 │
│ asha_train_be58a_00751   TERMINATED   False      False      False           False      False      False        False                True        True                   2            3.70615   0.699083   0.780565   0.68127  │
│ asha_train_be58a_00752   TERMINATED   True       True       False           False      False      False        False                True        False                  1            3.40843   1.09847    0.658304   0.333333 │
│ asha_train_be58a_00753   TERMINATED   False      False      False           False      True       False        True                 False       True                   1            2.781     0.796235   0.725873   0.614548 │
│ asha_train_be58a_00754   TERMINATED   True       True       False           True       True       True         True                 True        True                   1            7.6487    0.867722   0.571492   0.589924 │
│ asha_train_be58a_00755   TERMINATED   True       False      True            True       False      False        False                True        False                  2           10.2719    0.727623   0.71566    0.682225 │
│ asha_train_be58a_00756   TERMINATED   False      False      False           False      True       True         True                 True        True                   1            3.41487   1.03669    0.768576   0.522224 │
│ asha_train_be58a_00757   TERMINATED   False      True       True            True       True       False        True                 True        True                   2           12.3312    0.821245   0.681468   0.658596 │
│ asha_train_be58a_00758   TERMINATED   True       False      False           False      False      True         True                 True        True                   2            6.36699   0.701161   0.747188   0.678846 │
│ asha_train_be58a_00759   TERMINATED   True       False      True            True       True       False        False                False       False                  2           10.1368    0.732114   0.697306   0.677451 │
│ asha_train_be58a_00760   TERMINATED   True       False      False           True       True       True         True                 False       True                   4           19.3197    0.698495   0.69553    0.681065 │
│ asha_train_be58a_00761   TERMINATED   False      False      False           False      False      True         True                 True        False                  2            4.13818   0.765603   0.78434    0.666489 │
│ asha_train_be58a_00762   TERMINATED   True       True       False           True       False      False        True                 False       True                   4           20.2872    0.596862   0.776125   0.746416 │
│ asha_train_be58a_00763   TERMINATED   False      False      True            False      True       True         True                 False       False                  1            3.59574   0.836676   0.767244   0.588332 │
│ asha_train_be58a_00764   TERMINATED   False      True       False           True       False      True         False                True        False                  4           18.6647    0.651703   0.678952   0.716128 │
│ asha_train_be58a_00765   TERMINATED   False      True       True            False      False      True         True                 False       True                   1            3.15851   0.998153   0.75       0.516793 │
│ asha_train_be58a_00766   TERMINATED   True       True       True            False      False      False        True                 False       True                   2            7.36866   0.732994   0.775829   0.667432 │
│ asha_train_be58a_00767   TERMINATED   False      False      True            True       True       True         True                 False       True                   4           13.1       0.59783    0.819346   0.743156 │
│ asha_train_be58a_00768   TERMINATED   True       True       True            False      True       False        False                True        False                  1            5.59327   1.09846    0.636101   0.345296 │
│ asha_train_be58a_00769   TERMINATED   True       False      False           False      False      False        True                 True        False                  1            2.60886   0.829113   0.725281   0.6219   │
│ asha_train_be58a_00770   TERMINATED   False      True       False           True       False      False        True                 True        False                  2           10.1345    0.750755   0.684133   0.661315 │
│ asha_train_be58a_00771   TERMINATED   True       False      False           False      True       True         False                False       True                   4           15.8354    0.589533   0.80262    0.741346 │
│ asha_train_be58a_00772   TERMINATED   True       False      True            True       True       False        False                False       True                   2           10.5195    0.740453   0.702635   0.680895 │
│ asha_train_be58a_00773   TERMINATED   False      False      False           False      False      True         False                False       True                   4            8.90681   0.635563   0.82201    0.735493 │
│ asha_train_be58a_00774   TERMINATED   False      False      False           False      True       True         False                False       False                  1            2.20729   0.95368    0.748372   0.571039 │
│ asha_train_be58a_00775   TERMINATED   True       True       False           False      False      False        True                 True        True                   2            7.35325   0.729106   0.737345   0.659132 │
│ asha_train_be58a_00776   TERMINATED   False      True       True            True       True       False        True                 True        False                  1            6.80727   0.865209   0.631661   0.610411 │
│ asha_train_be58a_00777   TERMINATED   False      False      True            True       True       True         True                 False       False                  2            7.28774   0.747929   0.702265   0.655771 │
│ asha_train_be58a_00778   TERMINATED   True       False      False           False      True       False        False                False       True                   1            3.47813   0.834315   0.710998   0.606507 │
│ asha_train_be58a_00779   TERMINATED   True       True       False           False      False      True         False                True        True                   1            3.35872   1.09844    0.658304   0.333333 │
│ asha_train_be58a_00780   TERMINATED   True       False      True            False      True       True         True                 False       False                  1            4.76958   0.923573   0.747114   0.526658 │
│ asha_train_be58a_00781   TERMINATED   False      False      True            False      True       True         True                 False       False                  1            2.66197   0.825677   0.759325   0.60692  │
│ asha_train_be58a_00782   TERMINATED   False      True       True            True       False      False        False                False       True                   2            8.40528   0.761805   0.695456   0.670688 │
│ asha_train_be58a_00783   TERMINATED   True       True       True            False      False      True         False                True        True                   1            4.40068   1.09849    0.658304   0.333333 │
│ asha_train_be58a_00784   TERMINATED   False      False      True            False      True       True         True                 True        False                  1            3.79754   0.961301   0.774867   0.536578 │
│ asha_train_be58a_00785   TERMINATED   False      False      True            False      False      True         False                False       True                   4            9.28062   0.774015   0.802842   0.726511 │
│ asha_train_be58a_00786   TERMINATED   False      False      False           True       False      True         False                False       False                  1            3.27914   0.928629   0.382697   0.515327 │
│ asha_train_be58a_00787   TERMINATED   False      False      True            False      False      False        True                 True        True                   1            2.76581   0.837355   0.73579    0.611118 │
│ asha_train_be58a_00788   TERMINATED   True       False      False           False      False      True         False                True        False                  1            3.13349   0.836973   0.716992   0.59255  │
│ asha_train_be58a_00789   TERMINATED   False      False      False           True       False      False        False                False       False                  4           10.2741    0.605127   0.777235   0.746434 │
│ asha_train_be58a_00790   TERMINATED   False      False      True            False      True       False        False                True        False                  1            2.47716   0.907001   0.6959     0.581595 │
│ asha_train_be58a_00791   TERMINATED   False      True       True            False      False      False        False                False       False                  2            6.39618   0.755557   0.75259    0.659057 │
│ asha_train_be58a_00792   TERMINATED   True       False      False           True       False      False        True                 True        True                   1            5.13245   0.793694   0.742377   0.581079 │
│ asha_train_be58a_00793   TERMINATED   True       False      False           True       False      False        True                 False       True                   4           16.764     0.654239   0.762655   0.734755 │
│ asha_train_be58a_00794   TERMINATED   False      False      False           False      True       True         False                True        False                  1            3.39612   0.803771   0.729278   0.597458 │
│ asha_train_be58a_00795   TERMINATED   True       True       False           True       True       False        True                 True        False                  1            7.40516   0.955354   0.684133   0.538696 │
│ asha_train_be58a_00796   TERMINATED   True       False      False           False      False      True         False                True        True                   4           12.1863    0.640209   0.803804   0.718216 │
│ asha_train_be58a_00797   TERMINATED   True       True       False           False      False      False        False                False       False                  1            3.33065   1.09848    0.658304   0.333333 │
│ asha_train_be58a_00798   TERMINATED   True       False      True            False      True       True         True                 False       True                   1            3.99102   0.859429   0.667185   0.584003 │
│ asha_train_be58a_00799   TERMINATED   True       True       True            False      False      True         True                 False       True                   1            5.13451   0.869682   0.709739   0.577935 │
│ asha_train_be58a_00800   TERMINATED   False      False      True            False      False      True         True                 True        True                   1            2.49402   0.811396   0.744005   0.614414 │
│ asha_train_be58a_00801   TERMINATED   True       False      True            True       False      True         False                True        True                   4           19.6602    0.626051   0.793369   0.721183 │
│ asha_train_be58a_00802   TERMINATED   True       True       False           False      True       True         False                True        False                  1            5.31025   0.876763   0.713218   0.57977  │
│ asha_train_be58a_00803   TERMINATED   True       True       True            False      True       True         True                 True        False                  1            6.156     0.891488   0.738085   0.581346 │
│ asha_train_be58a_00804   TERMINATED   True       True       True            True       False      False        False                False       True                   2           10.3457    0.719063   0.654381   0.677983 │
│ asha_train_be58a_00805   TERMINATED   True       False      True            False      True       False        True                 True        True                   1            4.48064   1.1015     0.246226   0.333333 │
│ asha_train_be58a_00806   TERMINATED   False      True       True            False      True       False        True                 False       False                  1            4.89114   0.951266   0.69997    0.550398 │
│ asha_train_be58a_00807   TERMINATED   True       False      True            True       False      True         False                False       False                  1            4.67991   0.89986    0.608348   0.576636 │
│ asha_train_be58a_00808   TERMINATED   False      False      True            True       True       True         False                True        False                  4           15.2482    0.658108   0.754144   0.715797 │
│ asha_train_be58a_00809   TERMINATED   True       True       True            True       True       False        True                 True        True                   1            7.85913   1.04402    0.539446   0.456978 │
│ asha_train_be58a_00810   TERMINATED   False      False      False           False      True       True         True                 False       True                   1            3.96783   0.911927   0.633289   0.554889 │
│ asha_train_be58a_00811   TERMINATED   False      False      True            False      False      False        False                False       True                   1            2.24535   0.80903    0.757623   0.619863 │
│ asha_train_be58a_00812   TERMINATED   True       True       False           True       False      False        False                True        False                  1            6.65808   1.09847    0.658304   0.333333 │
│ asha_train_be58a_00813   TERMINATED   False      False      True            False      False      True         False                True        False                  2            4.69633   0.994435   0.664224   0.682043 │
│ asha_train_be58a_00814   TERMINATED   False      False      False           True       True       True         False                False       True                   4           12.7445    0.70753    0.822898   0.727724 │
│ asha_train_be58a_00815   TERMINATED   True       False      False           False      True       False        True                 True        True                   1            4.51956   1.10221    0.246226   0.333333 │
│ asha_train_be58a_00816   TERMINATED   True       True       False           True       False      True         True                 True        True                   4           24.8453    0.626023   0.785746   0.716543 │
│ asha_train_be58a_00817   TERMINATED   False      False      False           True       False      False        False                False       False                  4           10.1636    0.605127   0.777235   0.746434 │
│ asha_train_be58a_00818   TERMINATED   True       False      False           False      True       True         True                 False       False                  4           14.3803    0.685654   0.82423    0.702566 │
│ asha_train_be58a_00819   TERMINATED   True       False      False           True       False      False        False                False       True                   4           15.6377    0.61897    0.771684   0.740438 │
│ asha_train_be58a_00820   TERMINATED   False      True       True            False      False      True         True                 True        False                  1            2.97862   0.911999   0.733718   0.564125 │
│ asha_train_be58a_00821   TERMINATED   True       True       True            True       True       True         False                False       True                   4           27.2615    0.606345   0.807356   0.733961 │
│ asha_train_be58a_00822   TERMINATED   False      True       False           False      False      False        False                False       False                  2            5.89011   0.786323   0.788336   0.646117 │
│ asha_train_be58a_00823   TERMINATED   True       False      False           False      True       False        False                True        True                   1            3.6323    0.834315   0.710998   0.606507 │
│ asha_train_be58a_00824   TERMINATED   False      False      False           True       True       True         False                True        True                   1            3.496     0.874775   0.58622    0.598725 │
│ asha_train_be58a_00825   TERMINATED   False      True       True            False      False      False        False                False       True                   1            3.89823   1.09849    0.658304   0.333333 │
│ asha_train_be58a_00826   TERMINATED   False      False      True            True       False      True         False                True        True                   2            7.31657   0.708466   0.710332   0.669905 │
│ asha_train_be58a_00827   TERMINATED   True       True       True            False      False      False        False                False       True                   2            7.4134    0.776412   0.777161   0.656612 │
│ asha_train_be58a_00828   TERMINATED   True       True       False           False      False      False        True                 False       True                   1            4.75463   1.09849    0.658304   0.333333 │
│ asha_train_be58a_00829   TERMINATED   True       False      True            True       False      True         True                 True        True                   4           21.1331    0.617075   0.796329   0.724422 │
│ asha_train_be58a_00830   TERMINATED   True       False      False           False      True       True         True                 False       True                   1            4.68558   0.933653   0.634399   0.516738 │
│ asha_train_be58a_00831   TERMINATED   True       True       True            False      False      True         True                 False       True                   1            3.67594   0.804045   0.748446   0.60573  │
│ asha_train_be58a_00832   TERMINATED   False      False      False           False      False      False        False                True        False                  1            1.94806   0.849133   0.781009   0.610505 │
│ asha_train_be58a_00833   TERMINATED   True       True       True            False      False      False        True                 False       True                   1            4.4621    1.09843    0.658304   0.333333 │
│ asha_train_be58a_00834   TERMINATED   True       False      False           False      False      True         False                True        True                   1            3.67261   0.863188   0.700118   0.574662 │
│ asha_train_be58a_00835   TERMINATED   True       False      True            True       False      True         True                 False       True                   1            4.77861   0.957892   0.741489   0.546767 │
│ asha_train_be58a_00836   TERMINATED   False      True       True            True       True       False        False                True        True                   2           13.4486    0.862554   0.680802   0.651998 │
│ asha_train_be58a_00837   TERMINATED   True       True       True            False      False      True         False                True        True                   2            7.52326   0.72212    0.767984   0.667281 │
│ asha_train_be58a_00838   TERMINATED   False      True       False           False      False      True         False                False       False                  2            5.99202   0.764448   0.786486   0.664792 │
│ asha_train_be58a_00839   TERMINATED   False      False      False           False      True       True         False                False       False                  4           10.0951    0.713898   0.827043   0.7039   │
│ asha_train_be58a_00840   TERMINATED   False      False      False           False      True       False        True                 True        False                  1            2.74332   0.948084   0.614787   0.499094 │
│ asha_train_be58a_00841   TERMINATED   False      True       False           False      False      False        False                True        False                  2            6.44018   0.708754   0.779899   0.675063 │
│ asha_train_be58a_00842   TERMINATED   True       False      True            True       False      False        False                False       True                   1            4.04164   0.921129   0.554174   0.576358 │
│ asha_train_be58a_00843   TERMINATED   True       True       False           True       True       True         False                False       True                   1            7.06115   0.945261   0.688573   0.534335 │
│ asha_train_be58a_00844   TERMINATED   False      False      True            False      True       True         True                 True        False                  2            5.94821   0.709808   0.772869   0.673624 │
│ asha_train_be58a_00845   TERMINATED   True       True       False           False      False      False        True                 True        False                  1            3.41391   1.09845    0.658304   0.333333 │
│ asha_train_be58a_00846   TERMINATED   True       True       True            True       False      True         False                True        False                  1            6.46326   0.865873   0.649793   0.615658 │
│ asha_train_be58a_00847   TERMINATED   True       True       False           False      True       False        False                True        False                  1            5.32776   1.09847    0.658304   0.333333 │
│ asha_train_be58a_00848   TERMINATED   True       True       True            False      False      False        True                 True        True                   1            3.92886   1.09844    0.658304   0.333333 │
│ asha_train_be58a_00849   TERMINATED   True       False      True            False      True       False        True                 True        True                   1            4.89324   0.906506   0.728094   0.545585 │
│ asha_train_be58a_00850   TERMINATED   False      False      False           True       True       False        False                False       False                  4           11.8685    0.648256   0.778123   0.725203 │
│ asha_train_be58a_00851   TERMINATED   True       True       False           False      True       True         False                False       False                  1            5.33066   0.901166   0.726539   0.5629   │
│ asha_train_be58a_00852   TERMINATED   True       True       True            True       False      False        True                 False       False                  1            5.90365   0.962134   0.459813   0.541354 │
│ asha_train_be58a_00853   TERMINATED   False      False      True            False      True       True         False                False       False                  1            2.45072   0.882469   0.767318   0.575525 │
│ asha_train_be58a_00854   TERMINATED   True       True       False           False      False      False        False                True        True                   2            7.32246   0.719548   0.780639   0.666158 │
│ asha_train_be58a_00855   TERMINATED   True       False      True            False      True       False        True                 False       False                  1            5.05264   1.09848    0.658304   0.333333 │
│ asha_train_be58a_00856   TERMINATED   False      False      False           True       False      False        True                 True        True                   4           14.3253    0.596247   0.777605   0.749969 │
│ asha_train_be58a_00857   TERMINATED   True       True       False           False      False      True         False                True        False                  1            3.53772   1.09847    0.658304   0.333333 │
│ asha_train_be58a_00858   TERMINATED   True       True       True            False      False      False        False                True        False                  1            3.6894    1.09845    0.658304   0.333333 │
│ asha_train_be58a_00859   TERMINATED   False      False      False           True       True       False        True                 False       True                   4           13.2684    0.626096   0.774053   0.727321 │
│ asha_train_be58a_00860   TERMINATED   True       True       True            True       True       False        True                 True        True                   2           16.4197    0.766081   0.69627    0.672306 │
│ asha_train_be58a_00861   TERMINATED   False      True       True            False      False      True         True                 True        True                   1            4.2145    0.976753   0.726539   0.545803 │
│ asha_train_be58a_00862   TERMINATED   True       False      True            True       True       True         False                True        True                   1            6.17027   0.871075   0.609828   0.592075 │
│ asha_train_be58a_00863   TERMINATED   True       False      False           False      False      True         True                 False       True                   1            3.55695   0.923136   0.765764   0.590156 │
│ asha_train_be58a_00864   TERMINATED   True       True       True            False      True       False        False                False       True                   1            5.74784   1.09846    0.246226   0.333333 │
│ asha_train_be58a_00865   TERMINATED   False      True       True            True       True       False        True                 True        True                   2           13.8505    0.749158   0.693236   0.669733 │
│ asha_train_be58a_00866   TERMINATED   False      True       False           False      False      True         False                False       True                   2            6.32099   0.703005   0.732682   0.668813 │
│ asha_train_be58a_00867   TERMINATED   True       False      False           False      True       False        True                 True        True                   1            3.52428   1.10169    0.246226   0.333333 │
│ asha_train_be58a_00868   TERMINATED   True       False      False           True       False      True         True                 False       True                   1            3.92285   0.955488   0.718769   0.557041 │
│ asha_train_be58a_00869   TERMINATED   False      True       False           True       True       False        True                 False       True                   1            5.66865   0.950676   0.693828   0.544228 │
│ asha_train_be58a_00870   TERMINATED   False      False      True            True       False      True         False                True        False                  2            7.59673   0.838996   0.57053    0.667298 │
│ asha_train_be58a_00871   TERMINATED   False      True       False           False      False      True         True                 True        False                  1            3.62941   0.927207   0.727724   0.536794 │
│ asha_train_be58a_00872   TERMINATED   True       True       True            False      True       True         True                 False       True                   1            6.67614   0.926457   0.671625   0.531528 │
│ asha_train_be58a_00873   TERMINATED   False      True       False           False      False      True         False                False       True                   1            3.72186   0.915322   0.631217   0.557628 │
│ asha_train_be58a_00874   TERMINATED   True       False      False           False      False      False        True                 True        False                  1            3.78925   1.09849    0.658304   0.333333 │
│ asha_train_be58a_00875   TERMINATED   True       True       False           True       True       True         True                 False       True                   1            7.3254    0.820895   0.69627    0.616746 │
│ asha_train_be58a_00876   TERMINATED   True       True       False           False      True       True         False                True        True                   1            5.00295   1.01759    0.513099   0.467399 │
│ asha_train_be58a_00877   TERMINATED   True       False      False           True       True       False        False                False       False                  4           19.0724    0.643147   0.763618   0.726149 │
│ asha_train_be58a_00878   TERMINATED   True       True       True            False      True       True         False                True        False                  1            5.79099   0.902032   0.735864   0.534869 │
│ asha_train_be58a_00879   TERMINATED   True       False      False           True       False      False        False                False       False                  4           14.967     0.634455   0.737419   0.725463 │
│ asha_train_be58a_00880   TERMINATED   True       False      False           True       True       True         True                 False       False                  1            5.49229   0.908406   0.647202   0.577715 │
│ asha_train_be58a_00881   TERMINATED   False      False      False           True       True       True         False                False       True                   4           12.5598    0.70753    0.822898   0.727724 │
│ asha_train_be58a_00882   TERMINATED   True       True       False           True       True       True         True                 False       False                  1            7.25899   0.922093   0.538484   0.610729 │
│ asha_train_be58a_00883   TERMINATED   True       True       False           True       True       True         True                 True        True                   1            7.96886   0.915683   0.58992    0.576093 │
│ asha_train_be58a_00884   TERMINATED   True       False      True            True       True       True         True                 False       True                   1            5.78775   0.964657   0.656528   0.51945  │
│ asha_train_be58a_00885   TERMINATED   False      True       True            False      False      True         False                False       False                  2            6.77424   0.7469     0.760213   0.657894 │
│ asha_train_be58a_00886   TERMINATED   True       True       True            False      False      True         True                 False       True                   1            4.96071   1.09849    0.658304   0.333333 │
│ asha_train_be58a_00887   TERMINATED   False      True       False           False      True       True         True                 True        False                  2            8.2443    0.717692   0.784636   0.658807 │
│ asha_train_be58a_00888   TERMINATED   False      False      True            True       True       True         True                 False       True                   1            3.26005   0.99082    0.476983   0.508293 │
│ asha_train_be58a_00889   TERMINATED   True       False      True            False      False      False        False                False       True                   2            6.14901   0.717497   0.777087   0.674788 │
│ asha_train_be58a_00890   TERMINATED   False      True       True            True       True       True         False                True        False                  4           24.5762    0.663307   0.752664   0.709959 │
│ asha_train_be58a_00891   TERMINATED   True       True       False           False      True       True         False                True        False                  1            5.48791   0.83131    0.726687   0.602126 │
│ asha_train_be58a_00892   TERMINATED   True       False      False           False      True       True         True                 False       True                   4           14.7999    0.613963   0.815867   0.73141  │
│ asha_train_be58a_00893   TERMINATED   True       False      False           False      False      True         True                 True        False                  1            3.72056   0.793123   0.768724   0.61877  │
│ asha_train_be58a_00894   TERMINATED   False      True       True            False      False      False        True                 False       False                  1            2.93561   0.811546   0.778419   0.608029 │
│ asha_train_be58a_00895   TERMINATED   False      True       False           True       True       False        True                 True        False                  1            6.36724   1.00125    0.558467   0.527081 │
│ asha_train_be58a_00896   TERMINATED   True       False      False           True       False      True         False                True        True                   4           18.7974    0.606376   0.771092   0.730405 │
│ asha_train_be58a_00897   TERMINATED   False      True       True            False      False      True         True                 False       True                   2            6.63689   0.705707   0.796181   0.678373 │
│ asha_train_be58a_00898   TERMINATED   True       False      True            True       False      False        True                 False       True                   1            4.034     1.06122    0.352575   0.411138 │
│ asha_train_be58a_00899   TERMINATED   False      True       False           False      True       True         True                 True        True                   2            7.85051   0.914982   0.748002   0.625346 │
│ asha_train_be58a_00900   TERMINATED   True       True       False           True       False      False        True                 True        True                   1            6.44273   1.08776    0.597913   0.425929 │
│ asha_train_be58a_00901   TERMINATED   False      True       True            True       False      False        True                 True        False                  2           10.4368    0.710285   0.669627   0.684107 │
│ asha_train_be58a_00902   TERMINATED   True       True       True            False      False      True         True                 True        False                  1            4.4841    0.808548   0.742525   0.605502 │
│ asha_train_be58a_00903   TERMINATED   False      True       True            True       True       False        False                True        True                   2           12.0828    0.844587   0.683763   0.656781 │
│ asha_train_be58a_00904   TERMINATED   False      False      True            False      True       True         True                 False       False                  1            2.30918   1.03395    0.689905   0.440436 │
│ asha_train_be58a_00905   TERMINATED   True       False      True            True       False      True         False                True        False                  1            4.79884   0.863231   0.672957   0.578794 │
│ asha_train_be58a_00906   TERMINATED   True       False      True            True       False      True         True                 True        True                   1            5.97533   0.890671   0.652827   0.574428 │
│ asha_train_be58a_00907   TERMINATED   True       False      False           True       True       False        False                True        True                   2           11.2662    0.723515   0.746596   0.677564 │
│ asha_train_be58a_00908   TERMINATED   False      True       True            True       True       True         False                True        False                  4           23.837     0.605755   0.784488   0.733737 │
│ asha_train_be58a_00909   TERMINATED   True       False      True            True       False      True         False                True        False                  4           19.5018    0.61756    0.78619    0.730199 │
│ asha_train_be58a_00910   TERMINATED   False      False      True            True       False      True         False                True        True                   4           14.5017    0.579833   0.812685   0.74753  │
│ asha_train_be58a_00911   TERMINATED   False      True       False           True       True       False        False                True        True                   4           22.2056    0.60282    0.774719   0.736376 │
│ asha_train_be58a_00912   TERMINATED   False      True       True            True       True       True         False                False       False                  4           19.1791    0.637254   0.795663   0.720296 │
│ asha_train_be58a_00913   TERMINATED   False      True       True            False      True       False        True                 False       True                   1            4.16567   0.937171   0.689313   0.562252 │
│ asha_train_be58a_00914   TERMINATED   True       True       True            True       True       False        True                 False       True                   2           13.1288    0.732024   0.749704   0.670489 │
│ asha_train_be58a_00915   TERMINATED   False      False      False           True       False      True         False                False       False                  4            9.72274   0.678429   0.787448   0.716901 │
│ asha_train_be58a_00916   TERMINATED   False      False      True            True       True       False        True                 False       True                   4           12.5323    0.654002   0.762877   0.726339 │
│ asha_train_be58a_00917   TERMINATED   False      True       True            False      True       False        True                 False       True                   1            4.30908   0.876093   0.547439   0.59136  │
│ asha_train_be58a_00918   TERMINATED   False      True       True            False      True       False        True                 True        True                   1            4.72673   0.973207   0.710036   0.517761 │
│ asha_train_be58a_00919   TERMINATED   False      False      True            True       True       True         True                 False       True                   2            6.38555   0.708484   0.760731   0.677292 │
│ asha_train_be58a_00920   TERMINATED   False      False      False           False      True       True         True                 False       False                  1            2.17628   0.970946   0.726909   0.478534 │
│ asha_train_be58a_00921   TERMINATED   True       True       True            False      False      False        False                False       False                  1            3.88621   1.09846    0.658304   0.333333 │
│ asha_train_be58a_00922   TERMINATED   True       False      True            False      False      False        True                 False       False                  1            3.17255   1.09849    0.658304   0.333333 │
│ asha_train_be58a_00923   TERMINATED   True       False      False           False      False      False        False                True        False                  1            3.04824   1.09846    0.658304   0.333333 │
│ asha_train_be58a_00924   TERMINATED   True       True       False           True       True       True         True                 True        False                  1            7.42265   0.944277   0.655861   0.547893 │
│ asha_train_be58a_00925   TERMINATED   False      True       True            True       True       False        False                True        False                  4           21.6858    0.64561    0.751628   0.716873 │
│ asha_train_be58a_00926   TERMINATED   False      True       False           True       False      True         True                 False       True                   1            4.11877   0.906002   0.67799    0.567794 │
│ asha_train_be58a_00927   TERMINATED   True       False      True            False      True       False        True                 True        False                  1            3.91374   1.09855    0.658304   0.333333 │
│ asha_train_be58a_00928   TERMINATED   False      True       False           False      True       True         False                True        True                   1            3.52228   1.06595    0.740601   0.455909 │
│ asha_train_be58a_00929   TERMINATED   True       True       True            True       False      False        False                False       True                   1            5.16646   8.06656    0.391726   0.366744 │
│ asha_train_be58a_00930   TERMINATED   True       False      True            True       False      False        False                True        True                   4           17.8508    0.608127   0.756735   0.736501 │
│ asha_train_be58a_00931   TERMINATED   True       True       False           False      True       True         False                True        False                  1            4.65288   0.818037   0.720841   0.598172 │
│ asha_train_be58a_00932   TERMINATED   True       True       False           False      True       True         False                False       False                  1            4.90078   0.880179   0.710184   0.58039  │
│ asha_train_be58a_00933   TERMINATED   True       True       False           True       True       True         False                False       True                   1            6.49463   0.921147   0.720545   0.527944 │
│ asha_train_be58a_00934   TERMINATED   True       True       True            False      True       False        True                 True        False                  1            5.02854   1.09984    0.246226   0.333333 │
│ asha_train_be58a_00935   TERMINATED   False      False      False           False      True       True         True                 True        True                   2            5.04316   0.708138   0.741859   0.673713 │
│ asha_train_be58a_00936   TERMINATED   False      True       True            False      True       True         False                True        False                  2            8.22387   0.754324   0.777605   0.647583 │
│ asha_train_be58a_00937   TERMINATED   False      True       True            True       True       False        True                 True        True                   2           12.7322    0.821926   0.670219   0.644849 │
│ asha_train_be58a_00938   TERMINATED   True       True       True            True       False      True         True                 False       False                  2           11.8343    0.734873   0.699748   0.668905 │
│ asha_train_be58a_00939   TERMINATED   True       True       True            True       True       False        True                 False       False                  1            7.71552   0.934661   0.628626   0.55547  │
│ asha_train_be58a_00940   TERMINATED   True       True       False           False      True       True         False                False       False                  1            5.57572   0.921377   0.73172    0.56135  │
│ asha_train_be58a_00941   TERMINATED   True       True       False           False      False      False        True                 False       True                   1            5.00534   1.0985     0.658304   0.333333 │
│ asha_train_be58a_00942   TERMINATED   False      False      False           False      False      False        True                 False       False                  2            3.85675   0.701894   0.770944   0.670711 │
│ asha_train_be58a_00943   TERMINATED   True       False      True            False      False      True         False                False       True                   2            6.55278   0.702114   0.769834   0.676167 │
│ asha_train_be58a_00944   TERMINATED   True       False      False           True       False      True         False                False       True                   4           16.0786    0.620314   0.749186   0.724766 │
│ asha_train_be58a_00945   TERMINATED   True       False      False           True       True       True         False                True        True                   1            6.35937   0.88353    0.73246    0.579062 │
│ asha_train_be58a_00946   TERMINATED   False      True       True            True       True       True         True                 False       False                  4           21.2302    0.611366   0.767466   0.736817 │
│ asha_train_be58a_00947   TERMINATED   False      True       True            True       False      True         True                 True        False                  4           21.4704    0.636734   0.759473   0.710794 │
│ asha_train_be58a_00948   TERMINATED   True       True       False           False      True       True         True                 True        True                   1            5.6589    1.04078    0.349985   0.386472 │
│ asha_train_be58a_00949   TERMINATED   False      False      True            True       False      True         False                True        False                  2            7.21281   0.701309   0.732164   0.67796  │
│ asha_train_be58a_00950   TERMINATED   True       False      True            True       True       False        False                False       False                  4           20.4057    0.660004   0.743265   0.71605  │
│ asha_train_be58a_00951   TERMINATED   True       True       False           False      True       True         False                True        True                   2            9.63859   0.673029   0.757031   0.684799 │
│ asha_train_be58a_00952   TERMINATED   True       True       False           False      True       False        True                 True        False                  1            5.42591   1.09843    0.658304   0.333333 │
│ asha_train_be58a_00953   TERMINATED   False      False      False           False      True       False        False                False       True                   2            5.16601   0.72689    0.778567   0.671323 │
│ asha_train_be58a_00954   TERMINATED   True       True       True            False      False      False        True                 False       False                  1            4.47016   1.09847    0.658304   0.333333 │
│ asha_train_be58a_00955   TERMINATED   True       False      False           True       False      False        False                True        True                   4           17.916     0.626843   0.764802   0.71909  │
│ asha_train_be58a_00956   TERMINATED   False      True       True            True       False      False        True                 True        True                   4           20.4752    0.602695   0.760583   0.738987 │
│ asha_train_be58a_00957   TERMINATED   True       True       False           True       False      False        True                 False       False                  1            5.60515   1.08217    0.680136   0.398575 │
│ asha_train_be58a_00958   TERMINATED   False      True       True            True       False      False        False                True        True                   2           10.2837    0.719663   0.722913   0.66419  │
│ asha_train_be58a_00959   TERMINATED   True       False      True            False      False      False        False                False       True                   1            3.37965   1.0985     0.658304   0.333333 │
│ asha_train_be58a_00960   TERMINATED   True       False      False           True       True       True         False                True        False                  4           23.1784    0.617438   0.80336    0.730441 │
│ asha_train_be58a_00961   TERMINATED   False      False      True            True       True       True         True                 False       True                   1            3.02141   1.02481    0.491785   0.487065 │
│ asha_train_be58a_00962   TERMINATED   False      True       True            True       True       True         True                 True        False                  4           23.9453    0.601589   0.78804    0.735246 │
│ asha_train_be58a_00963   TERMINATED   True       False      True            False      False      True         True                 True        True                   1            3.43327   0.869053   0.718546   0.563538 │
│ asha_train_be58a_00964   TERMINATED   True       True       False           False      True       True         False                True        False                  1            5.4553    0.788638   0.708407   0.618265 │
│ asha_train_be58a_00965   TERMINATED   False      True       True            False      True       True         True                 False       True                   1            4.22657   0.840831   0.708259   0.599362 │
│ asha_train_be58a_00966   TERMINATED   True       True       True            True       True       False        True                 False       False                  1            6.84254   0.940314   0.675326   0.558106 │
│ asha_train_be58a_00967   TERMINATED   False      True       False           False      False      False        True                 True        True                   2            5.99932   0.739529   0.774423   0.66486  │
│ asha_train_be58a_00968   TERMINATED   True       False      False           True       False      True         False                False       True                   2            8.62345   0.856879   0.701303   0.6754   │
│ asha_train_be58a_00969   TERMINATED   True       False      True            False      False      True         False                False       True                   1            2.73831   1.0292     0.682652   0.567659 │
│ asha_train_be58a_00970   TERMINATED   False      True       True            False      True       True         False                True        True                   1            4.73559   0.812077   0.709665   0.600359 │
│ asha_train_be58a_00971   TERMINATED   True       True       False           True       True       False        True                 True        True                   2           15.4035    0.782111   0.724467   0.658205 │
│ asha_train_be58a_00972   TERMINATED   True       True       True            False      False      True         True                 True        False                  1            4.6464    0.859188   0.711072   0.562143 │
│ asha_train_be58a_00973   TERMINATED   True       False      True            False      True       True         False                False       True                   2            8.02463   0.683406   0.777531   0.680695 │
│ asha_train_be58a_00974   TERMINATED   False      False      True            True       False      False        False                False       True                   4           11.7376    0.586657   0.765246   0.745526 │
│ asha_train_be58a_00975   TERMINATED   True       False      True            False      False      True         True                 False       True                   1            3.17683   0.920438   0.699748   0.557122 │
│ asha_train_be58a_00976   TERMINATED   True       False      False           False      True       True         False                True        False                  2            8.29526   0.688981   0.783822   0.682478 │
│ asha_train_be58a_00977   TERMINATED   True       False      True            False      True       False        False                False       True                   1            4.98695   1.09846    0.658304   0.333333 │
│ asha_train_be58a_00978   TERMINATED   True       False      True            False      False      True         False                False       True                   1            3.18181   0.869053   0.718546   0.563538 │
│ asha_train_be58a_00979   TERMINATED   False      False      True            True       False      True         False                True        True                   4           15.0725    0.604456   0.784636   0.731924 │
│ asha_train_be58a_00980   TERMINATED   True       False      True            True       True       True         False                True        False                  1            5.95989   0.832231   0.66415    0.619098 │
│ asha_train_be58a_00981   TERMINATED   False      False      True            True       False      False        False                False       True                   4           10.9904    0.611219   0.755995   0.73042  │
│ asha_train_be58a_00982   TERMINATED   False      True       False           True       True       True         False                True        False                  2           11.9718    0.74159    0.68243    0.678967 │
│ asha_train_be58a_00983   TERMINATED   False      False      True            True       True       True         False                False       False                  4           13.2182    0.630558   0.795515   0.725938 │
│ asha_train_be58a_00984   TERMINATED   False      True       True            True       True       True         False                True        False                  2           12.315     0.794219   0.634917   0.643073 │
│ asha_train_be58a_00985   TERMINATED   True       True       True            False      False      False        False                False       False                  1            4.3134    1.09846    0.658304   0.333333 │
│ asha_train_be58a_00986   TERMINATED   True       True       False           False      True       False        False                True        True                   1            4.8358    1.01216    0.713588   0.556219 │
│ asha_train_be58a_00987   TERMINATED   False      False      True            False      True       True         False                False       False                  2            5.75297   0.753471   0.793443   0.653235 │
│ asha_train_be58a_00988   TERMINATED   False      False      False           True       False      True         False                False       False                  4           10.9558    0.678429   0.787448   0.716901 │
│ asha_train_be58a_00989   TERMINATED   True       False      True            False      False      True         False                False       True                   1            4.00459   0.806818   0.743635   0.60426  │
│ asha_train_be58a_00990   TERMINATED   False      True       True            False      False      True         True                 False       True                   4           12.8132    0.645561   0.804544   0.71432  │
│ asha_train_be58a_00991   TERMINATED   True       False      False           False      True       True         False                True        True                   1            4.07601   0.79831    0.699156   0.616912 │
│ asha_train_be58a_00992   TERMINATED   False      True       False           True       True       False        False                False       True                   4           20.0556    0.654474   0.787596   0.729451 │
│ asha_train_be58a_00993   TERMINATED   True       True       False           True       True       True         True                 True        True                   2           14.9961    0.750281   0.691607   0.675443 │
│ asha_train_be58a_00994   TERMINATED   False      False      False           True       False      False        True                 True        True                   4           13.3527    0.583721   0.768132   0.745241 │
│ asha_train_be58a_00995   TERMINATED   True       False      True            False      True       True         True                 False       True                   1            4.00756   0.894049   0.650459   0.574132 │
│ asha_train_be58a_00996   TERMINATED   False      True       False           True       False      True         True                 True        True                   1            5.78661   0.860807   0.71603    0.59685  │
│ asha_train_be58a_00997   TERMINATED   True       True       False           False      False      True         False                True        True                   1            3.9009    1.05853    0.724023   0.529359 │
│ asha_train_be58a_00998   TERMINATED   False      True       False           False      False      False        True                 True        False                  1            3.41949   1.09849    0.658304   0.333333 │
│ asha_train_be58a_00999   TERMINATED   True       False      True            True       False      True         False                False       True                   4           17.1538    0.629889   0.759177   0.730566 │
│ asha_train_be58a_01000   TERMINATED   True       False      False           True       True       False        False                True        False                  1            6.03897   0.812265   0.712256   0.613613 │
│ asha_train_be58a_01001   TERMINATED   True       False      True            False      True       False        True                 False       True                   1            3.74422   1.1066     0.246226   0.333333 │
│ asha_train_be58a_01002   TERMINATED   True       False      True            True       True       False        True                 False       False                  1            5.67698   1.06497    0.347395   0.432127 │
│ asha_train_be58a_01003   TERMINATED   True       False      False           False      False      True         True                 False       False                  1            3.76595   1.09843    0.658304   0.333333 │
│ asha_train_be58a_01004   TERMINATED   True       True       True            True       False      True         False                False       False                  4           21.7946    0.63531    0.766282   0.71475  │
│ asha_train_be58a_01005   TERMINATED   False      False      True            False      True       True         False                False       True                   1            2.63624   1.00503    0.671181   0.540796 │
│ asha_train_be58a_01006   TERMINATED   False      True       True            False      True       False        False                True        False                  1            3.76182   1.10228    0.246226   0.333333 │
│ asha_train_be58a_01007   TERMINATED   False      True       True            True       False      True         True                 False       False                  4           17.7559    0.60696    0.802176   0.730854 │
│ asha_train_be58a_01008   TERMINATED   True       True       False           True       True       False        False                True        True                   2           15.1099    0.733922   0.735568   0.665797 │
│ asha_train_be58a_01009   TERMINATED   False      False      True            True       True       False        False                False       True                   2            6.59134   0.820804   0.688055   0.661137 │
│ asha_train_be58a_01010   TERMINATED   False      False      True            True       True       False        True                 False       False                  2            6.61685   0.771367   0.714698   0.663266 │
│ asha_train_be58a_01011   TERMINATED   True       False      True            True       True       True         False                True        False                  2           11.4328    0.788403   0.662078   0.658505 │
│ asha_train_be58a_01012   TERMINATED   True       True       True            False      False      True         True                 False       True                   1            4.03301   1.09849    0.658304   0.333333 │
│ asha_train_be58a_01013   TERMINATED   False      False      True            False      False      True         True                 False       False                  2            4.06996   1.04046    0.612567   0.607473 │
│ asha_train_be58a_01014   TERMINATED   False      False      False           True       True       False        True                 True        False                  2            7.9448    0.810013   0.70034    0.677495 │
│ asha_train_be58a_01015   TERMINATED   True       False      True            False      False      False        True                 False       False                  1            3.68953   1.09848    0.658304   0.333333 │
│ asha_train_be58a_01016   TERMINATED   False      False      False           True       True       True         True                 True        False                  4           17.1738    0.606202   0.776125   0.727518 │
│ asha_train_be58a_01017   TERMINATED   False      False      False           True       True       False        False                False       False                  4           11.6342    0.648256   0.778123   0.725203 │
│ asha_train_be58a_01018   TERMINATED   True       False      True            False      True       True         True                 False       True                   1            4.80361   0.94187    0.654603   0.521113 │
│ asha_train_be58a_01019   TERMINATED   False      True       True            False      True       False        True                 True        False                  1            4.98604   0.899923   0.689905   0.56202  │
│ asha_train_be58a_01020   TERMINATED   False      True       True            False      True       False        True                 True        False                  1            5.23949   1.09929    0.246226   0.333333 │
│ asha_train_be58a_01021   TERMINATED   True       False      False           False      True       True         False                False       True                   2            7.73895   0.687756   0.76532    0.676466 │
│ asha_train_be58a_01022   TERMINATED   True       True       True            False      False      True         True                 False       False                  1            4.62749   1.05754    0.685539   0.559471 │
│ asha_train_be58a_01023   TERMINATED   True       True       True            True       False      False        False                True        False                  1            6.29261   1.02767    0.523757   0.473509 │
│ asha_train_be58a_01024   TERMINATED   False      False      False           False      False      True         False                True        False                  4            7.96057   0.847513   0.763618   0.735731 │
│ asha_train_be58a_01025   TERMINATED   True       False      False           True       True       True         False                True        True                   1            6.334     0.897496   0.704411   0.558935 │
│ asha_train_be58a_01026   TERMINATED   False      False      False           True       True       False        False                True        True                   4           14.3586    0.603649   0.775903   0.736683 │
│ asha_train_be58a_01027   TERMINATED   True       False      True            True       True       True         False                True        False                  4           23.1705    0.617974   0.761101   0.73721  │
│ asha_train_be58a_01028   TERMINATED   False      True       True            True       True       True         True                 False       False                  2           10.6746    0.795106   0.719065   0.63612  │
│ asha_train_be58a_01029   TERMINATED   True       True       False           True       False      True         False                True        True                   2           11.9573    0.6806     0.782934   0.685594 │
│ asha_train_be58a_01030   TERMINATED   False      True       False           True       True       False        False                False       False                  4           19.483     0.638258   0.764506   0.726066 │
│ asha_train_be58a_01031   TERMINATED   False      True       True            False      False      False        True                 False       True                   1            4.10518   1.09846    0.658304   0.333333 │
│ asha_train_be58a_01032   TERMINATED   True       True       False           True       True       False        True                 True        False                  2           15.4309    0.786865   0.684207   0.652136 │
│ asha_train_be58a_01033   TERMINATED   False      True       True            False      False      False        False                True        True                   1            3.09135   1.09849    0.658304   0.333333 │
│ asha_train_be58a_01034   TERMINATED   False      True       True            True       False      False        False                False       True                   2            8.36042   0.723481   0.648609   0.675765 │
│ asha_train_be58a_01035   TERMINATED   False      False      False           True       True       True         True                 False       True                   1            3.21026   0.90828    0.667259   0.584049 │
│ asha_train_be58a_01036   TERMINATED   True       False      True            True       True       True         False                False       True                   2           10.3373    0.752644   0.731498   0.65699  │
│ asha_train_be58a_01037   TERMINATED   False      True       True            False      True       True         True                 False       True                   1            5.09572   0.900163   0.720471   0.54957  │
│ asha_train_be58a_01038   TERMINATED   False      True       False           True       False      False        True                 False       False                  4           16.2338    0.607534   0.781157   0.743633 │
│ asha_train_be58a_01039   TERMINATED   False      True       False           True       False      False        False                False       True                   4           16.4102    0.616414   0.756587   0.729033 │
│ asha_train_be58a_01040   TERMINATED   False      False      True            True       True       True         False                True        True                   4           16.8033    0.622979   0.769538   0.729441 │
│ asha_train_be58a_01041   TERMINATED   True       True       True            True       True       False        True                 True        True                   1            8.49608   1.08936    0.450266   0.40415  │
│ asha_train_be58a_01042   TERMINATED   True       True       True            True       True       False        False                True        False                  4           30.5479    0.709347   0.754515   0.69289  │
│ asha_train_be58a_01043   TERMINATED   False      True       True            False      False      True         True                 False       False                  2            6.83719   0.728079   0.774571   0.659776 │
│ asha_train_be58a_01044   TERMINATED   True       True       False           True       True       True         True                 True        True                   1            7.4695    0.879118   0.577117   0.573209 │
│ asha_train_be58a_01045   TERMINATED   True       False      True            True       True       False        True                 True        False                  1            5.38716   0.963008   0.580817   0.515481 │
│ asha_train_be58a_01046   TERMINATED   True       True       True            False      True       False        False                True        True                   1            5.67735   1.10159    0.246226   0.333333 │
│ asha_train_be58a_01047   TERMINATED   False      True       False           False      False      False        False                False       True                   2            5.64265   0.724466   0.78323    0.667958 │
│ asha_train_be58a_01048   TERMINATED   False      True       False           True       True       True         False                False       False                  1            5.21234   0.887294   0.561945   0.588382 │
│ asha_train_be58a_01049   TERMINATED   False      True       False           True       False      True         False                False       True                   1            4.08979   0.92766    0.420367   0.561034 │
│ asha_train_be58a_01050   TERMINATED   True       False      True            True       False      True         True                 True        True                   1            5.37904   1.0391     0.67762    0.393824 │
│ asha_train_be58a_01051   TERMINATED   False      False      True            False      True       True         False                False       False                  1            2.6381    0.836708   0.764876   0.594497 │
│ asha_train_be58a_01052   TERMINATED   False      False      False           False      False      False        True                 True        False                  1            2.11011   0.849133   0.781009   0.610505 │
│ asha_train_be58a_01053   TERMINATED   False      True       False           True       True       False        True                 True        True                   2           11.9726    0.802612   0.715512   0.674806 │
│ asha_train_be58a_01054   TERMINATED   True       True       True            True       False      False        True                 False       False                  2           11.097     0.840923   0.660894   0.636432 │
│ asha_train_be58a_01055   TERMINATED   False      True       False           True       False      True         True                 True        False                  4           19.6991    0.637861   0.739787   0.724562 │
│ asha_train_be58a_01056   TERMINATED   True       True       True            False      True       False        False                False       True                   1            5.53634   0.823301   0.677546   0.611337 │
│ asha_train_be58a_01057   TERMINATED   True       False      False           False      False      True         True                 False       True                   1            3.96411   0.891418   0.701229   0.556749 │
│ asha_train_be58a_01058   TERMINATED   False      True       False           False      True       False        True                 False       False                  1            4.03128   0.840285   0.706187   0.596725 │
│ asha_train_be58a_01059   TERMINATED   False      True       True            False      True       False        True                 False       True                   1            4.08947   0.817552   0.73653    0.61299  │
│ asha_train_be58a_01060   TERMINATED   True       False      False           False      False      True         True                 True        False                  1            3.64531   1.09843    0.658304   0.333333 │
│ asha_train_be58a_01061   TERMINATED   False      False      False           False      True       True         False                False       False                  4           10.4904    0.713898   0.827043   0.7039   │
│ asha_train_be58a_01062   TERMINATED   True       True       True            False      True       True         False                False       True                   1            5.71596   0.81302    0.694494   0.604155 │
│ asha_train_be58a_01063   TERMINATED   True       True       True            True       True       True         False                False       True                   1            7.74528   0.840701   0.712108   0.613736 │
│ asha_train_be58a_01064   TERMINATED   True       False      False           False      True       True         False                False       True                   1            4.37384   1.09765    0.522351   0.472397 │
│ asha_train_be58a_01065   TERMINATED   False      False      True            False      True       True         True                 True        True                   1            3.10676   0.819305   0.678804   0.617499 │
│ asha_train_be58a_01066   TERMINATED   False      False      False           True       False      True         False                False       True                   4           10.9983    0.643625   0.811353   0.745818 │
│ asha_train_be58a_01067   TERMINATED   False      False      True            False      False      False        False                False       True                   2            3.8281    0.741064   0.7537     0.648251 │
│ asha_train_be58a_01068   TERMINATED   True       False      True            True       False      True         True                 True        True                   4           19.558     0.670532   0.739713   0.713314 │
│ asha_train_be58a_01069   TERMINATED   False      False      True            False      True       False        True                 True        True                   1            2.48893   0.845969   0.717732   0.603876 │
│ asha_train_be58a_01070   TERMINATED   False      False      False           False      False      False        True                 True        False                  2            4.73668   0.706329   0.76828    0.67589  │
│ asha_train_be58a_01071   TERMINATED   False      False      True            True       False      False        True                 True        False                  4           14.9064    0.742276   0.723061   0.708901 │
│ asha_train_be58a_01072   TERMINATED   False      False      True            False      False      False        False                True        False                  2            4.9347    0.856808   0.571788   0.640168 │
│ asha_train_be58a_01073   TERMINATED   False      True       True            False      True       False        False                True        False                  1            4.14063   0.860524   0.649275   0.596798 │
│ asha_train_be58a_01074   TERMINATED   True       True       True            False      False      True         True                 True        False                  2            8.04564   0.753395   0.726539   0.669795 │
│ asha_train_be58a_01075   TERMINATED   False      False      False           True       False      True         False                True        True                   1            4.0217    0.940957   0.466104   0.575265 │
│ asha_train_be58a_01076   TERMINATED   True       False      False           False      False      False        True                 True        True                   1            3.9207    1.09849    0.658304   0.333333 │
│ asha_train_be58a_01077   TERMINATED   False      False      False           False      True       False        True                 True        False                  1            2.6088    0.844573   0.729796   0.597852 │
│ asha_train_be58a_01078   TERMINATED   True       False      True            False      True       True         True                 False       True                   1            4.88157   0.882115   0.690053   0.568141 │
│ asha_train_be58a_01079   TERMINATED   False      False      True            True       False      False        False                False       False                  4           11.189     0.597466   0.754144   0.742002 │
│ asha_train_be58a_01080   TERMINATED   False      False      False           True       False      True         True                 True        False                  4           13.9352    0.69373    0.730684   0.729121 │
│ asha_train_be58a_01081   TERMINATED   False      True       False           True       False      False        False                True        False                  1            5.11542   0.812081   0.722025   0.57169  │
│ asha_train_be58a_01082   TERMINATED   False      False      False           False      True       False        False                False       False                  1            3.33861   0.948539   0.71344    0.551855 │
│ asha_train_be58a_01083   TERMINATED   False      False      True            True       True       True         False                False       True                   2            6.88479   0.719479   0.757401   0.677075 │
│ asha_train_be58a_01084   TERMINATED   True       True       True            True       True       False        True                 False       True                   2           15.1893    0.758595   0.713366   0.672125 │
│ asha_train_be58a_01085   TERMINATED   True       False      False           False      False      False        False                False       True                   1            3.06493   1.09844    0.658304   0.333333 │
│ asha_train_be58a_01086   TERMINATED   False      False      True            False      False      True         True                 False       False                  2            5.5208    0.768769   0.746374   0.650285 │
│ asha_train_be58a_01087   TERMINATED   False      False      False           True       False      False        True                 True        False                  4           13.0394    0.634579   0.763321   0.742869 │
│ asha_train_be58a_01088   TERMINATED   False      False      False           False      True       False        False                False       True                   2            5.45991   0.72689    0.778567   0.671323 │
│ asha_train_be58a_01089   TERMINATED   True       True       True            True       True       False        True                 True        True                   4           30.8513    0.675398   0.752442   0.72022  │
│ asha_train_be58a_01090   TERMINATED   True       False      True            True       True       False        False                True        False                  4           22.4571    0.627321   0.757031   0.729098 │
│ asha_train_be58a_01091   TERMINATED   False      False      True            True       False      False        True                 True        True                   4           13.9324    0.575325   0.771906   0.748576 │
│ asha_train_be58a_01092   TERMINATED   False      True       True            True       True       True         True                 False       True                   1            5.66333   0.946916   0.64624    0.532112 │
│ asha_train_be58a_01093   TERMINATED   False      False      False           True       False      True         False                True        True                   4           14.093     0.611515   0.8172     0.739597 │
│ asha_train_be58a_01094   TERMINATED   False      True       False           True       True       False        True                 True        True                   4           24.2966    0.668315   0.752146   0.715487 │
│ asha_train_be58a_01095   TERMINATED   True       True       False           True       False      True         False                True        False                  2           11.7105    0.779509   0.576895   0.666295 │
│ asha_train_be58a_01096   TERMINATED   False      True       False           False      True       False        True                 True        False                  1            3.58442   0.860126   0.697306   0.594766 │
│ asha_train_be58a_01097   TERMINATED   True       False      False           False      False      False        True                 True        True                   1            2.68603   1.0985     0.658304   0.333333 │
│ asha_train_be58a_01098   TERMINATED   True       False      False           True       False      False        False                True        False                  4           18.0243    0.602777   0.765246   0.738439 │
│ asha_train_be58a_01099   TERMINATED   False      True       True            False      False      True         False                False       False                  4           12.1665    0.811431   0.779529   0.719605 │
│ asha_train_be58a_01100   TERMINATED   False      False      True            True       True       True         False                False       False                  4           13.0066    0.604417   0.794849   0.736814 │
│ asha_train_be58a_01101   TERMINATED   False      False      True            False      False      False        False                True        False                  1            2.13949   0.79958    0.760583   0.611864 │
│ asha_train_be58a_01102   TERMINATED   False      True       True            True       True       False        True                 True        True                   2           12.6484    0.720081   0.718324   0.681732 │
│ asha_train_be58a_01103   TERMINATED   False      False      True            True       True       True         True                 True        True                   1            4.33887   0.912274   0.615083   0.561258 │
│ asha_train_be58a_01104   TERMINATED   False      True       False           False      True       True         False                False       False                  4           15.9945    0.636603   0.822824   0.717235 │
│ asha_train_be58a_01105   TERMINATED   False      False      True            True       True       False        False                True        True                   2            9.05096   0.767657   0.703227   0.67024  │
│ asha_train_be58a_01106   TERMINATED   False      False      True            True       True       False        True                 False       False                  4           13.2845    0.633873   0.766874   0.726551 │
│ asha_train_be58a_01107   TERMINATED   True       True       False           True       False      True         False                True        True                   4           23.5533    0.616927   0.814979   0.737011 │
│ asha_train_be58a_01108   TERMINATED   False      False      True            True       False      True         False                True        False                  2            7.64953   0.712978   0.672587   0.685743 │
│ asha_train_be58a_01109   TERMINATED   False      True       False           True       True       False        False                True        False                  1            6.04467   0.855362   0.701155   0.609344 │
│ asha_train_be58a_01110   TERMINATED   True       True       False           True       False      True         False                False       False                  1            5.49008   0.97877    0.287448   0.444925 │
│ asha_train_be58a_01111   TERMINATED   False      False      False           False      False      True         False                False       True                   4            7.84348   0.774326   0.812389   0.729533 │
│ asha_train_be58a_01112   TERMINATED   False      True       True            True       False      False        True                 True        False                  4           19.3133    0.612424   0.753478   0.737545 │
│ asha_train_be58a_01113   TERMINATED   True       True       False           True       True       True         True                 False       True                   1            6.96009   0.9026     0.666815   0.598462 │
│ asha_train_be58a_01114   TERMINATED   True       True       False           True       True       True         False                True        True                   2           14.2889    0.696189   0.794109   0.681382 │
│ asha_train_be58a_01115   TERMINATED   False      False      False           True       True       True         False                True        True                   4           15.3834    0.682674   0.72913    0.714462 │
│ asha_train_be58a_01116   TERMINATED   True       False      True            True       True       True         True                 False       False                  4           20.6631    0.624271   0.8172     0.730429 │
│ asha_train_be58a_01117   TERMINATED   True       True       True            True       False      True         False                False       True                   1            5.72803   0.897843   0.503774   0.60347  │
│ asha_train_be58a_01118   TERMINATED   False      True       False           True       False      True         True                 True        False                  2           10.1241    0.832563   0.652753   0.653333 │
│ asha_train_be58a_01119   TERMINATED   False      True       True            False      False      True         False                True        True                   2            6.44469   0.883601   0.734976   0.685511 │
│ asha_train_be58a_01120   TERMINATED   False      True       True            False      False      False        True                 False       False                  1            3.32585   0.865957   0.687093   0.57639  │
│ asha_train_be58a_01121   TERMINATED   True       True       True            False      True       False        False                False       True                   1            5.50079   1.09844    0.658304   0.333333 │
│ asha_train_be58a_01122   TERMINATED   False      False      True            False      True       False        False                True        False                  1            2.50682   0.861807   0.711368   0.581992 │
│ asha_train_be58a_01123   TERMINATED   False      True       True            False      False      False        True                 False       True                   1            4.14486   1.09846    0.658304   0.333333 │
│ asha_train_be58a_01124   TERMINATED   True       True       False           False      False      True         True                 True        False                  1            4.50477   0.990488   0.738011   0.606009 │
│ asha_train_be58a_01125   TERMINATED   True       True       True            True       True       False        True                 False       False                  4           27.1899    0.65239    0.739565   0.715237 │
│ asha_train_be58a_01126   TERMINATED   False      False      False           False      True       True         True                 False       True                   1            2.93229   1.04989    0.277235   0.356549 │
│ asha_train_be58a_01127   TERMINATED   False      True       True            False      False      False        True                 False       False                  2            7.06756   0.753967   0.779381   0.650633 │
│ asha_train_be58a_01128   TERMINATED   False      False      False           False      False      True         False                False       True                   4            8.22596   0.635563   0.82201    0.735493 │
│ asha_train_be58a_01129   TERMINATED   False      True       True            False      True       False        True                 True        True                   2            8.25496   0.806838   0.751036   0.632997 │
│ asha_train_be58a_01130   TERMINATED   True       True       True            True       True       False        False                True        False                  4           30.65      0.670032   0.730314   0.708274 │
│ asha_train_be58a_01131   TERMINATED   False      False      True            False      False      True         True                 True        False                  1            2.23334   1.05645    0.624852   0.563945 │
│ asha_train_be58a_01132   TERMINATED   True       True       False           False      True       False        False                False       True                   2           10.4002    0.74317    0.741045   0.658598 │
│ asha_train_be58a_01133   TERMINATED   True       False      False           True       True       False        False                False       False                  4           18.8287    0.632495   0.768502   0.730589 │
│ asha_train_be58a_01134   TERMINATED   True       False      True            True       True       True         False                False       True                   1            5.74783   0.884574   0.672143   0.56689  │
│ asha_train_be58a_01135   TERMINATED   True       True       True            True       False      True         False                False       True                   4           21.751     0.590372   0.780195   0.740286 │
│ asha_train_be58a_01136   TERMINATED   True       False      True            False      False      True         True                 True        False                  1            3.00439   0.804339   0.752738   0.616777 │
│ asha_train_be58a_01137   TERMINATED   True       False      True            True       True       True         False                True        False                  1            6.09665   0.951382   0.610568   0.540191 │
│ asha_train_be58a_01138   TERMINATED   False      False      True            False      False      False        False                False       True                   2            3.86058   0.775869   0.785154   0.647625 │
│ asha_train_be58a_01139   TERMINATED   True       False      False           True       False      False        True                 True        False                  4           17.9899    0.608579   0.763247   0.7455   │
│ asha_train_be58a_01140   TERMINATED   True       True       True            True       True       False        True                 False       True                   1            6.98432   1.05976    0.340364   0.434909 │
│ asha_train_be58a_01141   TERMINATED   False      True       True            True       True       True         False                False       True                   1            5.79048   0.821256   0.706557   0.610304 │
│ asha_train_be58a_01142   TERMINATED   True       False      True            False      True       True         True                 False       True                   2            8.5834    0.684823   0.781824   0.681259 │
│ asha_train_be58a_01143   TERMINATED   True       False      False           True       False      True         False                True        True                   1            4.77134   0.806158   0.726539   0.605054 │
│ asha_train_be58a_01144   TERMINATED   True       True       False           False      False      False        False                True        True                   1            3.48771   1.09844    0.658304   0.333333 │
│ asha_train_be58a_01145   TERMINATED   True       False      True            True       False      True         True                 False       True                   2            8.37058   0.739469   0.684355   0.671144 │
│ asha_train_be58a_01146   TERMINATED   True       True       True            True       True       False        True                 False       True                   1            6.85391   0.84999    0.666445   0.605635 │
│ asha_train_be58a_01147   TERMINATED   False      False      False           False      True       False        False                True        False                  1            2.31269   0.948539   0.71344    0.551855 │
│ asha_train_be58a_01148   TERMINATED   True       False      True            False      False      False        True                 False       False                  1            3.1573    1.09847    0.658304   0.333333 │
│ asha_train_be58a_01149   TERMINATED   False      False      True            False      False      True         True                 True        True                   2            4.95979   0.755425   0.786116   0.654103 │
│ asha_train_be58a_01150   TERMINATED   False      True       False           False      False      False        True                 True        False                  2            5.79681   0.762735   0.706187   0.657648 │
│ asha_train_be58a_01151   TERMINATED   True       False      False           True       False      False        False                True        True                   1            4.72884   0.793694   0.742377   0.581079 │
│ asha_train_be58a_01152   TERMINATED   True       False      True            True       True       True         False                True        False                  4           21.9673    0.628439   0.763766   0.720841 │
│ asha_train_be58a_01153   TERMINATED   True       False      True            True       True       False        True                 False       False                  1            5.20619   0.859781   0.641948   0.60483  │
│ asha_train_be58a_01154   TERMINATED   True       False      False           True       False      True         True                 True        False                  4           17.3967    0.62068    0.774867   0.733069 │
│ asha_train_be58a_01155   TERMINATED   True       False      False           False      False      False        True                 True        False                  1            2.76847   1.09849    0.658304   0.333333 │
│ asha_train_be58a_01156   TERMINATED   True       True       False           True       True       True         False                True        False                  4           26.6828    0.613701   0.8078     0.740258 │
│ asha_train_be58a_01157   TERMINATED   False      True       False           False      True       False        False                False       False                  1            3.87226   0.882771   0.637063   0.587142 │
│ asha_train_be58a_01158   TERMINATED   False      True       False           False      True       False        False                False       False                  1            3.93599   0.888247   0.680728   0.550593 │
│ asha_train_be58a_01159   TERMINATED   False      True       False           False      False      True         True                 True        True                   1            3.27464   0.831798   0.750444   0.615187 │
│ asha_train_be58a_01160   TERMINATED   True       True       True            False      False      True         True                 False       False                  2            7.06123   0.871286   0.749112   0.672105 │
│ asha_train_be58a_01161   TERMINATED   False      False      False           False      False      True         True                 True        False                  2            4.03339   0.823308   0.768946   0.683582 │
│ asha_train_be58a_01162   TERMINATED   False      False      True            True       False      True         False                False       True                   4           10.5103    0.631748   0.746152   0.723373 │
│ asha_train_be58a_01163   TERMINATED   False      False      True            True       True       False        True                 True        True                   2            8.35334   0.752471   0.706409   0.672153 │
│ asha_train_be58a_01164   TERMINATED   False      True       True            False      False      True         False                False       True                   2            6.02452   0.727839   0.777827   0.666069 │
│ asha_train_be58a_01165   TERMINATED   True       False      False           False      False      False        True                 False       False                  1            3.16469   1.09849    0.658304   0.333333 │
│ asha_train_be58a_01166   TERMINATED   False      False      False           True       False      True         True                 False       False                  1            2.8898    1.04276    0.45034    0.460865 │
│ asha_train_be58a_01167   TERMINATED   False      True       False           True       False      True         False                False       True                   4           16.534     0.685541   0.708481   0.698354 │
│ asha_train_be58a_01168   TERMINATED   False      True       False           False      True       False        False                True        True                   1            4.25115   0.876611   0.716696   0.571861 │
│ asha_train_be58a_01169   TERMINATED   True       True       True            True       False      True         True                 False       False                  1            5.70649   0.834324   0.685243   0.609919 │
│ asha_train_be58a_01170   TERMINATED   True       False      True            True       False      False        False                True        True                   2            9.35358   0.740885   0.639136   0.67458  │
│ asha_train_be58a_01171   TERMINATED   False      True       False           True       False      True         True                 True        False                  2           10.634     0.730587   0.720249   0.679286 │
│ asha_train_be58a_01172   TERMINATED   False      True       False           False      True       False        False                False       False                  1            3.71413   0.882771   0.637063   0.587142 │
│ asha_train_be58a_01173   TERMINATED   True       True       False           True       True       True         True                 True        True                   2           15.3861    0.698346   0.781602   0.680703 │
│ asha_train_be58a_01174   TERMINATED   False      False      True            False      True       False        True                 False       True                   1            3.66721   0.843995   0.713366   0.593521 │
│ asha_train_be58a_01175   TERMINATED   True       True       True            False      False      True         False                False       True                   1            3.68431   0.784698   0.739195   0.615888 │
│ asha_train_be58a_01176   TERMINATED   True       True       True            True       False      False        True                 False       False                  4           21.5728    0.697854   0.71603    0.693856 │
│ asha_train_be58a_01177   TERMINATED   False      False      False           True       True       False        False                False       False                  4           12.0074    0.648256   0.778123   0.725203 │
│ asha_train_be58a_01178   TERMINATED   True       True       False           False      True       True         False                True        True                   1            5.51195   0.944586   0.617673   0.519221 │
│ asha_train_be58a_01179   TERMINATED   False      False      True            True       True       False        True                 True        True                   2            7.94899   0.834542   0.686427   0.659841 │
│ asha_train_be58a_01180   TERMINATED   True       False      False           False      False      False        True                 False       False                  1            3.88574   1.09843    0.658304   0.333333 │
│ asha_train_be58a_01181   TERMINATED   False      False      False           False      True       False        True                 False       True                   1            3.14228   0.840136   0.66193    0.612079 │
│ asha_train_be58a_01182   TERMINATED   True       False      False           True       True       False        False                False       True                   1            4.96812   1.06451    0.533304   0.431774 │
│ asha_train_be58a_01183   TERMINATED   False      False      False           False      True       False        False                False       False                  1            2.32283   0.948539   0.71344    0.551855 │
│ asha_train_be58a_01184   TERMINATED   True       True       True            False      False      False        True                 False       True                   1            3.74188   1.09849    0.658304   0.333333 │
│ asha_train_be58a_01185   TERMINATED   False      False      False           False      False      True         True                 True        False                  2            4.89806   0.706243   0.774423   0.672292 │
│ asha_train_be58a_01186   TERMINATED   True       False      False           False      True       False        False                True        False                  1            4.16663   1.09843    0.658304   0.333333 │
│ asha_train_be58a_01187   TERMINATED   False      False      True            True       False      True         True                 True        True                   2            7.98696   0.758605   0.7127     0.657287 │
│ asha_train_be58a_01188   TERMINATED   False      True       True            False      True       False        False                True        False                  1            4.75646   0.884091   0.66341    0.59014  │
│ asha_train_be58a_01189   TERMINATED   True       True       False           True       True       True         False                True        True                   1            7.58256   0.872263   0.643798   0.562992 │
│ asha_train_be58a_01190   TERMINATED   True       False      True            True       False      True         False                False       True                   1            4.0668    1.00226    0.64032    0.495149 │
│ asha_train_be58a_01191   TERMINATED   True       True       False           False      True       True         True                 True        False                  1            5.85462   1.06712    0.663114   0.339908 │
│ asha_train_be58a_01192   TERMINATED   True       False      True            False      True       False        False                False       False                  1            4.58924   1.09851    0.658304   0.333333 │
│ asha_train_be58a_01193   TERMINATED   True       True       True            False      True       False        False                True        True                   1            5.02453   1.02353    0.703449   0.545937 │
│ asha_train_be58a_01194   TERMINATED   True       False      False           True       True       True         False                True        True                   1            6.12901   0.867957   0.607016   0.575674 │
│ asha_train_be58a_01195   TERMINATED   True       False      True            False      False      False        True                 True        True                   1            3.08034   1.09851    0.658304   0.333333 │
│ asha_train_be58a_01196   TERMINATED   False      False      False           True       True       False        True                 True        False                  4           14.7068    0.627714   0.761397   0.729046 │
│ asha_train_be58a_01197   TERMINATED   True       False      True            True       False      False        False                False       True                   4           16.5983    0.6422     0.730018   0.714178 │
│ asha_train_be58a_01198   TERMINATED   False      False      True            True       True       True         False                True        True                   1            4.5484    0.880285   0.568532   0.597838 │
│ asha_train_be58a_01199   TERMINATED   False      False      True            False      True       False        True                 True        False                  1            2.52217   0.899388   0.6959     0.573908 │
│ asha_train_be58a_01200   TERMINATED   True       False      True            True       True       True         False                True        False                  4           23.291     0.64793    0.772425   0.71266  │
│ asha_train_be58a_01201   TERMINATED   True       False      True            True       True       False        True                 False       False                  4           20.8399    0.707655   0.741119   0.691068 │
│ asha_train_be58a_01202   TERMINATED   True       True       True            False      False      True         True                 False       False                  1            4.32651   1.05095    0.714994   0.562255 │
│ asha_train_be58a_01203   TERMINATED   True       True       False           True       False      True         False                False       False                  1            5.38311   0.859935   0.510213   0.611555 │
│ asha_train_be58a_01204   TERMINATED   False      True       True            False      False      True         True                 True        False                  1            3.20393   1.07716    0.713588   0.535415 │
│ asha_train_be58a_01205   TERMINATED   True       False      False           False      False      False        False                False       True                   4           11.4387    0.598466   0.809651   0.742401 │
│ asha_train_be58a_01206   TERMINATED   False      True       False           True       False      False        False                False       False                  4           15.8375    0.607534   0.781157   0.743633 │
│ asha_train_be58a_01207   TERMINATED   True       False      False           False      True       True         True                 False       True                   1            3.49746   1.00489    0.661856   0.525287 │
│ asha_train_be58a_01208   TERMINATED   True       False      False           True       True       True         False                False       True                   1            5.22139   0.883781   0.747114   0.574928 │
│ asha_train_be58a_01209   TERMINATED   True       True       False           True       False      True         False                True        False                  1            6.01688   1.02617    0.698268   0.455104 │
│ asha_train_be58a_01210   TERMINATED   True       False      True            False      False      False        False                False       False                  1            3.71632   1.09847    0.658304   0.333333 │
│ asha_train_be58a_01211   TERMINATED   False      False      False           False      False      False        True                 False       False                  1            2.46255   0.880389   0.710702   0.564062 │
│ asha_train_be58a_01212   TERMINATED   True       False      True            True       False      False        False                False       False                  2            8.80171   0.74631    0.646832   0.672042 │
│ asha_train_be58a_01213   TERMINATED   False      True       False           True       False      True         False                True        True                   4           19.2377    0.615787   0.814091   0.732778 │
│ asha_train_be58a_01214   TERMINATED   True       True       False           False      True       False        True                 False       True                   1            5.31305   1.10104    0.246226   0.333333 │
│ asha_train_be58a_01215   TERMINATED   True       True       True            False      False      True         False                True        False                  1            4.36517   0.913514   0.687315   0.558078 │
│ asha_train_be58a_01216   TERMINATED   True       False      False           True       True       False        False                True        False                  1            4.9148    1.09498    0.590882   0.385868 │
│ asha_train_be58a_01217   TERMINATED   False      True       True            False      False      False        True                 False       False                  2            6.38833   0.701335   0.764136   0.675266 │
│ asha_train_be58a_01218   TERMINATED   False      True       True            False      False      True         False                False       True                   2            6.5054    0.733435   0.790779   0.67291  │
│ asha_train_be58a_01219   TERMINATED   False      False      False           True       True       False        False                False       False                  4           12.0732    0.648256   0.778123   0.725203 │
│ asha_train_be58a_01220   TERMINATED   True       False      False           False      True       False        True                 True        False                  1            3.70253   1.09853    0.658304   0.333333 │
│ asha_train_be58a_01221   TERMINATED   True       True       True            False      False      True         False                True        False                  4           14.445     1.03043    0.514728   0.632576 │
│ asha_train_be58a_01222   TERMINATED   True       True       False           True       True       False        False                True        False                  1            7.22      1.008      0.660376   0.490037 │
│ asha_train_be58a_01223   TERMINATED   True       False      True            False      True       False        True                 True        True                   1            4.6164    0.861741   0.672735   0.59529  │
│ asha_train_be58a_01224   TERMINATED   False      False      False           False      True       True         True                 True        False                  1            2.4394    1.0594     0.667481   0.414789 │
│ asha_train_be58a_01225   TERMINATED   False      False      True            True       True       True         True                 True        False                  2            8.20578   0.810553   0.69997    0.663092 │
│ asha_train_be58a_01226   TERMINATED   True       True       True            True       False      False        False                True        False                  1            7.22829   0.998291   0.461146   0.519017 │
│ asha_train_be58a_01227   TERMINATED   True       False      True            False      False      True         False                False       False                  1            2.78031   1.09847    0.658304   0.333333 │
│ asha_train_be58a_01228   TERMINATED   False      True       True            True       True       False        True                 False       False                  2           10.7133    0.738733   0.701451   0.671243 │
│ asha_train_be58a_01229   TERMINATED   False      False      False           True       False      True         True                 True        True                   4           13.359     0.582212   0.80706    0.745566 │
│ asha_train_be58a_01230   TERMINATED   True       True       True            False      False      True         True                 False       False                  1            4.47902   0.848096   0.718324   0.574969 │
│ asha_train_be58a_01231   TERMINATED   True       True       True            True       False      False        False                False       False                  1            5.63263   0.915829   0.644834   0.59274  │
│ asha_train_be58a_01232   TERMINATED   False      False      False           True       True       False        True                 False       False                  4           11.0438    0.648256   0.778123   0.725203 │
│ asha_train_be58a_01233   TERMINATED   False      True       False           True       False      True         False                False       True                   1            3.73382   0.932545   0.401199   0.545719 │
│ asha_train_be58a_01234   TERMINATED   False      False      False           False      True       False        True                 False       False                  1            3.63066   0.810392   0.729352   0.610126 │
│ asha_train_be58a_01235   TERMINATED   False      False      False           False      False      False        True                 False       False                  2            4.43925   0.699392   0.792333   0.665484 │
│ asha_train_be58a_01236   TERMINATED   True       False      True            True       False      False        True                 False       False                  1            4.6049    1.98221    0.455891   0.432516 │
│ asha_train_be58a_01237   TERMINATED   False      True       False           False      True       True         True                 True        False                  1            4.66746   0.826768   0.784118   0.589349 │
│ asha_train_be58a_01238   TERMINATED   False      False      False           False      True       False        True                 False       False                  1            3.60767   0.848003   0.675696   0.601086 │
│ asha_train_be58a_01239   TERMINATED   False      False      True            True       True       True         False                True        False                  4           16.11      0.618173   0.762063   0.735062 │
│ asha_train_be58a_01240   TERMINATED   False      True       True            False      True       True         True                 True        True                   1            4.99259   1.01985    0.735494   0.546644 │
│ asha_train_be58a_01241   TERMINATED   False      False      True            False      True       False        True                 False       True                   1            3.7333    0.985811   0.677102   0.506353 │
│ asha_train_be58a_01242   TERMINATED   True       False      True            False      False      True         False                True        True                   1            3.79436   0.859404   0.703597   0.559123 │
│ asha_train_be58a_01243   TERMINATED   True       False      True            True       False      True         True                 False       True                   1            4.68756   0.909649   0.702265   0.525525 │
│ asha_train_be58a_01244   TERMINATED   True       True       False           False      False      True         True                 False       True                   1            4.01293   1.01389    0.729278   0.602502 │
│ asha_train_be58a_01245   TERMINATED   True       True       True            False      False      True         True                 False       True                   1            5.11745   0.868536   0.696492   0.575627 │
│ asha_train_be58a_01246   TERMINATED   True       True       False           False      False      True         True                 False       True                   1            4.55555   0.973433   0.660302   0.549515 │
│ asha_train_be58a_01247   TERMINATED   False      True       True            True       True       False        False                True        False                  4           24.6767    0.62007    0.761175   0.732625 │
│ asha_train_be58a_01248   TERMINATED   False      False      False           False      True       False        True                 True        False                  1            3.66795   0.80672    0.714402   0.607788 │
│ asha_train_be58a_01249   TERMINATED   True       False      True            True       False      False        False                False       False                  1            3.99961   0.919072   0.610346   0.58006  │
│ asha_train_be58a_01250   TERMINATED   True       True       True            True       False      True         False                True        False                  2           12.7556    0.730655   0.730832   0.6568   │
│ asha_train_be58a_01251   TERMINATED   True       True       False           False      False      True         True                 True        False                  4           13.6119    0.821944   0.732164   0.707963 │
│ asha_train_be58a_01252   TERMINATED   True       False      True            False      True       False        True                 True        True                   1            4.55181   0.860782   0.697158   0.615323 │
│ asha_train_be58a_01253   TERMINATED   False      True       False           False      False      False        True                 True        True                   1            2.86216   1.09849    0.658304   0.333333 │
│ asha_train_be58a_01254   TERMINATED   False      True       False           False      False      True         False                False       True                   1            2.86198   0.840925   0.656157   0.595572 │
│ asha_train_be58a_01255   TERMINATED   False      False      False           False      True       False        False                False       True                   2            5.26895   0.72689    0.778567   0.671323 │
│ asha_train_be58a_01256   TERMINATED   True       True       False           False      False      False        False                True        False                  1            4.23216   1.09848    0.658304   0.333333 │
│ asha_train_be58a_01257   TERMINATED   False      False      False           True       False      False        False                False       False                  4            9.93624   0.605127   0.777235   0.746434 │
│ asha_train_be58a_01258   TERMINATED   True       False      False           False      True       True         False                True        False                  1            4.6533    0.893388   0.717584   0.573997 │
│ asha_train_be58a_01259   TERMINATED   True       True       False           False      False      False        False                False       False                  1            3.51456   1.09848    0.658304   0.333333 │
│ asha_train_be58a_01260   TERMINATED   True       False      True            True       False      False        False                True        False                  4           19.0557    0.695844   0.724763   0.70757  │
│ asha_train_be58a_01261   TERMINATED   True       True       False           True       True       True         False                True        True                   4           29.7412    0.640066   0.818014   0.726079 │
│ asha_train_be58a_01262   TERMINATED   True       False      False           True       True       False        False                False       False                  1            5.31039   1.09557    0.546403   0.388056 │
│ asha_train_be58a_01263   TERMINATED   True       True       False           False      True       True         True                 False       False                  1            5.541     0.83035    0.720545   0.598506 │
│ asha_train_be58a_01264   TERMINATED   False      False      False           False      True       True         True                 False       False                  2            5.3       0.747011   0.798623   0.669029 │
│ asha_train_be58a_01265   TERMINATED   True       False      True            True       False      True         False                False       True                   4           16.8136    0.58662    0.804026   0.748301 │
│ asha_train_be58a_01266   TERMINATED   True       True       True            False      False      False        False                False       True                   1            3.44907   1.09847    0.658304   0.333333 │
│ asha_train_be58a_01267   TERMINATED   True       True       False           True       False      False        False                True        True                   1            5.92721   0.832047   0.748742   0.579547 │
│ asha_train_be58a_01268   TERMINATED   True       False      False           True       False      False        True                 True        False                  1            5.40218   1.06478    0.673919   0.458331 │
│ asha_train_be58a_01269   TERMINATED   False      True       True            False      True       False        True                 True        False                  1            4.81542   0.871358   0.657638   0.608259 │
│ asha_train_be58a_01270   TERMINATED   False      True       True            True       True       False        False                True        True                   2           13.1708    0.778077   0.720841   0.658805 │
│ asha_train_be58a_01271   TERMINATED   True       True       True            True       False      False        False                False       False                  1            5.28963   0.85238    0.570678   0.612729 │
│ asha_train_be58a_01272   TERMINATED   True       True       True            False      True       True         False                True        False                  1            5.66814   0.979103   0.718324   0.55156  │
│ asha_train_be58a_01273   TERMINATED   False      False      True            False      False      True         True                 False       True                   2            4.76987   0.722029   0.784266   0.661938 │
│ asha_train_be58a_01274   TERMINATED   True       True       True            True       True       True         True                 False       True                   1            7.21682   1.02577    0.653123   0.484654 │
│ asha_train_be58a_01275   TERMINATED   False      True       False           False      True       True         False                True        True                   4           15.5799    0.618189   0.777383   0.72388  │
│ asha_train_be58a_01276   TERMINATED   True       True       False           True       False      True         False                True        True                   1            6.00808   0.911303   0.667333   0.563442 │
│ asha_train_be58a_01277   TERMINATED   True       True       False           True       False      True         True                 True        False                  2           12.5402    0.755365   0.725207   0.645898 │
│ asha_train_be58a_01278   TERMINATED   True       False      False           False      True       False        False                False       True                   1            4.3998    0.901403   0.676436   0.58786  │
│ asha_train_be58a_01279   TERMINATED   False      True       True            False      False      False        True                 True        False                  1            3.25564   0.840118   0.70071    0.595455 │
│ asha_train_be58a_01280   TERMINATED   False      False      True            False      False      False        True                 True        True                   1            2.6332    0.801862   0.753034   0.614572 │
│ asha_train_be58a_01281   TERMINATED   False      False      True            False      False      True         False                True        True                   2            5.10008   0.723149   0.789742   0.666686 │
│ asha_train_be58a_01282   TERMINATED   True       True       True            False      True       True         True                 True        False                  1            5.86836   0.851753   0.757919   0.577004 │
│ asha_train_be58a_01283   TERMINATED   False      True       False           True       False      False        False                False       True                   4           16.6501    0.608227   0.764876   0.735719 │
│ asha_train_be58a_01284   TERMINATED   True       True       False           True       True       True         True                 False       False                  1            7.13221   0.954437   0.622336   0.565098 │
│ asha_train_be58a_01285   TERMINATED   False      False      False           False      True       True         False                True        False                  4            9.46015   0.650528   0.803804   0.711969 │
│ asha_train_be58a_01286   TERMINATED   False      True       True            False      False      True         True                 False       True                   1            3.50215   0.864135   0.712848   0.577805 │
│ asha_train_be58a_01287   TERMINATED   False      True       True            False      False      False        False                False       False                  1            2.82875   0.817561   0.677694   0.611165 │
│ asha_train_be58a_01288   TERMINATED   True       False      True            True       False      True         False                False       True                   2            9.09486   0.746003   0.721877   0.653587 │
│ asha_train_be58a_01289   TERMINATED   True       True       True            True       True       False        False                True        False                  2           15.652     0.731839   0.708481   0.673097 │
│ asha_train_be58a_01290   TERMINATED   False      False      True            False      False      False        False                False       True                   2            4.9265    0.775869   0.785154   0.647625 │
│ asha_train_be58a_01291   TERMINATED   False      False      False           False      False      False        False                False       True                   4            8.6777    0.634674   0.820678   0.723785 │
│ asha_train_be58a_01292   TERMINATED   True       False      True            False      False      False        False                True        True                   1            2.95285   1.09844    0.658304   0.333333 │
│ asha_train_be58a_01293   TERMINATED   False      True       True            True       False      True         True                 False       True                   4           17.6859    0.601211   0.757697   0.738068 │
│ asha_train_be58a_01294   TERMINATED   True       True       False           True       True       False        True                 True        True                   2           14.7953    0.733922   0.735568   0.665797 │
│ asha_train_be58a_01295   TERMINATED   True       False      False           False      False      False        True                 True        False                  2            5.85275   0.739909   0.754144   0.668967 │
│ asha_train_be58a_01296   TERMINATED   False      False      False           True       False      True         True                 False       True                   4           10.4079    0.643625   0.811353   0.745818 │
│ asha_train_be58a_01297   TERMINATED   True       False      True            False      True       True         False                False       True                   1            3.84078   0.851002   0.677028   0.589048 │
│ asha_train_be58a_01298   TERMINATED   True       False      False           True       True       False        False                False       False                  1            4.6176    1.00838    0.612049   0.485253 │
│ asha_train_be58a_01299   TERMINATED   False      False      False           False      False      False        False                False       False                  1            1.9984    0.849133   0.781009   0.610505 │
│ asha_train_be58a_01300   TERMINATED   False      True       True            True       False      False        False                False       True                   2            9.25531   0.777691   0.695456   0.667097 │
│ asha_train_be58a_01301   TERMINATED   False      True       True            True       True       False        False                False       True                   4           21.2569    0.621162   0.778271   0.728552 │
│ asha_train_be58a_01302   TERMINATED   False      False      False           True       True       True         True                 False       False                  4           12.4829    0.710524   0.766504   0.716212 │
│ asha_train_be58a_01303   TERMINATED   True       True       False           False      False      False        True                 False       True                   1            4.25726   1.09844    0.658304   0.333333 │
│ asha_train_be58a_01304   TERMINATED   False      True       True            False      True       False        False                True        True                   2            8.01941   0.733661   0.767836   0.660081 │
│ asha_train_be58a_01305   TERMINATED   True       False      False           True       False      True         True                 True        True                   2           10.2486    0.718979   0.804248   0.671848 │
│ asha_train_be58a_01306   TERMINATED   True       False      False           False      True       False        True                 True        True                   1            4.60968   1.10266    0.246226   0.333333 │
│ asha_train_be58a_01307   TERMINATED   False      True       True            False      False      True         True                 False       True                   2            6.9306    0.734766   0.76643    0.649744 │
│ asha_train_be58a_01308   TERMINATED   False      False      True            True       True       False        True                 True        True                   2            8.22827   0.84695    0.680136   0.654321 │
│ asha_train_be58a_01309   TERMINATED   True       False      False           True       True       True         False                True        False                  2           12.1083    0.736028   0.752442   0.654712 │
│ asha_train_be58a_01310   TERMINATED   False      False      True            False      False      False        True                 False       False                  1            2.59736   0.978923   0.501702   0.509615 │
│ asha_train_be58a_01311   TERMINATED   False      False      True            False      True       True         False                False       True                   4           11.0789    0.598949   0.800844   0.737552 │
│ asha_train_be58a_01312   TERMINATED   False      True       True            True       False      True         False                False       False                  1            4.61734   0.984967   0.296255   0.461794 │
│ asha_train_be58a_01313   TERMINATED   False      True       False           False      False      True         False                True        True                   2            6.24095   0.921154   0.74963    0.675015 │
│ asha_train_be58a_01314   TERMINATED   False      False      True            False      False      True         True                 False       True                   1            3.54883   0.811797   0.772202   0.614552 │
│ asha_train_be58a_01315   TERMINATED   False      True       True            True       True       False        False                False       False                  2           10.5646    0.723947   0.71677    0.677527 │
│ asha_train_be58a_01316   TERMINATED   False      False      False           True       False      False        False                True        False                  4           12.6789    0.591602   0.76643    0.746444 │
│ asha_train_be58a_01317   TERMINATED   True       True       False           True       True       False        True                 True        True                   4           31.5986    0.699838   0.724541   0.700237 │
│ asha_train_be58a_01318   TERMINATED   False      False      True            True       False      False        False                False       True                   4           11.3918    0.586657   0.765246   0.745526 │
│ asha_train_be58a_01319   TERMINATED   True       False      False           False      False      True         True                 False       False                  2            7.23665   0.698451   0.775755   0.685408 │
│ asha_train_be58a_01320   TERMINATED   True       False      True            False      True       True         True                 True        False                  1            4.61696   0.877238   0.778197   0.578598 │
│ asha_train_be58a_01321   TERMINATED   False      False      True            True       False      True         False                True        False                  4           14.4069    0.67177    0.705817   0.709517 │
│ asha_train_be58a_01322   TERMINATED   True       True       False           False      False      True         True                 True        True                   1            4.1951    0.94164    0.7537     0.598524 │
│ asha_train_be58a_01323   TERMINATED   False      False      False           False      False      True         False                True        True                   4            7.77603   0.943461   0.763099   0.722706 │
│ asha_train_be58a_01324   TERMINATED   True       False      False           True       True       False        False                False       True                   1            5.33026   0.901578   0.625592   0.582168 │
│ asha_train_be58a_01325   TERMINATED   False      True       True            True       False      False        False                True        True                   2           11.1453    0.719663   0.722913   0.66419  │
│ asha_train_be58a_01326   TERMINATED   True       False      True            False      False      False        False                False       True                   1            3.7226    1.09849    0.658304   0.333333 │
│ asha_train_be58a_01327   TERMINATED   True       True       True            True       True       True         True                 False       False                  1            6.90395   0.901888   0.705003   0.534691 │
│ asha_train_be58a_01328   TERMINATED   False      False      False           False      True       False        False                False       False                  1            2.87049   0.948539   0.71344    0.551855 │
│ asha_train_be58a_01329   TERMINATED   False      False      True            False      True       False        True                 True        False                  1            2.83841   0.824849   0.725947   0.611665 │
│ asha_train_be58a_01330   TERMINATED   False      True       True            False      False      True         False                False       True                   2            6.65957   0.790665   0.781824   0.626554 │
│ asha_train_be58a_01331   TERMINATED   False      False      False           False      True       False        True                 False       True                   1            3.29749   0.783764   0.714476   0.615781 │
│ asha_train_be58a_01332   TERMINATED   False      True       True            False      True       True         False                True        True                   1            4.5406    0.915855   0.60783    0.533396 │
│ asha_train_be58a_01333   TERMINATED   False      True       True            True       False      False        False                False       False                  4           16.84      0.605304   0.752664   0.735882 │
│ asha_train_be58a_01334   TERMINATED   True       False      False           True       True       False        False                False       False                  4           18.8768    0.643147   0.763618   0.726149 │
│ asha_train_be58a_01335   TERMINATED   True       False      False           False      True       True         False                True        True                   1            4.12866   1.04015    0.554174   0.488197 │
│ asha_train_be58a_01336   TERMINATED   False      False      False           True       False      False        False                False       False                  4           10.3621    0.605127   0.777235   0.746434 │
│ asha_train_be58a_01337   TERMINATED   False      True       True            False      False      True         False                False       True                   1            3.92971   0.804154   0.728834   0.607022 │
│ asha_train_be58a_01338   TERMINATED   True       True       True            False      True       True         True                 False       True                   2           10.3302    0.744761   0.741711   0.642239 │
│ asha_train_be58a_01339   TERMINATED   False      True       True            True       False      True         False                True        True                   4           20.6589    0.757435   0.625888   0.687299 │
│ asha_train_be58a_01340   TERMINATED   True       False      False           True       False      False        True                 True        True                   2           10.2204    0.780032   0.736234   0.667197 │
│ asha_train_be58a_01341   TERMINATED   True       False      True            True       False      False        True                 False       True                   2            8.42877   0.72734    0.660894   0.673309 │
│ asha_train_be58a_01342   TERMINATED   True       False      True            True       False      True         True                 True        True                   1            5.41671   0.933554   0.455003   0.57484  │
│ asha_train_be58a_01343   TERMINATED   False      False      True            True       False      True         False                True        True                   1            3.16144   0.98475    0.292555   0.457588 │
│ asha_train_be58a_01344   TERMINATED   True       False      False           True       False      True         True                 False       True                   4           16.3985    0.675084   0.69701    0.711935 │
│ asha_train_be58a_01345   TERMINATED   True       False      False           True       True       True         True                 False       False                  2            9.3184    0.764406   0.737271   0.651872 │
│ asha_train_be58a_01346   TERMINATED   True       True       False           False      True       True         False                True        False                  1            5.34732   0.810248   0.74963    0.59484  │
│ asha_train_be58a_01347   TERMINATED   False      False      False           True       True       True         False                True        True                   4           16.0247    0.634463   0.818532   0.725646 │
│ asha_train_be58a_01348   TERMINATED   True       True       False           False      True       True         True                 False       False                  1            5.63535   0.842205   0.717954   0.578647 │
│ asha_train_be58a_01349   TERMINATED   True       True       True            False      True       False        False                True        True                   1            5.7055    0.897231   0.538632   0.577229 │
│ asha_train_be58a_01350   TERMINATED   True       False      True            True       False      False        False                False       False                  1            4.69748   0.906603   0.570086   0.593228 │
│ asha_train_be58a_01351   TERMINATED   True       True       True            True       True       True         False                False       False                  4           26.8427    0.628268   0.791445   0.720813 │
│ asha_train_be58a_01352   TERMINATED   True       False      True            False      False      True         False                False       False                  1            2.8423    0.801867   0.748742   0.607304 │
│ asha_train_be58a_01353   TERMINATED   True       True       False           True       True       True         False                True        False                  1            7.29665   0.931263   0.699008   0.582971 │
│ asha_train_be58a_01354   TERMINATED   True       False      False           False      True       True         False                False       False                  2            8.25226   0.722375   0.759473   0.655618 │
│ asha_train_be58a_01355   TERMINATED   False      False      True            False      False      False        False                True        False                  2            4.93092   0.787801   0.674808   0.672226 │
│ asha_train_be58a_01356   TERMINATED   False      False      True            True       False      True         False                True        False                  4           13.9863    0.636772   0.741933   0.716761 │
│ asha_train_be58a_01357   TERMINATED   False      True       False           True       False      True         False                False       True                   4           16.9053    0.617404   0.795515   0.739249 │
│ asha_train_be58a_01358   TERMINATED   False      True       False           True       False      False        True                 True        False                  4           18.3705    0.594226   0.767244   0.750893 │
│ asha_train_be58a_01359   TERMINATED   False      True       True            True       True       False        True                 False       False                  2           11.1702    0.794506   0.686723   0.651701 │
│ asha_train_be58a_01360   TERMINATED   True       True       False           False      True       True         True                 False       True                   1            6.25744   0.997987   0.618709   0.505071 │
│ asha_train_be58a_01361   TERMINATED   False      True       True            False      False      False        False                True        True                   1            3.88681   0.809414   0.744375   0.604229 │
│ asha_train_be58a_01362   TERMINATED   False      False      True            False      True       True         True                 False       False                  1            2.61131   1.01214    0.727131   0.457112 │
│ asha_train_be58a_01363   TERMINATED   False      True       True            False      True       False        True                 True        True                   1            4.88555   0.881566   0.685391   0.583681 │
│ asha_train_be58a_01364   TERMINATED   True       False      True            True       True       True         True                 False       True                   1            5.28074   0.867057   0.699526   0.607008 │
│ asha_train_be58a_01365   TERMINATED   False      False      False           True       False      False        True                 False       True                   4           11.0339    0.623961   0.769538   0.733433 │
│ asha_train_be58a_01366   TERMINATED   True       True       True            True       True       True         True                 True        True                   1            8.01396   0.931026   0.636693   0.541995 │
│ asha_train_be58a_01367   TERMINATED   True       False      True            True       True       False        True                 True        True                   1            6.22696   0.930585   0.651051   0.530119 │
│ asha_train_be58a_01368   TERMINATED   True       True       True            False      True       True         True                 False       True                   1            5.87037   1.06523    0.426658   0.423755 │
│ asha_train_be58a_01369   TERMINATED   True       False      True            False      True       False        True                 True        False                  1            4.74247   1.09914    0.246226   0.333333 │
│ asha_train_be58a_01370   TERMINATED   True       True       True            True       True       False        True                 True        False                  2           15.5413    0.721557   0.712774   0.682801 │
│ asha_train_be58a_01371   TERMINATED   False      False      False           True       False      False        False                True        False                  4           13.3796    0.591602   0.76643    0.746444 │
│ asha_train_be58a_01372   TERMINATED   False      True       True            False      False      True         True                 False       True                   1            4.08942   0.926728   0.6213     0.525591 │
│ asha_train_be58a_01373   TERMINATED   False      False      False           False      False      False        False                True        False                  1            2.15996   0.849133   0.781009   0.610505 │
│ asha_train_be58a_01374   TERMINATED   True       False      True            False      False      True         False                True        True                   1            3.63568   1.09844    0.658304   0.333333 │
│ asha_train_be58a_01375   TERMINATED   True       False      True            True       False      True         True                 True        True                   4           20.1037    0.627091   0.802176   0.72593  │
│ asha_train_be58a_01376   TERMINATED   False      True       True            True       True       True         False                False       False                  2           10.0244    0.695407   0.766874   0.68461  │
│ asha_train_be58a_01377   TERMINATED   True       False      True            True       True       False        False                False       False                  4           19.3649    0.651441   0.741045   0.714546 │
│ asha_train_be58a_01378   TERMINATED   True       True       False           False      False      False        False                False       False                  1            4.1267    1.09846    0.658304   0.333333 │
│ asha_train_be58a_01379   TERMINATED   True       False      False           True       True       True         False                True        True                   2           11.3174    0.718728   0.699378   0.679847 │
│ asha_train_be58a_01380   TERMINATED   False      False      True            True       True       True         True                 True        False                  4           17.2547    0.591937   0.782416   0.735175 │
│ asha_train_be58a_01381   TERMINATED   False      True       True            True       True       False        True                 False       False                  1            5.90079   0.876756   0.669849   0.612649 │
│ asha_train_be58a_01382   TERMINATED   False      False      False           True       False      False        False                False       True                   4           10.9465    0.599185   0.783378   0.744311 │
│ asha_train_be58a_01383   TERMINATED   True       True       False           False      False      False        False                False       True                   2            7.67405   0.72555    0.788706   0.66952  │
│ asha_train_be58a_01384   TERMINATED   False      True       True            False      True       False        True                 False       False                  1            4.25805   0.913767   0.684577   0.544675 │
│ asha_train_be58a_01385   TERMINATED   True       False      False           True       False      True         True                 False       True                   1            5.15655   1.02341    0.671181   0.352054 │
│ asha_train_be58a_01386   TERMINATED   False      True       False           True       False      True         True                 False       True                   2            9.43367   0.743159   0.661116   0.68488  │
│ asha_train_be58a_01387   TERMINATED   False      False      False           False      False      True         True                 True        True                   1            2.6043    0.945761   0.767984   0.577734 │
│ asha_train_be58a_01388   TERMINATED   True       True       True            True       False      True         False                True        False                  1            6.44552   0.817881   0.721803   0.597049 │
│ asha_train_be58a_01389   TERMINATED   True       False      True            False      True       True         False                False       False                  2            8.7514    0.748211   0.788336   0.653055 │
│ asha_train_be58a_01390   TERMINATED   True       True       True            False      False      True         True                 False       False                  1            3.80301   0.934121   0.733126   0.571723 │
│ asha_train_be58a_01391   TERMINATED   True       True       False           False      False      True         True                 True        True                   1            3.97931   1.09844    0.658304   0.333333 │
│ asha_train_be58a_01392   TERMINATED   True       True       True            False      False      False        False                False       False                  2            7.46253   0.752205   0.742747   0.667372 │
│ asha_train_be58a_01393   TERMINATED   False      True       False           True       False      False        True                 True        True                   4           19.8627    0.669326   0.716326   0.712575 │
│ asha_train_be58a_01394   TERMINATED   False      False      True            False      True       True         True                 False       True                   1            2.63074   1.07658    0.292333   0.35668  │
│ asha_train_be58a_01395   TERMINATED   True       True       False           False      True       False        True                 True        False                  1            6.14624   1.09849    0.246226   0.333333 │
│ asha_train_be58a_01396   TERMINATED   False      True       False           True       True       True         True                 False       True                   1            4.60157   0.881613   0.643502   0.583185 │
│ asha_train_be58a_01397   TERMINATED   False      True       True            True       True       False        False                True        False                  4           21.8349    0.666756   0.743413   0.710842 │
│ asha_train_be58a_01398   TERMINATED   True       False      True            True       True       True         True                 True        False                  4           21.3774    0.608255   0.783822   0.729548 │
│ asha_train_be58a_01399   TERMINATED   False      True       True            True       True       False        False                True        True                   4           21.981     0.622401   0.755551   0.72996  │
│ asha_train_be58a_01400   TERMINATED   False      False      False           True       False      False        True                 False       True                   1            3.28831   0.835861   0.660302   0.608856 │
│ asha_train_be58a_01401   TERMINATED   False      True       False           True       False      True         False                False       False                  4           15.0552    0.661069   0.796625   0.730289 │
│ asha_train_be58a_01402   TERMINATED   False      True       False           True       False      True         False                False       True                   4           15.1043    0.615236   0.760213   0.735035 │
│ asha_train_be58a_01403   TERMINATED   True       True       False           False      False      True         True                 False       True                   1            3.67476   0.879737   0.691311   0.56067  │
│ asha_train_be58a_01404   TERMINATED   True       False      True            True       False      False        False                True        True                   1            4.77224   1.08444    0.550992   0.382742 │
│ asha_train_be58a_01405   TERMINATED   False      True       False           False      False      True         True                 False       True                   2            5.74102   1.05828    0.749408   0.650072 │
│ asha_train_be58a_01406   TERMINATED   True       True       False           True       False      True         False                True        True                   4           21.8237    0.710626   0.69701    0.711698 │
│ asha_train_be58a_01407   TERMINATED   False      False      True            True       True       True         True                 False       True                   1            3.16376   0.942393   0.507697   0.55512  │
│ asha_train_be58a_01408   TERMINATED   True       True       False           False      True       True         True                 False       False                  2            9.7185    0.782892   0.801214   0.631339 │
│ asha_train_be58a_01409   TERMINATED   True       False      True            True       True       False        True                 True        False                  1            5.71354   1.07773    0.472987   0.381656 │
│ asha_train_be58a_01410   TERMINATED   True       False      False           False      False      True         False                True        False                  4           10.5077    0.708474   0.770648   0.728761 │
│ asha_train_be58a_01411   TERMINATED   True       False      True            True       True       False        False                True        False                  1            5.65329   0.915455   0.580891   0.564905 │
│ asha_train_be58a_01412   TERMINATED   False      False      True            False      False      False        False                False       False                  1            2.32516   0.79958    0.760583   0.611864 │
│ asha_train_be58a_01413   TERMINATED   False      True       False           True       False      True         True                 False       True                   1            4.22583   0.902958   0.630773   0.580154 │
│ asha_train_be58a_01414   TERMINATED   False      False      False           True       True       False        False                False       True                   4           11.6257    0.667508   0.767244   0.718268 │
│ asha_train_be58a_01415   TERMINATED   False      False      True            False      False      True         True                 False       True                   2            4.2321    0.711171   0.761915   0.672396 │
│ asha_train_be58a_01416   TERMINATED   True       True       True            False      True       True         True                 True        False                  1            5.2318    1.00106    0.742377   0.476752 │
│ asha_train_be58a_01417   TERMINATED   True       True       True            False      True       True         True                 True        True                   1            5.05159   1.05631    0.734976   0.473443 │
│ asha_train_be58a_01418   TERMINATED   True       False      False           False      True       True         False                False       True                   1            4.74575   0.935883   0.673549   0.530895 │
│ asha_train_be58a_01419   TERMINATED   True       True       False           False      False      True         True                 False       True                   1            3.83918   1.09844    0.658304   0.333333 │
│ asha_train_be58a_01420   TERMINATED   True       True       False           True       False      True         True                 True        False                  1            6.11858   0.778171   0.754144   0.609132 │
│ asha_train_be58a_01421   TERMINATED   True       False      False           False      True       True         False                False       False                  1            4.33509   0.882703   0.717584   0.571619 │
│ asha_train_be58a_01422   TERMINATED   True       False      False           True       True       True         False                False       False                  4           18.8732    0.664662   0.741563   0.703075 │
│ asha_train_be58a_01423   TERMINATED   True       True       True            True       True       True         True                 False       True                   1            7.37313   0.907056   0.688869   0.563929 │
│ asha_train_be58a_01424   TERMINATED   True       False      True            False      False      True         True                 False       True                   2            6.61605   0.768859   0.797735   0.637383 │
│ asha_train_be58a_01425   TERMINATED   True       True       False           True       False      True         False                True        False                  1            6.22767   0.929089   0.397647   0.535663 │
│ asha_train_be58a_01426   TERMINATED   True       True       True            True       True       True         False                False       False                  1            6.82746   0.878237   0.701673   0.585338 │
│ asha_train_be58a_01427   TERMINATED   True       True       True            True       False      True         True                 False       True                   4           22.7732    0.626971   0.769834   0.726461 │
│ asha_train_be58a_01428   TERMINATED   False      False      False           False      True       False        True                 False       False                  1            2.86053   0.856918   0.709888   0.570471 │
│ asha_train_be58a_01429   TERMINATED   False      True       False           True       True       True         False                False       False                  1            4.69737   0.840014   0.704337   0.608235 │
│ asha_train_be58a_01430   TERMINATED   True       False      False           False      False      False        False                True        True                   2            5.8176    0.720637   0.767392   0.668265 │
│ asha_train_be58a_01431   TERMINATED   False      True       True            True       True       True         False                False       True                   4           21.0731    0.598959   0.815867   0.742722 │
│ asha_train_be58a_01432   TERMINATED   True       False      False           False      True       False        False                True        False                  1            4.29729   1.09843    0.658304   0.333333 │
│ asha_train_be58a_01433   TERMINATED   True       True       True            False      False      True         False                False       True                   1            4.11571   1.05684    0.703597   0.522755 │
│ asha_train_be58a_01434   TERMINATED   False      True       False           True       True       True         False                False       False                  2            9.77827   0.749802   0.663706   0.670314 │
│ asha_train_be58a_01435   TERMINATED   True       True       True            True       True       True         False                False       True                   1            6.96211   0.894983   0.713292   0.572893 │
│ asha_train_be58a_01436   TERMINATED   False      False      False           True       False      False        True                 True        True                   4           15.4713    0.673992   0.731202   0.724418 │
│ asha_train_be58a_01437   TERMINATED   False      False      True            False      True       True         True                 False       True                   1            3.65702   0.984171   0.67762    0.541174 │
│ asha_train_be58a_01438   TERMINATED   False      True       False           True       False      False        True                 False       True                   2            8.07313   0.745553   0.7127     0.678505 │
│ asha_train_be58a_01439   TERMINATED   True       True       True            True       False      False        False                True        True                   1            6.44251   0.992069   0.555136   0.449871 │
│ asha_train_be58a_01440   TERMINATED   True       True       False           True       False      False        False                False       True                   4           20.8634    0.59195    0.77161    0.744856 │
│ asha_train_be58a_01441   TERMINATED   False      True       True            False      True       True         True                 True        False                  2            8.43596   0.723088   0.784118   0.665177 │
│ asha_train_be58a_01442   TERMINATED   True       False      True            False      True       True         True                 True        True                   2            8.10338   0.752626   0.742747   0.638485 │
│ asha_train_be58a_01443   TERMINATED   False      True       True            False      True       True         True                 True        True                   1            4.72259   0.928986   0.745041   0.568292 │
│ asha_train_be58a_01444   TERMINATED   True       True       True            False      False      True         True                 True        True                   1            4.78932   1.01113    0.728908   0.561028 │
│ asha_train_be58a_01445   TERMINATED   False      False      False           True       True       True         False                True        False                  4           14.7382    0.608431   0.800992   0.73798  │
│ asha_train_be58a_01446   TERMINATED   True       False      True            True       True       False        False                False       False                  4           20.3162    0.623009   0.760879   0.731734 │
│ asha_train_be58a_01447   TERMINATED   True       False      False           False      True       True         False                True        False                  1            3.46759   0.842966   0.750148   0.57653  │
│ asha_train_be58a_01448   TERMINATED   True       False      False           False      False      False        False                True        True                   1            3.23501   1.09849    0.658304   0.333333 │
│ asha_train_be58a_01449   TERMINATED   False      True       True            False      True       True         False                False       False                  1            4.63443   1.03698    0.607534   0.514025 │
│ asha_train_be58a_01450   TERMINATED   False      True       True            False      True       False        False                True        False                  1            3.77266   0.94816    0.712034   0.561297 │
│ asha_train_be58a_01451   TERMINATED   False      False      True            True       True       True         True                 True        False                  1            4.62183   0.91179    0.512063   0.538784 │
│ asha_train_be58a_01452   TERMINATED   False      True       True            False      False      True         True                 True        False                  2            6.57461   0.701534   0.761175   0.68545  │
│ asha_train_be58a_01453   TERMINATED   False      True       True            True       False      True         True                 False       True                   1            5.34979   1.0701     0.337404   0.379    │
│ asha_train_be58a_01454   TERMINATED   True       True       True            False      False      True         True                 True        True                   2            8.16434   0.732256   0.76902    0.669113 │
│ asha_train_be58a_01455   TERMINATED   True       True       True            False      True       False        True                 True        True                   1            5.79598   0.923992   0.681986   0.574462 │
│ asha_train_be58a_01456   TERMINATED   True       False      False           False      True       True         True                 True        False                  1            3.80521   0.822854   0.723875   0.600376 │
│ asha_train_be58a_01457   TERMINATED   False      True       False           False      True       True         True                 False       True                   2            8.18962   0.679261   0.755403   0.68519  │
│ asha_train_be58a_01458   TERMINATED   True       True       False           False      True       False        True                 True        True                   1            4.69283   1.10229    0.246226   0.333333 │
│ asha_train_be58a_01459   TERMINATED   False      True       True            False      True       True         False                True        False                  1            3.87109   0.876894   0.782638   0.580615 │
│ asha_train_be58a_01460   TERMINATED   True       True       True            False      False      True         True                 False       False                  1            4.621     0.907398   0.728908   0.536241 │
│ asha_train_be58a_01461   TERMINATED   False      True       True            False      True       True         True                 True        True                   1            4.88498   0.984022   0.602279   0.510707 │
│ asha_train_be58a_01462   TERMINATED   False      False      True            True       False      True         True                 True        True                   4           15.5252    0.604456   0.784636   0.731924 │
│ asha_train_be58a_01463   TERMINATED   False      True       True            False      False      False        True                 True        True                   1            3.88269   1.09848    0.658304   0.333333 │
│ asha_train_be58a_01464   TERMINATED   True       True       True            True       False      True         False                True        True                   1            6.76754   0.818656   0.73098    0.601914 │
│ asha_train_be58a_01465   TERMINATED   True       False      True            True       True       True         True                 False       True                   4           20.1501    0.630068   0.796995   0.726341 │
│ asha_train_be58a_01466   TERMINATED   True       False      False           False      True       True         False                False       False                  4           14.3101    0.659283   0.822232   0.718475 │
│ asha_train_be58a_01467   TERMINATED   True       False      False           False      True       False        True                 False       True                   1            3.98694   0.935869   0.562093   0.524638 │
│ asha_train_be58a_01468   TERMINATED   True       False      False           False      True       False        False                True        False                  1            3.71274   1.09847    0.658304   0.333333 │
│ asha_train_be58a_01469   TERMINATED   True       True       False           False      True       False        False                True        True                   1            5.4292    0.80405    0.705891   0.614337 │
│ asha_train_be58a_01470   TERMINATED   False      False      False           False      True       False        False                False       True                   2            5.30601   0.72689    0.778567   0.671323 │
│ asha_train_be58a_01471   TERMINATED   True       True       False           False      False      True         True                 False       True                   1            4.42261   1.09849    0.658304   0.333333 │
│ asha_train_be58a_01472   TERMINATED   True       True       True            True       False      False        True                 False       True                   1            5.95091   1.66223    0.381587   0.371958 │
│ asha_train_be58a_01473   TERMINATED   True       False      True            False      True       False        True                 False       True                   1            4.82949   0.834831   0.719583   0.610681 │
│ asha_train_be58a_01474   TERMINATED   True       False      False           False      True       False        True                 False       False                  1            4.04485   1.09844    0.658304   0.333333 │
│ asha_train_be58a_01475   TERMINATED   False      False      True            False      True       False        False                False       True                   2            5.83895   0.885252   0.772202   0.563107 │
│ asha_train_be58a_01476   TERMINATED   False      True       False           True       True       True         True                 False       True                   4           20.9923    0.622578   0.812981   0.725321 │
│ asha_train_be58a_01477   TERMINATED   True       True       True            True       True       True         True                 True        True                   1            8.41963   0.876503   0.683245   0.582821 │
│ asha_train_be58a_01478   TERMINATED   True       True       False           False      False      False        False                True        True                   1            4.11827   1.09844    0.658304   0.333333 │
│ asha_train_be58a_01479   TERMINATED   True       True       True            False      True       False        True                 True        True                   1            5.60032   1.0985     0.658304   0.333333 │
│ asha_train_be58a_01480   TERMINATED   True       True       True            False      True       False        True                 False       False                  1            5.74109   1.11184    0.246226   0.333333 │
│ asha_train_be58a_01481   TERMINATED   True       True       True            False      False      False        True                 False       True                   1            4.4558    1.09849    0.658304   0.333333 │
│ asha_train_be58a_01482   TERMINATED   False      True       True            True       False      False        False                False       False                  4           17.0525    0.601455   0.768724   0.741453 │
│ asha_train_be58a_01483   TERMINATED   False      True       False           False      False      False        True                 True        False                  1            3.76923   1.09848    0.658304   0.333333 │
│ asha_train_be58a_01484   TERMINATED   False      True       True            True       True       True         True                 True        True                   2           12.8333    0.712441   0.766874   0.675968 │
│ asha_train_be58a_01485   TERMINATED   False      True       True            False      False      True         False                True        True                   2            6.67007   0.730912   0.793517   0.665104 │
│ asha_train_be58a_01486   TERMINATED   False      False      False           True       True       True         False                True        True                   4           15.4757    0.589116   0.804544   0.738345 │
│ asha_train_be58a_01487   TERMINATED   True       True       False           True       False      True         False                True        True                   1            6.27069   0.859798   0.621152   0.613882 │
│ asha_train_be58a_01488   TERMINATED   False      False      False           False      True       False        False                False       True                   2            5.28222   0.72689    0.778567   0.671323 │
│ asha_train_be58a_01489   TERMINATED   False      False      True            True       False      False        False                True        False                  4           13.8222    0.607264   0.755477   0.736732 │
│ asha_train_be58a_01490   TERMINATED   True       False      True            True       False      False        True                 False       True                   1            4.19791   0.887627   0.687981   0.585217 │
│ asha_train_be58a_01491   TERMINATED   True       True       False           False      False      False        True                 False       False                  1            4.38929   1.09848    0.658304   0.333333 │
│ asha_train_be58a_01492   TERMINATED   True       False      True            False      True       True         False                False       False                  1            4.56138   1.0133     0.703819   0.541832 │
│ asha_train_be58a_01493   TERMINATED   False      False      True            True       True       True         False                True        False                  4           16.5357    0.627267   0.773979   0.723883 │
│ asha_train_be58a_01494   TERMINATED   False      True       True            False      True       False        True                 True        True                   1            3.99838   1.11245    0.246226   0.333333 │
│ asha_train_be58a_01495   TERMINATED   True       False      False           True       False      True         False                True        True                   1            4.25359   0.948958   0.699452   0.526662 │
│ asha_train_be58a_01496   TERMINATED   False      True       False           False      True       True         False                False       True                   1            3.76051   0.871012   0.654455   0.540509 │
│ asha_train_be58a_01497   TERMINATED   False      False      False           True       True       False        False                False       True                   4           12.0503    0.667508   0.767244   0.718268 │
│ asha_train_be58a_01498   TERMINATED   False      True       False           False      True       True         True                 True        True                   1            4.61431   0.857022   0.619819   0.590651 │
│ asha_train_be58a_01499   TERMINATED   True       False      False           True       True       False        False                False       True                   1            5.08779   0.901578   0.625592   0.582168 │
│ asha_train_be58a_01500   TERMINATED   False      True       True            False      False      True         False                True        False                  2            6.56669   0.703405   0.783896   0.680613 │
│ asha_train_be58a_01501   TERMINATED   False      False      False           False      True       False        True                 True        True                   1            2.85936   0.838314   0.686649   0.605343 │
│ asha_train_be58a_01502   TERMINATED   True       False      True            False      True       True         True                 False       False                  1            3.86239   0.819212   0.768132   0.609464 │
│ asha_train_be58a_01503   TERMINATED   True       False      True            True       False      True         True                 True        True                   1            5.66609   0.882572   0.614565   0.613787 │
│ asha_train_be58a_01504   TERMINATED   False      True       False           False      True       True         False                True        True                   2            8.10887   0.741999   0.749556   0.644255 │
│ asha_train_be58a_01505   TERMINATED   True       False      True            False      True       False        True                 False       True                   2            9.19519   0.794758   0.76791    0.626858 │
│ asha_train_be58a_01506   TERMINATED   True       False      True            False      True       True         False                False       True                   1            3.69388   1.1056     0.658304   0.333333 │
│ asha_train_be58a_01507   TERMINATED   False      False      True            True       True       True         False                True        False                  4           16.9575    0.627267   0.773979   0.723883 │
│ asha_train_be58a_01508   TERMINATED   True       True       False           False      False      False        False                True        False                  1            4.08027   1.09849    0.658304   0.333333 │
│ asha_train_be58a_01509   TERMINATED   False      False      False           True       True       False        False                False       True                   4           11.966     0.667508   0.767244   0.718268 │
│ asha_train_be58a_01510   TERMINATED   True       True       True            False      True       False        True                 False       True                   1            6.1365    1.11283    0.246226   0.333333 │
│ asha_train_be58a_01511   TERMINATED   True       True       False           True       True       True         True                 False       True                   1            7.35374   0.825109   0.712626   0.602424 │
│ asha_train_be58a_01512   TERMINATED   True       True       False           True       False      False        False                False       False                  4           20.7475    0.642287   0.733792   0.711964 │
│ asha_train_be58a_01513   TERMINATED   True       False      True            False      True       True         True                 False       True                   1            4.88322   1.03883    0.698268   0.518011 │
│ asha_train_be58a_01514   TERMINATED   False      True       False           True       True       False        False                True        False                  4           22.3221    0.673999   0.744893   0.705531 │
│ asha_train_be58a_01515   TERMINATED   True       True       False           False      False      True         False                True        True                   1            3.62634   0.955904   0.710406   0.559563 │
│ asha_train_be58a_01516   TERMINATED   True       True       True            True       True       True         False                True        True                   2           14.8037    0.693812   0.758141   0.684169 │
│ asha_train_be58a_01517   TERMINATED   True       False      True            True       True       False        True                 True        False                  1            6.12338   0.980904   0.567644   0.533884 │
│ asha_train_be58a_01518   TERMINATED   True       True       False           True       False      False        True                 False       True                   1            5.75872   0.877488   0.546477   0.599336 │
│ asha_train_be58a_01519   TERMINATED   True       True       False           False      False      False        False                False       False                  1            3.23806   1.09848    0.658304   0.333333 │
│ asha_train_be58a_01520   TERMINATED   False      True       False           True       False      False        True                 True        True                   4           19.9259    0.66603    0.758289   0.730147 │
│ asha_train_be58a_01521   TERMINATED   True       True       True            True       True       False        True                 False       False                  1            6.8519    0.952592   0.511027   0.549537 │
│ asha_train_be58a_01522   TERMINATED   False      True       True            True       False      False        False                True        True                   4           20.548     0.622733   0.745263   0.73494  │
│ asha_train_be58a_01523   TERMINATED   True       True       True            True       True       True         False                True        False                  2           14.5801    0.728425   0.711294   0.663557 │
│ asha_train_be58a_01524   TERMINATED   False      False      False           True       True       False        True                 False       False                  4           11.8965    0.648256   0.778123   0.725203 │
│ asha_train_be58a_01525   TERMINATED   True       False      True            False      True       True         True                 False       False                  2            9.09602   0.715799   0.798401   0.673579 │
│ asha_train_be58a_01526   TERMINATED   True       False      True            False      True       False        False                False       False                  1            4.3702    1.09858    0.658304   0.333333 │
│ asha_train_be58a_01527   TERMINATED   True       False      False           False      False      True         True                 True        False                  1            2.74154   1.09843    0.658304   0.333333 │
│ asha_train_be58a_01528   TERMINATED   False      True       False           True       True       False        True                 False       False                  2           10.4557    0.72188    0.740971   0.683231 │
│ asha_train_be58a_01529   TERMINATED   False      False      False           False      True       True         False                True        True                   2            5.56644   0.672712   0.748816   0.685727 │
│ asha_train_be58a_01530   TERMINATED   True       False      False           True       False      True         False                False       True                   4           16.5315    0.664915   0.718546   0.719923 │
│ asha_train_be58a_01531   TERMINATED   True       False      True            True       True       True         False                False       False                  2           10.3883    0.72444    0.724541   0.674751 │
│ asha_train_be58a_01532   TERMINATED   True       False      False           False      True       False        False                False       False                  1            3.8659    1.09847    0.658304   0.333333 │
│ asha_train_be58a_01533   TERMINATED   True       True       False           True       False      True         False                True        True                   4           23.9803    0.615479   0.802916   0.726994 │
│ asha_train_be58a_01534   TERMINATED   True       False      True            False      True       True         False                False       False                  1            4.73083   0.832903   0.748224   0.598168 │
│ asha_train_be58a_01535   TERMINATED   False      False      True            False      True       True         False                False       False                  2            5.81562   0.743401   0.7873     0.653869 │
│ asha_train_be58a_01536   TERMINATED   False      False      True            True       False      False        True                 True        False                  2            7.72042   0.720278   0.651939   0.680784 │
│ asha_train_be58a_01537   TERMINATED   True       False      True            False      True       False        False                True        False                  1            4.39876   1.09843    0.658304   0.333333 │
│ asha_train_be58a_01538   TERMINATED   False      False      True            True       False      True         False                False       False                  4           11.7972    0.635699   0.771758   0.710281 │
│ asha_train_be58a_01539   TERMINATED   False      True       False           False      True       False        False                False       True                   2            8.37685   0.739046   0.779751   0.661874 │
│ asha_train_be58a_01540   TERMINATED   True       True       False           False      False      False        True                 False       True                   1            4.09763   1.09844    0.658304   0.333333 │
│ asha_train_be58a_01541   TERMINATED   False      False      False           True       True       True         True                 False       False                  4           13.4819    0.664571   0.770722   0.717733 │
│ asha_train_be58a_01542   TERMINATED   False      True       False           False      False      False        True                 False       True                   1            3.6964    1.09849    0.658304   0.333333 │
│ asha_train_be58a_01543   TERMINATED   False      True       False           True       False      True         True                 True        True                   4           19.9078    0.660415   0.75407    0.698515 │
│ asha_train_be58a_01544   TERMINATED   False      False      False           False      False      False        True                 False       False                  1            2.14006   0.832238   0.765616   0.605663 │
│ asha_train_be58a_01545   TERMINATED   True       True       True            False      True       True         False                False       False                  1            5.25284   0.881552   0.7332     0.5643   │
│ asha_train_be58a_01546   TERMINATED   True       True       True            True       False      False        False                False       True                   4           21.8904    0.634038   0.743931   0.721733 │
│ asha_train_be58a_01547   TERMINATED   True       True       True            True       True       True         False                False       False                  4           26.6718    0.628004   0.813573   0.731638 │
│ asha_train_be58a_01548   TERMINATED   True       True       False           False      False      True         True                 False       True                   2            8.40717   0.722104   0.787226   0.669654 │
│ asha_train_be58a_01549   TERMINATED   True       True       False           False      False      False        True                 True        False                  1            3.40163   1.09848    0.658304   0.333333 │
│ asha_train_be58a_01550   TERMINATED   True       True       True            True       False      True         False                True        True                   1            7.40555   1.03213    0.661042   0.50512  │
│ asha_train_be58a_01551   TERMINATED   False      True       True            False      True       False        True                 False       True                   1            4.64159   0.881566   0.685391   0.583681 │
│ asha_train_be58a_01552   TERMINATED   False      True       True            True       True       False        True                 True        False                  4           25.3218    0.668562   0.743191   0.720045 │
│ asha_train_be58a_01553   TERMINATED   False      True       False           False      False      True         True                 False       False                  1            3.88927   0.99922    0.759917   0.609537 │
│ asha_train_be58a_01554   TERMINATED   True       True       False           True       True       False        False                False       True                   4           26.8365    0.62881    0.781083   0.730648 │
│ asha_train_be58a_01555   TERMINATED   True       False      False           False      True       True         True                 True        False                  2            8.85812   0.746722   0.763544   0.64384  │
│ asha_train_be58a_01556   TERMINATED   False      False      False           False      True       True         True                 True        False                  2            5.54328   0.740082   0.780787   0.656014 │
│ asha_train_be58a_01557   TERMINATED   True       False      True            True       True       False        False                True        False                  2           12.3272    0.778835   0.700784   0.650625 │
│ asha_train_be58a_01558   TERMINATED   False      False      False           False      True       True         True                 True        True                   1            2.90297   0.920741   0.579707   0.539582 │
│ asha_train_be58a_01559   TERMINATED   False      False      False           True       True       True         True                 False       False                  4           12.5441    0.637316   0.808393   0.725224 │
│ asha_train_be58a_01560   TERMINATED   False      False      False           True       True       False        True                 False       True                   4           12.5332    0.693259   0.756291   0.718024 │
│ asha_train_be58a_01561   TERMINATED   False      False      True            True       True       True         False                False       True                   1            3.62229   0.854103   0.690127   0.602019 │
│ asha_train_be58a_01562   TERMINATED   False      False      True            False      True       True         False                False       True                   1            3.25666   0.794836   0.743857   0.610635 │
│ asha_train_be58a_01563   TERMINATED   True       False      False           True       False      True         True                 True        False                  1            5.58801   1.07233    0.731424   0.472397 │
│ asha_train_be58a_01564   TERMINATED   False      True       False           False      True       True         False                True        True                   1            3.52239   1.06302    0.756291   0.48041  │
│ asha_train_be58a_01565   TERMINATED   False      True       False           True       False      False        True                 False       False                  4           16.7671    0.598871   0.775755   0.742697 │
│ asha_train_be58a_01566   TERMINATED   True       False      False           True       True       False        False                True        False                  1            6.00901   0.951663   0.62167    0.541993 │
│ asha_train_be58a_01567   TERMINATED   True       False      False           False      False      True         False                False       True                   1            3.72006   1.09849    0.658304   0.333333 │
│ asha_train_be58a_01568   TERMINATED   True       False      True            True       True       False        False                True        True                   1            6.5333    1.0282     0.610272   0.456058 │
│ asha_train_be58a_01569   TERMINATED   False      False      False           True       False      False        True                 True        True                   4           13.2103    0.58302    0.771388   0.749771 │
│ asha_train_be58a_01570   TERMINATED   False      False      True            True       False      True         False                False       False                  2            4.9137    0.903438   0.587478   0.574533 │
│ asha_train_be58a_01571   TERMINATED   True       True       False           True       True       False        True                 True        True                   4           29.9706    0.640452   0.765172   0.718989 │
│ asha_train_be58a_01572   TERMINATED   False      False      True            True       True       False        True                 True        False                  2            8.31156   0.724532   0.730018   0.686647 │
│ asha_train_be58a_01573   TERMINATED   False      False      True            True       False      True         False                False       True                   4           11.7683    0.583144   0.806246   0.75074  │
│ asha_train_be58a_01574   TERMINATED   True       False      False           True       False      False        False                True        True                   4           18.0503    0.626843   0.764802   0.71909  │
│ asha_train_be58a_01575   TERMINATED   True       False      False           False      False      True         False                False       True                   1            3.60264   0.911744   0.704115   0.567083 │
│ asha_train_be58a_01576   TERMINATED   False      False      False           False      False      False        False                False       True                   4            8.28919   0.634674   0.820678   0.723785 │
│ asha_train_be58a_01577   TERMINATED   False      False      False           True       True       False        True                 True        False                  4           14.8075    0.656541   0.754589   0.728385 │
│ asha_train_be58a_01578   TERMINATED   True       True       False           False      True       False        False                True        False                  1            5.44591   1.09846    0.658304   0.333333 │
│ asha_train_be58a_01579   TERMINATED   False      True       False           True       False      False        False                False       False                  2            8.6584    0.723782   0.706187   0.65888  │
│ asha_train_be58a_01580   TERMINATED   False      True       True            False      False      True         True                 True        True                   2            6.91319   0.729574   0.774941   0.667086 │
│ asha_train_be58a_01581   TERMINATED   True       True       False           True       True       False        True                 False       False                  1            6.95648   1.10318    0.179766   0.310186 │
│ asha_train_be58a_01582   TERMINATED   False      False      False           False      False      True         False                True        True                   4            7.58915   0.815615   0.789816   0.724838 │
│ asha_train_be58a_01583   TERMINATED   False      False      True            False      False      True         False                True        True                   2            4.42196   0.714891   0.756957   0.671391 │
│ asha_train_be58a_01584   TERMINATED   False      False      True            True       False      False        False                True        False                  2            7.45161   0.710967   0.663632   0.685574 │
│ asha_train_be58a_01585   TERMINATED   True       False      True            True       False      False        True                 True        True                   1            4.81244   1.01209    0.553804   0.466749 │
│ asha_train_be58a_01586   TERMINATED   True       True       False           False      False      True         False                False       False                  1            4.08596   0.992395   0.699082   0.582177 │
│ asha_train_be58a_01587   TERMINATED   False      False      True            True       False      True         False                True        False                  4           14.8599    0.600306   0.781972   0.739792 │
│ asha_train_be58a_01588   TERMINATED   False      False      True            True       False      True         True                 True        False                  4           14.9817    0.633298   0.780935   0.714578 │
│ asha_train_be58a_01589   TERMINATED   False      False      False           False      True       True         True                 False       True                   1            3.43281   0.867536   0.615897   0.558048 │
│ asha_train_be58a_01590   TERMINATED   True       True       True            True       False      True         False                True        False                  1            7.24345   0.867881   0.656898   0.580753 │
│ asha_train_be58a_01591   TERMINATED   False      False      False           False      True       True         True                 True        True                   1            3.06909   0.876577   0.738381   0.58612  │
│ asha_train_be58a_01592   TERMINATED   False      False      True            False      False      True         False                True        True                   2            4.58416   0.767417   0.771462   0.677028 │
│ asha_train_be58a_01593   TERMINATED   True       True       False           False      False      True         True                 True        False                  1            3.93997   1.09843    0.658304   0.333333 │
│ asha_train_be58a_01594   TERMINATED   False      False      True            False      True       False        True                 False       True                   2            5.54094   0.884243   0.76421    0.591689 │
│ asha_train_be58a_01595   TERMINATED   False      False      False           False      True       False        False                False       False                  1            3.34641   0.948539   0.71344    0.551855 │
│ asha_train_be58a_01596   TERMINATED   False      True       False           False      False      False        True                 True        False                  1            4.32996   0.899743   0.687537   0.553733 │
│ asha_train_be58a_01597   TERMINATED   False      False      False           True       False      False        True                 True        True                   4           14.4744    0.713709   0.746448   0.714099 │
│ asha_train_be58a_01598   TERMINATED   False      False      True            True       True       True         True                 True        False                  4           17.0504    0.595913   0.799067   0.742355 │
│ asha_train_be58a_01599   TERMINATED   False      True       True            False      False      False        True                 False       True                   1            3.56259   1.09844    0.658304   0.333333 │
│ asha_train_be58a_01600   TERMINATED   True       False      True            True       True       True         True                 True        True                   1            6.83766   0.881916   0.704337   0.601524 │
│ asha_train_be58a_01601   TERMINATED   False      False      True            True       False      True         False                False       True                   4           12.0544    0.583144   0.806246   0.75074  │
│ asha_train_be58a_01602   TERMINATED   False      False      False           False      False      True         False                True        True                   4            8.38931   0.704955   0.798475   0.726468 │
│ asha_train_be58a_01603   TERMINATED   False      False      True            False      False      False        False                False       True                   1            2.50173   0.810223   0.744227   0.614548 │
│ asha_train_be58a_01604   TERMINATED   True       False      False           True       False      False        False                True        False                  1            5.0174    0.829638   0.709295   0.590484 │
│ asha_train_be58a_01605   TERMINATED   False      False      False           True       True       False        False                False       False                  4           11.8354    0.648256   0.778123   0.725203 │
│ asha_train_be58a_01606   TERMINATED   True       False      False           False      True       True         True                 True        True                   1            4.75706   1.08113    0.246448   0.333446 │
│ asha_train_be58a_01607   TERMINATED   False      True       False           True       True       False        False                False       True                   4           20.0949    0.632858   0.783008   0.739706 │
│ asha_train_be58a_01608   TERMINATED   False      True       False           True       False      False        False                True        False                  1            5.12525   0.849497   0.650755   0.588971 │
│ asha_train_be58a_01609   TERMINATED   True       True       False           False      True       False        True                 False       True                   1            5.52264   0.835037   0.666001   0.608721 │
│ asha_train_be58a_01610   TERMINATED   True       True       False           True       False      True         True                 True        False                  1            5.46219   1.01107    0.722025   0.438656 │
│ asha_train_be58a_01611   TERMINATED   False      False      True            False      False      True         False                False       False                  2            4.77503   0.889062   0.726465   0.676096 │
│ asha_train_be58a_01612   TERMINATED   False      False      True            False      True       False        True                 False       False                  1            3.90862   0.89701    0.698416   0.549952 │
│ asha_train_be58a_01613   TERMINATED   True       False      False           False      True       False        True                 True        False                  1            4.24793   1.09843    0.658304   0.333333 │
│ asha_train_be58a_01614   TERMINATED   False      False      False           True       True       False        False                True        True                   4           14.584     0.603649   0.775903   0.736683 │
│ asha_train_be58a_01615   TERMINATED   True       False      True            False      True       False        False                False       True                   2            7.83361   0.746954   0.782786   0.665332 │
│ asha_train_be58a_01616   TERMINATED   True       False      False           False      True       False        True                 True        True                   1            4.40917   0.876946   0.692866   0.594869 │
│ asha_train_be58a_01617   TERMINATED   True       True       False           False      False      False        True                 True        True                   1            3.65925   1.09845    0.658304   0.333333 │
│ asha_train_be58a_01618   TERMINATED   False      True       False           False      True       True         False                False       True                   4           15.5745    0.590442   0.800326   0.742369 │
│ asha_train_be58a_01619   TERMINATED   False      True       True            False      False      False        False                True        True                   2            6.54655   0.719567   0.775977   0.666063 │
│ asha_train_be58a_01620   TERMINATED   False      False      False           False      False      False        True                 True        True                   2            4.64902   0.709397   0.76532    0.66928  │
│ asha_train_be58a_01621   TERMINATED   True       False      False           True       True       False        False                True        False                  4           21.8825    0.624661   0.761545   0.729196 │
│ asha_train_be58a_01622   TERMINATED   True       True       False           False      False      False        False                False       True                   1            3.53161   1.09844    0.658304   0.333333 │
│ asha_train_be58a_01623   TERMINATED   False      True       True            True       False      False        False                True        True                   4           19.1127    0.580666   0.773165   0.745897 │
│ asha_train_be58a_01624   TERMINATED   True       True       True            True       False      False        True                 True        True                   4           23.7495    0.603941   0.759843   0.737439 │
│ asha_train_be58a_01625   TERMINATED   False      True       True            True       False      False        False                False       True                   4           17.2841    0.594986   0.761471   0.74162  │
│ asha_train_be58a_01626   TERMINATED   True       True       False           False      True       False        True                 False       True                   1            4.8276    1.10241    0.246226   0.333333 │
│ asha_train_be58a_01627   TERMINATED   False      True       True            True       False      False        False                True        True                   4           19.9141    0.697423   0.726687   0.689918 │
│ asha_train_be58a_01628   TERMINATED   True       False      False           True       True       False        True                 False       False                  2            9.23003   0.792878   0.743709   0.620477 │
│ asha_train_be58a_01629   TERMINATED   True       False      True            True       True       True         True                 False       True                   1            5.87242   0.83414    0.716548   0.612217 │
│ asha_train_be58a_01630   TERMINATED   False      True       True            False      True       False        True                 False       False                  1            4.10143   1.10364    0.246226   0.333333 │
│ asha_train_be58a_01631   TERMINATED   False      True       True            False      False      True         True                 True        False                  2            7.0335    0.749297   0.77124    0.665588 │
│ asha_train_be58a_01632   TERMINATED   True       False      False           False      False      False        True                 True        False                  1            3.5187    1.09848    0.658304   0.333333 │
│ asha_train_be58a_01633   TERMINATED   True       True       False           True       False      True         True                 False       False                  2           11.5541    0.816643   0.675252   0.654702 │
│ asha_train_be58a_01634   TERMINATED   True       True       False           True       False      False        False                False       False                  1            5.62089   1.07857    0.668369   0.403843 │
│ asha_train_be58a_01635   TERMINATED   False      True       True            True       False      True         True                 False       False                  2            8.88462   0.762321   0.71418    0.647898 │
│ asha_train_be58a_01636   TERMINATED   False      True       False           False      True       False        True                 False       False                  2            7.6348    0.767184   0.755181   0.655005 │
│ asha_train_be58a_01637   TERMINATED   True       True       True            False      True       False        True                 True        True                   1            5.54368   1.0995     0.246226   0.333333 │
│ asha_train_be58a_01638   TERMINATED   True       True       False           True       False      False        True                 True        False                  4           20.749     0.643352   0.75407    0.717919 │
│ asha_train_be58a_01639   TERMINATED   False      False      True            False      False      False        False                True        True                   2            4.14001   0.752905   0.678434   0.66934  │
│ asha_train_be58a_01640   TERMINATED   True       False      True            True       True       False        False                True        True                   2           10.6797    0.707867   0.7164     0.682234 │
│ asha_train_be58a_01641   TERMINATED   False      False      True            True       True       False        True                 False       False                  2            6.33793   0.713836   0.729944   0.68163  │
│ asha_train_be58a_01642   TERMINATED   True       True       False           True       False      True         False                True        True                   2           10.7437    0.756043   0.669331   0.677413 │
│ asha_train_be58a_01643   TERMINATED   False      True       False           False      True       False        False                False       False                  2            7.15538   0.767184   0.755181   0.655005 │
│ asha_train_be58a_01644   TERMINATED   False      False      True            False      True       False        True                 True        True                   2            5.23356   0.757361   0.739861   0.654669 │
│ asha_train_be58a_01645   TERMINATED   False      True       True            False      True       True         True                 True        False                  1            4.12111   0.855705   0.761027   0.609485 │
│ asha_train_be58a_01646   TERMINATED   True       False      False           True       True       True         True                 False       True                   1            4.80284   1.01449    0.658748   0.481898 │
│ asha_train_be58a_01647   TERMINATED   True       True       False           True       False      True         False                True        False                  2           10.8241    0.842525   0.568976   0.670752 │
│ asha_train_be58a_01648   TERMINATED   True       False      False           False      False      False        False                False       True                   1            2.77367   1.0985     0.658304   0.333333 │
│ asha_train_be58a_01649   TERMINATED   True       False      True            True       True       False        False                True        False                  1            5.52879   1.00341    0.591252   0.515818 │
│ asha_train_be58a_01650   TERMINATED   False      False      True            True       False      True         True                 False       True                   2            5.69848   0.716494   0.704115   0.675839 │
│ asha_train_be58a_01651   TERMINATED   True       True       True            True       True       True         True                 False       False                  1            6.84962   0.926202   0.691903   0.578849 │
│ asha_train_be58a_01652   TERMINATED   True       False      True            False      False      True         True                 False       False                  1            3.48296   0.856601   0.720915   0.57664  │
│ asha_train_be58a_01653   TERMINATED   True       True       False           False      False      False        False                False       False                  1            3.75482   1.09843    0.658304   0.333333 │
│ asha_train_be58a_01654   TERMINATED   False      True       True            False      True       False        False                False       True                   1            4.42682   0.794645   0.720249   0.616005 │
│ asha_train_be58a_01655   TERMINATED   True       False      False           True       True       False        False                False       False                  4           17.2969    0.643147   0.763618   0.726149 │
│ asha_train_be58a_01656   TERMINATED   True       False      True            False      False      False        False                False       True                   1            3.03531   0.794403   0.732756   0.61587  │
│ asha_train_be58a_01657   TERMINATED   False      False      False           True       False      True         False                False       True                   4           10.0895    0.643625   0.811353   0.745818 │
│ asha_train_be58a_01658   TERMINATED   True       True       False           True       False      False        False                False       False                  2            9.79432   0.706682   0.727205   0.684904 │
│ asha_train_be58a_01659   TERMINATED   True       False      True            False      True       True         True                 True        False                  1            3.99316   0.849821   0.779455   0.601912 │
│ asha_train_be58a_01660   TERMINATED   True       True       False           False      True       True         False                True        True                   1            4.93615   1.05688    0.76606    0.500597 │
│ asha_train_be58a_01661   TERMINATED   False      False      True            True       True       False        True                 False       True                   4           12.8761    0.607619   0.789002   0.73867  │
│ asha_train_be58a_01662   TERMINATED   True       True       True            False      True       True         False                True        True                   1            5.71889   0.883702   0.662522   0.57345  │
│ asha_train_be58a_01663   TERMINATED   False      True       True            False      False      False        True                 False       True                   1            4.09946   0.810782   0.701229   0.612887 │
│ asha_train_be58a_01664   TERMINATED   True       True       False           False      True       False        False                False       True                   1            5.5123    0.876809   0.703079   0.596534 │
│ asha_train_be58a_01665   TERMINATED   True       False      False           True       True       False        False                False       False                  1            4.44396   1.09557    0.546403   0.388056 │
│ asha_train_be58a_01666   TERMINATED   True       False      True            False      True       True         False                False       True                   1            4.84937   0.879708   0.666519   0.568505 │
│ asha_train_be58a_01667   TERMINATED   False      False      False           True       False      True         True                 True        True                   4           14.7018    0.613016   0.791963   0.732547 │
│ asha_train_be58a_01668   TERMINATED   False      True       False           False      False      True         False                False       False                  4           11.5894    0.634436   0.799216   0.717337 │
│ asha_train_be58a_01669   TERMINATED   True       False      False           True       False      False        False                True        True                   1            4.90908   0.859538   0.729648   0.573794 │
│ asha_train_be58a_01670   TERMINATED   True       True       True            True       False      True         True                 False       False                  1            4.90366   1.00123    0.531306   0.563782 │
│ asha_train_be58a_01671   TERMINATED   True       False      True            True       True       False        True                 True        False                  2           11.7094    0.742805   0.708703   0.672227 │
│ asha_train_be58a_01672   TERMINATED   False      False      False           False      False      False        False                True        True                   2            4.40357   0.699083   0.780565   0.68127  │
│ asha_train_be58a_01673   TERMINATED   True       True       True            True       True       True         True                 False       True                   1            7.0376    1.03956    0.699748   0.458024 │
│ asha_train_be58a_01674   TERMINATED   False      False      False           True       True       True         False                False       True                   4           12.7917    0.70753    0.822898   0.727724 │
│ asha_train_be58a_01675   TERMINATED   True       False      True            False      True       True         False                True        False                  1            4.65497   1.02096    0.718546   0.536558 │
│ asha_train_be58a_01676   TERMINATED   False      True       False           False      False      False        False                True        True                   2            6.07936   0.739529   0.774423   0.66486  │
│ asha_train_be58a_01677   TERMINATED   False      False      True            False      True       False        False                True        False                  2            5.5249    0.816937   0.713884   0.645984 │
│ asha_train_be58a_01678   TERMINATED   False      True       False           False      True       False        False                True        True                   1            4.21447   0.833488   0.689979   0.608509 │
│ asha_train_be58a_01679   TERMINATED   True       False      True            True       False      True         False                True        True                   4           20.3309    0.585082   0.814239   0.747289 │
│ asha_train_be58a_01680   TERMINATED   True       True       True            False      False      True         True                 True        False                  1            3.83723   1.01762    0.699526   0.535186 │
│ asha_train_be58a_01681   TERMINATED   True       True       True            True       True       True         False                True        False                  4           30.242     0.631085   0.765616   0.722523 │
│ asha_train_be58a_01682   TERMINATED   True       True       True            False      False      False        True                 True        False                  1            4.54713   1.09848    0.658304   0.333333 │
│ asha_train_be58a_01683   TERMINATED   True       False      True            False      False      False        True                 False       True                   1            3.91312   1.09844    0.658304   0.333333 │
│ asha_train_be58a_01684   TERMINATED   False      False      False           True       False      True         False                False       False                  4            9.65783   0.633498   0.741341   0.730509 │
│ asha_train_be58a_01685   TERMINATED   False      True       True            False      False      False        False                True        True                   1            3.25091   1.09848    0.658304   0.333333 │
│ asha_train_be58a_01686   TERMINATED   False      False      True            True       False      True         True                 False       True                   2            6.25627   0.707731   0.746818   0.67534  │
│ asha_train_be58a_01687   TERMINATED   True       False      True            False      False      True         True                 False       True                   1            3.8942    0.859404   0.703597   0.559123 │
│ asha_train_be58a_01688   TERMINATED   True       False      False           True       False      True         True                 True        False                  2           10.0202    0.72395    0.760879   0.655143 │
│ asha_train_be58a_01689   TERMINATED   False      False      True            False      True       True         False                False       True                   2            5.49995   0.681525   0.780269   0.685462 │
│ asha_train_be58a_01690   TERMINATED   True       False      False           True       True       False        True                 False       True                   1            5.03762   1.09763    0.539594   0.341648 │
│ asha_train_be58a_01691   TERMINATED   True       True       False           True       True       True         False                True        False                  1            7.22998   0.903994   0.692496   0.574589 │
│ asha_train_be58a_01692   TERMINATED   True       True       True            True       False      True         True                 True        True                   1            6.7493    0.895624   0.677176   0.536454 │
│ asha_train_be58a_01693   TERMINATED   False      True       True            True       False      True         False                False       False                  2            9.37436   0.770042   0.690941   0.656782 │
│ asha_train_be58a_01694   TERMINATED   True       True       False           False      True       True         False                False       True                   2           10.7147    0.674503   0.780121   0.68616  │
│ asha_train_be58a_01695   TERMINATED   False      False      True            True       True       True         False                True        True                   4           17.3785    0.596765   0.813055   0.740498 │
│ asha_train_be58a_01696   TERMINATED   False      False      False           True       False      True         True                 True        True                   4           13.812     0.607242   0.82497    0.737515 │
│ asha_train_be58a_01697   TERMINATED   True       True       False           False      True       True         False                True        True                   2            9.96512   0.677125   0.756513   0.681986 │
│ asha_train_be58a_01698   TERMINATED   True       False      False           False      False      False        False                True        True                   2            5.7768    0.709904   0.728094   0.678463 │
│ asha_train_be58a_01699   TERMINATED   False      True       False           True       False      True         True                 True        True                   1            4.87233   0.910607   0.58696    0.591288 │
│ asha_train_be58a_01700   TERMINATED   True       False      True            True       True       False        True                 True        True                   1            6.13434   1.08047    0.546403   0.43524  │
│ asha_train_be58a_01701   TERMINATED   True       True       True            False      False      False        True                 False       True                   1            4.60201   0.789703   0.738011   0.614725 │
│ asha_train_be58a_01702   TERMINATED   True       False      False           False      True       False        True                 False       True                   1            4.4829    0.858682   0.625962   0.590578 │
│ asha_train_be58a_01703   TERMINATED   True       False      True            False      True       False        True                 True        False                  1            4.46503   0.996611   0.67688    0.555248 │
│ asha_train_be58a_01704   TERMINATED   False      True       False           True       True       False        True                 True        True                   4           24.4968    0.690878   0.759473   0.70256  │
│ asha_train_be58a_01705   TERMINATED   True       False      True            True       False      False        True                 False       False                  2            8.79065   0.719605   0.692866   0.682259 │
│ asha_train_be58a_01706   TERMINATED   True       True       False           False      True       True         True                 False       True                   1            5.72018   0.806648   0.708185   0.608208 │
│ asha_train_be58a_01707   TERMINATED   True       True       False           False      True       True         False                True        False                  1            5.81512   0.783909   0.72987    0.616105 │
│ asha_train_be58a_01708   TERMINATED   True       True       False           False      False      False        False                False       True                   1            4.28912   1.0985     0.658304   0.333333 │
│ asha_train_be58a_01709   TERMINATED   True       False      False           False      True       False        True                 False       False                  1            4.49617   0.934081   0.62463    0.544127 │
│ asha_train_be58a_01710   TERMINATED   False      False      True            False      False      False        False                False       False                  2            4.6202    0.760215   0.760805   0.655281 │
│ asha_train_be58a_01711   TERMINATED   True       True       False           True       False      True         True                 False       True                   4           21.2881    0.65839    0.754663   0.72313  │
│ asha_train_be58a_01712   TERMINATED   True       True       False           False      True       True         True                 False       True                   2           10.5877    0.686839   0.76754    0.679835 │
│ asha_train_be58a_01713   TERMINATED   True       True       False           False      True       False        True                 False       False                  1            5.53198   1.09848    0.246226   0.333333 │
│ asha_train_be58a_01714   TERMINATED   False      False      False           False      False      True         False                False       False                  2            3.73717   0.742643   0.779307   0.685199 │
│ asha_train_be58a_01715   TERMINATED   True       True       False           False      False      True         True                 True        True                   1            3.67667   1.09844    0.658304   0.333333 │
│ asha_train_be58a_01716   TERMINATED   True       False      False           True       True       True         True                 True        False                  2           11.7481    0.693413   0.796847   0.685247 │
│ asha_train_be58a_01717   TERMINATED   True       True       False           True       False      True         True                 True        True                   2           11.8473    0.706239   0.762285   0.671474 │
│ asha_train_be58a_01718   TERMINATED   False      True       True            False      False      True         False                True        True                   2            6.58255   0.696628   0.778123   0.682646 │
│ asha_train_be58a_01719   TERMINATED   True       False      False           True       False      False        False                True        True                   4           18.255     0.626843   0.764802   0.71909  │
│ asha_train_be58a_01720   TERMINATED   True       False      True            False      True       False        True                 True        True                   1            4.5856    0.880842   0.678582   0.596614 │
│ asha_train_be58a_01721   TERMINATED   False      False      True            False      True       True         False                True        True                   1            2.56082   0.833853   0.685391   0.578544 │
│ asha_train_be58a_01722   TERMINATED   False      False      True            False      True       True         True                 True        False                  2            5.72869   0.733128   0.78619    0.660811 │
│ asha_train_be58a_01723   TERMINATED   False      True       True            False      False      True         True                 False       True                   2            6.64593   0.728738   0.750222   0.656856 │
│ asha_train_be58a_01724   TERMINATED   False      True       True            True       True       True         False                False       True                   2           10.8366    0.749367   0.728538   0.656377 │
│ asha_train_be58a_01725   TERMINATED   True       True       False           False      True       True         True                 False       False                  1            5.45031   1.09007    0.658304   0.333333 │
│ asha_train_be58a_01726   TERMINATED   False      False      False           True       True       False        True                 False       False                  2            6.8567    0.745651   0.732312   0.681274 │
│ asha_train_be58a_01727   TERMINATED   False      False      True            True       False      True         True                 False       False                  4           11.6548    0.626733   0.791963   0.717639 │
│ asha_train_be58a_01728   TERMINATED   False      False      False           True       True       True         False                True        False                  4           14.5043    0.608431   0.800992   0.73798  │
│ asha_train_be58a_01729   TERMINATED   True       False      True            True       True       True         True                 True        True                   1            6.4463    0.880249   0.655639   0.595445 │
│ asha_train_be58a_01730   TERMINATED   False      True       True            True       False      True         False                True        True                   4           20.7995    0.661526   0.741045   0.706986 │
│ asha_train_be58a_01731   TERMINATED   False      True       True            True       True       True         False                False       False                  2           10.7139    0.767519   0.715068   0.651496 │
│ asha_train_be58a_01732   TERMINATED   True       False      True            True       True       False        True                 True        True                   4           23.3554    0.652925   0.747188   0.711995 │
│ asha_train_be58a_01733   TERMINATED   True       False      False           True       True       True         False                True        False                  4           22.2692    0.623451   0.74963    0.728168 │
│ asha_train_be58a_01734   TERMINATED   True       False      False           True       False      False        False                True        True                   1            4.65712   1.07896    0.563351   0.428121 │
│ asha_train_be58a_01735   TERMINATED   False      False      False           False      False      True         True                 False       False                  2            4.57589   0.695541   0.80299    0.679995 │
│ asha_train_be58a_01736   TERMINATED   True       True       False           False      True       False        True                 False       True                   1            5.52529   0.794645   0.718769   0.611756 │
│ asha_train_be58a_01737   TERMINATED   True       True       False           True       False      True         False                True        True                   1            6.57922   0.896217   0.714402   0.539111 │
│ asha_train_be58a_01738   TERMINATED   False      True       False           True       False      False        False                False       True                   4           16.6261    0.610966   0.781306   0.740695 │
│ asha_train_be58a_01739   TERMINATED   True       True       False           True       False      False        False                False       False                  4           20.2154    0.612477   0.768132   0.741009 │
│ asha_train_be58a_01740   TERMINATED   False      False      True            False      True       True         False                False       True                   1            3.02101   0.809397   0.667333   0.610833 │
│ asha_train_be58a_01741   TERMINATED   False      False      False           True       True       False        True                 True        True                   4           15.1174    0.60028    0.781898   0.739149 │
│ asha_train_be58a_01742   TERMINATED   True       True       True            False      True       True         True                 False       True                   1            5.84167   1.09503    0.719361   0.432673 │
│ asha_train_be58a_01743   TERMINATED   False      True       True            True       False      True         True                 False       True                   1            4.5095    0.822603   0.721655   0.609703 │
│ asha_train_be58a_01744   TERMINATED   True       True       False           True       True       False        False                True        False                  1            7.49407   0.955877   0.586146   0.556458 │
│ asha_train_be58a_01745   TERMINATED   True       True       False           False      False      True         False                False       True                   4           13.9207    0.602245   0.789002   0.735695 │
│ asha_train_be58a_01746   TERMINATED   False      False      False           False      True       True         True                 False       False                  2            5.48354   0.688459   0.785672   0.685536 │
│ asha_train_be58a_01747   TERMINATED   True       False      True            True       False      True         True                 False       True                   1            5.22347   0.991636   0.67725    0.51362  │
│ asha_train_be58a_01748   TERMINATED   True       True       True            False      False      True         True                 False       False                  1            4.69049   1.09843    0.658304   0.333333 │
│ asha_train_be58a_01749   TERMINATED   False      True       True            True       False      True         True                 False       False                  2            8.6973    0.801429   0.729352   0.618288 │
│ asha_train_be58a_01750   TERMINATED   False      False      True            True       False      True         False                True        True                   4           14.1237    0.717869   0.726169   0.712329 │
│ asha_train_be58a_01751   TERMINATED   True       False      True            False      False      True         True                 False       False                  2            6.4638    0.744169   0.765838   0.650315 │
│ asha_train_be58a_01752   TERMINATED   False      True       False           True       False      True         True                 True        True                   4           20.7646    0.623182   0.806098   0.729507 │
│ asha_train_be58a_01753   TERMINATED   False      False      False           False      False      False        True                 False       True                   2            4.9121    0.736388   0.805432   0.646009 │
│ asha_train_be58a_01754   TERMINATED   False      True       False           True       False      False        False                True        False                  4           18.4211    0.638056   0.71825    0.71444  │
│ asha_train_be58a_01755   TERMINATED   True       True       True            True       True       True         False                True        False                  2           15.6944    0.706191   0.754811   0.678536 │
│ asha_train_be58a_01756   TERMINATED   True       True       True            False      True       False        False                False       False                  1            4.81419   1.09846    0.246226   0.333333 │
│ asha_train_be58a_01757   TERMINATED   True       True       True            True       False      True         False                True        True                   1            6.51208   0.878219   0.685391   0.551287 │
│ asha_train_be58a_01758   TERMINATED   True       True       False           True       False      False        False                False       False                  4           20.1012    0.60466    0.773387   0.740121 │
│ asha_train_be58a_01759   TERMINATED   False      True       False           False      True       False        False                True        False                  1            3.72131   0.929293   0.678138   0.545878 │
│ asha_train_be58a_01760   TERMINATED   True       False      False           True       True       True         False                False       True                   1            4.41927   0.910356   0.587034   0.573873 │
│ asha_train_be58a_01761   TERMINATED   False      False      True            False      True       True         True                 True        False                  2            5.58651   0.685647   0.778271   0.685428 │
│ asha_train_be58a_01762   TERMINATED   True       False      True            False      False      False        True                 False       False                  2            6.10102   0.790872   0.705743   0.63875  │
│ asha_train_be58a_01763   TERMINATED   True       False      False           True       False      True         True                 True        False                  4           18.6816    0.602473   0.759843   0.730543 │
│ asha_train_be58a_01764   TERMINATED   True       False      True            False      False      False        False                False       False                  2            6.27163   0.743444   0.735346   0.667119 │
│ asha_train_be58a_01765   TERMINATED   False      True       False           False      False      False        False                True        False                  1            2.86297   1.09845    0.658304   0.333333 │
│ asha_train_be58a_01766   TERMINATED   True       False      True            True       True       False        False                True        False                  1            6.14676   0.963008   0.580817   0.515481 │
│ asha_train_be58a_01767   TERMINATED   False      True       True            False      False      False        True                 True        False                  1            3.00554   0.811546   0.778419   0.608029 │
│ asha_train_be58a_01768   TERMINATED   False      True       True            True       False      False        False                True        True                   2           10.5187    0.745771   0.618265   0.666474 │
│ asha_train_be58a_01769   TERMINATED   False      True       True            False      True       False        True                 True        True                   1            4.09488   0.882722   0.705743   0.583587 │
│ asha_train_be58a_01770   TERMINATED   True       True       False           False      True       False        False                False       True                   1            5.419     0.82355    0.730388   0.603761 │
│ asha_train_be58a_01771   TERMINATED   True       False      False           True       True       True         False                True        True                   1            6.09294   0.988163   0.658082   0.490011 │
│ asha_train_be58a_01772   TERMINATED   False      True       True            False      False      False        True                 True        True                   1            3.25854   0.791926   0.754218   0.616526 │
│ asha_train_be58a_01773   TERMINATED   False      True       False           True       False      False        False                False       False                  4           15.9001    0.628886   0.764136   0.730421 │
│ asha_train_be58a_01774   TERMINATED   False      True       False           False      True       True         False                False       True                   1            3.7276    1.08402    0.438795   0.430465 │
│ asha_train_be58a_01775   TERMINATED   True       False      False           True       False      True         False                True        False                  1            5.34471   0.873358   0.669627   0.59061  │
│ asha_train_be58a_01776   TERMINATED   False      True       True            False      False      False        False                True        True                   1            3.94735   0.808381   0.747262   0.609282 │
│ asha_train_be58a_01777   TERMINATED   False      False      False           False      False      True         True                 True        False                  2            4.57201   1.05218    0.682578   0.68056  │
│ asha_train_be58a_01778   TERMINATED   True       True       False           True       False      False        True                 True        False                  1            7.0214    0.903205   0.646758   0.556136 │
│ asha_train_be58a_01779   TERMINATED   False      True       True            False      True       False        True                 False       True                   1            4.02532   0.860882   0.671477   0.602942 │
│ asha_train_be58a_01780   TERMINATED   False      True       False           True       False      False        True                 True        True                   1            4.93277   0.781928   0.744819   0.612929 │
│ asha_train_be58a_01781   TERMINATED   False      True       False           False      True       True         True                 True        False                  1            4.39911   1.01693    0.703375   0.5482   │
│ asha_train_be58a_01782   TERMINATED   True       True       True            False      False      False        False                False       True                   1            4.32373   1.09844    0.658304   0.333333 │
│ asha_train_be58a_01783   TERMINATED   True       False      True            False      True       False        False                True        False                  1            4.71292   1.09954    0.246226   0.333333 │
│ asha_train_be58a_01784   TERMINATED   True       True       True            False      True       False        False                True        False                  1            5.52103   1.09878    0.246226   0.333333 │
│ asha_train_be58a_01785   TERMINATED   True       False      True            False      False      False        False                True        False                  1            2.89937   1.09848    0.658304   0.333333 │
│ asha_train_be58a_01786   TERMINATED   False      False      True            True       False      False        True                 False       False                  4           12.3148    0.681009   0.742747   0.713627 │
│ asha_train_be58a_01787   TERMINATED   True       False      False           True       True       True         True                 True        True                   1            6.02453   0.997184   0.610716   0.485435 │
│ asha_train_be58a_01788   TERMINATED   True       True       False           False      True       True         False                False       False                  1            4.69555   0.832207   0.720323   0.603949 │
│ asha_train_be58a_01789   TERMINATED   True       False      False           True       False      True         False                False       True                   4           15.4339    0.644432   0.808985   0.742377 │
│ asha_train_be58a_01790   TERMINATED   True       False      True            True       True       True         True                 False       False                  4           19.9563    0.621775   0.801658   0.73082  │
│ asha_train_be58a_01791   TERMINATED   True       True       True            True       True       True         False                True        False                  1            8.59308   0.846665   0.729426   0.587267 │
│ asha_train_be58a_01792   TERMINATED   True       False      True            False      True       True         True                 True        False                  2            7.8587    0.704238   0.777161   0.678689 │
│ asha_train_be58a_01793   TERMINATED   True       False      True            True       False      True         False                False       False                  4           16.7709    0.644169   0.780713   0.713038 │
│ asha_train_be58a_01794   TERMINATED   False      False      True            True       False      False        False                False       False                  4           10.2736    0.613252   0.764654   0.728561 │
│ asha_train_be58a_01795   TERMINATED   False      False      True            False      False      False        True                 False       True                   1            2.31009   0.81021    0.760287   0.593876 │
│ asha_train_be58a_01796   TERMINATED   False      False      False           True       True       True         True                 False       False                  4           13.0749    0.640454   0.801066   0.717905 │
│ asha_train_be58a_01797   TERMINATED   False      False      True            True       False      True         True                 False       False                  4           11.5359    0.631152   0.770796   0.717091 │
│ asha_train_be58a_01798   TERMINATED   False      True       False           True       True       False        True                 True        True                   1            6.5848    0.861679   0.651125   0.604883 │
│ asha_train_be58a_01799   TERMINATED   False      True       False           True       True       True         False                True        True                   4           23.7221    0.638347   0.82053    0.726715 │
│ asha_train_be58a_01800   TERMINATED   True       False      True            True       False      False        True                 False       False                  4           16.8958    0.708964   0.747632   0.71587  │
│ asha_train_be58a_01801   TERMINATED   False      True       True            False      True       False        True                 True        True                   1            3.92752   0.91407    0.672439   0.550422 │
│ asha_train_be58a_01802   TERMINATED   False      False      False           True       False      True         True                 True        False                  2            7.12695   0.804536   0.745263   0.68168  │
│ asha_train_be58a_01803   TERMINATED   False      True       False           False      True       False        True                 False       True                   1            4.44086   0.876611   0.716696   0.571861 │
│ asha_train_be58a_01804   TERMINATED   False      False      False           False      False      False        True                 True        False                  1            2.00177   0.823291   0.772647   0.612413 │
│ asha_train_be58a_01805   TERMINATED   True       False      False           False      False      False        True                 False       False                  1            2.88241   1.09848    0.658304   0.333333 │
│ asha_train_be58a_01806   TERMINATED   True       True       False           True       True       False        False                True        True                   4           29.1725    0.678863   0.776273   0.708605 │
│ asha_train_be58a_01807   TERMINATED   True       True       True            False      False      False        True                 False       True                   1            4.46543   1.09843    0.658304   0.333333 │
│ asha_train_be58a_01808   TERMINATED   False      False      False           True       False      True         True                 False       False                  4           10.8241    0.653052   0.772573   0.734969 │
│ asha_train_be58a_01809   TERMINATED   True       True       True            False      False      False        True                 True        True                   1            4.62173   0.869319   0.697676   0.586615 │
│ asha_train_be58a_01810   TERMINATED   True       False      True            True       False      False        False                True        False                  1            5.38638   0.87525    0.604574   0.58471  │
│ asha_train_be58a_01811   TERMINATED   True       False      False           True       True       True         True                 False       False                  2            9.08131   0.782967   0.652531   0.646091 │
│ asha_train_be58a_01812   TERMINATED   True       False      True            True       True       True         True                 False       True                   2           10.3237    0.693286   0.793739   0.685226 │
│ asha_train_be58a_01813   TERMINATED   False      False      False           False      True       False        True                 True        False                  1            2.62065   0.847867   0.688277   0.595675 │
│ asha_train_be58a_01814   TERMINATED   True       False      True            True       False      True         False                True        True                   1            5.48351   0.875246   0.697898   0.554356 │
│ asha_train_be58a_01815   TERMINATED   False      False      True            True       False      True         False                True        True                   2            8.00253   0.869491   0.610642   0.665037 │
│ asha_train_be58a_01816   TERMINATED   False      False      True            False      False      True         False                True        False                  4            9.26845   0.92551    0.701229   0.709089 │
│ asha_train_be58a_01817   TERMINATED   False      True       True            True       False      True         True                 True        True                   4           21.2197    0.603186   0.785376   0.734292 │
│ asha_train_be58a_01818   TERMINATED   False      False      True            False      True       True         True                 True        True                   2            5.86237   0.683276   0.740675   0.686396 │
│ asha_train_be58a_01819   TERMINATED   False      False      False           False      True       True         False                False       False                  1            3.3374    0.803771   0.729278   0.597458 │
│ asha_train_be58a_01820   TERMINATED   True       True       True            True       True       True         False                False       True                   4           27.5802    0.603977   0.791963   0.726011 │
│ asha_train_be58a_01821   TERMINATED   True       False      True            True       True       True         False                True        True                   1            6.22054   0.860481   0.723949   0.597369 │
│ asha_train_be58a_01822   TERMINATED   False      True       True            False      True       True         False                True        False                  1            3.79501   0.809252   0.763025   0.613149 │
│ asha_train_be58a_01823   TERMINATED   True       False      False           False      False      True         False                True        True                   4           11.2893    0.640209   0.803804   0.718216 │
│ asha_train_be58a_01824   TERMINATED   False      True       True            False      True       True         False                False       False                  2            8.44007   0.766769   0.796033   0.647618 │
│ asha_train_be58a_01825   TERMINATED   True       True       False           False      True       True         False                False       False                  1            4.81327   0.921306   0.725355   0.547799 │
│ asha_train_be58a_01826   TERMINATED   False      True       True            True       True       True         False                False       False                  2           11.0083    0.706369   0.745189   0.680245 │
│ asha_train_be58a_01827   TERMINATED   False      False      True            False      True       False        False                False       True                   2            5.7118    0.884243   0.76421    0.591689 │
│ asha_train_be58a_01828   TERMINATED   False      False      True            True       False      True         True                 False       False                  1            2.90513   0.971847   0.551732   0.595059 │
│ asha_train_be58a_01829   TERMINATED   True       True       False           True       True       False        False                False       True                   2           13.0868    0.71833    0.737197   0.672311 │
│ asha_train_be58a_01830   TERMINATED   False      False      False           True       True       False        False                False       False                  4           11.7638    0.648256   0.778123   0.725203 │
│ asha_train_be58a_01831   TERMINATED   False      True       True            False      False      True         True                 False       True                   1            3.10421   0.85105    0.751776   0.616627 │
│ asha_train_be58a_01832   TERMINATED   True       True       True            True       False      False        True                 True        False                  2           12.4195    0.762454   0.674364   0.664459 │
│ asha_train_be58a_01833   TERMINATED   False      True       False           False      True       False        False                True        False                  1            4.59619   0.894562   0.709369   0.573334 │
│ asha_train_be58a_01834   TERMINATED   False      True       False           False      True       True         False                False       True                   1            4.48315   1.05852    0.776791   0.517131 │
│ asha_train_be58a_01835   TERMINATED   True       False      True            True       False      True         False                True        True                   4           20.3754    0.583458   0.814683   0.747754 │
│ asha_train_be58a_01836   TERMINATED   True       False      True            True       False      False        False                True        False                  4           18.5081    0.674146   0.702043   0.707299 │
│ asha_train_be58a_01837   TERMINATED   True       True       True            True       False      True         False                True        False                  2           12.0423    0.763583   0.645796   0.65238  │
│ asha_train_be58a_01838   TERMINATED   False      True       False           True       True       True         False                False       False                  1            4.98244   0.840014   0.704337   0.608235 │
│ asha_train_be58a_01839   TERMINATED   True       False      False           True       True       False        False                True        True                   4           21.9225    0.603594   0.777013   0.740512 │
│ asha_train_be58a_01840   TERMINATED   True       True       True            True       False      False        False                True        False                  1            6.39143   1.09099    0.618561   0.377807 │
│ asha_train_be58a_01841   TERMINATED   False      True       False           True       False      False        False                False       False                  4           16.3878    0.592289   0.775977   0.743448 │
│ asha_train_be58a_01842   TERMINATED   True       True       True            False      True       True         True                 True        True                   2           10.7522    0.689381   0.752516   0.67667  │
│ asha_train_be58a_01843   TERMINATED   True       False      True            False      False      False        False                False       True                   1            2.7783    1.0985     0.658304   0.333333 │
│ asha_train_be58a_01844   TERMINATED   True       False      False           True       True       True         True                 False       False                  1            5.22276   0.864393   0.601317   0.578514 │
│ asha_train_be58a_01845   TERMINATED   False      True       True            False      True       False        False                False       False                  1            4.10512   0.842819   0.693828   0.600388 │
│ asha_train_be58a_01846   TERMINATED   False      True       False           True       True       True         True                 False       False                  4           21.94      0.649504   0.781602   0.715628 │
│ asha_train_be58a_01847   TERMINATED   False      False      True            True       True       False        False                True        False                  2            8.21273   0.77095    0.703597   0.671785 │
│ asha_train_be58a_01848   TERMINATED   True       True       True            False      False      False        True                 True        True                   1            4.49656   1.09844    0.658304   0.333333 │
│ asha_train_be58a_01849   TERMINATED   False      True       False           False      True       True         False                True        False                  2            7.97737   0.726839   0.782934   0.665139 │
│ asha_train_be58a_01850   TERMINATED   True       False      False           False      True       False        True                 True        False                  1            3.85544   0.878724   0.706113   0.56792  │
│ asha_train_be58a_01851   TERMINATED   True       True       False           True       False      False        True                 True        True                   4           24.8102    0.615978   0.750518   0.738114 │
│ asha_train_be58a_01852   TERMINATED   True       False      False           False      True       True         False                True        True                   1            4.5936    1.07147    0.757401   0.482916 │
│ asha_train_be58a_01853   TERMINATED   True       True       True            True       True       True         False                False       False                  1            7.02881   0.910706   0.669479   0.544379 │
│ asha_train_be58a_01854   TERMINATED   True       False      True            False      False      False        False                False       False                  1            3.24147   0.794312   0.733348   0.614683 │
│ asha_train_be58a_01855   TERMINATED   True       False      True            False      True       False        True                 True        True                   1            4.98507   1.10031    0.246226   0.333333 │
│ asha_train_be58a_01856   TERMINATED   False      True       False           True       True       False        True                 False       False                  2           10.0442    0.811295   0.707223   0.650985 │
│ asha_train_be58a_01857   TERMINATED   True       False      True            True       True       True         True                 True        False                  4           23.464     0.597008   0.792703   0.738803 │
│ asha_train_be58a_01858   TERMINATED   False      True       False           False      False      True         True                 False       True                   2            6.91248   0.78909    0.80595    0.652993 │
│ asha_train_be58a_01859   TERMINATED   False      False      False           True       False      False        False                False       False                  4           10.4093    0.605127   0.777235   0.746434 │
│ asha_train_be58a_01860   TERMINATED   True       False      True            True       False      True         False                True        False                  1            5.26792   0.814622   0.726687   0.595604 │
│ asha_train_be58a_01861   TERMINATED   True       False      True            False      True       False        True                 False       True                   2            8.56723   0.812894   0.790705   0.599895 │
│ asha_train_be58a_01862   TERMINATED   False      False      True            True       True       False        True                 True        False                  4           16.9584    0.679006   0.737641   0.704216 │
│ asha_train_be58a_01863   TERMINATED   True       True       True            False      False      True         True                 False       True                   1            3.54557   0.850902   0.719065   0.565406 │
│ asha_train_be58a_01864   TERMINATED   True       True       True            False      True       True         False                False       False                  1            5.73141   0.848023   0.701525   0.584648 │
│ asha_train_be58a_01865   TERMINATED   True       True       True            False      True       False        False                True        True                   1            5.68192   0.884774   0.701599   0.590825 │
│ asha_train_be58a_01866   TERMINATED   False      True       False           True       True       True         False                True        True                   2           11.8861    0.74343    0.690571   0.657093 │
│ asha_train_be58a_01867   TERMINATED   True       False      False           True       False      False        False                False       False                  4           15.5914    0.613329   0.782194   0.727497 │
│ asha_train_be58a_01868   TERMINATED   False      True       True            False      False      False        True                 False       False                  1            2.96567   1.09846    0.658304   0.333333 │
│ asha_train_be58a_01869   TERMINATED   False      True       True            True       True       True         False                True        False                  2           12.115     0.804191   0.629515   0.656985 │
│ asha_train_be58a_01870   TERMINATED   False      False      False           False      True       False        True                 True        False                  1            3.53935   0.840176   0.738455   0.592302 │
│ asha_train_be58a_01871   TERMINATED   True       False      False           False      False      True         False                False       True                   1            2.82634   0.835376   0.70071    0.59156  │
│ asha_train_be58a_01872   TERMINATED   True       False      True            True       False      True         False                False       False                  1            4.3965    1.01036    0.58807    0.575467 │
│ asha_train_be58a_01873   TERMINATED   True       True       False           False      True       True         False                True        True                   1            5.42937   1.0963     0.724689   0.436186 │
│ asha_train_be58a_01874   TERMINATED   False      False      True            False      False      True         False                True        False                  4            8.75749   0.92551    0.701229   0.709089 │
│ asha_train_be58a_01875   TERMINATED   False      False      False           True       False      True         True                 True        False                  4           13.1464    0.792889   0.726243   0.722317 │
│ asha_train_be58a_01876   TERMINATED   False      True       True            True       True       True         True                 True        False                  1            5.9282    0.982444   0.578153   0.529283 │
│ asha_train_be58a_01877   TERMINATED   False      True       True            False      False      False        True                 True        False                  1            3.69669   0.851843   0.73135    0.567671 │
│ asha_train_be58a_01878   TERMINATED   False      True       True            True       True       True         False                True        True                   2           11.9774    0.713069   0.73357    0.680217 │
│ asha_train_be58a_01879   TERMINATED   False      True       False           True       True       True         False                False       True                   2            9.61256   0.74075    0.696862   0.676316 │
│ asha_train_be58a_01880   TERMINATED   True       False      False           True       True       True         False                False       False                  1            4.63952   0.830398   0.731276   0.593375 │
│ asha_train_be58a_01881   TERMINATED   True       False      False           False      False      False        True                 False       True                   1            2.68316   1.09844    0.658304   0.333333 │
│ asha_train_be58a_01882   TERMINATED   True       False      False           False      False      True         True                 True        True                   1            3.11964   1.09849    0.658304   0.333333 │
│ asha_train_be58a_01883   TERMINATED   True       True       True            True       True       True         False                True        False                  4           28.0565    0.658339   0.753848   0.71055  │
│ asha_train_be58a_01884   TERMINATED   True       True       False           False      False      True         True                 False       True                   1            3.70395   0.873792   0.702191   0.551808 │
│ asha_train_be58a_01885   TERMINATED   True       False      True            True       True       True         False                False       True                   1            5.16801   0.949588   0.699156   0.536401 │
│ asha_train_be58a_01886   TERMINATED   False      True       False           False      True       False        True                 True        False                  1            4.14185   1.10424    0.246226   0.333333 │
│ asha_train_be58a_01887   TERMINATED   False      False      True            False      True       False        True                 False       True                   1            3.03618   0.839156   0.719583   0.605326 │
│ asha_train_be58a_01888   TERMINATED   True       False      True            True       False      False        True                 False       False                  4           15.3079    0.643104   0.76606    0.727115 │
│ asha_train_be58a_01889   TERMINATED   False      False      True            True       True       True         True                 False       True                   4           12.3741    0.593679   0.798105   0.735467 │
│ asha_train_be58a_01890   TERMINATED   True       True       True            False      False      True         True                 False       False                  1            4.01463   0.807397   0.745337   0.614495 │
│ asha_train_be58a_01891   TERMINATED   False      True       True            False      False      False        True                 False       False                  1            3.33011   1.09849    0.658304   0.333333 │
│ asha_train_be58a_01892   TERMINATED   False      False      False           False      False      True         False                True        True                   4            7.37852   0.608116   0.799882   0.728196 │
│ asha_train_be58a_01893   TERMINATED   False      False      True            False      False      True         True                 True        True                   1            2.47958   0.795335   0.749038   0.616024 │
│ asha_train_be58a_01894   TERMINATED   False      True       True            True       True       True         False                True        True                   4           23.2831    0.615324   0.802102   0.726744 │
│ asha_train_be58a_01895   TERMINATED   False      False      True            True       False      False        True                 True        True                   4           13.9455    0.678545   0.741193   0.714068 │
│ asha_train_be58a_01896   TERMINATED   False      False      True            False      True       True         False                True        False                  2            5.1244    0.730628   0.775829   0.663318 │
│ asha_train_be58a_01897   TERMINATED   True       True       True            True       False      True         True                 False       True                   2           10.5951    0.69839    0.769316   0.686861 │
│ asha_train_be58a_01898   TERMINATED   False      True       True            True       False      False        True                 False       True                   4           17.1218    0.627704   0.761693   0.732686 │
│ asha_train_be58a_01899   TERMINATED   False      False      True            False      True       False        False                False       True                   1            2.47729   0.817631   0.756513   0.609043 │
│ asha_train_be58a_01900   TERMINATED   True       False      False           True       False      True         False                False       False                  4           16.239     0.625366   0.77013    0.719307 │
│ asha_train_be58a_01901   TERMINATED   False      True       True            True       False      True         False                True        True                   2           10.4573    0.88467    0.537744   0.644075 │
│ asha_train_be58a_01902   TERMINATED   False      False      True            True       False      False        False                False       False                  4           11.5461    0.613252   0.764654   0.728561 │
│ asha_train_be58a_01903   TERMINATED   False      True       True            True       True       False        True                 True        True                   2           13.1933    0.820046   0.654159   0.634384 │
│ asha_train_be58a_01904   TERMINATED   False      False      False           False      True       True         False                True        False                  4            9.41158   0.650528   0.803804   0.711969 │
│ asha_train_be58a_01905   TERMINATED   True       False      False           True       False      True         True                 False       False                  4           16.4612    0.628916   0.779973   0.716667 │
│ asha_train_be58a_01906   TERMINATED   True       False      True            False      True       True         False                False       True                   1            4.78966   0.902608   0.689831   0.540602 │
│ asha_train_be58a_01907   TERMINATED   True       False      True            False      False      True         True                 False       False                  1            2.87317   0.915182   0.724911   0.564497 │
│ asha_train_be58a_01908   TERMINATED   True       False      True            False      False      True         True                 False       False                  1            3.88556   0.838212   0.724615   0.587164 │
│ asha_train_be58a_01909   TERMINATED   False      True       True            True       False      False        False                True        False                  4           19.1726    0.612424   0.753478   0.737545 │
│ asha_train_be58a_01910   TERMINATED   True       True       True            False      False      True         True                 True        False                  1            4.79044   0.863748   0.637211   0.596794 │
│ asha_train_be58a_01911   TERMINATED   False      True       True            False      True       False        True                 False       True                   1            3.84499   0.937891   0.703005   0.56565  │
│ asha_train_be58a_01912   TERMINATED   False      False      False           True       False      True         False                True        False                  4           12.8376    0.608008   0.757771   0.726149 │
│ asha_train_be58a_01913   TERMINATED   False      False      True            False      True       True         False                False       False                  4           11.1891    0.655333   0.813943   0.707501 │
│ asha_train_be58a_01914   TERMINATED   False      False      False           True       True       False        True                 False       False                  2            6.77617   0.728706   0.743043   0.675587 │
│ asha_train_be58a_01915   TERMINATED   False      True       True            False      True       False        False                False       False                  1            3.85073   0.937504   0.700488   0.554102 │
│ asha_train_be58a_01916   TERMINATED   False      False      False           True       True       False        True                 True        True                   4           15.9398    0.613893   0.773757   0.739197 │
│ asha_train_be58a_01917   TERMINATED   True       True       False           False      True       True         True                 False       False                  1            5.43078   0.844358   0.705225   0.592322 │
│ asha_train_be58a_01918   TERMINATED   False      True       False           True       False      False        True                 True        False                  4           19.263     0.647023   0.757697   0.736247 │
│ asha_train_be58a_01919   TERMINATED   False      True       False           False      True       True         False                True        False                  1            4.52675   0.828396   0.745485   0.599428 │
│ asha_train_be58a_01920   TERMINATED   False      False      False           False      True       True         False                False       False                  4            9.24747   0.713898   0.827043   0.7039   │
│ asha_train_be58a_01921   TERMINATED   False      False      False           False      True       False        False                False       False                  1            2.41565   0.948539   0.71344    0.551855 │
│ asha_train_be58a_01922   TERMINATED   False      False      False           True       True       True         False                True        True                   4           15.2936    0.634463   0.818532   0.725646 │
│ asha_train_be58a_01923   TERMINATED   True       True       False           True       False      True         True                 True        False                  4           24.0724    0.640569   0.781454   0.72005  │
│ asha_train_be58a_01924   TERMINATED   True       False      False           False      True       False        False                False       False                  1            4.36591   1.09847    0.658304   0.333333 │
│ asha_train_be58a_01925   TERMINATED   False      False      False           False      False      False        False                False       True                   4            7.67253   0.634674   0.820678   0.723785 │
│ asha_train_be58a_01926   TERMINATED   True       False      False           True       True       False        True                 False       False                  1            5.24343   0.922153   0.645056   0.556788 │
│ asha_train_be58a_01927   TERMINATED   True       False      False           True       False      True         True                 True        False                  4           18.6573    0.662745   0.779973   0.709484 │
│ asha_train_be58a_01928   TERMINATED   False      False      False           True       True       True         True                 True        False                  4           15.9406    0.600951   0.795219   0.735673 │
│ asha_train_be58a_01929   TERMINATED   True       False      True            False      False      False        False                True        True                   1            3.32373   1.09849    0.658304   0.333333 │
│ asha_train_be58a_01930   TERMINATED   True       True       False           True       True       False        True                 False       False                  1            7.02655   0.866706   0.654899   0.591668 │
│ asha_train_be58a_01931   TERMINATED   False      False      False           False      False      False        False                False       True                   4            8.77231   0.634674   0.820678   0.723785 │
│ asha_train_be58a_01932   TERMINATED   True       True       True            False      True       True         True                 False       True                   1            5.99311   0.861533   0.650681   0.567367 │
│ asha_train_be58a_01933   TERMINATED   True       False      False           False      False      True         True                 False       True                   1            2.90603   0.86521    0.719805   0.564848 │
│ asha_train_be58a_01934   TERMINATED   False      False      False           False      True       False        True                 False       True                   2            5.38019   0.72689    0.778567   0.671323 │
│ asha_train_be58a_01935   TERMINATED   False      False      False           True       False      True         True                 True        True                   2            8.33595   0.708061   0.788336   0.669391 │
│ asha_train_be58a_01936   TERMINATED   False      True       False           True       False      False        True                 True        True                   4           19.1601    0.685836   0.760139   0.729672 │
│ asha_train_be58a_01937   TERMINATED   True       True       True            True       True       True         True                 False       True                   2           14.4099    0.718581   0.765098   0.667873 │
│ asha_train_be58a_01938   TERMINATED   True       True       True            False      False      False        False                True        True                   1            3.53787   1.09849    0.658304   0.333333 │
│ asha_train_be58a_01939   TERMINATED   True       False      True            True       True       True         False                True        True                   1            6.94229   0.875168   0.713958   0.576423 │
│ asha_train_be58a_01940   TERMINATED   False      True       True            False      False      False        True                 False       True                   2            6.43489   0.749595   0.755551   0.651805 │
│ asha_train_be58a_01941   TERMINATED   True       False      False           False      False      False        True                 False       False                  1            3.54546   1.09846    0.658304   0.333333 │
│ asha_train_be58a_01942   TERMINATED   True       False      True            True       True       True         False                False       True                   1            5.42796   1.00496    0.661412   0.495371 │
│ asha_train_be58a_01943   TERMINATED   False      True       False           False      False      False        False                True        False                  1            3.72742   0.843296   0.770352   0.612175 │
│ asha_train_be58a_01944   TERMINATED   True       True       True            True       True       False        True                 True        False                  4           31.2872    0.629067   0.767318   0.728526 │
│ asha_train_be58a_01945   TERMINATED   True       True       True            False      True       False        False                True        True                   1            5.77218   1.10057    0.246226   0.333333 │
│ asha_train_be58a_01946   TERMINATED   False      False      False           False      True       False        True                 True        False                  2            4.58324   0.803325   0.690645   0.651078 │
│ asha_train_be58a_01947   TERMINATED   True       False      False           True       False      False        True                 False       True                   2            8.144     0.718195   0.726761   0.674862 │
│ asha_train_be58a_01948   TERMINATED   True       False      True            False      False      False        False                True        True                   1            2.92067   1.09844    0.658304   0.333333 │
│ asha_train_be58a_01949   TERMINATED   True       True       True            True       True       True         False                False       True                   1            7.85803   0.851481   0.739121   0.585701 │
│ asha_train_be58a_01950   TERMINATED   True       False      False           False      False      False        True                 True        False                  1            2.59959   1.09845    0.658304   0.333333 │
│ asha_train_be58a_01951   TERMINATED   False      False      False           True       False      True         False                False       True                   4           11.2934    0.643625   0.811353   0.745818 │
│ asha_train_be58a_01952   TERMINATED   True       False      False           False      True       True         True                 False       True                   1            4.21211   0.971792   0.782342   0.571906 │
│ asha_train_be58a_01953   TERMINATED   True       False      False           True       False      True         True                 True        False                  1            5.26716   0.816044   0.746448   0.589837 │
│ asha_train_be58a_01954   TERMINATED   False      True       False           True       False      False        False                False       False                  1            3.90635   0.929068   0.44849    0.570799 │
│ asha_train_be58a_01955   TERMINATED   True       False      False           True       False      True         False                False       True                   1            3.74828   0.877306   0.463218   0.579386 │
│ asha_train_be58a_01956   TERMINATED   True       True       True            False      True       True         False                False       True                   2           11.0308    0.722467   0.764728   0.658888 │
│ asha_train_be58a_01957   TERMINATED   True       True       True            False      True       True         False                False       False                  1            5.81013   0.969315   0.705151   0.528376 │
│ asha_train_be58a_01958   TERMINATED   True       True       False           False      True       True         False                False       False                  1            5.56996   0.943702   0.689609   0.541159 │
│ asha_train_be58a_01959   TERMINATED   False      False      False           False      True       False        True                 True        True                   1            2.52606   0.819821   0.687389   0.615379 │
│ asha_train_be58a_01960   TERMINATED   False      False      True            True       True       False        True                 True        True                   2            8.22633   0.76856    0.703227   0.671613 │
│ asha_train_be58a_01961   TERMINATED   False      True       True            False      True       True         True                 False       True                   1            4.87888   0.882893   0.677546   0.57528  │
│ asha_train_be58a_01962   TERMINATED   True       True       False           False      True       True         True                 False       True                   1            5.68193   0.806648   0.708185   0.608208 │
│ asha_train_be58a_01963   TERMINATED   False      False      False           False      False      True         True                 True        True                   2            5.6168    0.728479   0.774719   0.669036 │
│ asha_train_be58a_01964   TERMINATED   True       False      False           False      True       False        False                True        False                  1            4.40862   0.852066   0.707593   0.589081 │
│ asha_train_be58a_01965   TERMINATED   False      True       False           True       False      False        True                 False       False                  4           16.5837    0.623951   0.769982   0.735762 │
│ asha_train_be58a_01966   TERMINATED   True       True       True            True       True       True         False                False       False                  2           13.5809    0.762514   0.746744   0.636589 │
│ asha_train_be58a_01967   TERMINATED   True       False      False           True       False      True         False                True        True                   4           18.8234    0.61753    0.814239   0.735139 │
│ asha_train_be58a_01968   TERMINATED   True       True       True            False      False      True         True                 True        True                   1            3.91542   1.09849    0.658304   0.333333 │
│ asha_train_be58a_01969   TERMINATED   False      True       True            False      True       False        False                False       False                  1            4.68492   1.10794    0.246226   0.333333 │
│ asha_train_be58a_01970   TERMINATED   True       False      False           False      False      False        True                 True        True                   1            2.86347   1.09844    0.658304   0.333333 │
│ asha_train_be58a_01971   TERMINATED   True       False      False           False      True       False        True                 False       False                  1            4.59157   1.09844    0.658304   0.333333 │
│ asha_train_be58a_01972   TERMINATED   False      True       True            False      False      False        True                 False       True                   1            3.82251   0.971563   0.743857   0.53238  │
│ asha_train_be58a_01973   TERMINATED   True       False      False           True       False      True         True                 True        False                  4           18.9624    0.652659   0.763692   0.720748 │
│ asha_train_be58a_01974   TERMINATED   True       True       True            True       False      False        False                True        True                   2           12.1556    0.751075   0.687019   0.670321 │
│ asha_train_be58a_01975   TERMINATED   True       False      True            True       False      False        False                True        True                   4           18.9095    0.668487   0.711886   0.710168 │
│ asha_train_be58a_01976   TERMINATED   False      True       True            False      True       True         False                False       False                  1            4.62529   0.876224   0.775681   0.582378 │
│ asha_train_be58a_01977   TERMINATED   True       False      False           True       True       True         False                False       False                  1            4.41729   0.876434   0.583925   0.600029 │
│ asha_train_be58a_01978   TERMINATED   False      False      True            True       True       False        False                False       True                   4           12.9693    0.617134   0.783526   0.733037 │
│ asha_train_be58a_01979   TERMINATED   False      True       False           False      True       False        True                 True        False                  1            3.59106   0.900964   0.715882   0.592835 │
│ asha_train_be58a_01980   TERMINATED   False      False      False           False      False      True         False                False       True                   4            7.85092   0.894206   0.784784   0.712349 │
│ asha_train_be58a_01981   TERMINATED   False      True       True            False      False      True         False                True        True                   2            6.68076   0.716438   0.772276   0.676288 │
│ asha_train_be58a_01982   TERMINATED   False      True       False           True       False      True         False                True        False                  4           19.2219    0.623041   0.791149   0.733133 │
│ asha_train_be58a_01983   TERMINATED   True       False      True            True       False      False        True                 False       False                  4           16.4021    0.715535   0.696122   0.680908 │
│ asha_train_be58a_01984   TERMINATED   False      True       False           True       True       False        True                 False       True                   4           21.0181    0.672826   0.725873   0.709755 │
│ asha_train_be58a_01985   TERMINATED   False      False      False           True       False      False        True                 False       False                  4            9.75357   0.623612   0.787226   0.737097 │
│ asha_train_be58a_01986   TERMINATED   False      False      True            True       True       True         False                True        False                  4           16.9141    0.595322   0.780565   0.741406 │
│ asha_train_be58a_01987   TERMINATED   True       False      False           False      True       True         True                 False       True                   1            4.72221   0.96486    0.579707   0.511266 │
│ asha_train_be58a_01988   TERMINATED   True       False      True            True       False      False        False                True        False                  1            4.86998   1.09516    0.665335   0.392836 │
│ asha_train_be58a_01989   TERMINATED   True       True       True            False      True       True         True                 True        False                  1            5.94448   1.00263    0.558171   0.49417  │
│ asha_train_be58a_01990   TERMINATED   False      True       True            True       False      True         False                False       False                  1            4.70975   0.915874   0.459369   0.582356 │
│ asha_train_be58a_01991   TERMINATED   False      False      False           False      False      True         False                True        False                  2            4.87894   0.690392   0.784636   0.678228 │
│ asha_train_be58a_01992   TERMINATED   True       False      False           True       True       True         False                True        False                  4           21.4047    0.675256   0.760139   0.702038 │
│ asha_train_be58a_01993   TERMINATED   True       True       False           True       True       False        True                 False       False                  1            6.65747   1.01371    0.556394   0.498166 │
│ asha_train_be58a_01994   TERMINATED   False      False      True            False      True       False        False                False       False                  2            5.36082   0.778168   0.73579    0.657292 │
│ asha_train_be58a_01995   TERMINATED   True       True       True            False      True       True         True                 False       False                  1            5.61927   1.06284    0.67503    0.35629  │
│ asha_train_be58a_01996   TERMINATED   False      False      False           True       False      False        True                 True        True                   4           12.7669    0.580019   0.775533   0.74724  │
│ asha_train_be58a_01997   TERMINATED   True       True       False           True       False      True         True                 True        False                  1            6.28595   0.809877   0.73431    0.600741 │
│ asha_train_be58a_01998   TERMINATED   True       True       False           False      True       False        True                 False       True                   1            5.27237   0.862528   0.718324   0.602461 │
│ asha_train_be58a_01999   TERMINATED   False      True       True            False      True       True         False                True        True                   1            3.65518   1.05627    0.743857   0.458435 │
╰──────────────────────────────────────────────────────────────────────────────────────────────────────────────────────────────────────────────────────────────────────────────────────────────────────────────────────────────╯

总时间：6407.782065153122 s
最佳配置：{'loss': 0.5942256281960685, 'acc': 0.7672439313203079, 'bacc': 0.7508932948112488, 'training_iteration': 4, 'trial_id': 'be58a_01358', 'date': '2025-11-18_16-16-05', 'time_this_iter_s': 4.672687530517578, 'time_total_s': 18.370487213134766, 'config': {'use_l1': False, 'l1_lambda': 0.0, 'use_l2': True, 'l2_lambda': 1e-05, 'use_dropout': False, 'drop_rate': 0.0, 'use_bn': True, 'use_ln': False, 'use_skip': False, 'skip_type': 'None', 'skip_step': 1, 'skip_drop_prob': 0.0, 'use_data_augment': True, 'da_type': 'fgsm', 'cutout_ratio': 0.0, 'cutout_prob': 0.0, 'mixup_alpha': 0.0, 'mixup_prob': 0.0, 'cutmix_alpha': 0.0, 'cutmix_prob': 0.0, 'fgsm_epsilon': 0.1, 'fgsm_prob': 0.8, 'use_swa': True, 'use_lookahead': False}}
✅ 字典已保存到: /data/ruipeng/workdir/autoreg/.exp_results/20251118/asha_165040.json