Trial status: 2000 TERMINATED
Current time: 2025-11-19 01:03:23. Total running time: 2hr 39min 41s
Logical resource usage: 0/10 CPUs, 0/4 GPUs (0.0/1.0 accelerator_type:G)
Current best trial: 1a4fd285 with bacc=0.748333752155304 and params={'use_l1': np.False_, 'l1_lambda': 0.0, 'use_l2': np.False_, 'l2_lambda': 0.0, 'use_dropout': np.False_, 'drop_rate': 0.0, 'use_bn': np.False_, 'use_ln': np.True_, 'use_skip': np.True_, 'skip_type': np.str_('normal'), 'skip_step': np.int64(1), 'skip_drop_prob': 0.0, 'use_data_augment': np.True_, 'da_type': np.str_('fgsm'), 'cutout_ratio': 0.0, 'cutout_prob': 0.0, 'mixup_alpha': 0.0, 'mixup_prob': 0.0, 'cutmix_alpha': 0.0, 'cutmix_prob': 0.0, 'fgsm_epsilon': np.float64(0.3), 'fgsm_prob': np.float64(0.2), 'use_swa': np.False_, 'use_lookahead': np.True_}
╭───────────────────────────────────────────────────────────────────────────────────────────────────────────────────────────────────────────────────────────────────────────────────────────────────────────────────────────╮
│ Trial name            status       use_l1     use_l2     use_dropout     use_bn     use_ln     use_skip     use_data_augment     use_swa     use_lookahead       iter     total time (s)       loss        acc       bacc │
├───────────────────────────────────────────────────────────────────────────────────────────────────────────────────────────────────────────────────────────────────────────────────────────────────────────────────────────┤
│ bohb_train_cc9a0ee6   TERMINATED   True       False      True            True       False      True         False                True        True                   2           11.5302    0.784053   0.728464   0.620721 │
│ bohb_train_da629ab9   TERMINATED   True       False      False           False      False      True         True                 True        False                  1            2.96638   1.09843    0.658304   0.333333 │
│ bohb_train_1c22c423   TERMINATED   False      False      True            False      False      False        False                False       False                  4           10.1799    0.683821   0.763766   0.683422 │
│ bohb_train_522c2344   TERMINATED   True       False      True            True       True       False        False                False       True                   1            5.67252   1.01676    0.589772   0.472296 │
│ bohb_train_872f5170   TERMINATED   False      True       True            True       True       True         True                 True        True                   2           12.6814    1.02614    0.490675   0.495624 │
│ bohb_train_cf4e6d1d   TERMINATED   False      False      False           False      False      True         False                False       True                   4            9.03976   0.896566   0.810983   0.722412 │
│ bohb_train_49df48cf   TERMINATED   True       True       False           False      False      True         False                False       True                   4           14.0669    0.67259    0.757475   0.710694 │
│ bohb_train_f868b1e4   TERMINATED   True       False      False           False      True       False        False                True        True                   4           14.9852    0.80799    0.699822   0.623559 │
│ bohb_train_0ebdf3e6   TERMINATED   False      False      False           False      False      False        True                 False       True                   4           10.8588    0.725711   0.740379   0.668951 │
│ bohb_train_1c332198   TERMINATED   False      True       True            False      True       True         True                 True        False                  4           17.643     0.705298   0.788928   0.67189  │
│ bohb_train_39564b5a   TERMINATED   True       True       False           False      False      False        True                 False       False                  1            3.42591   1.09848    0.658304   0.333333 │
│ bohb_train_ddec09d8   TERMINATED   True       True       True            True       False      True         True                 False       True                   2           12.806     0.74239    0.708629   0.664316 │
│ bohb_train_58ce6263   TERMINATED   False      False      True            True       False      False        False                False       False                  4           11.6612    0.592316   0.785006   0.746922 │
│ bohb_train_2c0e365f   TERMINATED   True       True       False           True       True       False        True                 False       True                   1            6.99764   0.911133   0.661486   0.592394 │
│ bohb_train_2327b46e   TERMINATED   True       True       False           True       True       True         False                True        False                  2           15.2588    0.884871   0.584517   0.566475 │
│ bohb_train_02374a6a   TERMINATED   False      False      False           True       False      True         False                False       True                   4           11.8129    0.78672    0.594583   0.64034  │
│ bohb_train_3057b8f8   TERMINATED   True       True       True            False      False      False        True                 False       False                  4           16.1111    0.686911   0.78212    0.704336 │
│ bohb_train_5ae9a13a   TERMINATED   True       True       True            True       False      True         True                 False       True                   4           23.035     1.03577    0.417555   0.57187  │
│ bohb_train_e4d9244f   TERMINATED   False      True       True            True       False      True         True                 True        True                   4           21.2288    0.926208   0.686131   0.688511 │
│ bohb_train_9b4e4ee9   TERMINATED   True       True       True            True       True       True         False                False       True                   4           26.1694    1.08774    0.627368   0.612636 │
│ bohb_train_8bcd2cfe   TERMINATED   False      True       True            True       True       True         False                False       True                   2           12.1512    1.01174    0.750148   0.599518 │
│ bohb_train_4bed40ac   TERMINATED   True       True       True            True       False      False        True                 False       False                  1            6.51939   1.0985     0.658304   0.333333 │
│ bohb_train_d1125a97   TERMINATED   True       True       False           False      False      False        True                 True        True                   1            4.5116    1.09843    0.658304   0.333333 │
│ bohb_train_f05829ab   TERMINATED   False      True       True            False      True       True         True                 True        True                   4           17.6779    0.761283   0.743857   0.639522 │
│ bohb_train_9e29e7d4   TERMINATED   False      True       False           True       False      True         True                 False       True                   4           20.1763    0.691638   0.806024   0.69443  │
│ bohb_train_da48b43a   TERMINATED   False      False      True            False      True       False        False                False       True                   2            5.79962   0.885252   0.772202   0.563107 │
│ bohb_train_b27cdc67   TERMINATED   False      True       False           False      True       False        True                 True        True                   4           15.8993    0.803682   0.685613   0.640926 │
│ bohb_train_12cd2186   TERMINATED   True       False      False           True       True       True         True                 False       False                  4           18.8324    0.674655   0.809429   0.720858 │
│ bohb_train_d18df80f   TERMINATED   False      False      False           True       False      False        True                 True        True                   4           15.0006    0.70728    0.71825    0.706876 │
│ bohb_train_8cc356c9   TERMINATED   False      True       False           True       False      True         True                 True        False                  4           19.7119    0.61262    0.762507   0.733659 │
│ bohb_train_496952d4   TERMINATED   False      True       False           False      True       False        False                False       False                  1            4.08815   0.888247   0.680728   0.550593 │
│ bohb_train_0e50f4b4   TERMINATED   False      False      False           False      True       True         True                 False       False                  4           11.4454    0.667418   0.822898   0.712408 │
│ bohb_train_de6cee47   TERMINATED   True       True       False           True       False      False        True                 True        True                   1            6.52158   0.850433   0.718028   0.621449 │
│ bohb_train_d9657050   TERMINATED   True       True       True            True       True       False        True                 True        False                  2           14.99      0.712554   0.736234   0.695404 │
│ bohb_train_60ad8a4e   TERMINATED   False      True       True            False      True       True         False                False       True                   2            9.35751   0.777926   0.780491   0.62663  │
│ bohb_train_babfd2a5   TERMINATED   False      False      False           True       False      True         False                True        True                   4           14.9024    0.611979   0.817792   0.74006  │
│ bohb_train_158c6d9c   TERMINATED   True       False      True            True       True       True         True                 True        True                   4           24.4779    0.757427   0.720101   0.660528 │
│ bohb_train_82a74653   TERMINATED   False      True       True            False      False      True         False                False       False                  4           12.3454    1.02108    0.651495   0.5988   │
│ bohb_train_a1650017   TERMINATED   False      False      False           True       False      False        False                False       False                  4           10.6192    0.605127   0.777235   0.746434 │
│ bohb_train_4c08deee   TERMINATED   True       False      False           False      False      True         False                False       False                  4           11.6373    0.778714   0.785524   0.709036 │
│ bohb_train_0685f7be   TERMINATED   True       True       False           True       True       False        True                 False       False                  1            7.13609   1.02228    0.634547   0.471706 │
│ bohb_train_4698a069   TERMINATED   False      False      False           True       True       False        True                 False       False                  2            8.74803   0.801309   0.708851   0.64351  │
│ bohb_train_ca41b1a6   TERMINATED   False      False      False           False      False      True         True                 False       True                   1            3.35178   1.06827    0.713958   0.595508 │
│ bohb_train_0c38ea32   TERMINATED   False      True       False           False      False      True         True                 True        True                   4           13.1034    0.82413    0.770796   0.69713  │
│ bohb_train_00ee943d   TERMINATED   True       True       False           True       True       False        False                True        True                   4           31.3086    0.745419   0.744671   0.685902 │
│ bohb_train_9f7be2ff   TERMINATED   True       False      False           False      False      True         True                 False       True                   2            6.50945   0.831113   0.721803   0.599732 │
│ bohb_train_f624932a   TERMINATED   True       False      True            True       True       False        True                 False       True                   4           20.3293    0.730462   0.712774   0.680782 │
│ bohb_train_35eb63fb   TERMINATED   True       True       False           False      False      True         False                False       False                  4           14.1301    0.671179   0.814979   0.708993 │
│ bohb_train_84097692   TERMINATED   True       False      True            True       True       False        True                 True        False                  4           23.3604    0.669336   0.738751   0.713825 │
│ bohb_train_5a366f86   TERMINATED   False      False      False           False      False      False        False                False       False                  4            7.60333   0.718007   0.800696   0.675999 │
│ bohb_train_30a15b6d   TERMINATED   False      False      True            True       True       True         False                False       False                  4           15.1307    0.639052   0.805506   0.719797 │
│ bohb_train_e09acb68   TERMINATED   False      True       False           True       False      True         True                 False       False                  2            9.79357   0.764114   0.661782   0.693596 │
│ bohb_train_bcaa2e91   TERMINATED   True       False      True            False      True       False        True                 True        False                  1            4.92172   0.86849    0.660746   0.595708 │
│ bohb_train_02c7d687   TERMINATED   True       True       False           True       True       False        True                 False       False                  1            7.34052   0.778465   0.704189   0.654119 │
│ bohb_train_62ef12a0   TERMINATED   False      False      True            False      False      False        True                 False       False                  4           12.3423    0.779501   0.672883   0.651128 │
│ bohb_train_aac18754   TERMINATED   True       True       True            True       True       False        False                False       False                  4           27.5954    0.719214   0.69257    0.679709 │
│ bohb_train_01a509ec   TERMINATED   True       True       True            True       True       False        True                 False       False                  2           14.8008    0.969458   0.666445   0.54715  │
│ bohb_train_12628cfb   TERMINATED   True       False      False           True       False      False        False                False       False                  4           15.8465    0.607813   0.778641   0.743596 │
│ bohb_train_4fdcd5c3   TERMINATED   False      False      False           True       False      False        False                False       False                  4           10.8166    0.605127   0.777235   0.746434 │
│ bohb_train_92e08465   TERMINATED   False      False      False           True       False      True         False                False       False                  4           10.8427    0.678429   0.787448   0.716901 │
│ bohb_train_f95e48b4   TERMINATED   False      False      True            True       False      True         False                False       False                  2            6.01633   0.875655   0.573194   0.573235 │
│ bohb_train_2e771b73   TERMINATED   False      False      False           True       False      True         False                False       False                  4           13.0282    0.678429   0.787448   0.716901 │
│ bohb_train_9e3b5b9b   TERMINATED   False      True       True            False      True       False        True                 False       True                   1            4.89077   0.863165   0.661042   0.606805 │
│ bohb_train_af37081e   TERMINATED   False      False      False           False      False      True         False                False       False                  1            2.23918   0.78003    0.775015   0.653929 │
│ bohb_train_2ab53c3e   TERMINATED   True       False      False           False      True       False        False                False       False                  2            8.45424   1.09846    0.658304   0.333333 │
│ bohb_train_9dad52ec   TERMINATED   False      False      False           False      False      True         False                False       False                  4            9.08641   0.885029   0.78545    0.7312   │
│ bohb_train_47c078d9   TERMINATED   True       True       False           False      True       True         False                True        False                  4           20.5327    0.766085   0.780713   0.64622  │
│ bohb_train_aa9c9c88   TERMINATED   False      False      False           True       False      False        False                False       False                  4           10.3946    0.605127   0.777235   0.746434 │
│ bohb_train_56dd8352   TERMINATED   True       True       True            False      True       True         False                False       False                  4           20.8741    1.07859    0.515394   0.578325 │
│ bohb_train_4f3b13d4   TERMINATED   False      False      False           False      False      True         False                False       False                  4            8.08671   0.691919   0.803434   0.715622 │
│ bohb_train_ffd9bbbc   TERMINATED   False      False      False           True       False      True         False                False       False                  2            7.1234    0.630832   0.728908   0.719747 │
│ bohb_train_4f52241c   TERMINATED   False      False      False           True       False      False        False                False       False                  1            2.66653   0.663681   0.726243   0.711357 │
│ bohb_train_dafb52dc   TERMINATED   False      False      False           True       False      False        False                False       False                  1            3.18906   0.663681   0.726243   0.711357 │
│ bohb_train_22ff8b78   TERMINATED   False      False      False           True       False      False        False                False       False                  4           11.916     0.605127   0.777235   0.746434 │
│ bohb_train_6153fcab   TERMINATED   False      False      False           True       False      False        False                False       False                  4           11.6422    0.605127   0.777235   0.746434 │
│ bohb_train_5ffe1f32   TERMINATED   True       False      True            True       False      False        True                 False       True                   2            9.13285   1.09851    0.658304   0.333333 │
│ bohb_train_948bd9a5   TERMINATED   False      False      False           True       False      False        False                False       False                  4           10.6969    0.605127   0.777235   0.746434 │
│ bohb_train_9041a417   TERMINATED   True       True       False           True       True       False        False                False       False                  4           26.1724    0.684063   0.760805   0.712975 │
│ bohb_train_72bf837f   TERMINATED   False      False      False           False      False      False        False                True        False                  4            8.00077   0.656676   0.785302   0.704537 │
│ bohb_train_7901c1a8   TERMINATED   False      False      False           True       False      False        False                False       False                  4           10.7213    0.605127   0.777235   0.746434 │
│ bohb_train_d3cc5a39   TERMINATED   False      True       True            False      False      True         False                False       True                   1            3.34574   0.90354    0.733496   0.622933 │
│ bohb_train_45c6d2e8   TERMINATED   False      False      False           True       False      False        False                False       False                  4           11.3851    0.605127   0.777235   0.746434 │
│ bohb_train_c13af6ac   TERMINATED   True       True       True            True       True       False        False                False       True                   1            7.78245   0.71261    0.737789   0.680724 │
│ bohb_train_a15d3fab   TERMINATED   True       False      False           True       False      False        False                False       False                  2            7.90494   0.640692   0.741341   0.719013 │
│ bohb_train_2ccd61f9   TERMINATED   True       False      False           True       False      False        False                False       False                  4           15.9948    0.607813   0.778641   0.743596 │
│ bohb_train_9eb04395   TERMINATED   True       False      False           True       False      False        False                False       False                  4           17.5148    0.607813   0.778641   0.743596 │
│ bohb_train_d67e70bf   TERMINATED   False      False      True            False      False      False        False                False       False                  2            5.13835   0.760215   0.760805   0.655281 │
│ bohb_train_4611e945   TERMINATED   True       False      False           True       False      False        False                False       False                  4           14.8795    0.63421    0.732756   0.71674  │
│ bohb_train_d34ff339   TERMINATED   True       False      False           True       False      False        False                False       False                  4           15.6339    0.617506   0.783156   0.741659 │
│ bohb_train_07d34db3   TERMINATED   True       False      False           True       False      False        False                False       False                  4           15.8691    0.634455   0.737419   0.725463 │
│ bohb_train_79c66908   TERMINATED   False      False      False           True       True       False        False                True        False                  4           16.599     0.619419   0.764284   0.734303 │
│ bohb_train_e1a88675   TERMINATED   True       False      False           True       False      False        False                False       False                  1            4.757     0.991859   0.409266   0.525914 │
│ bohb_train_2ae3bcf1   TERMINATED   True       False      False           True       False      False        False                False       True                   2            8.96819   0.757374   0.732312   0.646813 │
│ bohb_train_dde1a145   TERMINATED   True       False      False           True       False      False        False                False       False                  1            3.68864   1.09847    0.658304   0.333333 │
│ bohb_train_866d86bf   TERMINATED   True       False      False           True       False      False        False                False       False                  4           17.7927    0.675893   0.724319   0.70083  │
│ bohb_train_2ae14128   TERMINATED   False      False      True            False      True       True         False                False       False                  2            5.35578   1.02452    0.706187   0.415605 │
│ bohb_train_08da9887   TERMINATED   True       False      False           True       False      False        False                False       False                  4           15.2413    0.675893   0.724319   0.70083  │
│ bohb_train_c06731fa   TERMINATED   True       True       False           False      False      False        False                False       False                  4           13.7189    1.09843    0.658304   0.333333 │
│ bohb_train_d0e03ada   TERMINATED   True       False      False           True       False      False        False                False       False                  4           16.071     0.691284   0.714106   0.687971 │
│ bohb_train_711a2de8   TERMINATED   True       False      False           True       False      False        False                False       False                  4           15.6428    0.63421    0.732756   0.71674  │
│ bohb_train_e4d6b143   TERMINATED   False      True       False           True       True       False        True                 False       True                   1            5.61073   0.687309   0.754811   0.690805 │
│ bohb_train_5e6aee16   TERMINATED   True       False      False           False      True       True         True                 True        False                  1            3.93405   0.883464   0.712478   0.600961 │
│ bohb_train_4e59d6fd   TERMINATED   False      False      False           True       False      False        False                False       False                  2            6.58379   0.62293    0.749112   0.728586 │
│ bohb_train_7035cda3   TERMINATED   False      False      False           True       False      False        False                False       False                  4           11.6156    0.605127   0.777235   0.746434 │
│ bohb_train_38d23cb4   TERMINATED   True       False      True            False      False      True         False                True        True                   2            7.02069   0.893525   0.710554   0.584216 │
│ bohb_train_c6763660   TERMINATED   False      False      False           True       False      False        False                False       False                  4           10.8439    0.605127   0.777235   0.746434 │
│ bohb_train_581cafad   TERMINATED   False      False      False           True       False      False        False                False       False                  4            9.65675   0.605127   0.777235   0.746434 │
│ bohb_train_8032840f   TERMINATED   False      False      False           True       False      False        False                False       False                  4           10.4942    0.605127   0.777235   0.746434 │
│ bohb_train_14dcee49   TERMINATED   False      False      True            False      True       True         True                 False       False                  4           10.4291    0.733342   0.772869   0.656785 │
│ bohb_train_a3b1c426   TERMINATED   False      False      False           True       False      False        False                False       False                  4           10.7062    0.605127   0.777235   0.746434 │
│ bohb_train_73294cf3   TERMINATED   True       True       True            False      True       False        False                True        True                   1            5.53627   0.813782   0.651273   0.62924  │
│ bohb_train_dc727606   TERMINATED   False      True       True            False      True       False        False                True        False                  1            4.80072   1.11254    0.246226   0.333333 │
│ bohb_train_a250433e   TERMINATED   False      False      False           True       False      False        False                False       False                  2            5.55103   0.62293    0.749112   0.728586 │
│ bohb_train_1b4a4c48   TERMINATED   False      False      False           True       False      False        False                False       False                  4           11.5695    0.605127   0.777235   0.746434 │
│ bohb_train_264873bd   TERMINATED   True       False      False           True       False      False        False                True        False                  4           19.9405    0.639901   0.74852    0.721419 │
│ bohb_train_953d042c   TERMINATED   False      False      True            True       False      False        True                 False       True                   2            6.09253   0.708697   0.69775    0.698534 │
│ bohb_train_854402d1   TERMINATED   False      False      False           True       False      False        False                False       False                  4           10.7323    0.605127   0.777235   0.746434 │
│ bohb_train_23971327   TERMINATED   True       True       False           True       False      False        True                 False       True                   4           21.5383    0.981835   0.728168   0.516907 │
│ bohb_train_17a1a099   TERMINATED   True       False      False           False      False      False        True                 False       False                  4           10.6389    1.09848    0.658304   0.333333 │
│ bohb_train_6057da67   TERMINATED   False      False      True            False      False      False        False                False       True                   4            9.4138    0.668137   0.750518   0.704559 │
│ bohb_train_7cc10149   TERMINATED   False      False      False           True       False      False        False                False       False                  1            3.53283   0.663681   0.726243   0.711357 │
│ bohb_train_120937bf   TERMINATED   False      False      False           True       False      True         False                False       False                  1            2.76463   0.652656   0.768058   0.703764 │
│ bohb_train_7b24b203   TERMINATED   False      False      False           True       False      False        False                False       False                  2            6.57538   0.62293    0.749112   0.728586 │
│ bohb_train_9838340d   TERMINATED   False      False      False           True       False      False        False                False       False                  4           11.6689    0.605127   0.777235   0.746434 │
│ bohb_train_f851daeb   TERMINATED   False      False      False           True       False      False        False                False       False                  4           11.3159    0.605127   0.777235   0.746434 │
│ bohb_train_50018808   TERMINATED   False      False      False           True       False      False        False                False       True                   2            4.931     0.617998   0.755921   0.726642 │
│ bohb_train_659501c7   TERMINATED   False      False      False           True       False      False        False                False       False                  4           10.0758    0.605127   0.777235   0.746434 │
│ bohb_train_4cf6edb9   TERMINATED   True       True       False           True       False      False        False                False       False                  4           20.7238    0.710504   0.720027   0.68273  │
│ bohb_train_8e7d0798   TERMINATED   False      False      False           True       False      False        False                False       False                  4           10.5098    0.605127   0.777235   0.746434 │
│ bohb_train_1afccf65   TERMINATED   False      False      False           True       False      False        False                False       False                  4           10.5909    0.605127   0.777235   0.746434 │
│ bohb_train_52cec6da   TERMINATED   False      False      False           True       False      False        False                False       False                  2            7.0781    0.62293    0.749112   0.728586 │
│ bohb_train_68e34bb7   TERMINATED   False      False      False           True       False      False        False                False       False                  4           11.7087    0.605127   0.777235   0.746434 │
│ bohb_train_92062a4f   TERMINATED   False      True       False           False      True       False        True                 False       True                   1            4.9897    0.9282     0.711812   0.535844 │
│ bohb_train_3b7bf758   TERMINATED   False      False      True            True       True       False        True                 False       False                  1            4.13465   0.780132   0.732534   0.647658 │
│ bohb_train_6b623074   TERMINATED   False      False      False           True       True       False        False                False       False                  2            6.36465   0.671655   0.76643    0.708568 │
│ bohb_train_36f0b340   TERMINATED   False      False      False           True       False      False        False                False       False                  4           11.6849    0.605127   0.777235   0.746434 │
│ bohb_train_7b77b92c   TERMINATED   False      False      False           True       False      False        False                False       False                  4           10.176     0.605127   0.777235   0.746434 │
│ bohb_train_76da1297   TERMINATED   False      False      False           True       False      False        False                False       False                  4           11.1606    0.605127   0.777235   0.746434 │
│ bohb_train_0bcb8831   TERMINATED   False      False      False           True       False      False        False                False       False                  4            9.77239   0.605127   0.777235   0.746434 │
│ bohb_train_1fc8eb43   TERMINATED   False      False      False           True       False      False        False                False       False                  4            9.56306   0.605127   0.777235   0.746434 │
│ bohb_train_264711a5   TERMINATED   False      False      False           True       False      False        False                False       False                  1            2.77396   0.663681   0.726243   0.711357 │
│ bohb_train_a4bbf3ff   TERMINATED   False      True       False           True       False      False        True                 True        True                   1            4.98167   0.690555   0.737197   0.70261  │
│ bohb_train_29d6ad32   TERMINATED   False      False      False           True       False      False        False                False       False                  2            6.13903   0.62293    0.749112   0.728586 │
│ bohb_train_379f870c   TERMINATED   False      False      False           True       False      False        False                False       False                  4           10.7373    0.605127   0.777235   0.746434 │
│ bohb_train_67a496b2   TERMINATED   False      False      False           True       False      False        False                False       False                  4           10.4766    0.605127   0.777235   0.746434 │
│ bohb_train_526d2061   TERMINATED   False      False      False           True       False      False        False                False       False                  4           10.3857    0.605127   0.777235   0.746434 │
│ bohb_train_ee96b43d   TERMINATED   True       True       True            True       False      False        False                False       False                  2           10.2723    0.658799   0.753552   0.706677 │
│ bohb_train_1a97551e   TERMINATED   False      True       True            False      True       True         False                False       True                   4           15.5539    0.645495   0.780861   0.717684 │
│ bohb_train_ddbea240   TERMINATED   True       False      False           True       False      False        False                False       False                  4           14.4624    0.617506   0.783156   0.741659 │
│ bohb_train_b14095d7   TERMINATED   False      False      False           True       False      False        False                False       False                  4            9.09959   0.605127   0.777235   0.746434 │
│ bohb_train_0e37d00c   TERMINATED   False      False      False           True       False      False        False                False       False                  1            2.94886   0.663681   0.726243   0.711357 │
│ bohb_train_63bda23e   TERMINATED   True       False      False           True       False      False        False                False       False                  1            3.97396   1.09847    0.658304   0.333333 │
│ bohb_train_21d2479b   TERMINATED   False      False      False           True       False      False        False                False       False                  2            5.43298   0.62293    0.749112   0.728586 │
│ bohb_train_bf7a16a6   TERMINATED   False      False      False           True       False      False        False                False       False                  4           11.0776    0.605127   0.777235   0.746434 │
│ bohb_train_d0d1c67e   TERMINATED   False      False      False           False      False      False        False                False       False                  4            8.01396   0.718007   0.800696   0.675999 │
│ bohb_train_bfe922aa   TERMINATED   False      False      False           True       False      False        False                False       False                  4           11.0482    0.605127   0.777235   0.746434 │
│ bohb_train_8610f24a   TERMINATED   True       False      True            False      True       True         True                 True        False                  2            8.08572   0.990593   0.736086   0.574475 │
│ bohb_train_9f2d6f85   TERMINATED   True       True       False           False      True       True         False                True        True                   4           20.3455    0.942563   0.71011    0.583977 │
│ bohb_train_90283937   TERMINATED   True       False      True            True       False      False        True                 False       False                  4           17.3113    0.633598   0.760805   0.733126 │
│ bohb_train_0794b2cd   TERMINATED   False      False      False           True       False      False        False                False       False                  4            9.86834   0.605127   0.777235   0.746434 │
│ bohb_train_c80414e3   TERMINATED   False      False      False           True       False      False        False                False       False                  2            6.40751   0.62293    0.749112   0.728586 │
│ bohb_train_e62be621   TERMINATED   False      False      False           True       False      False        False                False       False                  4           12.2229    0.605127   0.777235   0.746434 │
│ bohb_train_42322715   TERMINATED   False      False      False           False      False      True         False                False       True                   1            3.18521   0.699466   0.738751   0.670341 │
│ bohb_train_6d82b972   TERMINATED   True       False      True            False      False      False        True                 False       True                   1            3.05755   0.843044   0.756735   0.603109 │
│ bohb_train_6a3372a9   TERMINATED   False      False      False           True       False      False        False                False       False                  4           11.2062    0.605127   0.777235   0.746434 │
│ bohb_train_ceb81d61   TERMINATED   True       True       True            False      True       False        True                 False       True                   2           11.2555    1.09974    0.246226   0.333333 │
│ bohb_train_dfc0c29d   TERMINATED   False      False      False           False      False      False        False                True        False                  4            8.64787   0.65155    0.776125   0.706138 │
│ bohb_train_7fb1e30a   TERMINATED   True       False      False           True       False      False        False                False       False                  4           15.9004    0.814934   0.6455     0.61816  │
│ bohb_train_22c479ec   TERMINATED   False      False      False           True       False      False        False                False       False                  4           10.7128    0.605127   0.777235   0.746434 │
│ bohb_train_ade0d1fe   TERMINATED   False      False      False           True       False      False        False                False       False                  4           10.6897    0.605127   0.777235   0.746434 │
│ bohb_train_cb9d6ce2   TERMINATED   False      False      False           True       False      False        True                 False       False                  1            2.66444   0.669329   0.719731   0.704953 │
│ bohb_train_47500556   TERMINATED   False      False      False           True       False      False        False                False       False                  2            6.02067   0.62293    0.749112   0.728586 │
│ bohb_train_60a04e7e   TERMINATED   False      False      False           False      False      False        False                False       True                   1            2.12703   0.764701   0.766282   0.638976 │
│ bohb_train_d3688eec   TERMINATED   False      False      False           True       False      False        False                False       False                  4           11.366     0.605127   0.777235   0.746434 │
│ bohb_train_26d6aa36   TERMINATED   False      False      False           False      False      False        True                 False       False                  4           10.0926    0.696786   0.797587   0.6777   │
│ bohb_train_38185fc4   TERMINATED   False      False      False           True       False      False        False                False       False                  4           11.4884    0.605127   0.777235   0.746434 │
│ bohb_train_6b1d67f2   TERMINATED   False      False      False           False      True       True         True                 False       False                  2            4.85199   0.817662   0.803138   0.598278 │
│ bohb_train_b123f581   TERMINATED   False      False      False           True       False      False        False                False       False                  4           10.7781    0.605127   0.777235   0.746434 │
│ bohb_train_1f16c2c7   TERMINATED   False      False      False           True       False      False        False                False       False                  4           10.5791    0.605127   0.777235   0.746434 │
│ bohb_train_71bb0cdd   TERMINATED   False      False      False           True       False      False        False                False       False                  4           10.6031    0.605127   0.777235   0.746434 │
│ bohb_train_555e7a7b   TERMINATED   True       False      False           True       False      False        False                False       False                  1            4.35623   0.799793   0.756217   0.614844 │
│ bohb_train_aee8e6d2   TERMINATED   True       False      False           True       False      False        False                False       False                  1            4.68599   0.862766   0.67577    0.597377 │
│ bohb_train_ec28d618   TERMINATED   False      True       False           False      True       False        False                True        True                   2            8.53864   0.737973   0.74704    0.654806 │
│ bohb_train_7ea18152   TERMINATED   False      False      False           True       False      False        False                False       False                  4           11.3114    0.605127   0.777235   0.746434 │
│ bohb_train_ca8c06eb   TERMINATED   False      False      False           True       False      False        False                False       False                  4           11.4044    0.605127   0.777235   0.746434 │
│ bohb_train_8c128779   TERMINATED   False      False      False           True       False      False        False                False       False                  4           11.7873    0.605127   0.777235   0.746434 │
│ bohb_train_cec69968   TERMINATED   True       True       False           False      True       False        True                 False       True                   2           10.724     0.85167    0.696122   0.613111 │
│ bohb_train_4865a4b7   TERMINATED   False      True       True            True       False      True         False                True        True                   4           21.1303    0.590331   0.798179   0.742749 │
│ bohb_train_40212cd1   TERMINATED   False      False      False           True       False      False        False                False       False                  4           10.4647    0.605127   0.777235   0.746434 │
│ bohb_train_8d73dba7   TERMINATED   False      False      False           True       False      False        False                False       False                  4           10.6493    0.605127   0.777235   0.746434 │
│ bohb_train_c4bc7833   TERMINATED   False      True       False           False      True       True         False                True        False                  1            4.68023   0.707699   0.764062   0.667097 │
│ bohb_train_362dea4d   TERMINATED   False      False      False           True       False      False        False                False       False                  1            2.83705   0.663681   0.726243   0.711357 │
│ bohb_train_31fe0403   TERMINATED   False      False      False           True       False      False        False                False       False                  2            6.4893    0.62293    0.749112   0.728586 │
│ bohb_train_fabc2334   TERMINATED   False      False      False           True       False      False        False                False       False                  4           12.3361    0.605127   0.777235   0.746434 │
│ bohb_train_c254e4c0   TERMINATED   False      False      False           True       False      False        False                False       False                  4           11.9832    0.605127   0.777235   0.746434 │
│ bohb_train_b675b9c5   TERMINATED   False      False      False           True       False      False        False                False       False                  4           11.6206    0.605127   0.777235   0.746434 │
│ bohb_train_f3957456   TERMINATED   False      False      False           False      True       True         False                False       True                   2            5.38108   0.641888   0.785968   0.710648 │
│ bohb_train_18b1cb54   TERMINATED   True       True       False           True       False      True         False                False       True                   4           21.8275    0.780079   0.709591   0.645153 │
│ bohb_train_81fc0967   TERMINATED   True       False      False           True       False      True         False                True        False                  4           18.3313    0.643717   0.721211   0.726955 │
│ bohb_train_bb75e7bf   TERMINATED   False      False      False           True       False      False        False                False       True                   4           10.0579    0.599185   0.783378   0.744311 │
│ bohb_train_a58b1751   TERMINATED   False      False      False           True       False      False        False                False       False                  1            3.42243   0.663681   0.726243   0.711357 │
│ bohb_train_d82aa3b3   TERMINATED   False      False      False           True       False      False        False                False       False                  1            3.43626   0.663681   0.726243   0.711357 │
│ bohb_train_dafe344d   TERMINATED   False      False      False           True       False      False        True                 False       False                  2            6.55418   0.62293    0.749112   0.728586 │
│ bohb_train_d84b631a   TERMINATED   False      False      False           True       False      False        False                False       False                  4           11.8925    0.605127   0.777235   0.746434 │
│ bohb_train_2ad6901e   TERMINATED   False      False      False           True       False      False        False                False       False                  2            5.4679    0.62293    0.749112   0.728586 │
│ bohb_train_1bea1407   TERMINATED   False      False      False           True       False      False        False                False       False                  4           11.6815    0.605127   0.777235   0.746434 │
│ bohb_train_d8d77d4e   TERMINATED   False      False      False           True       False      False        False                False       False                  4           10.6744    0.605127   0.777235   0.746434 │
│ bohb_train_974b9cff   TERMINATED   False      False      False           True       False      False        False                False       False                  4           11.1565    0.605127   0.777235   0.746434 │
│ bohb_train_0f745b95   TERMINATED   False      False      False           True       True       False        False                False       False                  4           11.7844    0.648256   0.778123   0.725203 │
│ bohb_train_08006472   TERMINATED   True       False      True            True       False      True         True                 False       False                  4           17.569     0.704827   0.747114   0.68622  │
│ bohb_train_89bde3b1   TERMINATED   False      False      False           True       False      False        False                False       False                  1            3.53109   0.663681   0.726243   0.711357 │
│ bohb_train_3d5052f9   TERMINATED   False      True       True            True       False      False        False                True        True                   1            5.64806   0.749267   0.645278   0.667309 │
│ bohb_train_e2344ca4   TERMINATED   False      False      False           True       False      False        False                False       False                  2            6.78804   0.62293    0.749112   0.728586 │
│ bohb_train_8eefc2a7   TERMINATED   False      False      False           True       False      False        False                False       False                  4           11.1855    0.605127   0.777235   0.746434 │
│ bohb_train_25bbd433   TERMINATED   True       True       False           False      True       True         True                 False       False                  2           10.7153    0.751892   0.784636   0.64192  │
│ bohb_train_5f88891f   TERMINATED   False      True       False           True       True       True         False                True        True                   4           24.6676    0.638347   0.82053    0.726715 │
│ bohb_train_eb2e09d6   TERMINATED   False      False      False           True       False      False        False                False       False                  4           12.8009    0.605127   0.777235   0.746434 │
│ bohb_train_55883f8f   TERMINATED   False      False      False           True       False      False        False                False       False                  4            9.48859   0.605127   0.777235   0.746434 │
│ bohb_train_e2188407   TERMINATED   False      True       True            True       False      True         True                 False       True                   4           19.2963    0.759247   0.63995    0.654096 │
│ bohb_train_30ac1e65   TERMINATED   False      False      False           True       False      True         False                False       False                  4           11.0873    0.678429   0.787448   0.716901 │
│ bohb_train_02aa1664   TERMINATED   True       False      False           True       False      True         False                True        True                   1            5.46762   0.951212   0.667407   0.513065 │
│ bohb_train_ac7fa3f8   TERMINATED   False      True       True            False      True       False        False                True        True                   1            4.73564   0.794498   0.742599   0.620864 │
│ bohb_train_8923b35e   TERMINATED   False      False      False           True       False      False        False                False       True                   4           12.9347    0.599185   0.783378   0.744311 │
│ bohb_train_73720990   TERMINATED   False      False      False           True       False      True         False                False       False                  2            5.77834   0.640078   0.774941   0.716248 │
│ bohb_train_53aa5f2c   TERMINATED   False      False      False           True       False      False        False                False       False                  4           10.6629    0.605127   0.777235   0.746434 │
│ bohb_train_f5ddd9fe   TERMINATED   False      False      False           True       False      False        False                False       False                  4           11.6019    0.605127   0.777235   0.746434 │
│ bohb_train_a80e05ea   TERMINATED   True       True       True            False      True       False        False                True        False                  2           10.6495    1.09843    0.658304   0.333333 │
│ bohb_train_bd7ba993   TERMINATED   True       False      True            False      True       True         True                 True        True                   4           17.5625    0.810278   0.762951   0.655198 │
│ bohb_train_1d26b505   TERMINATED   False      False      False           True       False      False        False                False       False                  4            9.948     0.605127   0.777235   0.746434 │
│ bohb_train_844f287e   TERMINATED   False      False      True            True       False      False        False                False       False                  4           11.2523    0.647603   0.737123   0.722487 │
│ bohb_train_52587e12   TERMINATED   False      False      False           True       False      False        False                False       False                  2            5.61866   0.62293    0.749112   0.728586 │
│ bohb_train_65f5ae62   TERMINATED   False      False      False           True       False      False        False                False       False                  4           11.7871    0.605127   0.777235   0.746434 │
│ bohb_train_f4d14b64   TERMINATED   True       True       True            True       True       True         False                True        False                  1            8.66031   0.748622   0.720619   0.652628 │
│ bohb_train_9f6f9c76   TERMINATED   True       True       True            False      False      True         False                True        True                   1            4.56531   0.983726   0.721877   0.576968 │
│ bohb_train_bfbf8bf5   TERMINATED   False      False      False           True       False      False        False                False       False                  4           10.9552    0.605127   0.777235   0.746434 │
│ bohb_train_33ac74fa   TERMINATED   True       False      False           False      False      True         False                False       True                   2            5.97736   1.09843    0.658304   0.333333 │
│ bohb_train_55621641   TERMINATED   False      False      False           True       False      False        False                False       False                  4           10.7036    0.605127   0.777235   0.746434 │
│ bohb_train_0da4b67e   TERMINATED   False      False      False           True       False      False        False                False       False                  4           10.8701    0.605127   0.777235   0.746434 │
│ bohb_train_21361c12   TERMINATED   False      True       False           False      True       False        True                 False       False                  4           15.4956    0.760432   0.690053   0.663381 │
│ bohb_train_e1757fa9   TERMINATED   False      False      False           True       False      False        True                 False       False                  4           10.6987    0.605127   0.777235   0.746434 │
│ bohb_train_4064aa0f   TERMINATED   False      False      False           True       False      False        True                 False       False                  2            6.02748   0.666314   0.738751   0.712001 │
│ bohb_train_66bfb9b6   TERMINATED   False      False      False           True       False      False        False                False       False                  4           11.4933    0.605127   0.777235   0.746434 │
│ bohb_train_fbdb5b43   TERMINATED   True       False      False           False      True       True         False                False       True                   1            4.62898   0.728353   0.71751    0.657198 │
│ bohb_train_57a60290   TERMINATED   False      False      False           False      False      True         True                 True        False                  1            2.24269   0.744332   0.769834   0.650654 │
│ bohb_train_2ea0d046   TERMINATED   False      False      False           True       False      False        False                False       False                  4           11.409     0.605127   0.777235   0.746434 │
│ bohb_train_19a27fed   TERMINATED   False      False      False           True       False      False        False                False       False                  4           11.0166    0.605127   0.777235   0.746434 │
│ bohb_train_da6d904c   TERMINATED   False      False      True            True       False      False        False                False       False                  2            5.98191   0.626551   0.755033   0.726939 │
│ bohb_train_3624bf48   TERMINATED   False      False      False           True       False      False        False                False       False                  4           10.936     0.605127   0.777235   0.746434 │
│ bohb_train_8af2fda5   TERMINATED   True       True       True            True       True       True         True                 False       True                   4           29.2646    0.738563   0.707963   0.662125 │
│ bohb_train_fb5afdd5   TERMINATED   True       False      False           True       False      False        False                False       False                  4           15.2186    0.63421    0.732756   0.71674  │
│ bohb_train_897c5177   TERMINATED   False      False      False           True       False      False        False                False       False                  1            3.63989   0.663681   0.726243   0.711357 │
│ bohb_train_437c23d1   TERMINATED   False      False      False           True       False      False        False                False       False                  2            6.04632   0.62293    0.749112   0.728586 │
│ bohb_train_8877cbad   TERMINATED   False      False      False           True       False      False        False                False       False                  4           12.4854    0.605127   0.777235   0.746434 │
│ bohb_train_1223ca0a   TERMINATED   True       False      False           True       False      False        False                False       False                  1            4.72327   0.991859   0.409266   0.525914 │
│ bohb_train_015d3fea   TERMINATED   False      False      False           True       False      False        False                False       False                  4           10.7951    0.605127   0.777235   0.746434 │
│ bohb_train_a3249c1c   TERMINATED   False      False      False           True       False      False        False                False       False                  4           11.7753    0.605127   0.777235   0.746434 │
│ bohb_train_9d714cb4   TERMINATED   False      False      False           True       False      False        False                True        False                  2            6.83749   0.629858   0.745782   0.728459 │
│ bohb_train_f4502102   TERMINATED   False      False      False           True       False      False        True                 False       False                  4           10.8521    0.640725   0.753034   0.74019  │
│ bohb_train_6a6f8fad   TERMINATED   False      False      False           True       False      False        False                False       False                  4           10.5451    0.605127   0.777235   0.746434 │
│ bohb_train_5faf55d6   TERMINATED   False      False      False           True       True       False        False                False       False                  4           12.178     0.648256   0.778123   0.725203 │
│ bohb_train_be337151   TERMINATED   False      False      False           False      False      True         True                 False       True                   1            2.27825   0.969776   0.77161    0.596659 │
│ bohb_train_f8395222   TERMINATED   False      False      False           True       False      False        False                False       False                  4           12.5624    0.605127   0.777235   0.746434 │
│ bohb_train_a5c4bc88   TERMINATED   True       True       False           True       True       False        True                 False       False                  1            7.04137   1.09668    0.537966   0.374472 │
│ bohb_train_6e8b3fc6   TERMINATED   False      False      False           True       False      False        True                 False       False                  2            5.57897   0.649471   0.765912   0.719122 │
│ bohb_train_9e054544   TERMINATED   True       True       False           True       True       False        True                 False       False                  4           27.3445    1.12087    0.597839   0.505676 │
│ bohb_train_05da3c2b   TERMINATED   False      False      False           True       False      False        False                False       False                  4           12.0085    0.605127   0.777235   0.746434 │
│ bohb_train_fedb51d5   TERMINATED   True       True       False           False      False      False        False                False       True                   2            7.29816   1.09846    0.658304   0.333333 │
│ bohb_train_dbd31fcf   TERMINATED   False      False      False           True       False      True         False                False       False                  4           10.5269    0.62301    0.783674   0.721861 │
│ bohb_train_5e1c94d0   TERMINATED   False      False      False           True       False      False        False                False       False                  4           10.7437    0.605127   0.777235   0.746434 │
│ bohb_train_75af2768   TERMINATED   False      False      False           True       False      False        False                False       False                  4           10.6142    0.605127   0.777235   0.746434 │
│ bohb_train_3efc3e56   TERMINATED   True       False      True            False      True       True         False                True        False                  1            3.88171   0.828845   0.765246   0.593773 │
│ bohb_train_0378b484   TERMINATED   False      False      False           True       False      False        False                False       False                  1            3.55165   0.663681   0.726243   0.711357 │
│ bohb_train_de173df8   TERMINATED   False      False      False           True       False      False        False                False       False                  2            5.55857   0.62293    0.749112   0.728586 │
│ bohb_train_0fe78f3a   TERMINATED   False      False      False           True       False      False        False                False       False                  4           11.491     0.605127   0.777235   0.746434 │
│ bohb_train_1cf6484c   TERMINATED   False      False      False           True       False      False        False                False       False                  2            5.41596   0.62293    0.749112   0.728586 │
│ bohb_train_0ddd9b68   TERMINATED   False      False      False           True       False      False        True                 False       False                  4           11.7376    0.605127   0.777235   0.746434 │
│ bohb_train_f8f6b8dc   TERMINATED   False      False      False           True       False      False        False                False       False                  4           10.2669    0.605127   0.777235   0.746434 │
│ bohb_train_98a4372d   TERMINATED   False      False      False           True       False      False        False                False       False                  4           10.6478    0.605127   0.777235   0.746434 │
│ bohb_train_31e64766   TERMINATED   False      False      False           True       False      False        False                False       False                  4            9.57813   0.605127   0.777235   0.746434 │
│ bohb_train_17510a48   TERMINATED   False      False      False           True       False      False        False                False       False                  4           10.9203    0.605127   0.777235   0.746434 │
│ bohb_train_56eb3efa   TERMINATED   False      False      False           True       False      False        False                False       False                  2            6.45565   0.62293    0.749112   0.728586 │
│ bohb_train_ac2bca8c   TERMINATED   True       False      False           True       False      False        False                False       False                  1            4.64488   0.862766   0.67577    0.597377 │
│ bohb_train_aa2c4852   TERMINATED   False      True       False           True       False      False        False                False       False                  4           17.4715    0.592289   0.775977   0.743448 │
│ bohb_train_f1d99f09   TERMINATED   False      True       True            True       True       False        True                 True        False                  1            7.40028   0.83335    0.666149   0.618911 │
│ bohb_train_d6f1f25b   TERMINATED   False      False      True            False      False      False        False                False       False                  2            5.00098   0.694772   0.766652   0.676831 │
│ bohb_train_6931d82e   TERMINATED   False      False      True            True       False      False        False                False       False                  4           12.4976    0.68177    0.707371   0.704092 │
│ bohb_train_a7de5c60   TERMINATED   False      False      False           True       False      True         False                False       False                  4           12.2796    0.678429   0.787448   0.716901 │
│ bohb_train_bbcc5593   TERMINATED   False      False      False           True       False      False        False                False       False                  4           10.7148    0.605127   0.777235   0.746434 │
│ bohb_train_2bcfdeaf   TERMINATED   False      False      False           True       False      False        False                False       False                  4           10.3515    0.605127   0.777235   0.746434 │
│ bohb_train_b0cf9332   TERMINATED   False      False      False           True       False      False        False                False       False                  4           10.2794    0.605127   0.777235   0.746434 │
│ bohb_train_c19fb3bf   TERMINATED   False      True       True            True       True       False        False                True        True                   1            6.64888   0.757321   0.687019   0.670717 │
│ bohb_train_4aa8686e   TERMINATED   False      False      False           True       False      False        False                False       False                  4           12.8236    0.605127   0.777235   0.746434 │
│ bohb_train_f682e3d7   TERMINATED   False      False      False           True       False      False        True                 False       False                  2            6.17687   0.640606   0.758437   0.720939 │
│ bohb_train_fcdc0389   TERMINATED   False      False      False           False      False      False        False                False       False                  1            2.0349    0.849133   0.781009   0.610505 │
│ bohb_train_d2cc0b70   TERMINATED   False      False      False           True       False      False        False                False       False                  4           11.7961    0.605127   0.777235   0.746434 │
│ bohb_train_613b0153   TERMINATED   True       True       False           False      True       False        False                True        True                   2           10.8324    1.09875    0.658304   0.333333 │
│ bohb_train_966bd64c   TERMINATED   False      False      False           True       False      False        False                False       False                  4           11.4505    0.605127   0.777235   0.746434 │
│ bohb_train_78494aff   TERMINATED   False      False      False           True       False      False        False                False       False                  4            9.82878   0.605127   0.777235   0.746434 │
│ bohb_train_8f10ecd7   TERMINATED   True       False      True            False      True       True         False                True        True                   4           16.5902    0.715514   0.771462   0.675978 │
│ bohb_train_7265df75   TERMINATED   False      False      False           True       False      False        False                False       False                  4            9.68075   0.605127   0.777235   0.746434 │
│ bohb_train_0898c979   TERMINATED   False      False      False           True       False      False        False                False       False                  1            2.67312   0.663681   0.726243   0.711357 │
│ bohb_train_593936d1   TERMINATED   False      False      False           True       False      False        False                False       False                  1            2.93502   0.663681   0.726243   0.711357 │
│ bohb_train_d7740299   TERMINATED   False      False      False           True       False      False        False                False       False                  2            5.76926   0.62293    0.749112   0.728586 │
│ bohb_train_450bd6f7   TERMINATED   False      False      False           True       False      False        False                False       False                  4           10.6702    0.605127   0.777235   0.746434 │
│ bohb_train_8f973a30   TERMINATED   False      False      False           True       False      False        False                False       False                  4           10.4975    0.605127   0.777235   0.746434 │
│ bohb_train_1825c5aa   TERMINATED   True       False      True            False      True       True         True                 False       True                   2            7.6309    0.895814   0.699082   0.56194  │
│ bohb_train_5e51fcc6   TERMINATED   False      False      False           True       False      False        False                False       True                   4            9.82723   0.599185   0.783378   0.744311 │
│ bohb_train_3fb21648   TERMINATED   False      False      False           True       False      False        False                False       False                  4            9.4966    0.605127   0.777235   0.746434 │
│ bohb_train_6c5f5848   TERMINATED   False      False      False           True       False      False        False                False       True                   4            9.73072   0.599185   0.783378   0.744311 │
│ bohb_train_2239d1fa   TERMINATED   True       False      False           False      True       False        True                 False       True                   4           14.2333    1.09849    0.658304   0.333333 │
│ bohb_train_25d18989   TERMINATED   False      True       True            False      True       False        False                True        False                  1            3.86023   1.10794    0.246226   0.333333 │
│ bohb_train_b8f1d3e1   TERMINATED   False      False      False           True       False      False        False                False       False                  4           11.9894    0.605127   0.777235   0.746434 │
│ bohb_train_1fc85400   TERMINATED   False      True       True            True       False      True         False                False       False                  2            8.82059   0.716697   0.624112   0.687652 │
│ bohb_train_db5fdbc4   TERMINATED   True       False      False           True       True       False        True                 False       False                  1            4.81343   1.09677    0.532046   0.402988 │
│ bohb_train_889e9e8d   TERMINATED   False      False      False           True       False      False        False                True        False                  4           13.6603    0.594296   0.757845   0.743456 │
│ bohb_train_538ab835   TERMINATED   False      False      False           True       False      False        False                False       False                  4           11.2283    0.605127   0.777235   0.746434 │
│ bohb_train_1c275c0e   TERMINATED   True       True       False           True       True       False        False                True        True                   2           15.6968    0.641943   0.763914   0.717892 │
│ bohb_train_54aa4313   TERMINATED   True       True       True            True       False      False        False                False       True                   4           21.4603    0.802862   0.661856   0.660086 │
│ bohb_train_022cbeb5   TERMINATED   True       False      True            True       True       False        True                 True        True                   4           24.065     0.789615   0.685095   0.655275 │
│ bohb_train_e487419d   TERMINATED   True       True       True            True       True       True         False                False       True                   4           27.8255    0.593832   0.786486   0.742825 │
│ bohb_train_9352b981   TERMINATED   True       True       True            True       True       True         False                True        False                  1            7.65548   0.97376    0.677916   0.53567  │
│ bohb_train_ac371d9d   TERMINATED   False      True       True            True       True       True         False                True        True                   1            6.43936   0.909374   0.615971   0.562854 │
│ bohb_train_3db0323c   TERMINATED   False      False      False           True       False      False        False                False       False                  4           12.1251    0.605127   0.777235   0.746434 │
│ bohb_train_a43e954c   TERMINATED   False      False      True            True       False      False        False                False       False                  2            6.07605   0.626551   0.755033   0.726939 │
│ bohb_train_5adb4ede   TERMINATED   True       False      False           True       False      True         False                True        False                  2            9.29162   0.715053   0.762433   0.656969 │
│ bohb_train_e37bf435   TERMINATED   False      False      False           True       False      False        False                False       False                  4           11.4433    0.605127   0.777235   0.746434 │
│ bohb_train_1389501b   TERMINATED   False      True       False           True       False      False        False                False       False                  4           16.3012    0.607534   0.781157   0.743633 │
│ bohb_train_c0934d61   TERMINATED   False      False      False           True       False      False        False                False       False                  4           10.7583    0.605127   0.777235   0.746434 │
│ bohb_train_d56094d3   TERMINATED   False      False      True            True       False      False        False                False       False                  4           11.3599    0.597466   0.754144   0.742002 │
│ bohb_train_5b5323ce   TERMINATED   False      False      False           True       False      False        False                False       True                   4           10.7918    0.599185   0.783378   0.744311 │
│ bohb_train_235a4c70   TERMINATED   False      True       False           True       False      True         True                 False       False                  1            5.2079    0.836243   0.702265   0.594833 │
│ bohb_train_642069ed   TERMINATED   False      False      False           True       False      False        False                False       False                  2            6.49727   0.62293    0.749112   0.728586 │
│ bohb_train_7b283f1a   TERMINATED   False      True       False           False      False      False        True                 True        False                  1            2.95663   0.81345    0.761693   0.623092 │
│ bohb_train_9fdb3763   TERMINATED   False      False      False           True       False      False        False                False       False                  4           11.6509    0.605127   0.777235   0.746434 │
│ bohb_train_387d9925   TERMINATED   False      False      False           True       False      True         False                False       False                  2            5.85757   0.640078   0.774941   0.716248 │
│ bohb_train_d0b32fe0   TERMINATED   False      False      False           True       False      False        False                False       True                   4           11.7987    0.599185   0.783378   0.744311 │
│ bohb_train_3a41be22   TERMINATED   False      False      False           True       False      False        False                False       False                  4           10.6895    0.605127   0.777235   0.746434 │
│ bohb_train_683e3317   TERMINATED   False      False      False           True       False      False        False                False       False                  4           10.6661    0.605127   0.777235   0.746434 │
│ bohb_train_44c9ff9b   TERMINATED   False      True       False           True       True       True         True                 False       True                   4           21.8414    0.793746   0.697972   0.647291 │
│ bohb_train_f04a2a29   TERMINATED   False      False      False           True       False      False        False                False       False                  4           10.9038    0.605127   0.777235   0.746434 │
│ bohb_train_fe7df57b   TERMINATED   False      False      False           True       False      False        False                False       False                  2            5.82453   0.62293    0.749112   0.728586 │
│ bohb_train_1b0ef6b3   TERMINATED   False      False      False           True       False      False        False                False       False                  4           12.4573    0.605127   0.777235   0.746434 │
│ bohb_train_4674d18a   TERMINATED   False      True       True            False      False      True         True                 True        False                  1            4.17435   0.768684   0.729352   0.638347 │
│ bohb_train_13b67d5b   TERMINATED   True       True       True            True       False      True         True                 False       True                   1            6.16859   1.02939    0.567866   0.496312 │
│ bohb_train_9a9ade9a   TERMINATED   False      True       True            False      False      False        False                False       True                   2            7.34921   0.744919   0.773313   0.663105 │
│ bohb_train_0e044537   TERMINATED   False      False      False           True       False      False        False                False       False                  4           11.6555    0.605127   0.777235   0.746434 │
│ bohb_train_3ef87fd2   TERMINATED   False      False      False           True       False      False        False                False       False                  4           10.1291    0.605127   0.777235   0.746434 │
│ bohb_train_94030d26   TERMINATED   False      False      False           True       False      False        False                False       False                  4           10.7568    0.605127   0.777235   0.746434 │
│ bohb_train_f3d71776   TERMINATED   False      False      False           True       False      False        False                False       False                  4           10.7926    0.605127   0.777235   0.746434 │
│ bohb_train_191309e5   TERMINATED   False      False      True            True       False      False        False                False       False                  4           11.5967    0.613252   0.764654   0.728561 │
│ bohb_train_275098ad   TERMINATED   False      False      False           True       False      False        False                False       False                  1            3.02867   0.663681   0.726243   0.711357 │
│ bohb_train_52b6a77d   TERMINATED   False      False      False           True       False      False        False                False       False                  2            5.80038   0.62293    0.749112   0.728586 │
│ bohb_train_db499663   TERMINATED   False      False      False           True       False      False        False                False       False                  4           12.5991    0.605127   0.777235   0.746434 │
│ bohb_train_321f1c9e   TERMINATED   False      True       False           True       False      True         False                False       False                  1            4.90282   0.724396   0.667999   0.699546 │
│ bohb_train_66a89c06   TERMINATED   True       False      True            True       True       True         False                True        False                  2           12.3952    0.810483   0.707223   0.609098 │
│ bohb_train_7db6463b   TERMINATED   False      False      False           True       False      False        False                False       False                  4           11.5312    0.605127   0.777235   0.746434 │
│ bohb_train_b94e3083   TERMINATED   False      False      True            True       False      False        False                False       False                  4           11.2104    0.634459   0.758807   0.723077 │
│ bohb_train_910e9e08   TERMINATED   False      False      False           True       False      False        False                True        False                  4           13.0396    0.591602   0.76643    0.746444 │
│ bohb_train_b57e9c35   TERMINATED   False      False      False           True       False      False        False                False       True                   4           10.9445    0.599185   0.783378   0.744311 │
│ bohb_train_bf47873c   TERMINATED   False      False      False           True       False      False        False                False       False                  4            9.64649   0.605127   0.777235   0.746434 │
│ bohb_train_cd073511   TERMINATED   False      False      False           True       False      False        False                False       False                  1            2.68245   0.663681   0.726243   0.711357 │
│ bohb_train_054d75cc   TERMINATED   True       False      False           True       False      False        False                False       False                  2            8.98645   0.64761    0.742081   0.714576 │
│ bohb_train_b16ca878   TERMINATED   True       True       True            False      False      False        True                 True        True                   1            3.93883   1.09844    0.658304   0.333333 │
│ bohb_train_41c7414b   TERMINATED   False      False      False           True       False      False        False                False       False                  4           11.4324    0.605127   0.777235   0.746434 │
│ bohb_train_65489517   TERMINATED   False      False      False           True       True       False        False                False       False                  2            6.27382   0.671655   0.76643    0.708568 │
│ bohb_train_a35d908a   TERMINATED   False      True       False           True       True       True         False                False       True                   4           21.3404    0.622147   0.80336    0.736785 │
│ bohb_train_37a6251a   TERMINATED   False      False      False           True       False      False        False                False       False                  4           11.4232    0.605127   0.777235   0.746434 │
│ bohb_train_163aa0ab   TERMINATED   True       False      True            True       True       True         True                 True        False                  4           24.1319    0.925384   0.670441   0.628648 │
│ bohb_train_e2650bd1   TERMINATED   False      False      False           True       False      False        False                False       False                  4           10.5822    0.605127   0.777235   0.746434 │
│ bohb_train_491cb7ba   TERMINATED   False      True       True            True       True       False        True                 True        False                  4           24.0097    0.652418   0.740749   0.715047 │
│ bohb_train_7b86f257   TERMINATED   False      False      False           True       False      False        False                False       False                  4           12.6207    0.605127   0.777235   0.746434 │
│ bohb_train_052a94d2   TERMINATED   False      False      False           True       False      False        True                 True        False                  2            7.90266   0.722985   0.720101   0.693527 │
│ bohb_train_ab76db40   TERMINATED   False      False      False           False      False      False        False                False       False                  1            2.06963   0.849133   0.781009   0.610505 │
│ bohb_train_0e24f853   TERMINATED   False      False      False           True       True       False        False                True        False                  1            4.42375   0.711873   0.75185    0.679504 │
│ bohb_train_7fe649c1   TERMINATED   False      False      False           True       False      False        False                False       False                  4           11.5881    0.605127   0.777235   0.746434 │
│ bohb_train_e86ffaa9   TERMINATED   False      True       False           True       False      False        False                False       False                  2            8.15135   0.820483   0.681838   0.63871  │
│ bohb_train_2f0f4c43   TERMINATED   False      False      False           True       False      False        False                False       False                  4            9.95011   0.605127   0.777235   0.746434 │
│ bohb_train_088248f2   TERMINATED   False      False      False           True       False      False        False                False       False                  4           10.449     0.605127   0.777235   0.746434 │
│ bohb_train_c2e9a38b   TERMINATED   True       False      False           True       False      False        False                False       True                   4           16.2229    0.659848   0.724985   0.705181 │
│ bohb_train_6b16522d   TERMINATED   False      False      False           True       False      False        False                False       True                   4           10.9423    0.599185   0.783378   0.744311 │
│ bohb_train_1e92adcf   TERMINATED   False      True       False           True       False      False        False                False       False                  2            8.93432   0.723782   0.706187   0.65888  │
│ bohb_train_b6e4354f   TERMINATED   False      False      False           True       True       False        False                True        False                  1            4.40261   0.711873   0.75185    0.679504 │
│ bohb_train_ce7b877b   TERMINATED   False      True       False           True       False      False        False                False       False                  4           17.5562    0.598871   0.775755   0.742697 │
│ bohb_train_ed9a0fab   TERMINATED   False      True       False           True       True       True         False                False       True                   1            4.89045   0.717036   0.744449   0.666373 │
│ bohb_train_f6605b2f   TERMINATED   False      False      False           True       False      False        False                False       False                  4           11.6523    0.605127   0.777235   0.746434 │
│ bohb_train_60300ad1   TERMINATED   False      False      False           True       False      True         False                True        False                  4           13.9867    0.64216    0.710332   0.727337 │
│ bohb_train_47a11229   TERMINATED   True       False      True            False      False      False        False                True        True                   2            6.32306   0.717911   0.741563   0.672577 │
│ bohb_train_7226794f   TERMINATED   False      True       True            False      False      True         True                 False       False                  4           13.1166    0.627686   0.775681   0.719576 │
│ bohb_train_19520ec5   TERMINATED   False      False      False           True       False      False        False                False       False                  4           10.7495    0.605127   0.777235   0.746434 │
│ bohb_train_f7f629b5   TERMINATED   False      False      False           True       False      False        False                False       False                  4            9.73166   0.605127   0.777235   0.746434 │
│ bohb_train_6a250604   TERMINATED   True       True       False           False      False      False        False                False       False                  1            4.22827   1.09845    0.658304   0.333333 │
│ bohb_train_13f7e35e   TERMINATED   False      True       False           False      True       True         False                True        True                   1            4.90266   1.05671    0.783896   0.539544 │
│ bohb_train_eefe0b89   TERMINATED   False      False      False           True       False      False        False                False       False                  2            5.53059   0.62293    0.749112   0.728586 │
│ bohb_train_a32724d7   TERMINATED   False      False      False           True       False      False        False                False       False                  4           12.1012    0.605127   0.777235   0.746434 │
│ bohb_train_21b5b3b4   TERMINATED   False      False      False           True       False      False        False                False       False                  2            5.75301   0.62293    0.749112   0.728586 │
│ bohb_train_692f0243   TERMINATED   False      False      False           True       False      False        False                False       False                  4           10.9422    0.605127   0.777235   0.746434 │
│ bohb_train_5901b81d   TERMINATED   False      False      False           True       False      False        False                False       False                  4           10.6477    0.605127   0.777235   0.746434 │
│ bohb_train_293d30bf   TERMINATED   False      False      False           True       False      False        True                 False       False                  4           10.7255    0.614767   0.770574   0.736569 │
│ bohb_train_b53c4f71   TERMINATED   False      False      False           True       False      False        False                False       False                  4           10.507     0.605127   0.777235   0.746434 │
│ bohb_train_0dd45580   TERMINATED   False      False      False           True       False      False        False                False       False                  4           10.8326    0.605127   0.777235   0.746434 │
│ bohb_train_c91a24fc   TERMINATED   False      False      False           True       False      False        False                False       False                  2            5.61507   0.62293    0.749112   0.728586 │
│ bohb_train_2a621867   TERMINATED   True       True       True            False      True       True         False                True        True                   1            6.00361   0.87939    0.615453   0.561957 │
│ bohb_train_6c360eb1   TERMINATED   False      False      False           True       False      False        False                False       True                   1            2.62672   0.652949   0.73394    0.711282 │
│ bohb_train_a28f6849   TERMINATED   False      False      False           True       False      False        False                False       False                  4           10.8819    0.605127   0.777235   0.746434 │
│ bohb_train_ce72bf32   TERMINATED   True       False      False           True       True       False        False                True        True                   2           11.625     1.08928    0.477946   0.39259  │
│ bohb_train_f15ea689   TERMINATED   False      False      False           True       False      False        False                False       False                  4           11.4499    0.605127   0.777235   0.746434 │
│ bohb_train_68ae93bb   TERMINATED   False      False      False           True       False      False        False                False       False                  4            9.91968   0.605127   0.777235   0.746434 │
│ bohb_train_a3f27bd4   TERMINATED   True       False      False           False      False      False        True                 False       True                   4           11.6812    1.09848    0.658304   0.333333 │
│ bohb_train_dc4f7f15   TERMINATED   False      False      False           True       False      False        False                False       True                   4           11.0111    0.599185   0.783378   0.744311 │
│ bohb_train_11ca29d1   TERMINATED   False      False      False           True       False      False        False                False       False                  4           10.7991    0.605127   0.777235   0.746434 │
│ bohb_train_88b909e6   TERMINATED   False      False      False           True       False      False        False                False       False                  1            2.52249   0.663681   0.726243   0.711357 │
│ bohb_train_a00ac3da   TERMINATED   False      False      False           True       False      False        False                False       False                  1            3.30801   0.663681   0.726243   0.711357 │
│ bohb_train_09c0d439   TERMINATED   False      False      False           True       False      False        False                False       False                  2            6.5582    0.62293    0.749112   0.728586 │
│ bohb_train_a830c5c0   TERMINATED   False      False      False           True       False      False        False                False       False                  4           10.27      0.605127   0.777235   0.746434 │
│ bohb_train_1768e639   TERMINATED   False      False      False           True       False      False        False                False       False                  4           11.5105    0.605127   0.777235   0.746434 │
│ bohb_train_fb739cee   TERMINATED   False      False      True            True       False      False        False                False       False                  2            6.0012    0.63342    0.747706   0.719137 │
│ bohb_train_24a7ebde   TERMINATED   False      False      False           True       False      False        False                False       False                  4           10.8306    0.605127   0.777235   0.746434 │
│ bohb_train_203e1786   TERMINATED   True       False      True            False      False      True         False                True        True                   4           12.7452    1.09843    0.658304   0.333333 │
│ bohb_train_e422e242   TERMINATED   False      False      False           True       False      False        False                False       False                  4           10.6406    0.605127   0.777235   0.746434 │
│ bohb_train_ecf964d4   TERMINATED   False      False      False           True       False      False        False                False       False                  4           10.5336    0.605127   0.777235   0.746434 │
│ bohb_train_e6cb0a37   TERMINATED   False      False      False           True       False      False        False                False       False                  1            2.51317   0.663681   0.726243   0.711357 │
│ bohb_train_c4f7d500   TERMINATED   False      False      False           True       False      False        False                False       False                  2            6.42693   0.62293    0.749112   0.728586 │
│ bohb_train_0a6858d9   TERMINATED   False      False      False           True       False      False        False                False       False                  4           12.9819    0.605127   0.777235   0.746434 │
│ bohb_train_51ead630   TERMINATED   False      False      False           True       False      True         False                False       False                  1            2.66745   0.652656   0.768058   0.703764 │
│ bohb_train_1498bad7   TERMINATED   False      False      False           False      False      True         False                False       True                   4            9.77833   0.658549   0.825488   0.719065 │
│ bohb_train_1f6bf821   TERMINATED   False      False      False           True       False      False        False                False       False                  4           11.6026    0.605127   0.777235   0.746434 │
│ bohb_train_b9538057   TERMINATED   True       False      False           True       False      False        False                True        False                  2           10.05      0.944971   0.543739   0.578735 │
│ bohb_train_8da29cdb   TERMINATED   False      False      False           True       False      False        False                False       False                  4            9.92099   0.605127   0.777235   0.746434 │
│ bohb_train_127abade   TERMINATED   False      False      False           True       False      False        False                False       False                  4           10.6571    0.605127   0.777235   0.746434 │
│ bohb_train_8ff7e60d   TERMINATED   False      False      False           True       False      False        False                False       False                  4           10.598     0.605127   0.777235   0.746434 │
│ bohb_train_4cdf85a0   TERMINATED   False      False      False           True       False      False        False                False       False                  1            2.70224   0.663681   0.726243   0.711357 │
│ bohb_train_411f5e8e   TERMINATED   False      False      False           True       False      False        False                False       False                  2            5.80017   0.62293    0.749112   0.728586 │
│ bohb_train_0220025c   TERMINATED   False      False      True            True       False      False        False                False       False                  1            3.65523   0.671611   0.738159   0.702568 │
│ bohb_train_eb476e4f   TERMINATED   False      False      False           True       False      False        False                False       False                  4           11.9764    0.605127   0.777235   0.746434 │
│ bohb_train_d12b558f   TERMINATED   True       False      False           False      True       False        False                False       True                   2            8.13001   1.0985     0.658304   0.333333 │
│ bohb_train_0847fa1e   TERMINATED   False      False      False           True       False      False        False                False       True                   4           11.1764    0.599185   0.783378   0.744311 │
│ bohb_train_ec65c190   TERMINATED   False      False      False           True       False      False        False                False       False                  4           10.6825    0.605127   0.777235   0.746434 │
│ bohb_train_fc9988e5   TERMINATED   False      False      False           True       False      False        False                False       False                  4           10.6878    0.605127   0.777235   0.746434 │
│ bohb_train_397c92eb   TERMINATED   False      False      False           True       False      False        False                False       False                  4            9.63327   0.605127   0.777235   0.746434 │
│ bohb_train_9676dcab   TERMINATED   False      False      False           True       False      False        False                False       True                   4           11.0388    0.599185   0.783378   0.744311 │
│ bohb_train_890e83cb   TERMINATED   False      False      False           True       False      False        False                False       False                  1            2.5637    0.663681   0.726243   0.711357 │
│ bohb_train_ade7224b   TERMINATED   False      False      False           True       False      False        False                False       False                  2            7.18838   0.62293    0.749112   0.728586 │
│ bohb_train_f9ae1b33   TERMINATED   False      False      False           True       False      False        False                False       False                  4           11.903     0.605127   0.777235   0.746434 │
│ bohb_train_e4bd5df3   TERMINATED   True       True       True            True       False      True         True                 False       True                   1            5.94235   0.686801   0.708333   0.698761 │
│ bohb_train_bfd30065   TERMINATED   True       False      True            True       True       True         False                False       True                   4           22.1023    0.777675   0.786412   0.694559 │
│ bohb_train_bd44732d   TERMINATED   False      True       False           True       False      False        False                False       False                  2            7.9365    0.820483   0.681838   0.63871  │
│ bohb_train_0dd27b87   TERMINATED   False      False      True            False      False      True         True                 True        True                   4            9.86409   0.765556   0.767466   0.693615 │
│ bohb_train_5c5c347a   TERMINATED   False      False      False           True       False      False        False                False       False                  4           10.6816    0.605127   0.777235   0.746434 │
│ bohb_train_5d871c4c   TERMINATED   True       True       False           True       False      False        False                True        True                   4           23.4889    1.01488    0.735124   0.476842 │
│ bohb_train_6b1577ff   TERMINATED   False      True       False           False      True       False        True                 False       False                  4           16.9264    1.0985     0.658304   0.333333 │
│ bohb_train_e809ac92   TERMINATED   False      True       True            False      True       True         True                 False       True                   1            5.12294   0.775225   0.721803   0.625417 │
│ bohb_train_388d7967   TERMINATED   False      True       True            False      False      True         True                 False       True                   1            3.36142   0.908817   0.706113   0.543048 │
│ bohb_train_1e0ac0fe   TERMINATED   False      False      False           True       False      False        False                False       False                  4           12.7439    0.605127   0.777235   0.746434 │
│ bohb_train_50295b0d   TERMINATED   False      False      False           False      False      False        False                True        True                   2            4.72723   0.699083   0.780565   0.68127  │
│ bohb_train_76da1bc3   TERMINATED   True       False      True            False      True       False        False                True        False                  2            7.67877   0.88308    0.687833   0.581881 │
│ bohb_train_87cf85c3   TERMINATED   False      False      False           True       False      False        False                False       False                  4           11.5556    0.605127   0.777235   0.746434 │
│ bohb_train_97d8f14a   TERMINATED   False      False      False           True       False      False        False                False       False                  4           10.604     0.605127   0.777235   0.746434 │
│ bohb_train_7ff04993   TERMINATED   False      False      True            True       False      False        False                False       False                  4           11.4456    0.613252   0.764654   0.728561 │
│ bohb_train_c0bf6d1a   TERMINATED   False      True       False           True       True       False        False                False       False                  4           19.2805    0.657827   0.76532    0.72186  │
│ bohb_train_6e688b16   TERMINATED   False      False      False           True       False      False        False                False       False                  4           10.6336    0.605127   0.777235   0.746434 │
│ bohb_train_f1865572   TERMINATED   True       True       True            False      False      True         False                True        False                  1            3.59782   0.886038   0.69405    0.56397  │
│ bohb_train_4ee20606   TERMINATED   False      False      False           True       False      False        False                False       False                  2            6.36586   0.62293    0.749112   0.728586 │
│ bohb_train_0054a3bd   TERMINATED   False      False      False           True       False      False        False                False       False                  4           11.7199    0.605127   0.777235   0.746434 │
│ bohb_train_5243b94e   TERMINATED   False      True       False           False      True       True         True                 True        True                   1            4.06211   0.947988   0.731276   0.559498 │
│ bohb_train_6745847b   TERMINATED   False      False      False           True       False      False        False                False       False                  2            6.05193   0.62293    0.749112   0.728586 │
│ bohb_train_9197bb5a   TERMINATED   False      False      False           True       False      False        False                False       False                  4           10.4156    0.605127   0.777235   0.746434 │
│ bohb_train_a2b7303c   TERMINATED   False      False      False           True       False      False        False                False       False                  4            9.46691   0.605127   0.777235   0.746434 │
│ bohb_train_cb3d4817   TERMINATED   False      False      False           True       False      False        False                False       False                  4            9.70165   0.605127   0.777235   0.746434 │
│ bohb_train_35a64f29   TERMINATED   False      False      False           True       False      False        False                False       True                   4            9.7756    0.599185   0.783378   0.744311 │
│ bohb_train_d268672f   TERMINATED   True       True       True            True       True       False        True                 False       True                   4           25.5588    0.797658   0.678434   0.646605 │
│ bohb_train_d636a3ca   TERMINATED   False      False      False           True       False      False        False                False       False                  1            3.04982   0.663681   0.726243   0.711357 │
│ bohb_train_71d1fbfb   TERMINATED   True       True       True            True       False      False        False                False       True                   1            5.61388   1.37776    0.658304   0.333333 │
│ bohb_train_8fd2658f   TERMINATED   False      False      False           True       False      False        False                False       False                  2            5.83513   0.62293    0.749112   0.728586 │
│ bohb_train_06b0a9e6   TERMINATED   False      False      False           True       False      False        False                False       False                  4           10.9813    0.605127   0.777235   0.746434 │
│ bohb_train_b385a56c   TERMINATED   False      False      True            True       True       True         False                False       False                  4           13.5042    0.681188   0.800918   0.711663 │
│ bohb_train_5716d6c9   TERMINATED   False      False      False           True       False      True         True                 True        False                  4           13.6622    0.634665   0.792777   0.719451 │
│ bohb_train_435054bf   TERMINATED   True       False      False           True       False      False        False                True        False                  2            8.91249   0.703947   0.774867   0.671521 │
│ bohb_train_563a0528   TERMINATED   False      False      False           True       False      False        False                False       False                  4            9.82456   0.605127   0.777235   0.746434 │
│ bohb_train_32ae08b1   TERMINATED   True       True       False           False      False      True         False                False       True                   4           13.0756    0.696799   0.751258   0.680518 │
│ bohb_train_771cd0cd   TERMINATED   True       False      False           False      True       False        True                 False       True                   4           15.2039    0.816352   0.721655   0.613607 │
│ bohb_train_1434c078   TERMINATED   False      False      False           True       False      False        False                False       False                  2            7.16945   0.62293    0.749112   0.728586 │
│ bohb_train_6b917050   TERMINATED   False      False      True            True       False      False        False                False       False                  1            2.76599   0.6745     0.73024    0.70192  │
│ bohb_train_bd2f1e55   TERMINATED   False      False      False           True       False      False        False                False       True                   1            3.47507   0.652949   0.73394    0.711282 │
│ bohb_train_a3a6afb2   TERMINATED   False      False      False           True       False      False        False                False       False                  4           11.7168    0.605127   0.777235   0.746434 │
│ bohb_train_7e022ef5   TERMINATED   False      True       False           True       True       True         True                 False       True                   4           21.0887    0.671764   0.737493   0.696862 │
│ bohb_train_8007a2f6   TERMINATED   False      True       False           True       True       False        True                 True        True                   2           12.6449    0.834248   0.661042   0.629462 │
│ bohb_train_d050dca6   TERMINATED   False      False      False           True       False      False        False                False       False                  4           11.5167    0.605127   0.777235   0.746434 │
│ bohb_train_6bee606e   TERMINATED   False      False      False           True       False      False        True                 False       False                  4           11.0613    0.603687   0.78619    0.743756 │
│ bohb_train_2783b0fa   TERMINATED   False      True       False           False      True       True         False                False       True                   4           16.0539    0.959713   0.660228   0.572536 │
│ bohb_train_92202f62   TERMINATED   False      False      False           True       False      False        False                False       False                  4            9.73793   0.605127   0.777235   0.746434 │
│ bohb_train_80886f53   TERMINATED   False      False      False           True       False      False        False                False       False                  4           12.6431    0.605127   0.777235   0.746434 │
│ bohb_train_5c3d067a   TERMINATED   True       True       True            True       True       False        False                False       False                  1            7.01053   0.989401   0.550178   0.503542 │
│ bohb_train_59d10d07   TERMINATED   False      False      False           True       False      True         False                False       False                  2            6.76384   0.640078   0.774941   0.716248 │
│ bohb_train_e8588860   TERMINATED   True       True       False           True       True       False        True                 False       False                  1            6.7009    1.02748    0.596285   0.478665 │
│ bohb_train_acfbdf02   TERMINATED   False      False      False           True       False      False        False                False       False                  4           12.057     0.605127   0.777235   0.746434 │
│ bohb_train_019196ab   TERMINATED   False      False      True            True       False      False        False                True        False                  4           16.0094    0.606211   0.753404   0.73943  │
│ bohb_train_c1558c64   TERMINATED   False      False      False           True       False      False        True                 False       False                  2            6.17153   0.657528   0.748594   0.713867 │
│ bohb_train_d6ca3f23   TERMINATED   False      False      False           True       False      False        True                 False       False                  4           10.9777    0.605127   0.777235   0.746434 │
│ bohb_train_cee47f49   TERMINATED   False      False      False           True       False      False        False                False       False                  4            9.75866   0.605127   0.777235   0.746434 │
│ bohb_train_831e2103   TERMINATED   False      False      False           True       True       False        False                False       False                  4           12.6591    0.648256   0.778123   0.725203 │
│ bohb_train_25d43f42   TERMINATED   False      False      False           False      True       True         False                True        True                   1            3.50027   1.0613     0.780121   0.561088 │
│ bohb_train_48877af6   TERMINATED   False      True       False           False      True       False        True                 False       True                   4           17.6439    0.735215   0.70034    0.67815  │
│ bohb_train_9b95d932   TERMINATED   True       False      True            False      True       True         False                True        True                   1            4.65177   1.035      0.73098    0.554142 │
│ bohb_train_4e263d67   TERMINATED   True       True       False           True       True       True         True                 True        False                  2           15.2919    0.819833   0.631143   0.611017 │
│ bohb_train_11eb005e   TERMINATED   False      False      False           True       False      False        False                False       False                  4           11.5546    0.605127   0.777235   0.746434 │
│ bohb_train_f8188448   TERMINATED   True       True       True            True       True       True         False                False       True                   2           14.6603    0.836319   0.760657   0.603824 │
│ bohb_train_1d31a3b7   TERMINATED   False      False      False           True       False      False        True                 False       False                  4           11.7056    0.585342   0.78878    0.748005 │
│ bohb_train_65cab884   TERMINATED   True       True       True            True       False      False        False                False       False                  4           20.7135    0.907737   0.649571   0.555772 │
│ bohb_train_8e5b5f00   TERMINATED   False      False      False           True       False      False        False                False       False                  4           11.6243    0.605127   0.777235   0.746434 │
│ bohb_train_1fa3ac44   TERMINATED   True       True       True            True       False      False        True                 True        True                   4           24.8839    0.869653   0.694346   0.616248 │
│ bohb_train_3ec5c327   TERMINATED   True       False      False           False      True       False        True                 False       False                  2            8.05643   0.72572    0.702265   0.667641 │
│ bohb_train_c22a98a0   TERMINATED   True       False      False           True       False      False        False                False       False                  1            5.00156   0.869601   0.60413    0.612364 │
│ bohb_train_93eb608d   TERMINATED   False      False      False           True       False      False        True                 False       False                  4           12.1611    0.597742   0.783822   0.739085 │
│ bohb_train_3fb6f391   TERMINATED   False      False      False           True       True       True         True                 False       True                   1            3.3072    0.909214   0.557578   0.553971 │
│ bohb_train_dc037b03   TERMINATED   False      True       False           True       False      False        False                True        False                  2            9.86984   0.643132   0.746374   0.721829 │
│ bohb_train_86a2f767   TERMINATED   False      False      False           True       False      False        False                False       False                  4           11.6659    0.605127   0.777235   0.746434 │
│ bohb_train_5d6ea519   TERMINATED   False      False      False           True       False      False        False                False       False                  4            9.73908   0.605127   0.777235   0.746434 │
│ bohb_train_90067db7   TERMINATED   True       True       False           True       False      False        True                 True        True                   4           24.3977    0.765063   0.690275   0.66099  │
│ bohb_train_8ec9ca99   TERMINATED   False      True       False           True       False      False        True                 False       True                   4           17.5615    0.731752   0.74593    0.68614  │
│ bohb_train_645f9d17   TERMINATED   False      False      False           True       False      False        False                False       False                  4           10.5664    0.605127   0.777235   0.746434 │
│ bohb_train_64260056   TERMINATED   False      False      False           True       False      False        False                False       False                  1            3.4006    0.663681   0.726243   0.711357 │
│ bohb_train_f828b52f   TERMINATED   False      False      False           True       False      False        False                False       False                  2            6.16549   0.62293    0.749112   0.728586 │
│ bohb_train_b55ec0a2   TERMINATED   False      False      False           True       False      False        False                False       False                  4           11.9202    0.605127   0.777235   0.746434 │
│ bohb_train_c52fa40d   TERMINATED   False      False      False           True       False      True         True                 False       False                  1            3.08762   0.919243   0.588588   0.640748 │
│ bohb_train_faa9246c   TERMINATED   False      False      False           True       False      False        False                False       False                  4           11.7713    0.605127   0.777235   0.746434 │
│ bohb_train_37b19300   TERMINATED   False      False      True            False      False      False        False                False       False                  2            4.9375    0.762949   0.69368    0.652415 │
│ bohb_train_323ab3af   TERMINATED   False      False      False           True       False      False        False                False       False                  4           10.9114    0.605127   0.777235   0.746434 │
│ bohb_train_1c8577f2   TERMINATED   False      False      False           True       False      False        False                False       False                  4            9.92916   0.605127   0.777235   0.746434 │
│ bohb_train_7a6ff8f9   TERMINATED   False      False      False           True       False      False        False                False       False                  4           10.6269    0.605127   0.777235   0.746434 │
│ bohb_train_09b4f0bb   TERMINATED   False      False      False           True       False      False        False                False       False                  4           10.4595    0.605127   0.777235   0.746434 │
│ bohb_train_ad0012e8   TERMINATED   False      False      False           True       False      False        False                False       False                  1            3.02689   0.663681   0.726243   0.711357 │
│ bohb_train_2310a2fa   TERMINATED   False      False      False           True       False      False        False                False       False                  2            6.43619   0.62293    0.749112   0.728586 │
│ bohb_train_5d798f9d   TERMINATED   False      False      False           True       False      False        False                False       False                  4           11.2242    0.605127   0.777235   0.746434 │
│ bohb_train_5d31d9b0   TERMINATED   False      False      True            True       True       False        False                False       True                   1            3.16778   0.790688   0.675548   0.656255 │
│ bohb_train_0644236e   TERMINATED   False      False      False           True       False      False        False                False       False                  4           11.4739    0.605127   0.777235   0.746434 │
│ bohb_train_0a6d8e8b   TERMINATED   False      False      True            True       True       False        True                 True        False                  2            8.24468   0.665397   0.747928   0.713039 │
│ bohb_train_8158809b   TERMINATED   False      False      False           True       False      False        False                False       False                  4           10.8121    0.605127   0.777235   0.746434 │
│ bohb_train_8d45bbdf   TERMINATED   True       True       True            True       False      False        True                 False       True                   4           22.2729    0.670453   0.751998   0.722274 │
│ bohb_train_2e0dc7a5   TERMINATED   True       False      False           True       False      False        False                False       False                  4           14.7178    0.613329   0.782194   0.727497 │
│ bohb_train_fe8ae975   TERMINATED   False      False      False           True       False      False        False                False       False                  4           10.5771    0.605127   0.777235   0.746434 │
│ bohb_train_b1e53cf1   TERMINATED   True       True       True            True       True       True         False                False       True                   1            6.86561   1.01915    0.64143    0.471231 │
│ bohb_train_0d8e482e   TERMINATED   False      False      False           True       False      False        False                False       False                  2            6.56549   0.62293    0.749112   0.728586 │
│ bohb_train_8f38f8c2   TERMINATED   False      False      False           True       False      False        False                False       False                  4           11.3035    0.605127   0.777235   0.746434 │
│ bohb_train_c48a479b   TERMINATED   False      False      True            False      False      False        True                 False       True                   1            2.89745   0.810223   0.744227   0.614548 │
│ bohb_train_e08a89e2   TERMINATED   True       False      False           True       True       True         False                True        False                  2           11.3953    0.637577   0.785746   0.720315 │
│ bohb_train_7a8c2da7   TERMINATED   False      False      False           True       False      False        False                False       False                  4           10.9563    0.605127   0.777235   0.746434 │
│ bohb_train_ad91ae2c   TERMINATED   False      False      False           True       False      False        False                False       False                  4           10.7519    0.605127   0.777235   0.746434 │
│ bohb_train_600512af   TERMINATED   False      False      False           True       False      False        False                False       False                  4           10.8628    0.605127   0.777235   0.746434 │
│ bohb_train_707817cd   TERMINATED   False      False      False           True       False      False        False                False       False                  4           10.8135    0.605127   0.777235   0.746434 │
│ bohb_train_a9197529   TERMINATED   False      False      False           True       False      False        False                False       False                  4           10.6845    0.605127   0.777235   0.746434 │
│ bohb_train_62209b7d   TERMINATED   False      False      False           True       False      False        False                False       False                  2            6.83991   0.62293    0.749112   0.728586 │
│ bohb_train_562bc45a   TERMINATED   False      True       False           True       True       False        False                True        True                   1            6.23522   0.67559    0.754144   0.697783 │
│ bohb_train_f39227d9   TERMINATED   False      False      False           True       False      False        False                False       True                   1            2.81372   0.652949   0.73394    0.711282 │
│ bohb_train_597ef9c9   TERMINATED   False      False      False           True       False      False        False                False       False                  4           11.5524    0.605127   0.777235   0.746434 │
│ bohb_train_dc79cb51   TERMINATED   False      False      False           True       False      False        False                False       False                  4           11.2006    0.605127   0.777235   0.746434 │
│ bohb_train_5e95a38b   TERMINATED   False      False      False           True       False      False        False                False       False                  4           11.7328    0.605127   0.777235   0.746434 │
│ bohb_train_509a9447   TERMINATED   False      False      False           True       True       False        False                False       False                  2            6.8649    0.671655   0.76643    0.708568 │
│ bohb_train_5313b868   TERMINATED   False      True       False           True       True       True         True                 True        True                   4           23.8369    0.639512   0.818236   0.725076 │
│ bohb_train_42ef15f8   TERMINATED   True       False      True            False      True       True         False                True        False                  4           14.4341    1.02666    0.739861   0.590026 │
│ bohb_train_2754af79   TERMINATED   False      False      False           True       False      False        False                False       False                  4           10.7897    0.605127   0.777235   0.746434 │
│ bohb_train_f8c5658f   TERMINATED   False      False      False           True       False      False        False                False       False                  2            6.39549   0.62293    0.749112   0.728586 │
│ bohb_train_ea7641db   TERMINATED   False      False      False           True       False      False        False                False       False                  4           12.1674    0.605127   0.777235   0.746434 │
│ bohb_train_8076b6aa   TERMINATED   True       True       False           False      True       False        True                 True        False                  1            5.78134   0.900614   0.687315   0.572735 │
│ bohb_train_6390cf48   TERMINATED   False      False      False           True       True       False        True                 True        False                  1            4.02048   0.711873   0.75185    0.679504 │
│ bohb_train_ace1bb1c   TERMINATED   False      False      False           True       False      False        False                False       False                  4           11.2735    0.605127   0.777235   0.746434 │
│ bohb_train_62e847dd   TERMINATED   False      False      True            True       False      False        False                False       False                  4           12.1788    0.646074   0.725059   0.718204 │
│ bohb_train_2993a5c6   TERMINATED   False      False      False           False      True       True         True                 False       True                   2            5.54128   0.92412    0.655491   0.548441 │
│ bohb_train_95ba06f1   TERMINATED   False      False      False           True       False      False        False                False       False                  4           10.7373    0.605127   0.777235   0.746434 │
│ bohb_train_d60bd91f   TERMINATED   False      False      False           True       True       False        False                True        False                  4           15.0927    0.622695   0.765468   0.730293 │
│ bohb_train_e188e81a   TERMINATED   False      False      False           True       False      False        False                False       False                  4           10.361     0.605127   0.777235   0.746434 │
│ bohb_train_1be872cd   TERMINATED   True       True       True            True       False      False        True                 True        True                   1            6.59472   0.881886   0.654011   0.569089 │
│ bohb_train_a8b4f31d   TERMINATED   True       False      False           True       True       False        False                True        False                  1            6.04817   0.951663   0.62167    0.541993 │
│ bohb_train_38e5d4fc   TERMINATED   False      False      False           True       False      False        False                False       False                  2            6.96913   0.62293    0.749112   0.728586 │
│ bohb_train_24af7371   TERMINATED   False      False      False           True       False      False        False                False       False                  4           11.8801    0.605127   0.777235   0.746434 │
│ bohb_train_787c9a97   TERMINATED   True       False      True            True       False      False        True                 True        False                  2            9.76107   0.849974   0.659932   0.64452  │
│ bohb_train_57b408e9   TERMINATED   False      False      False           True       False      False        False                False       False                  4           11.6425    0.605127   0.777235   0.746434 │
│ bohb_train_ac20d932   TERMINATED   False      False      False           True       False      False        False                False       False                  4           10.8621    0.605127   0.777235   0.746434 │
│ bohb_train_c0980f60   TERMINATED   False      True       False           True       True       False        False                False       False                  4           20.2732    0.662207   0.77124    0.706836 │
│ bohb_train_6c9e513d   TERMINATED   False      False      False           True       False      False        False                False       False                  4            9.82758   0.605127   0.777235   0.746434 │
│ bohb_train_ccd0b51d   TERMINATED   False      False      False           True       False      True         False                False       False                  4           10.8566    0.678429   0.787448   0.716901 │
│ bohb_train_c4aefc62   TERMINATED   True       False      False           False      True       False        False                False       True                   2            8.2406    0.71454    0.778049   0.670019 │
│ bohb_train_058aa930   TERMINATED   False      False      False           True       False      False        True                 False       False                  4           13.0058    0.612967   0.779751   0.734404 │
│ bohb_train_b2912db3   TERMINATED   True       True       True            False      False      True         True                 False       False                  1            3.59642   0.789945   0.755699   0.619531 │
│ bohb_train_3af6729f   TERMINATED   False      False      True            True       True       True         True                 True        True                   1            4.78387   0.910017   0.617377   0.554814 │
│ bohb_train_d64b9d1a   TERMINATED   False      False      False           False      True       False        True                 True        False                  2            5.37648   0.849794   0.718028   0.609393 │
│ bohb_train_96f381d5   TERMINATED   False      False      True            True       False      False        False                False       False                  4           11.7933    0.618419   0.757993   0.726478 │
│ bohb_train_e6dd585e   TERMINATED   False      False      False           True       False      False        False                False       False                  4           10.5055    0.605127   0.777235   0.746434 │
│ bohb_train_db135bfc   TERMINATED   True       False      False           False      True       False        True                 False       True                   4           15.4112    0.7203     0.777235   0.676459 │
│ bohb_train_4e55a6ab   TERMINATED   True       True       True            True       False      True         False                True        False                  4           24.5346    0.853664   0.654233   0.603341 │
│ bohb_train_df91bf6c   TERMINATED   False      False      True            True       True       True         True                 False       False                  4           13.7733    0.851969   0.698194   0.613757 │
│ bohb_train_57950c05   TERMINATED   False      False      False           True       False      False        False                False       False                  1            3.01005   0.663681   0.726243   0.711357 │
│ bohb_train_ebcf63f5   TERMINATED   False      True       True            False      True       False        False                False       True                   1            4.90742   0.815271   0.738233   0.617263 │
│ bohb_train_12780a32   TERMINATED   False      False      False           True       False      False        False                False       False                  2            5.56846   0.62293    0.749112   0.728586 │
│ bohb_train_80d8ace9   TERMINATED   False      False      False           True       False      False        False                False       False                  4           11.5154    0.605127   0.777235   0.746434 │
│ bohb_train_ce3d5e26   TERMINATED   True       True       False           True       False      False        False                False       True                   2           10.6561    1.05848    0.714994   0.50014  │
│ bohb_train_418474b3   TERMINATED   False      False      False           True       False      False        False                False       False                  4           11.6781    0.605127   0.777235   0.746434 │
│ bohb_train_35654ebd   TERMINATED   True       True       True            False      True       True         False                True        False                  4           21.0833    0.792259   0.769538   0.651187 │
│ bohb_train_93efbade   TERMINATED   False      False      True            True       False      False        False                False       True                   4           11.7209    0.631462   0.744449   0.728117 │
│ bohb_train_574c163e   TERMINATED   False      False      True            True       False      False        True                 True        False                  4           13.9298    0.664808   0.725725   0.713338 │
│ bohb_train_2fbe9964   TERMINATED   False      False      False           True       False      True         False                False       False                  4           10.9104    0.678429   0.787448   0.716901 │
│ bohb_train_0213acf7   TERMINATED   True       True       False           True       False      False        False                False       True                   1            5.49171   1.08444    0.480018   0.396775 │
│ bohb_train_027fc36e   TERMINATED   False      False      False           True       False      False        False                False       False                  4           13.0641    0.605127   0.777235   0.746434 │
│ bohb_train_24fb233f   TERMINATED   True       False      False           False      True       False        False                True        True                   2            9.09384   0.750474   0.726983   0.650933 │
│ bohb_train_464c2461   TERMINATED   True       False      True            True       True       True         False                True        True                   1            6.47953   0.832999   0.722321   0.59098  │
│ bohb_train_61f4a9c1   TERMINATED   True       False      True            True       False      False        False                False       True                   4           18.2913    0.658809   0.732534   0.710241 │
│ bohb_train_4f80de83   TERMINATED   False      True       False           True       True       False        True                 False       True                   2           10.83      0.807593   0.683541   0.620395 │
│ bohb_train_132a33f2   TERMINATED   False      False      False           True       True       True         True                 True        True                   4           15.5064    0.645912   0.755033   0.733695 │
│ bohb_train_d7403ddb   TERMINATED   False      False      False           True       False      False        False                False       False                  4           10.4807    0.605127   0.777235   0.746434 │
│ bohb_train_202c17da   TERMINATED   False      True       False           True       True       True         False                False       False                  4           20.6079    0.670349   0.739121   0.694308 │
│ bohb_train_f1574a7f   TERMINATED   False      False      False           True       False      False        False                False       False                  4           10.6847    0.605127   0.777235   0.746434 │
│ bohb_train_803509ad   TERMINATED   False      False      False           True       False      False        False                False       False                  2            6.45896   0.62293    0.749112   0.728586 │
│ bohb_train_1021ffaf   TERMINATED   False      False      False           True       False      False        False                False       False                  4           11.1606    0.605127   0.777235   0.746434 │
│ bohb_train_d280c569   TERMINATED   False      False      True            True       True       False        False                False       False                  1            3.14105   0.778645   0.703671   0.657198 │
│ bohb_train_d9ba2195   TERMINATED   False      True       True            True       True       True         False                False       True                   1            6.07319   0.701795   0.768132   0.678199 │
│ bohb_train_b36b5b2e   TERMINATED   False      False      False           True       False      False        False                False       False                  2            5.71762   0.62293    0.749112   0.728586 │
│ bohb_train_a8c86769   TERMINATED   False      False      False           True       False      False        False                False       False                  4           10.9135    0.605127   0.777235   0.746434 │
│ bohb_train_f23c65a9   TERMINATED   False      False      False           True       False      False        False                False       False                  4           10.0994    0.605127   0.777235   0.746434 │
│ bohb_train_7fc773dc   TERMINATED   False      False      False           True       False      False        False                False       False                  4           10.5322    0.605127   0.777235   0.746434 │
│ bohb_train_8ef69250   TERMINATED   False      False      False           True       False      True         False                False       False                  4           11.0189    0.62301    0.783674   0.721861 │
│ bohb_train_62ed7f2b   TERMINATED   False      True       False           True       True       True         True                 False       False                  4           19.7317    0.711652   0.707593   0.681216 │
│ bohb_train_9675daef   TERMINATED   True       False      True            True       False      True         True                 True        False                  1            5.57248   0.891005   0.674512   0.568711 │
│ bohb_train_75b4624c   TERMINATED   True       False      False           False      True       True         False                True        True                   1            5.01651   0.846395   0.688943   0.59267  │
│ bohb_train_ac84c4b1   TERMINATED   False      False      False           True       False      False        False                False       False                  2            5.49185   0.62293    0.749112   0.728586 │
│ bohb_train_3f8f53b4   TERMINATED   False      False      False           True       False      False        False                False       False                  4           10.5289    0.605127   0.777235   0.746434 │
│ bohb_train_7b712a05   TERMINATED   False      False      False           True       False      False        False                False       False                  4           10.5109    0.605127   0.777235   0.746434 │
│ bohb_train_7754effd   TERMINATED   False      False      True            False      False      True         True                 False       False                  2            5.07722   0.786911   0.685317   0.642495 │
│ bohb_train_531c37aa   TERMINATED   False      False      False           True       False      False        False                False       False                  4            9.67771   0.605127   0.777235   0.746434 │
│ bohb_train_dd483345   TERMINATED   True       False      False           True       False      False        False                False       False                  4           14.2901    0.63421    0.732756   0.71674  │
│ bohb_train_c50700a0   TERMINATED   False      False      False           True       False      False        False                False       False                  4            9.61231   0.605127   0.777235   0.746434 │
│ bohb_train_27ef3450   TERMINATED   False      True       False           False      False      True         True                 True        True                   4           11.3675    0.728311   0.747188   0.66359  │
│ bohb_train_7debed6b   TERMINATED   False      False      False           True       False      False        False                False       False                  1            2.97285   0.663681   0.726243   0.711357 │
│ bohb_train_18ae4b39   TERMINATED   False      False      False           True       False      False        False                False       False                  1            3.06274   0.663681   0.726243   0.711357 │
│ bohb_train_bcefc6e8   TERMINATED   False      False      False           True       False      False        False                False       False                  2            5.50246   0.62293    0.749112   0.728586 │
│ bohb_train_5b843141   TERMINATED   False      False      False           True       False      False        False                False       False                  4           10.8118    0.605127   0.777235   0.746434 │
│ bohb_train_217755d4   TERMINATED   False      False      True            True       True       True         True                 True        False                  2            7.72963   0.853161   0.66193    0.623326 │
│ bohb_train_c71c1bec   TERMINATED   False      False      False           True       False      False        False                False       False                  4           10.9019    0.605127   0.777235   0.746434 │
│ bohb_train_fbe72fa0   TERMINATED   False      False      False           True       False      False        False                False       False                  4            9.7878    0.605127   0.777235   0.746434 │
│ bohb_train_5cf715b4   TERMINATED   False      False      False           False      True       True         False                False       False                  4            8.97971   0.713898   0.827043   0.7039   │
│ bohb_train_564f1028   TERMINATED   False      False      False           True       False      False        False                False       False                  4           10.0287    0.605127   0.777235   0.746434 │
│ bohb_train_14559811   TERMINATED   False      False      False           True       False      False        False                False       False                  4            9.86369   0.605127   0.777235   0.746434 │
│ bohb_train_40faa20f   TERMINATED   False      False      False           True       False      False        False                False       False                  1            3.57739   0.663681   0.726243   0.711357 │
│ bohb_train_df6b6527   TERMINATED   False      False      False           True       False      False        False                False       False                  2            5.57464   0.62293    0.749112   0.728586 │
│ bohb_train_4e088be8   TERMINATED   False      False      True            True       False      False        False                False       True                   1            2.79976   0.67542    0.721877   0.700934 │
│ bohb_train_1e55b55a   TERMINATED   False      False      False           True       False      False        False                False       False                  4           11.5169    0.605127   0.777235   0.746434 │
│ bohb_train_923ce521   TERMINATED   False      False      False           True       False      False        False                False       False                  2            5.60959   0.62293    0.749112   0.728586 │
│ bohb_train_2e2cf884   TERMINATED   False      False      False           True       False      False        False                False       False                  4           11.4222    0.605127   0.777235   0.746434 │
│ bohb_train_4bf022e9   TERMINATED   False      False      False           True       False      False        False                False       False                  4           10.2598    0.605127   0.777235   0.746434 │
│ bohb_train_61a404bd   TERMINATED   True       True       True            False      False      False        True                 False       True                   4           15.0672    1.09845    0.658304   0.333333 │
│ bohb_train_c7feaed0   TERMINATED   False      False      False           True       False      False        False                False       False                  4           10.7854    0.605127   0.777235   0.746434 │
│ bohb_train_fe25d4de   TERMINATED   False      False      False           True       False      False        False                False       False                  4           10.4853    0.605127   0.777235   0.746434 │
│ bohb_train_917e6ddb   TERMINATED   False      True       True            False      True       True         True                 True        False                  1            4.98675   0.814489   0.757845   0.606426 │
│ bohb_train_2133463a   TERMINATED   False      False      False           True       False      False        False                False       False                  2            6.5784    0.62293    0.749112   0.728586 │
│ bohb_train_92e7cdfa   TERMINATED   False      False      False           True       False      False        False                False       False                  4           11.9587    0.605127   0.777235   0.746434 │
│ bohb_train_87e11b8b   TERMINATED   False      False      False           True       False      False        True                 False       False                  1            2.75577   0.687218   0.744005   0.695819 │
│ bohb_train_019a1ee2   TERMINATED   True       False      True            True       True       False        False                True        True                   4           24.7342    0.630974   0.760139   0.727311 │
│ bohb_train_04e0b967   TERMINATED   True       True       False           False      True       False        False                False       True                   2           10.1592    0.737558   0.701081   0.678498 │
│ bohb_train_50e79640   TERMINATED   False      False      False           True       False      False        False                False       False                  4           10.7418    0.605127   0.777235   0.746434 │
│ bohb_train_435f83a1   TERMINATED   False      False      False           True       False      False        False                False       False                  4           10.4613    0.605127   0.777235   0.746434 │
│ bohb_train_737966b6   TERMINATED   False      False      False           True       False      False        False                False       False                  4           10.7538    0.605127   0.777235   0.746434 │
│ bohb_train_ab8aadde   TERMINATED   False      False      False           True       False      False        False                True        True                   4           13.5677    0.580019   0.775533   0.74724  │
│ bohb_train_c3425592   TERMINATED   False      False      False           True       False      False        False                False       False                  2            5.50375   0.62293    0.749112   0.728586 │
│ bohb_train_5299e60e   TERMINATED   False      False      False           False      False      False        False                False       False                  1            3.07445   0.849133   0.781009   0.610505 │
│ bohb_train_3c004194   TERMINATED   True       True       True            False      False      False        False                False       True                   1            4.50886   1.09844    0.658304   0.333333 │
│ bohb_train_db62b8a0   TERMINATED   False      False      False           True       False      False        False                False       False                  4           11.7562    0.605127   0.777235   0.746434 │
│ bohb_train_1d4408a2   TERMINATED   False      False      False           True       False      False        False                False       False                  2            5.59688   0.62293    0.749112   0.728586 │
│ bohb_train_c20a58bf   TERMINATED   False      False      False           True       False      False        False                False       False                  4           11.4259    0.605127   0.777235   0.746434 │
│ bohb_train_374fbd2b   TERMINATED   False      False      False           True       False      False        False                False       False                  4           10.3462    0.605127   0.777235   0.746434 │
│ bohb_train_3624f286   TERMINATED   True       True       False           False      False      True         True                 True        True                   4           16.2388    1.09844    0.658304   0.333333 │
│ bohb_train_f55d01a4   TERMINATED   False      False      False           True       False      False        False                False       False                  4            9.57499   0.605127   0.777235   0.746434 │
│ bohb_train_598d80e1   TERMINATED   False      False      False           True       False      True         False                False       False                  4           10.9782    0.678429   0.787448   0.716901 │
│ bohb_train_4ef1950c   TERMINATED   False      False      False           True       False      False        False                False       False                  1            2.67419   0.663681   0.726243   0.711357 │
│ bohb_train_a5a5dbda   TERMINATED   False      False      True            True       True       True         False                False       False                  1            3.58797   0.808887   0.685909   0.623505 │
│ bohb_train_54e1570b   TERMINATED   False      False      False           True       False      False        False                False       False                  2            5.35417   0.62293    0.749112   0.728586 │
│ bohb_train_df930727   TERMINATED   False      False      False           True       False      False        False                False       False                  4           10.9309    0.605127   0.777235   0.746434 │
│ bohb_train_fa93e928   TERMINATED   False      False      False           True       False      False        True                 False       False                  4           11.9546    0.595756   0.779825   0.73499  │
│ bohb_train_76c2f037   TERMINATED   False      False      False           True       False      False        False                False       False                  4           11.1708    0.605127   0.777235   0.746434 │
│ bohb_train_24479b0a   TERMINATED   True       False      True            True       False      True         True                 True        True                   2           10.3315    0.808737   0.734088   0.643804 │
│ bohb_train_a31606b4   TERMINATED   False      False      False           False      True       True         True                 False       False                  4           12.3948    0.794883   0.734754   0.642155 │
│ bohb_train_f2296349   TERMINATED   False      False      False           True       False      True         False                False       False                  4           11.2177    0.678429   0.787448   0.716901 │
│ bohb_train_26f6dccd   TERMINATED   False      False      False           True       False      False        False                False       False                  4           10.2525    0.605127   0.777235   0.746434 │
│ bohb_train_8258ff0b   TERMINATED   False      False      False           True       False      False        False                False       False                  2            7.14195   0.62293    0.749112   0.728586 │
│ bohb_train_7ca32bb6   TERMINATED   False      True       False           True       False      False        True                 False       False                  4           17.6891    0.607534   0.781157   0.743633 │
│ bohb_train_caea7ddc   TERMINATED   True       False      False           True       True       False        True                 False       True                   1            5.46974   0.9722     0.670515   0.527041 │
│ bohb_train_ba2a8909   TERMINATED   True       True       True            False      True       True         True                 True        False                  1            5.8133    0.85697    0.763173   0.574685 │
│ bohb_train_e1445ede   TERMINATED   False      True       False           True       False      False        False                True        False                  4           20.5103    0.641943   0.71455    0.715359 │
│ bohb_train_2055656c   TERMINATED   False      False      False           True       False      False        False                False       False                  4           11.8977    0.605127   0.777235   0.746434 │
│ bohb_train_ab3ec3a0   TERMINATED   True       True       True            True       False      False        False                False       True                   2           11.0473    1.09539    0.685613   0.386798 │
│ bohb_train_357aadf0   TERMINATED   True       False      False           True       False      False        False                False       False                  4           16.0027    0.63421    0.732756   0.71674  │
│ bohb_train_834d274a   TERMINATED   False      True       True            True       True       False        False                False       True                   4           20.6916    0.681983   0.743857   0.7049   │
│ bohb_train_65499b2e   TERMINATED   False      True       True            True       False      True         True                 False       True                   4           18.3227    0.63227    0.748668   0.724621 │
│ bohb_train_4c22eaa9   TERMINATED   False      False      False           True       False      False        False                False       False                  1            2.57977   0.663681   0.726243   0.711357 │
│ bohb_train_56791e36   TERMINATED   False      False      False           True       False      False        False                False       False                  2            6.87498   0.62293    0.749112   0.728586 │
│ bohb_train_82006f77   TERMINATED   False      False      False           False      False      False        False                True        True                   1            2.25672   0.764701   0.766282   0.638976 │
│ bohb_train_95f1d3b0   TERMINATED   False      False      False           True       False      False        False                False       False                  4           11.8787    0.605127   0.777235   0.746434 │
│ bohb_train_59fc8f43   TERMINATED   False      False      False           True       False      False        False                False       False                  2            5.40867   0.62293    0.749112   0.728586 │
│ bohb_train_22d26579   TERMINATED   False      False      False           True       False      False        False                False       False                  4           11.7571    0.605127   0.777235   0.746434 │
│ bohb_train_5d1f6c70   TERMINATED   False      False      False           True       False      False        False                False       False                  4           10.6985    0.605127   0.777235   0.746434 │
│ bohb_train_dff04223   TERMINATED   False      False      False           True       False      False        False                False       False                  4           10.6396    0.605127   0.777235   0.746434 │
│ bohb_train_1af561c4   TERMINATED   False      False      False           True       False      False        False                False       False                  4           10.095     0.605127   0.777235   0.746434 │
│ bohb_train_f6366283   TERMINATED   True       True       True            False      True       False        True                 True        False                  4           21.2938    1.09852    0.658304   0.333333 │
│ bohb_train_fe1d9c10   TERMINATED   False      False      False           True       False      False        False                False       False                  2            5.69538   0.62293    0.749112   0.728586 │
│ bohb_train_3ce7a169   TERMINATED   False      False      False           True       False      False        False                False       False                  4           11.762     0.605127   0.777235   0.746434 │
│ bohb_train_ac45cb20   TERMINATED   False      False      False           False      False      False        False                False       False                  1            2.12741   0.849133   0.781009   0.610505 │
│ bohb_train_20e303fb   TERMINATED   False      False      False           True       False      True         True                 True        False                  1            3.15767   0.891957   0.655121   0.645947 │
│ bohb_train_4aabf4f8   TERMINATED   True       False      True            True       True       False        False                False       True                   4           21.5876    0.694747   0.745337   0.694552 │
│ bohb_train_38546298   TERMINATED   False      True       True            True       True       False        False                False       False                  2           10.6594    0.830335   0.644316   0.62299  │
│ bohb_train_5eba8102   TERMINATED   False      True       True            True       True       False        False                True        False                  4           24.7561    0.671851   0.741563   0.705568 │
│ bohb_train_0db3f187   TERMINATED   False      False      False           True       False      False        False                False       False                  4           10.5167    0.605127   0.777235   0.746434 │
│ bohb_train_bd94c5db   TERMINATED   False      False      False           True       True       False        True                 True        False                  4           15.9218    0.622695   0.765468   0.730293 │
│ bohb_train_7ffbb474   TERMINATED   False      False      False           False      False      False        False                True        True                   4            7.78285   0.630769   0.793295   0.723482 │
│ bohb_train_d25d045c   TERMINATED   False      False      False           True       False      False        False                False       False                  4           12.1539    0.605127   0.777235   0.746434 │
│ bohb_train_5787fb1c   TERMINATED   False      True       False           True       True       False        True                 False       False                  1            5.70223   0.82815    0.721433   0.609317 │
│ bohb_train_dbea6968   TERMINATED   False      False      True            True       False      False        False                False       False                  2            6.80747   0.703693   0.730462   0.687053 │
│ bohb_train_573e0792   TERMINATED   False      False      True            False      False      True         False                True        True                   1            2.75637   0.774713   0.750444   0.627828 │
│ bohb_train_d8bd7205   TERMINATED   False      False      False           True       False      False        False                False       False                  4           10.6789    0.605127   0.777235   0.746434 │
│ bohb_train_c4398635   TERMINATED   False      False      False           True       False      False        True                 False       False                  4           13.6662    0.667082   0.747336   0.721378 │
│ bohb_train_cf8ec4b5   TERMINATED   False      False      False           False      False      False        True                 False       True                   2            5.10526   0.765629   0.801954   0.644192 │
│ bohb_train_01f4420c   TERMINATED   False      False      False           True       True       True         True                 True        True                   4           16.0208    0.629048   0.826155   0.722559 │
│ bohb_train_0704e725   TERMINATED   False      False      False           True       True       True         True                 True        True                   4           16.2985    0.584382   0.804248   0.735098 │
│ bohb_train_9e969b1e   TERMINATED   False      False      True            False      True       True         False                False       True                   4           11.1986    0.598949   0.800844   0.737552 │
│ bohb_train_ccc64238   TERMINATED   False      False      False           True       False      False        False                False       False                  1            3.63582   0.663681   0.726243   0.711357 │
│ bohb_train_2ca924a3   TERMINATED   False      False      False           True       False      False        False                False       False                  1            2.68791   0.663681   0.726243   0.711357 │
│ bohb_train_4e3a7b5e   TERMINATED   False      False      False           True       False      False        False                False       False                  2            7.27825   0.62293    0.749112   0.728586 │
│ bohb_train_32bd201e   TERMINATED   False      False      False           True       False      False        False                False       False                  4           11.5756    0.605127   0.777235   0.746434 │
│ bohb_train_dd7e3446   TERMINATED   True       False      True            True       False      False        False                False       False                  2            8.40643   1.09843    0.658304   0.333333 │
│ bohb_train_436dc1f3   TERMINATED   False      False      False           False      False      False        False                False       False                  4            8.10568   0.718007   0.800696   0.675999 │
│ bohb_train_26949ba5   TERMINATED   True       True       False           True       True       False        True                 True        True                   4           29.7541    0.914344   0.567496   0.599346 │
│ bohb_train_d93d0466   TERMINATED   False      False      False           True       False      False        False                False       False                  4           10.5759    0.605127   0.777235   0.746434 │
│ bohb_train_235d813e   TERMINATED   True       True       False           False      True       False        True                 True        True                   4           19.8494    1.09861    0.658304   0.333333 │
│ bohb_train_08895490   TERMINATED   True       False      True            False      False      False        True                 True        True                   4           13.6096    1.09843    0.658304   0.333333 │
│ bohb_train_a995aaaa   TERMINATED   False      False      False           False      False      True         True                 False       True                   1            2.61588   0.72216    0.741489   0.654774 │
│ bohb_train_73443cfb   TERMINATED   False      False      False           True       False      False        False                False       False                  2            6.62587   0.62293    0.749112   0.728586 │
│ bohb_train_56408784   TERMINATED   False      False      False           True       False      False        False                False       False                  4           11.6106    0.605127   0.777235   0.746434 │
│ bohb_train_3339b18f   TERMINATED   True       False      True            False      True       False        False                True        False                  1            4.09192   0.83495    0.731572   0.609551 │
│ bohb_train_71a1c2dd   TERMINATED   False      False      False           True       False      False        False                False       False                  4           11.6966    0.605127   0.777235   0.746434 │
│ bohb_train_301daa47   TERMINATED   True       True       False           False      False      True         False                True        True                   2            8.03853   0.804262   0.70034    0.623891 │
│ bohb_train_384a74ca   TERMINATED   False      False      True            True       False      False        False                True        False                  4           13.8345    0.650301   0.71492    0.717469 │
│ bohb_train_0c51a081   TERMINATED   True       False      False           True       True       True         True                 True        False                  4           22.9257    0.692825   0.732904   0.686593 │
│ bohb_train_76597572   TERMINATED   False      False      True            True       False      True         False                False       True                   4           12.1178    0.648547   0.74778    0.708231 │
│ bohb_train_d48f93d3   TERMINATED   False      True       False           True       False      False        True                 False       False                  4           17.4535    0.591551   0.783526   0.743536 │
│ bohb_train_e9d0af16   TERMINATED   False      False      False           True       False      False        False                False       False                  1            2.55878   0.663681   0.726243   0.711357 │
│ bohb_train_37354b89   TERMINATED   False      False      False           True       False      False        False                False       False                  1            2.60728   0.663681   0.726243   0.711357 │
│ bohb_train_03eaa371   TERMINATED   False      False      False           True       False      False        False                False       False                  2            6.40505   0.62293    0.749112   0.728586 │
│ bohb_train_243d16c9   TERMINATED   False      False      False           True       False      False        False                False       False                  4           11.7967    0.605127   0.777235   0.746434 │
│ bohb_train_810a6fb1   TERMINATED   True       False      True            False      True       False        False                False       False                  2            7.49385   0.733748   0.693976   0.671283 │
│ bohb_train_63cb8cab   TERMINATED   False      True       False           True       False      False        False                False       False                  4           17.6253    0.5963     0.76976    0.741019 │
│ bohb_train_963f302f   TERMINATED   False      False      False           True       False      False        False                False       False                  4           10.8073    0.605127   0.777235   0.746434 │
│ bohb_train_21114542   TERMINATED   False      False      False           True       False      False        False                False       False                  4           11.0582    0.605127   0.777235   0.746434 │
│ bohb_train_71d70d9e   TERMINATED   True       False      True            False      False      False        False                False       False                  4           12.118     0.716058   0.756661   0.665541 │
│ bohb_train_d4fb87ff   TERMINATED   False      False      False           True       False      False        False                False       False                  4           10.4994    0.605127   0.777235   0.746434 │
│ bohb_train_eca23bc4   TERMINATED   True       True       False           False      True       False        False                True        True                   1            5.62753   0.812595   0.726539   0.609271 │
│ bohb_train_78c2ecc7   TERMINATED   False      True       False           False      False      False        True                 False       True                   1            4.03925   1.09849    0.658304   0.333333 │
│ bohb_train_8c3960c1   TERMINATED   False      False      False           True       False      False        False                False       False                  4           10.9151    0.605127   0.777235   0.746434 │
│ bohb_train_9525425f   TERMINATED   False      False      True            True       False      False        False                True        True                   2            8.39112   0.615039   0.757401   0.726615 │
│ bohb_train_617065b7   TERMINATED   False      False      False           True       False      False        False                False       False                  2            5.68719   0.62293    0.749112   0.728586 │
│ bohb_train_04b422b0   TERMINATED   False      False      False           True       False      False        False                False       False                  4           12.5123    0.605127   0.777235   0.746434 │
│ bohb_train_f9fd98c4   TERMINATED   False      False      False           True       False      False        False                False       False                  4           10.842     0.605127   0.777235   0.746434 │
│ bohb_train_a1cffdce   TERMINATED   False      False      False           True       False      False        False                False       False                  4           10.695     0.605127   0.777235   0.746434 │
│ bohb_train_2b01dc01   TERMINATED   True       False      False           True       False      False        False                False       False                  4           16.1238    0.675893   0.724319   0.70083  │
│ bohb_train_3d154683   TERMINATED   False      False      False           True       False      False        False                False       False                  4            9.97968   0.605127   0.777235   0.746434 │
│ bohb_train_ab8caa40   TERMINATED   False      False      False           True       False      False        False                False       False                  2            6.62225   0.62293    0.749112   0.728586 │
│ bohb_train_1f5e3bbc   TERMINATED   False      False      False           True       True       False        False                True        False                  1            3.56745   0.711873   0.75185    0.679504 │
│ bohb_train_cf2d246a   TERMINATED   False      False      False           True       False      False        False                False       False                  4           11.6833    0.605127   0.777235   0.746434 │
│ bohb_train_990463eb   TERMINATED   False      False      True            True       True       False        False                False       False                  1            3.12362   0.778645   0.703671   0.657198 │
│ bohb_train_42f23873   TERMINATED   False      False      False           True       False      False        False                False       False                  4           11.7811    0.605127   0.777235   0.746434 │
│ bohb_train_861b7076   TERMINATED   True       False      False           True       False      False        False                False       False                  2            7.95572   0.64761    0.742081   0.714576 │
│ bohb_train_fcf9d470   TERMINATED   False      False      False           True       False      False        False                False       False                  4           10.8322    0.605127   0.777235   0.746434 │
│ bohb_train_80d715bd   TERMINATED   False      False      False           True       False      False        False                False       False                  4           10.7524    0.605127   0.777235   0.746434 │
│ bohb_train_d59d9224   TERMINATED   True       False      False           True       True       True         False                False       True                   4           19.4736    0.681542   0.741415   0.692916 │
│ bohb_train_f2be3df3   TERMINATED   False      True       False           True       False      False        False                False       False                  4           16.6617    0.5963     0.76976    0.741019 │
│ bohb_train_9d276df6   TERMINATED   False      False      False           True       False      False        False                False       False                  4           11.9287    0.605127   0.777235   0.746434 │
│ bohb_train_4ebd855b   TERMINATED   False      False      True            True       False      False        False                False       False                  2            7.58368   0.688616   0.722913   0.701038 │
│ bohb_train_c59647f6   TERMINATED   False      False      False           True       False      False        True                 True        False                  1            4.35809   0.705288   0.719435   0.685977 │
│ bohb_train_78fbaf91   TERMINATED   True       False      True            False      False      True         True                 True        True                   1            3.2037    0.792665   0.74926    0.612293 │
│ bohb_train_56304121   TERMINATED   False      True       False           True       False      False        False                False       False                  4           18.3273    0.635459   0.750222   0.719428 │
│ bohb_train_72f6f31f   TERMINATED   True       False      False           True       False      False        False                False       False                  2            7.78928   1.09847    0.658304   0.333333 │
│ bohb_train_aa2751b4   TERMINATED   False      False      False           True       False      False        False                False       False                  4            9.93192   0.605127   0.777235   0.746434 │
│ bohb_train_b20fc337   TERMINATED   False      True       False           True       True       True         True                 True        False                  4           22.3706    0.945132   0.616785   0.647761 │
│ bohb_train_4857617a   TERMINATED   False      False      True            False      True       False        True                 False       False                  4           11.2353    0.879627   0.622188   0.62586  │
│ bohb_train_36df0b14   TERMINATED   False      False      False           True       False      False        False                False       False                  4           10.4801    0.605127   0.777235   0.746434 │
│ bohb_train_676e8d99   TERMINATED   False      False      False           True       False      False        False                False       False                  1            3.18489   0.663681   0.726243   0.711357 │
│ bohb_train_0dd7f1d7   TERMINATED   True       True       False           True       False      True         False                False       False                  1            5.57905   0.653006   0.773979   0.7023   │
│ bohb_train_e81a23e5   TERMINATED   False      False      False           True       False      False        False                False       False                  2            7.23502   0.62293    0.749112   0.728586 │
│ bohb_train_d5d8b006   TERMINATED   False      False      False           True       False      False        False                False       False                  4           11.0983    0.605127   0.777235   0.746434 │
│ bohb_train_d5dd76c0   TERMINATED   False      False      False           True       False      False        False                False       False                  4           10.1512    0.605127   0.777235   0.746434 │
│ bohb_train_71d685c8   TERMINATED   False      False      False           True       False      False        False                False       False                  4           11.0025    0.605127   0.777235   0.746434 │
│ bohb_train_71df38ca   TERMINATED   False      False      False           True       False      False        True                 False       False                  2            5.50802   0.689551   0.75444    0.691067 │
│ bohb_train_f914da17   TERMINATED   False      False      False           True       False      False        False                False       False                  4            9.58165   0.605127   0.777235   0.746434 │
│ bohb_train_30a9baf7   TERMINATED   False      False      False           True       False      False        False                False       False                  4            9.44787   0.605127   0.777235   0.746434 │
│ bohb_train_1f2020a4   TERMINATED   False      False      False           True       False      False        False                False       False                  4            9.32321   0.605127   0.777235   0.746434 │
│ bohb_train_8aebf0ff   TERMINATED   True       False      False           True       False      True         False                True        False                  1            4.65529   0.760285   0.766578   0.620643 │
│ bohb_train_87345f97   TERMINATED   False      False      False           True       False      False        False                False       False                  2            5.93896   0.62293    0.749112   0.728586 │
│ bohb_train_89e239f8   TERMINATED   False      False      False           True       False      False        False                False       False                  4           10.9875    0.605127   0.777235   0.746434 │
│ bohb_train_c45ccb98   TERMINATED   False      False      True            True       False      False        False                False       False                  1            3.11261   0.714854   0.692052   0.682699 │
│ bohb_train_c910ab37   TERMINATED   True       False      False           False      False      True         True                 False       True                   4           11.4662    0.689434   0.775385   0.721916 │
│ bohb_train_c787d9ad   TERMINATED   False      False      False           True       False      False        False                False       False                  4           10.4805    0.605127   0.777235   0.746434 │
│ bohb_train_7f709172   TERMINATED   True       False      False           True       True       False        False                False       True                   2            9.33445   0.924083   0.629144   0.535754 │
│ bohb_train_b7872a2c   TERMINATED   False      False      False           True       False      False        False                False       False                  4            9.54883   0.605127   0.777235   0.746434 │
│ bohb_train_25cdeab1   TERMINATED   False      False      False           True       False      False        False                False       False                  4            9.44297   0.605127   0.777235   0.746434 │
│ bohb_train_6625a2ec   TERMINATED   False      True       False           False      True       False        True                 False       True                   4           14.4523    0.673321   0.813795   0.701494 │
│ bohb_train_2b9ff461   TERMINATED   False      False      False           True       False      False        False                False       False                  1            2.7832    0.663681   0.726243   0.711357 │
│ bohb_train_d2cf1021   TERMINATED   True       False      True            True       False      False        False                True        True                   1            4.93807   1.04337    0.663188   0.449386 │
│ bohb_train_427fce28   TERMINATED   False      False      False           True       False      False        False                False       False                  2            5.37917   0.62293    0.749112   0.728586 │
│ bohb_train_559c2cfb   TERMINATED   False      False      False           True       False      False        False                False       False                  4           11.8438    0.605127   0.777235   0.746434 │
│ bohb_train_92bf9d9d   TERMINATED   False      False      False           True       False      False        False                False       False                  4           11.3333    0.605127   0.777235   0.746434 │
│ bohb_train_73b8eeba   TERMINATED   False      True       False           True       True       False        True                 False       True                   2           12.2515    0.7441     0.728538   0.678195 │
│ bohb_train_e82caab2   TERMINATED   False      False      False           True       False      False        False                False       False                  4           10.947     0.605127   0.777235   0.746434 │
│ bohb_train_547f5904   TERMINATED   False      False      False           True       False      False        False                False       False                  4           10.965     0.605127   0.777235   0.746434 │
│ bohb_train_d8d1a1b3   TERMINATED   False      False      False           True       False      False        False                False       False                  4           10.6765    0.605127   0.777235   0.746434 │
│ bohb_train_f076c697   TERMINATED   False      True       False           True       True       True         False                True        True                   4           23.8702    0.625554   0.818606   0.727713 │
│ bohb_train_f7057ac3   TERMINATED   False      False      False           True       False      False        False                False       False                  2            6.45835   0.62293    0.749112   0.728586 │
│ bohb_train_961d4365   TERMINATED   False      True       True            True       True       True         True                 False       True                   1            6.52054   0.884556   0.675844   0.581377 │
│ bohb_train_30cbbf5f   TERMINATED   False      False      False           True       False      False        False                False       False                  4           11.0821    0.605127   0.777235   0.746434 │
│ bohb_train_d5f4fb80   TERMINATED   False      True       False           True       False      False        False                False       False                  1            4.2285    0.661553   0.722913   0.710565 │
│ bohb_train_eb5fc5a7   TERMINATED   False      False      False           True       False      False        False                False       False                  4           11.6656    0.605127   0.777235   0.746434 │
│ bohb_train_856e56d1   TERMINATED   False      False      False           True       False      False        False                False       False                  4           11.78      0.605127   0.777235   0.746434 │
│ bohb_train_0619c6dc   TERMINATED   True       False      False           True       False      False        False                True        False                  2            8.97218   0.675322   0.729278   0.704198 │
│ bohb_train_305ab6a0   TERMINATED   False      False      False           True       False      False        False                False       False                  4           10.4982    0.605127   0.777235   0.746434 │
│ bohb_train_3c5dbdb0   TERMINATED   False      True       True            False      False      True         False                True        False                  4           12.834     0.814876   0.720027   0.711484 │
│ bohb_train_9dcb3a94   TERMINATED   False      True       True            True       False      True         True                 True        True                   4           21.3433    0.643107   0.738825   0.707675 │
│ bohb_train_335d3645   TERMINATED   False      False      False           True       False      False        False                False       False                  1            2.68172   0.663681   0.726243   0.711357 │
│ bohb_train_ace8840a   TERMINATED   False      False      False           True       False      False        False                False       False                  2            6.97969   0.62293    0.749112   0.728586 │
│ bohb_train_b468a9d1   TERMINATED   False      False      False           False      False      False        True                 True        False                  1            2.63305   0.796721   0.763173   0.603316 │
│ bohb_train_f36b6e4a   TERMINATED   False      False      False           True       False      False        False                False       False                  4           11.9673    0.605127   0.777235   0.746434 │
│ bohb_train_136bf2a4   TERMINATED   False      False      False           True       False      False        False                False       False                  4           11.6723    0.605127   0.777235   0.746434 │
│ bohb_train_2b9ac6c7   TERMINATED   False      False      False           True       False      False        False                False       False                  4           12.7995    0.605127   0.777235   0.746434 │
│ bohb_train_6168dc72   TERMINATED   False      False      False           True       False      False        False                False       True                   2            5.65661   0.617998   0.755921   0.726642 │
│ bohb_train_df306bd0   TERMINATED   False      False      False           True       False      False        False                False       False                  4           10.1339    0.605127   0.777235   0.746434 │
│ bohb_train_91c4863f   TERMINATED   False      False      False           True       False      False        False                False       False                  4            9.67275   0.605127   0.777235   0.746434 │
│ bohb_train_862bcf84   TERMINATED   True       False      True            True       True       True         False                False       True                   4           20.4546    0.67548    0.760435   0.691324 │
│ bohb_train_b417a8e7   TERMINATED   True       False      False           True       True       True         True                 False       False                  1            5.66072   0.673717   0.778345   0.693829 │
│ bohb_train_87879d01   TERMINATED   False      False      False           True       False      False        False                False       False                  1            2.71999   0.663681   0.726243   0.711357 │
│ bohb_train_22cb7eaf   TERMINATED   False      False      False           True       False      False        False                False       False                  2            6.16184   0.62293    0.749112   0.728586 │
│ bohb_train_89f9302c   TERMINATED   False      False      False           True       False      False        False                False       False                  4           11.7376    0.605127   0.777235   0.746434 │
│ bohb_train_9ec6f00a   TERMINATED   False      False      False           True       False      False        False                False       False                  4           10.7979    0.605127   0.777235   0.746434 │
│ bohb_train_32dd69d4   TERMINATED   False      False      False           True       False      False        False                False       False                  4           10.8784    0.605127   0.777235   0.746434 │
│ bohb_train_43915400   TERMINATED   False      False      True            True       False      False        True                 True        True                   2            7.41844   0.639878   0.744671   0.719974 │
│ bohb_train_aeea5973   TERMINATED   False      False      False           True       False      False        True                 False       False                  4            9.97115   0.605127   0.777235   0.746434 │
│ bohb_train_33348c0e   TERMINATED   False      False      False           True       False      False        False                False       False                  4           10.9753    0.605127   0.777235   0.746434 │
│ bohb_train_472df77c   TERMINATED   True       False      False           False      False      True         True                 True        False                  4           11.9276    0.706342   0.769908   0.680268 │
│ bohb_train_b46543fb   TERMINATED   False      False      False           True       False      False        False                False       False                  2            5.5783    0.62293    0.749112   0.728586 │
│ bohb_train_f2d68a38   TERMINATED   False      False      False           True       False      False        False                False       False                  4           12.6377    0.605127   0.777235   0.746434 │
│ bohb_train_9fcce18a   TERMINATED   False      False      False           True       True       False        False                False       False                  1            3.8221    0.717268   0.759177   0.678133 │
│ bohb_train_86afb834   TERMINATED   False      False      True            False      False      False        False                False       True                   1            2.42636   0.746888   0.752294   0.638353 │
│ bohb_train_c72ad693   TERMINATED   True       False      True            False      False      False        False                False       True                   2            6.23858   0.752731   0.792259   0.662025 │
│ bohb_train_a0ce0ed5   TERMINATED   False      False      False           True       False      False        False                False       False                  4           11.5126    0.605127   0.777235   0.746434 │
│ bohb_train_02676f6b   TERMINATED   False      False      False           True       False      False        False                False       False                  4           10.777     0.605127   0.777235   0.746434 │
│ bohb_train_d6229fd0   TERMINATED   False      False      False           True       False      False        False                False       False                  4           10.7088    0.605127   0.777235   0.746434 │
│ bohb_train_cb80aa9c   TERMINATED   False      False      False           True       False      False        False                False       False                  4           10.8366    0.605127   0.777235   0.746434 │
│ bohb_train_7fe49e0b   TERMINATED   True       True       False           True       False      True         False                False       False                  4           20.4605    0.79884    0.681986   0.624127 │
│ bohb_train_9b62771d   TERMINATED   True       True       True            False      True       True         True                 True        False                  1            6.122     0.870359   0.726169   0.571821 │
│ bohb_train_cbb14f6d   TERMINATED   False      False      True            False      False      False        True                 False       False                  1            2.33672   0.738561   0.753182   0.646749 │
│ bohb_train_1c2b85af   TERMINATED   False      False      False           True       False      False        False                False       True                   2            5.72068   0.617998   0.755921   0.726642 │
│ bohb_train_35d60d7e   TERMINATED   False      False      False           True       False      False        False                False       False                  4           11.5936    0.605127   0.777235   0.746434 │
│ bohb_train_e45c4664   TERMINATED   False      True       False           True       False      False        True                 False       False                  2            7.84635   0.642693   0.746448   0.721963 │
│ bohb_train_6192f04b   TERMINATED   False      False      False           True       False      False        False                False       False                  4           11.4258    0.605127   0.777235   0.746434 │
│ bohb_train_5312ad2c   TERMINATED   False      False      False           True       False      False        False                False       False                  4           10.8371    0.605127   0.777235   0.746434 │
│ bohb_train_bd40a52c   TERMINATED   False      True       True            True       True       True         False                False       True                   4           22.1275    0.597612   0.799364   0.736684 │
│ bohb_train_c1ed0ca2   TERMINATED   False      False      False           True       False      False        False                False       False                  4            9.85495   0.605127   0.777235   0.746434 │
│ bohb_train_470fc586   TERMINATED   False      False      False           True       False      False        False                False       False                  4           10.6805    0.605127   0.777235   0.746434 │
│ bohb_train_68f3fa68   TERMINATED   False      False      False           True       False      False        False                False       False                  1            2.60754   0.663681   0.726243   0.711357 │
│ bohb_train_d5dcd587   TERMINATED   False      False      False           False      False      False        False                False       False                  1            3.02898   0.849133   0.781009   0.610505 │
│ bohb_train_4cb81b08   TERMINATED   False      False      False           True       False      False        False                False       False                  2            5.5414    0.62293    0.749112   0.728586 │
│ bohb_train_08be23bb   TERMINATED   False      False      False           True       False      False        False                False       False                  4           10.9445    0.605127   0.777235   0.746434 │
│ bohb_train_4f2b98e0   TERMINATED   False      False      False           True       False      False        False                False       False                  4           11.9274    0.605127   0.777235   0.746434 │
│ bohb_train_3314b63d   TERMINATED   True       True       True            False      False      True         False                False       True                   2            7.47865   1.00705    0.705225   0.675994 │
│ bohb_train_d0b19bba   TERMINATED   False      False      False           True       False      False        False                False       False                  4           10.726     0.605127   0.777235   0.746434 │
│ bohb_train_c2f805c9   TERMINATED   False      False      False           True       False      True         False                False       False                  4           10.9499    0.708505   0.701377   0.713789 │
│ bohb_train_f5adcf06   TERMINATED   False      False      False           True       False      False        False                False       False                  4           10.7498    0.605127   0.777235   0.746434 │
│ bohb_train_c4bfbe43   TERMINATED   False      False      False           True       False      False        False                False       False                  4            9.98738   0.605127   0.777235   0.746434 │
│ bohb_train_c1e53da6   TERMINATED   True       True       False           False      False      True         True                 True        False                  1            4.55043   0.796979   0.754811   0.627719 │
│ bohb_train_9746d6e0   TERMINATED   False      False      False           True       False      False        False                False       False                  2            6.05802   0.62293    0.749112   0.728586 │
│ bohb_train_2d000d87   TERMINATED   False      False      False           True       False      False        False                False       False                  4           12.6307    0.605127   0.777235   0.746434 │
│ bohb_train_1f336ce3   TERMINATED   True       True       True            False      True       False        False                True        False                  1            5.82456   1.09854    0.658304   0.333333 │
│ bohb_train_c6b76e41   TERMINATED   True       True       False           False      False      True         False                False       True                   2            7.87171   1.09849    0.658304   0.333333 │
│ bohb_train_c5b5861a   TERMINATED   False      False      False           True       False      False        False                False       False                  4           11.5172    0.605127   0.777235   0.746434 │
│ bohb_train_5fb335e0   TERMINATED   False      False      False           True       False      False        False                False       False                  4            9.97325   0.605127   0.777235   0.746434 │
│ bohb_train_aa9d0b19   TERMINATED   False      False      False           True       False      False        False                False       False                  4           10.6511    0.605127   0.777235   0.746434 │
│ bohb_train_94eaf62f   TERMINATED   False      False      False           True       False      False        False                False       False                  4           10.708     0.605127   0.777235   0.746434 │
│ bohb_train_347fc519   TERMINATED   True       True       True            False      True       True         True                 True        True                   4           21.4208    0.927446   0.78582    0.631987 │
│ bohb_train_dd06d23b   TERMINATED   False      False      True            True       False      False        False                False       False                  1            2.73963   0.671611   0.738159   0.702568 │
│ bohb_train_6b3b82c9   TERMINATED   False      False      False           True       False      False        False                False       False                  2            5.70918   0.62293    0.749112   0.728586 │
│ bohb_train_46fb51b9   TERMINATED   True       False      False           True       False      False        True                 False       False                  1            4.86018   1.09847    0.658304   0.333333 │
│ bohb_train_3cfcac81   TERMINATED   False      False      False           True       False      False        False                False       False                  4           11.8931    0.605127   0.777235   0.746434 │
│ bohb_train_0684350f   TERMINATED   False      False      False           True       False      False        False                False       False                  4           11.3236    0.605127   0.777235   0.746434 │
│ bohb_train_52b95f54   TERMINATED   False      False      False           True       True       False        False                True        False                  4           16.8676    0.618504   0.772647   0.73584  │
│ bohb_train_ec786258   TERMINATED   True       False      False           False      True       True         False                True        False                  2            7.81696   0.712836   0.793665   0.67029  │
│ bohb_train_5520e899   TERMINATED   False      False      False           True       False      False        False                False       False                  4           10.8869    0.605127   0.777235   0.746434 │
│ bohb_train_847097b8   TERMINATED   False      False      False           True       False      False        False                False       False                  4           10.6683    0.605127   0.777235   0.746434 │
│ bohb_train_ecf5065c   TERMINATED   False      False      True            False      False      False        False                False       False                  4            8.41425   0.731013   0.717214   0.687474 │
│ bohb_train_320151d0   TERMINATED   False      False      True            False      False      False        True                 False       True                   1            2.29139   0.80903    0.757623   0.619863 │
│ bohb_train_afd5c534   TERMINATED   False      False      False           True       False      False        False                False       False                  2            6.44083   0.62293    0.749112   0.728586 │
│ bohb_train_386e3d15   TERMINATED   False      True       False           False      False      False        True                 True        False                  1            3.97872   0.798408   0.718769   0.631995 │
│ bohb_train_c4f7361d   TERMINATED   False      False      False           True       False      False        False                False       False                  4           11.5892    0.605127   0.777235   0.746434 │
│ bohb_train_750c2c7b   TERMINATED   False      False      False           True       False      False        False                False       False                  2            5.47601   0.62293    0.749112   0.728586 │
│ bohb_train_16d57c11   TERMINATED   False      False      False           True       False      False        False                False       False                  4           11.6517    0.605127   0.777235   0.746434 │
│ bohb_train_57faac51   TERMINATED   False      False      False           True       False      False        False                False       False                  4           10.3846    0.605127   0.777235   0.746434 │
│ bohb_train_ede7659f   TERMINATED   False      False      False           True       False      False        False                False       False                  4           10.7911    0.605127   0.777235   0.746434 │
│ bohb_train_1ff5d764   TERMINATED   False      False      False           True       False      False        False                False       False                  4            9.55788   0.605127   0.777235   0.746434 │
│ bohb_train_e2aa681d   TERMINATED   True       False      False           True       True       False        True                 False       False                  4           19.5901    0.7864     0.673105   0.64833  │
│ bohb_train_68180f82   TERMINATED   False      False      False           True       False      False        False                False       False                  1            2.5559    0.663681   0.726243   0.711357 │
│ bohb_train_453749c0   TERMINATED   False      False      False           True       False      False        False                False       False                  2            6.3239    0.62293    0.749112   0.728586 │
│ bohb_train_4309612f   TERMINATED   False      False      False           True       False      False        False                False       False                  4           11.7178    0.605127   0.777235   0.746434 │
│ bohb_train_b675e174   TERMINATED   False      False      False           True       True       False        True                 True        True                   1            4.58682   0.69635    0.740823   0.679348 │
│ bohb_train_505ec177   TERMINATED   True       False      False           False      True       False        False                False       True                   2            7.63731   0.71454    0.778049   0.670019 │
│ bohb_train_92d38e69   TERMINATED   False      False      False           True       False      True         False                False       False                  4           11.8628    0.678429   0.787448   0.716901 │
│ bohb_train_6f7e8103   TERMINATED   True       False      False           True       False      False        False                False       False                  4           15.8603    0.617506   0.783156   0.741659 │
│ bohb_train_3c3d8492   TERMINATED   False      False      False           True       False      False        False                False       False                  4           10.6456    0.605127   0.777235   0.746434 │
│ bohb_train_9f8cf809   TERMINATED   False      False      False           True       False      False        False                False       False                  4           10.5313    0.605127   0.777235   0.746434 │
│ bohb_train_b092c374   TERMINATED   False      False      False           True       False      False        False                False       False                  4           10.6254    0.605127   0.777235   0.746434 │
│ bohb_train_440865b4   TERMINATED   False      True       False           True       False      False        False                False       False                  1            3.80204   0.820703   0.65971    0.642226 │
│ bohb_train_62a970b2   TERMINATED   False      False      False           True       False      False        False                False       False                  4           12.6572    0.605127   0.777235   0.746434 │
│ bohb_train_5af3e3ac   TERMINATED   False      False      False           True       False      False        False                False       True                   2            6.17239   0.617998   0.755921   0.726642 │
│ bohb_train_c6ec8a0c   TERMINATED   False      True       True            False      False      True         False                True        False                  1            3.13015   0.863693   0.720915   0.564606 │
│ bohb_train_95175af5   TERMINATED   False      False      False           True       False      False        False                False       False                  4           11.602     0.605127   0.777235   0.746434 │
│ bohb_train_4fbeac25   TERMINATED   True       False      True            True       False      False        True                 False       True                   2            9.0944    0.745879   0.691237   0.685756 │
│ bohb_train_06ba3ba5   TERMINATED   False      False      False           True       False      False        False                False       False                  4           10.7389    0.605127   0.777235   0.746434 │
│ bohb_train_b9fe5215   TERMINATED   False      False      False           True       False      False        False                False       False                  4           10.5714    0.605127   0.777235   0.746434 │
│ bohb_train_8eb84a73   TERMINATED   False      False      False           True       False      False        False                False       False                  4            9.81018   0.605127   0.777235   0.746434 │
│ bohb_train_73b3dd42   TERMINATED   False      True       False           False      False      False        False                False       True                   4           11.7609    0.692554   0.828005   0.714725 │
│ bohb_train_deb43104   TERMINATED   False      True       False           False      True       False        False                True        False                  2            9.62001   0.784329   0.737715   0.646984 │
│ bohb_train_43fdb79f   TERMINATED   True       False      False           False      True       True         True                 True        True                   1            3.89338   1.0578     0.345027   0.383236 │
│ bohb_train_68af6075   TERMINATED   False      False      False           True       False      False        False                False       False                  4           12.7484    0.605127   0.777235   0.746434 │
│ bohb_train_42816a03   TERMINATED   False      False      False           False      False      False        False                False       False                  1            2.05446   0.849133   0.781009   0.610505 │
│ bohb_train_2b1fd0c3   TERMINATED   False      False      False           True       False      False        False                False       False                  4           12.1447    0.605127   0.777235   0.746434 │
│ bohb_train_e85944ba   TERMINATED   True       False      True            True       True       False        True                 False       True                   2           10.5165    0.668083   0.76458    0.706638 │
│ bohb_train_2fa6f3bf   TERMINATED   False      False      False           True       False      False        False                False       False                  4           11.6956    0.605127   0.777235   0.746434 │
│ bohb_train_9ff61dc7   TERMINATED   False      True       True            True       False      False        False                False       False                  4           17.2827    0.605003   0.763914   0.735501 │
│ bohb_train_f3f844bb   TERMINATED   False      False      True            True       False      False        False                True        False                  4           13.6549    0.59249    0.765394   0.747041 │
│ bohb_train_4b73d205   TERMINATED   False      False      False           True       False      False        True                 False       False                  4           10.5227    0.605127   0.777235   0.746434 │
│ bohb_train_dc13b41a   TERMINATED   True       False      False           True       False      False        False                False       False                  1            4.71443   0.869601   0.60413    0.612364 │
│ bohb_train_34f8142d   TERMINATED   False      False      False           True       False      False        False                False       False                  4           10.8656    0.605127   0.777235   0.746434 │
│ bohb_train_96010856   TERMINATED   False      True       True            False      True       False        True                 False       True                   1            5.33148   1.11673    0.246226   0.333333 │
│ bohb_train_a5ed282e   TERMINATED   False      False      False           False      True       True         True                 False       False                  2            5.69523   0.67574    0.798549   0.689135 │
│ bohb_train_70874986   TERMINATED   True       True       False           False      True       True         True                 False       False                  2           10.3035    0.876049   0.746818   0.56269  │
│ bohb_train_6f74be78   TERMINATED   False      False      False           True       False      False        False                False       False                  4           10.9108    0.605127   0.777235   0.746434 │
│ bohb_train_8aff7503   TERMINATED   False      False      False           True       False      False        False                False       False                  4           11.3125    0.605127   0.777235   0.746434 │
│ bohb_train_b11fb8f2   TERMINATED   False      False      False           True       False      False        False                False       False                  4           10.746     0.605127   0.777235   0.746434 │
│ bohb_train_89b79010   TERMINATED   False      False      False           False      False      False        False                False       False                  4            7.9425    0.718007   0.800696   0.675999 │
│ bohb_train_4abe6cc1   TERMINATED   False      False      False           True       False      False        False                False       False                  4            9.69516   0.605127   0.777235   0.746434 │
│ bohb_train_eaa4662f   TERMINATED   False      False      False           True       False      False        False                False       False                  1            3.51485   0.663681   0.726243   0.711357 │
│ bohb_train_813fac4a   TERMINATED   False      False      False           True       False      False        False                False       False                  1            2.53894   0.663681   0.726243   0.711357 │
│ bohb_train_9367fb01   TERMINATED   False      False      False           True       False      False        False                False       False                  2            6.16612   0.62293    0.749112   0.728586 │
│ bohb_train_cf0c62af   TERMINATED   False      False      False           True       False      False        False                False       False                  4           12.055     0.605127   0.777235   0.746434 │
│ bohb_train_470a5389   TERMINATED   False      False      False           True       False      False        False                False       False                  4           11.9435    0.605127   0.777235   0.746434 │
│ bohb_train_c97883b9   TERMINATED   False      False      True            True       True       False        True                 True        False                  2            8.98224   0.737316   0.718991   0.681001 │
│ bohb_train_d58e5a49   TERMINATED   False      False      False           True       False      False        False                False       False                  4           10.5557    0.605127   0.777235   0.746434 │
│ bohb_train_68089892   TERMINATED   False      False      False           True       False      False        False                False       False                  4           10.4434    0.605127   0.777235   0.746434 │
│ bohb_train_d19a6c57   TERMINATED   False      False      True            True       True       True         True                 False       False                  4           12.21      0.886996   0.583999   0.612704 │
│ bohb_train_a412fdcc   TERMINATED   True       True       False           False      True       False        False                True        True                   4           20.7095    0.843866   0.685465   0.600565 │
│ bohb_train_9755face   TERMINATED   True       False      False           True       False      False        False                False       False                  1            4.71679   0.665731   0.721951   0.708235 │
│ bohb_train_3fd1bb02   TERMINATED   True       True       True            False      True       False        True                 True        True                   1            5.27975   1.09945    0.246226   0.333333 │
│ bohb_train_255cbd12   TERMINATED   False      False      False           True       False      False        False                False       False                  2            6.27172   0.62293    0.749112   0.728586 │
│ bohb_train_6647d9ff   TERMINATED   False      False      False           True       False      False        False                False       False                  4           12.377     0.605127   0.777235   0.746434 │
│ bohb_train_898143e7   TERMINATED   False      True       False           True       False      False        False                False       False                  4           16.856     0.592289   0.775977   0.743448 │
│ bohb_train_3c0a416f   TERMINATED   True       True       True            False      True       False        False                True        False                  4           21.0953    0.774856   0.724985   0.661802 │
│ bohb_train_ddcd38d7   TERMINATED   True       False      True            True       False      False        False                True        True                   2            9.43325   1.07379    0.666963   0.45368  │
│ bohb_train_ee39688a   TERMINATED   False      False      False           True       False      True         False                False       False                  4            9.74234   0.633498   0.741341   0.730509 │
│ bohb_train_52e9a3d5   TERMINATED   False      False      False           True       False      False        False                False       False                  4           10.0004    0.605127   0.777235   0.746434 │
│ bohb_train_0fb0c015   TERMINATED   False      False      False           True       False      False        False                False       False                  4            9.66546   0.605127   0.777235   0.746434 │
│ bohb_train_f2896420   TERMINATED   False      False      False           True       False      False        False                False       False                  1            2.69154   0.663681   0.726243   0.711357 │
│ bohb_train_f6879711   TERMINATED   False      False      False           True       False      False        False                False       False                  2            6.47431   0.62293    0.749112   0.728586 │
│ bohb_train_b9227239   TERMINATED   False      False      False           True       False      False        False                False       False                  4           10.8765    0.605127   0.777235   0.746434 │
│ bohb_train_5fe73249   TERMINATED   False      True       False           False      False      False        False                True        True                   1            2.79288   1.09849    0.658304   0.333333 │
│ bohb_train_b30e775e   TERMINATED   True       True       True            False      True       False        True                 True        True                   2           10.7632    0.802697   0.721285   0.635394 │
│ bohb_train_822f96dc   TERMINATED   False      False      False           True       False      False        False                False       False                  4           10.5602    0.605127   0.777235   0.746434 │
│ bohb_train_b63d0672   TERMINATED   False      False      False           True       False      False        False                False       False                  4            9.53428   0.605127   0.777235   0.746434 │
│ bohb_train_c1f304dd   TERMINATED   False      True       True            True       True       False        True                 False       False                  4           20.1811    0.871258   0.632845   0.620604 │
│ bohb_train_83cacc6d   TERMINATED   False      False      False           False      False      False        True                 False       False                  4            7.52336   0.658433   0.795515   0.704729 │
│ bohb_train_31237ea2   TERMINATED   False      False      False           True       False      False        False                False       False                  4            9.64545   0.605127   0.777235   0.746434 │
│ bohb_train_a1dc1761   TERMINATED   False      False      False           True       False      False        True                 False       False                  1            2.66245   0.676535   0.728464   0.698501 │
│ bohb_train_5b37275d   TERMINATED   False      False      False           True       False      False        False                False       False                  1            3.03656   0.663681   0.726243   0.711357 │
│ bohb_train_20909da2   TERMINATED   False      False      False           True       False      False        False                False       False                  2            5.95192   0.62293    0.749112   0.728586 │
│ bohb_train_0faef2bc   TERMINATED   False      False      False           True       False      False        False                False       False                  4           11.6534    0.605127   0.777235   0.746434 │
│ bohb_train_db3b0665   TERMINATED   False      False      False           True       False      False        False                False       False                  4           11.6248    0.605127   0.777235   0.746434 │
│ bohb_train_bb0f6563   TERMINATED   True       False      False           True       False      False        False                False       False                  2            8.68995   0.732783   0.686575   0.678696 │
│ bohb_train_23feb2cc   TERMINATED   False      False      False           True       False      False        False                False       False                  4           10.7397    0.605127   0.777235   0.746434 │
│ bohb_train_cdd4c612   TERMINATED   False      True       True            False      True       False        True                 True        False                  4           17.1569    0.817256   0.687463   0.621844 │
│ bohb_train_cbb4216e   TERMINATED   True       True       False           False      False      False        True                 False       True                   4           14.9508    1.09843    0.658304   0.333333 │
│ bohb_train_dc19c162   TERMINATED   False      False      True            False      True       False        False                False       False                  4            9.61942   0.723762   0.80336    0.663875 │
│ bohb_train_7d8c0209   TERMINATED   False      False      False           True       False      False        True                 False       False                  2            5.6462    0.62293    0.749112   0.728586 │
│ bohb_train_24db286e   TERMINATED   False      False      False           True       False      False        False                False       False                  4           12.1357    0.605127   0.777235   0.746434 │
│ bohb_train_cb7e5aaf   TERMINATED   False      False      False           False      False      False        False                False       False                  1            3.14589   0.849133   0.781009   0.610505 │
│ bohb_train_1901ac5e   TERMINATED   False      False      False           False      False      True         False                False       False                  1            1.98969   0.96408    0.758733   0.649143 │
│ bohb_train_375034e7   TERMINATED   True       True       True            False      True       False        False                True        True                   2           10.7835    0.919203   0.662596   0.557876 │
│ bohb_train_e4112029   TERMINATED   True       False      False           True       False      True         False                True        True                   4           20.5702    0.703269   0.731128   0.679345 │
│ bohb_train_4fe6bedd   TERMINATED   False      True       False           True       True       True         False                True        True                   4           23.1532    0.719088   0.724911   0.673046 │
│ bohb_train_07977f66   TERMINATED   False      False      False           True       False      False        False                False       False                  4           10.4017    0.605127   0.777235   0.746434 │
│ bohb_train_b0ae24d1   TERMINATED   False      False      False           True       False      False        False                False       False                  4            9.83394   0.605127   0.777235   0.746434 │
│ bohb_train_1df9299f   TERMINATED   False      False      False           True       False      False        False                False       False                  4           10.733     0.605127   0.777235   0.746434 │
│ bohb_train_9e5673c6   TERMINATED   False      False      False           True       False      True         False                True        False                  1            4.43101   0.668854   0.790631   0.697151 │
│ bohb_train_6c8e8e0b   TERMINATED   True       True       True            True       True       True         True                 False       True                   1            7.26242   0.998064   0.508511   0.492902 │
│ bohb_train_de935554   TERMINATED   False      False      False           True       False      False        False                False       False                  2            7.20388   0.62293    0.749112   0.728586 │
│ bohb_train_6f26fb40   TERMINATED   False      False      False           True       False      False        False                False       False                  4           11.8002    0.605127   0.777235   0.746434 │
│ bohb_train_d8c6af94   TERMINATED   False      False      False           True       False      False        False                False       False                  4           10.9519    0.605127   0.777235   0.746434 │
│ bohb_train_fc10f68d   TERMINATED   True       False      False           True       False      False        False                False       False                  2            7.99541   0.750879   0.634325   0.661628 │
│ bohb_train_f0002bee   TERMINATED   False      False      False           True       False      False        False                False       False                  4           10.7511    0.605127   0.777235   0.746434 │
│ bohb_train_9082224f   TERMINATED   False      True       True            True       False      False        True                 False       True                   4           18.8071    0.721822   0.692496   0.689435 │
│ bohb_train_8bf98451   TERMINATED   False      False      False           True       False      False        False                False       False                  4            9.95647   0.605127   0.777235   0.746434 │
│ bohb_train_032fa6a0   TERMINATED   False      False      False           True       False      False        False                False       False                  4           10.743     0.605127   0.777235   0.746434 │
│ bohb_train_6914d527   TERMINATED   False      False      False           True       False      False        False                False       False                  4           12.6853    0.605127   0.777235   0.746434 │
│ bohb_train_892050ed   TERMINATED   False      False      True            True       False      True         False                False       False                  1            3.68164   0.876734   0.496892   0.583868 │
│ bohb_train_5240b808   TERMINATED   False      False      False           True       False      False        True                 True        False                  2            7.97828   0.821316   0.726687   0.666615 │
│ bohb_train_dcf1dad5   TERMINATED   False      False      False           True       False      True         False                False       False                  1            2.65423   0.867011   0.471285   0.567847 │
│ bohb_train_9f43427b   TERMINATED   True       False      False           True       False      True         False                True        True                   2            9.92049   0.868341   0.601095   0.559055 │
│ bohb_train_f2841694   TERMINATED   False      False      False           True       False      False        False                False       False                  4           11.7173    0.605127   0.777235   0.746434 │
│ bohb_train_9bcb8dc2   TERMINATED   False      False      True            True       True       False        False                False       False                  4           13.1585    0.642849   0.754218   0.726815 │
│ bohb_train_d52bc634   TERMINATED   False      False      False           True       False      False        False                False       False                  4            9.78427   0.605127   0.777235   0.746434 │
│ bohb_train_97c5f6e9   TERMINATED   False      False      False           True       False      False        False                False       False                  4           10.2279    0.605127   0.777235   0.746434 │
│ bohb_train_1cadb7a6   TERMINATED   True       True       True            True       False      False        True                 False       False                  4           21.7826    0.878226   0.683022   0.595221 │
│ bohb_train_2b70cced   TERMINATED   False      False      False           True       False      False        True                 False       False                  1            3.64667   0.675544   0.752294   0.700566 │
│ bohb_train_e3c3af46   TERMINATED   False      False      False           True       False      False        False                False       False                  2            6.27429   0.62293    0.749112   0.728586 │
│ bohb_train_f8973a94   TERMINATED   False      False      False           True       False      False        False                False       False                  4           12.6961    0.605127   0.777235   0.746434 │
│ bohb_train_5e1db141   TERMINATED   False      False      False           True       False      True         False                False       False                  1            3.59433   0.652656   0.768058   0.703764 │
│ bohb_train_531442e5   TERMINATED   False      False      False           True       False      False        False                False       False                  2            4.97231   0.62293    0.749112   0.728586 │
│ bohb_train_e01bf0b8   TERMINATED   False      False      False           True       False      False        False                False       False                  4           11.1251    0.605127   0.777235   0.746434 │
│ bohb_train_60ce56f8   TERMINATED   False      False      False           True       False      False        False                False       False                  4           10.9887    0.605127   0.777235   0.746434 │
│ bohb_train_a7b41882   TERMINATED   False      False      False           True       False      False        False                False       False                  4           10.6035    0.605127   0.777235   0.746434 │
│ bohb_train_42418dec   TERMINATED   False      False      False           False      False      True         True                 False       True                   4            9.58773   0.602099   0.810539   0.733867 │
│ bohb_train_491c62ab   TERMINATED   False      False      True            True       False      True         True                 False       True                   4           13.0607    0.695042   0.768428   0.703642 │
│ bohb_train_6f898f13   TERMINATED   False      False      False           True       False      False        False                False       False                  1            3.35005   0.663681   0.726243   0.711357 │
│ bohb_train_ff448d8b   TERMINATED   False      False      False           True       False      False        False                False       False                  1            2.64117   0.663681   0.726243   0.711357 │
│ bohb_train_3fc560b2   TERMINATED   False      False      False           True       False      False        False                False       False                  2            7.35367   0.62293    0.749112   0.728586 │
│ bohb_train_3be38d1c   TERMINATED   False      False      False           True       False      False        False                False       False                  4           11.7892    0.605127   0.777235   0.746434 │
│ bohb_train_131c36fc   TERMINATED   False      False      False           True       False      False        False                False       False                  4           11.459     0.605127   0.777235   0.746434 │
│ bohb_train_4a1d8e9b   TERMINATED   True       False      True            True       True       False        False                False       True                   4           20.3535    0.651043   0.759029   0.716917 │
│ bohb_train_b297d9a1   TERMINATED   True       False      True            False      False      True         True                 True        True                   2            6.79297   0.93155    0.718991   0.551703 │
│ bohb_train_b4ca0fb3   TERMINATED   False      True       True            False      True       True         False                True        True                   4           17.3167    0.791287   0.730906   0.655412 │
│ bohb_train_4c5c7b07   TERMINATED   False      False      False           False      True       True         False                False       False                  4           10.363     0.649224   0.81831    0.712639 │
│ bohb_train_0ff32b78   TERMINATED   False      False      False           True       False      False        False                False       False                  4            9.70778   0.605127   0.777235   0.746434 │
│ bohb_train_08a814fb   TERMINATED   False      False      False           True       False      False        False                False       False                  2            6.49974   0.62293    0.749112   0.728586 │
│ bohb_train_49e12bde   TERMINATED   False      False      False           True       True       False        True                 False       False                  1            2.90742   0.717268   0.759177   0.678133 │
│ bohb_train_10d89704   TERMINATED   False      False      False           True       False      False        False                False       False                  4           12.0057    0.605127   0.777235   0.746434 │
│ bohb_train_ee7f4c3a   TERMINATED   False      True       True            True       True       True         False                True        True                   1            6.42643   0.765022   0.713292   0.654664 │
│ bohb_train_e81de346   TERMINATED   False      False      False           True       False      False        False                False       False                  4           10.826     0.605127   0.777235   0.746434 │
│ bohb_train_8218fe43   TERMINATED   False      False      False           True       False      False        False                False       False                  4           11.3526    0.605127   0.777235   0.746434 │
│ bohb_train_b8b0390b   TERMINATED   False      True       True            False      True       False        False                False       False                  2            8.80602   0.77491    0.723727   0.672512 │
│ bohb_train_ac826e75   TERMINATED   False      False      False           True       False      False        False                False       False                  4            9.89129   0.605127   0.777235   0.746434 │
│ bohb_train_d3147207   TERMINATED   True       True       False           True       False      False        False                True        True                   4           22.4071    1.03407    0.726021   0.460442 │
│ bohb_train_c248b60c   TERMINATED   False      False      True            True       False      False        True                 True        False                  4           14.8852    0.59249    0.765394   0.747041 │
│ bohb_train_c087efc7   TERMINATED   False      False      False           True       False      False        False                False       False                  1            3.42348   0.663681   0.726243   0.711357 │
│ bohb_train_57c30ac2   TERMINATED   False      False      False           True       False      False        False                False       False                  2            5.75544   0.62293    0.749112   0.728586 │
│ bohb_train_07290c8b   TERMINATED   False      False      False           True       False      False        False                False       False                  4           12.5645    0.605127   0.777235   0.746434 │
│ bohb_train_81b35c1e   TERMINATED   False      False      False           True       True       False        False                True        False                  1            4.75397   0.711873   0.75185    0.679504 │
│ bohb_train_61c5a0bf   TERMINATED   False      False      False           False      True       True         False                True        False                  2            4.52375   0.830388   0.806764   0.624901 │
│ bohb_train_735e6dcb   TERMINATED   False      False      False           True       False      True         False                True        False                  4           13.2767    0.90489    0.580817   0.676855 │
│ bohb_train_b5cf3c39   TERMINATED   False      False      False           True       False      False        False                False       False                  4           10.6711    0.605127   0.777235   0.746434 │
│ bohb_train_297e42f2   TERMINATED   False      False      False           True       False      False        False                False       False                  4           10.7234    0.605127   0.777235   0.746434 │
│ bohb_train_f04bd64b   TERMINATED   False      False      False           True       False      False        False                False       False                  4            9.98419   0.605127   0.777235   0.746434 │
│ bohb_train_7244a4d8   TERMINATED   False      False      False           True       False      False        False                False       False                  4            9.77639   0.605127   0.777235   0.746434 │
│ bohb_train_002fa051   TERMINATED   False      False      False           True       False      False        False                False       False                  1            3.57409   0.663681   0.726243   0.711357 │
│ bohb_train_8fdd071c   TERMINATED   False      False      False           True       False      False        False                False       False                  2            5.81773   0.62293    0.749112   0.728586 │
│ bohb_train_4ffdbfd8   TERMINATED   True       True       False           True       True       False        True                 True        True                   1            8.23436   0.689041   0.745115   0.701999 │
│ bohb_train_2d7dc0a9   TERMINATED   False      False      False           True       False      False        False                False       False                  4           13.0088    0.605127   0.777235   0.746434 │
│ bohb_train_3a40e2fc   TERMINATED   False      False      False           True       False      False        False                False       False                  2            4.75133   0.62293    0.749112   0.728586 │
│ bohb_train_13c53ac7   TERMINATED   False      False      False           True       False      False        False                False       False                  4           11.7157    0.605127   0.777235   0.746434 │
│ bohb_train_7d24b8c4   TERMINATED   False      False      False           True       False      False        False                False       False                  4           10.9735    0.605127   0.777235   0.746434 │
│ bohb_train_1ab9a8ca   TERMINATED   False      False      False           True       False      False        False                False       False                  4            9.76374   0.605127   0.777235   0.746434 │
│ bohb_train_82a75ba3   TERMINATED   False      True       False           False      False      False        False                True        False                  4           11.7378    0.666036   0.780565   0.70762  │
│ bohb_train_df18dd07   TERMINATED   False      False      False           True       True       True         True                 True        False                  4           17.7021    0.664645   0.761175   0.704336 │
│ bohb_train_f3559f07   TERMINATED   True       True       True            True       False      True         True                 True        False                  1            6.67878   0.73411    0.725133   0.658419 │
│ bohb_train_c0aca3e4   TERMINATED   False      False      True            False      True       True         True                 False       True                   1            3.57152   0.881006   0.722765   0.571436 │
│ bohb_train_a76b0b42   TERMINATED   False      False      False           True       False      False        False                False       False                  4           12.2692    0.605127   0.777235   0.746434 │
│ bohb_train_d6fd8cf5   TERMINATED   False      False      True            True       True       False        False                False       False                  2            6.67606   0.663379   0.744227   0.707114 │
│ bohb_train_c07ca499   TERMINATED   False      False      False           True       False      False        False                False       False                  4           12.3526    0.605127   0.777235   0.746434 │
│ bohb_train_47fc7bfc   TERMINATED   False      False      False           True       False      True         False                True        False                  2            6.75909   0.630581   0.756217   0.721081 │
│ bohb_train_bcb0e521   TERMINATED   False      False      False           True       False      False        False                False       False                  4           10.1879    0.605127   0.777235   0.746434 │
│ bohb_train_89ba1c0b   TERMINATED   False      False      False           True       False      False        False                False       False                  4           11.1067    0.605127   0.777235   0.746434 │
│ bohb_train_7cd5498f   TERMINATED   False      False      False           True       False      False        False                False       False                  4            9.59815   0.605127   0.777235   0.746434 │
│ bohb_train_021f4c8e   TERMINATED   False      False      False           True       True       False        False                False       True                   4           12.2873    0.667508   0.767244   0.718268 │
│ bohb_train_e6c7d2a2   TERMINATED   False      False      False           True       False      False        False                False       False                  2            6.03699   0.62293    0.749112   0.728586 │
│ bohb_train_3eaecb3d   TERMINATED   False      False      False           True       False      False        False                False       False                  4           12.0337    0.605127   0.777235   0.746434 │
│ bohb_train_bdca241b   TERMINATED   False      False      False           False      False      False        False                True        False                  1            2.17493   0.849133   0.781009   0.610505 │
│ bohb_train_6f2cefc1   TERMINATED   True       True       False           True       False      False        False                False       True                   1            5.8723    0.69546    0.73653    0.697476 │
│ bohb_train_4698c970   TERMINATED   False      False      False           True       False      False        False                False       False                  4           10.9333    0.605127   0.777235   0.746434 │
│ bohb_train_35e77ab4   TERMINATED   False      False      False           True       True       False        False                False       False                  2            6.34544   0.671655   0.76643    0.708568 │
│ bohb_train_0afdca4f   TERMINATED   False      False      False           True       False      False        False                False       False                  4           10.833     0.605127   0.777235   0.746434 │
│ bohb_train_66fd3818   TERMINATED   False      True       True            False      False      False        False                False       True                   4           12.7174    0.635635   0.798105   0.7202   │
│ bohb_train_56ea4a0e   TERMINATED   False      False      False           True       False      False        False                False       False                  4           10.2703    0.605127   0.777235   0.746434 │
│ bohb_train_18d37283   TERMINATED   True       False      True            True       True       True         False                False       True                   4           19.255     0.935358   0.46307    0.563333 │
│ bohb_train_431c3e29   TERMINATED   False      False      False           True       False      False        False                False       False                  1            2.67287   0.663681   0.726243   0.711357 │
│ bohb_train_5dac0b24   TERMINATED   False      False      False           True       False      False        False                False       False                  2            7.33271   0.62293    0.749112   0.728586 │
│ bohb_train_a3b176af   TERMINATED   False      False      False           True       False      False        False                False       False                  4           11.043     0.605127   0.777235   0.746434 │
│ bohb_train_34913c46   TERMINATED   True       True       True            True       False      False        True                 True        False                  1            7.41856   0.775876   0.668739   0.658521 │
│ bohb_train_6c4ee7a7   TERMINATED   False      False      False           True       False      False        False                False       True                   4           11.8078    0.599185   0.783378   0.744311 │
│ bohb_train_bd9b09c6   TERMINATED   False      True       False           True       True       True         True                 False       True                   4           21.3924    0.765196   0.628404   0.648429 │
│ bohb_train_c857de54   TERMINATED   True       False      False           True       False      False        True                 False       False                  2            8.46568   1.09847    0.658304   0.333333 │
│ bohb_train_295382d7   TERMINATED   False      False      False           True       False      False        False                False       False                  4            9.89578   0.605127   0.777235   0.746434 │
│ bohb_train_d16c375e   TERMINATED   False      False      False           True       False      False        False                False       False                  4           10.3995    0.605127   0.777235   0.746434 │
│ bohb_train_796aebd1   TERMINATED   False      False      False           True       True       True         True                 False       True                   4           15.3451    0.697311   0.781157   0.697962 │
│ bohb_train_04b0dbfc   TERMINATED   False      False      False           True       False      False        True                 False       True                   2            6.49723   0.635649   0.738973   0.720295 │
│ bohb_train_31e3937a   TERMINATED   False      False      True            True       True       True         True                 True        False                  1            4.66451   0.813027   0.685465   0.629001 │
│ bohb_train_f8d46ba8   TERMINATED   True       True       False           True       False      False        False                True        True                   1            6.48683   0.673542   0.733718   0.698504 │
│ bohb_train_3d817a43   TERMINATED   False      False      False           True       False      False        False                False       False                  4           11.0631    0.605127   0.777235   0.746434 │
│ bohb_train_b354ec5c   TERMINATED   False      False      False           True       False      False        False                False       False                  2            5.4711    0.62293    0.749112   0.728586 │
│ bohb_train_338cdef7   TERMINATED   False      False      False           True       False      False        False                False       False                  4           11.8101    0.605127   0.777235   0.746434 │
│ bohb_train_1bba098b   TERMINATED   False      False      False           True       False      False        False                False       False                  4           10.6813    0.605127   0.777235   0.746434 │
│ bohb_train_6f8cbb0c   TERMINATED   False      True       True            True       False      False        False                False       True                   4           17.6753    0.720649   0.723061   0.664678 │
│ bohb_train_28f9af58   TERMINATED   False      False      False           True       False      False        False                False       False                  4            9.68535   0.605127   0.777235   0.746434 │
│ bohb_train_cf254545   TERMINATED   False      False      False           True       False      False        False                False       False                  4           10.7284    0.605127   0.777235   0.746434 │
│ bohb_train_b8aacdf7   TERMINATED   False      True       False           False      False      False        True                 True        False                  1            2.85727   1.09845    0.658304   0.333333 │
│ bohb_train_1a29c473   TERMINATED   False      False      False           False      True       False        False                False       False                  4           11.9312    0.701696   0.759325   0.696776 │
│ bohb_train_025f2681   TERMINATED   True       False      True            True       True       True         False                False       False                  2           11.1289    0.776779   0.743413   0.629085 │
│ bohb_train_e38a65b6   TERMINATED   True       True       True            True       False      True         False                False       True                   1            5.54485   0.987136   0.71233    0.479853 │
│ bohb_train_f9b39fb3   TERMINATED   False      False      False           True       False      False        False                False       False                  2            5.61421   0.62293    0.749112   0.728586 │
│ bohb_train_fdf82834   TERMINATED   False      False      False           True       False      False        False                False       False                  4           11.64      0.605127   0.777235   0.746434 │
│ bohb_train_114e2e05   TERMINATED   False      False      False           True       False      False        False                False       False                  4            9.99298   0.605127   0.777235   0.746434 │
│ bohb_train_6afcc23a   TERMINATED   False      False      False           True       False      False        False                False       False                  4           10.7849    0.605127   0.777235   0.746434 │
│ bohb_train_51456470   TERMINATED   False      False      False           True       False      False        False                False       False                  4            9.90113   0.605127   0.777235   0.746434 │
│ bohb_train_3b5c18f5   TERMINATED   False      False      False           True       False      False        False                False       False                  4           10.8751    0.605127   0.777235   0.746434 │
│ bohb_train_46517a7d   TERMINATED   False      False      False           True       False      False        False                False       False                  1            3.56362   0.663681   0.726243   0.711357 │
│ bohb_train_ab67b029   TERMINATED   False      False      False           True       False      False        False                False       False                  2            7.0934    0.62293    0.749112   0.728586 │
│ bohb_train_a97609d2   TERMINATED   False      False      False           True       False      False        False                False       False                  4           11.8164    0.605127   0.777235   0.746434 │
│ bohb_train_0f0324b8   TERMINATED   True       False      False           True       True       False        False                False       True                   1            5.3561    0.901578   0.625592   0.582168 │
│ bohb_train_d88dfc5f   TERMINATED   False      True       True            False      True       False        True                 True        False                  2            8.23482   0.801056   0.722765   0.62101  │
│ bohb_train_85b92406   TERMINATED   False      False      False           True       False      False        False                False       False                  4           11.5191    0.605127   0.777235   0.746434 │
│ bohb_train_1ad28892   TERMINATED   True       False      False           True       False      False        False                False       True                   4           15.3836    0.603741   0.787078   0.745537 │
│ bohb_train_03ca73ae   TERMINATED   False      False      False           True       False      False        False                False       False                  4           10.7383    0.605127   0.777235   0.746434 │
│ bohb_train_b3b6b67f   TERMINATED   False      False      False           True       False      False        False                False       False                  4           10.8606    0.605127   0.777235   0.746434 │
│ bohb_train_47f46725   TERMINATED   True       True       False           True       False      True         False                False       True                   4           21.0263    0.639557   0.80521    0.741423 │
│ bohb_train_4e00b0ac   TERMINATED   False      False      False           True       False      False        False                False       False                  2            5.60577   0.62293    0.749112   0.728586 │
│ bohb_train_7c50f4ec   TERMINATED   False      True       True            False      True       True         False                False       True                   1            4.96485   0.732735   0.729722   0.653609 │
│ bohb_train_17240d04   TERMINATED   True       True       False           True       True       True         False                False       False                  1            6.83295   0.842148   0.726909   0.580055 │
│ bohb_train_afe61820   TERMINATED   False      False      False           True       False      False        False                False       False                  4           12.2526    0.605127   0.777235   0.746434 │
│ bohb_train_014df480   TERMINATED   False      False      False           True       False      False        False                False       False                  2            5.86078   0.62293    0.749112   0.728586 │
│ bohb_train_48483c60   TERMINATED   False      False      False           True       False      False        False                False       False                  4           12.4587    0.605127   0.777235   0.746434 │
│ bohb_train_1a6d1752   TERMINATED   False      False      False           True       False      False        False                False       False                  4            9.88126   0.605127   0.777235   0.746434 │
│ bohb_train_7e4bcc43   TERMINATED   False      False      True            False      True       True         False                False       True                   4           10.5894    0.983623   0.48653    0.554501 │
│ bohb_train_bc04b534   TERMINATED   False      False      False           True       False      False        False                False       False                  4           10.6641    0.605127   0.777235   0.746434 │
│ bohb_train_8f1553b0   TERMINATED   False      False      False           True       False      False        False                False       False                  4           10.5145    0.605127   0.777235   0.746434 │
│ bohb_train_9a1c3ea9   TERMINATED   True       False      False           False      True       False        False                False       True                   1            3.91015   1.10395    0.246226   0.333333 │
│ bohb_train_c11d5f55   TERMINATED   False      False      False           True       False      False        False                False       False                  2            6.27174   0.62293    0.749112   0.728586 │
│ bohb_train_dd08fdcc   TERMINATED   False      False      False           True       False      False        False                False       False                  4           11.0043    0.605127   0.777235   0.746434 │
│ bohb_train_663f0e40   TERMINATED   True       True       False           False      False      False        False                True        True                   1            3.39505   1.09847    0.658304   0.333333 │
│ bohb_train_3f2d0845   TERMINATED   False      False      False           True       True       False        True                 False       False                  4           13.5337    0.637407   0.772869   0.726151 │
│ bohb_train_2fa428bb   TERMINATED   True       False      True            True       False      False        False                True        False                  2            9.31299   0.806851   0.693828   0.614386 │
│ bohb_train_7f365b59   TERMINATED   False      False      False           True       False      False        False                False       False                  4           10.7671    0.605127   0.777235   0.746434 │
│ bohb_train_1813260b   TERMINATED   False      False      False           True       False      False        False                False       False                  4            9.82744   0.605127   0.777235   0.746434 │
│ bohb_train_54e2b7d4   TERMINATED   False      False      False           True       False      False        False                False       False                  4            9.63973   0.605127   0.777235   0.746434 │
│ bohb_train_be59e9f1   TERMINATED   False      False      False           True       False      False        False                False       False                  4            9.39432   0.605127   0.777235   0.746434 │
│ bohb_train_99e76298   TERMINATED   True       False      True            True       True       False        True                 True        True                   1            6.09003   0.855206   0.646166   0.616778 │
│ bohb_train_57e3d249   TERMINATED   False      False      False           True       False      False        False                False       False                  1            2.81871   0.663681   0.726243   0.711357 │
│ bohb_train_7e7f042b   TERMINATED   False      False      False           True       False      False        False                False       False                  2            6.08719   0.62293    0.749112   0.728586 │
│ bohb_train_246a5fca   TERMINATED   False      False      False           True       False      False        False                False       False                  4           11.2264    0.605127   0.777235   0.746434 │
│ bohb_train_17af62de   TERMINATED   False      True       False           False      True       False        True                 False       False                  2            7.14499   0.882847   0.679544   0.592899 │
│ bohb_train_76885193   TERMINATED   False      True       False           True       True       True         False                True        True                   4           24.6241    0.637743   0.819346   0.724984 │
│ bohb_train_bbb8f14a   TERMINATED   True       False      False           True       False      False        False                False       False                  4           15.9493    0.613329   0.782194   0.727497 │
│ bohb_train_8ba0f3d0   TERMINATED   True       True       True            False      True       True         False                False       True                   4           21.3861    0.68751    0.794775   0.693406 │
│ bohb_train_4b13462f   TERMINATED   False      False      False           True       False      False        False                False       False                  4            9.86661   0.605127   0.777235   0.746434 │
│ bohb_train_7821299a   TERMINATED   False      False      False           True       False      False        False                False       False                  4           10.7271    0.605127   0.777235   0.746434 │
│ bohb_train_79f8f9be   TERMINATED   False      False      False           True       True       False        False                False       False                  1            3.10166   0.717268   0.759177   0.678133 │
│ bohb_train_d530c00f   TERMINATED   False      False      False           True       False      False        False                False       False                  2            7.08823   0.62293    0.749112   0.728586 │
│ bohb_train_90cf845a   TERMINATED   False      True       False           True       False      False        False                False       False                  1            3.80708   0.688608   0.71714    0.699599 │
│ bohb_train_ed9d4232   TERMINATED   False      False      False           True       False      False        False                False       False                  4           12.3904    0.605127   0.777235   0.746434 │
│ bohb_train_ebc69ade   TERMINATED   False      False      True            False      True       False        False                True        False                  2            5.84103   0.820849   0.67725    0.626509 │
│ bohb_train_7bbb7ee3   TERMINATED   False      True       True            True       True       True         False                False       False                  4           21.5731    0.624588   0.766652   0.728204 │
│ bohb_train_2d746fbc   TERMINATED   False      False      False           True       False      False        False                False       False                  4           11.7465    0.605127   0.777235   0.746434 │
│ bohb_train_1cd90501   TERMINATED   False      False      False           True       False      False        False                False       False                  4           10.4674    0.605127   0.777235   0.746434 │
│ bohb_train_63aff5a3   TERMINATED   False      False      False           True       False      False        False                False       False                  4            9.71863   0.605127   0.777235   0.746434 │
│ bohb_train_29041008   TERMINATED   False      True       False           True       True       False        False                True        True                   4           23.793     0.831438   0.641874   0.630571 │
│ bohb_train_43da496c   TERMINATED   True       False      False           True       True       True         True                 False       False                  1            5.37768   0.926921   0.663706   0.589347 │
│ bohb_train_575b9f54   TERMINATED   False      False      False           True       False      False        False                False       False                  2            6.16114   0.62293    0.749112   0.728586 │
│ bohb_train_d405dd2a   TERMINATED   False      False      False           True       False      False        False                False       True                   1            2.85015   0.652949   0.73394    0.711282 │
│ bohb_train_44b529db   TERMINATED   False      False      False           True       False      False        False                False       False                  4           11.6867    0.605127   0.777235   0.746434 │
│ bohb_train_b4d4870c   TERMINATED   False      False      False           True       False      False        False                False       False                  2            5.52811   0.62293    0.749112   0.728586 │
│ bohb_train_c55d6138   TERMINATED   False      False      False           True       False      False        False                False       False                  4           11.6731    0.605127   0.777235   0.746434 │
│ bohb_train_5df38a9e   TERMINATED   False      False      False           True       False      False        False                False       False                  4           10.7447    0.605127   0.777235   0.746434 │
│ bohb_train_77686aa8   TERMINATED   False      False      False           True       False      False        False                False       False                  4           10.5798    0.605127   0.777235   0.746434 │
│ bohb_train_824a0003   TERMINATED   True       True       False           True       False      False        False                True        True                   4           23.603     0.892141   0.558022   0.6034   │
│ bohb_train_72a1c512   TERMINATED   True       False      False           False      False      False        True                 True        False                  4           11.3799    0.65815    0.772351   0.710681 │
│ bohb_train_4ab4d913   TERMINATED   True       True       False           True       False      True         False                False       False                  1            4.78588   0.969568   0.300252   0.442906 │
│ bohb_train_283e5e54   TERMINATED   False      False      False           True       False      False        False                False       False                  4           12.7976    0.605127   0.777235   0.746434 │
│ bohb_train_6251a311   TERMINATED   True       True       True            True       True       False        False                True        False                  1            8.4845    0.73252    0.731202   0.679024 │
│ bohb_train_128f6280   TERMINATED   False      False      False           True       False      True         False                False       False                  2            6.93156   0.708169   0.631513   0.695543 │
│ bohb_train_f0fc82d1   TERMINATED   False      False      False           True       False      False        False                False       False                  4           10.7612    0.605127   0.777235   0.746434 │
│ bohb_train_168901d7   TERMINATED   True       True       True            False      False      False        False                True        False                  2            8.37426   1.09849    0.658304   0.333333 │
│ bohb_train_01055dd7   TERMINATED   False      True       True            True       False      False        True                 True        False                  4           20.7447    0.672446   0.726095   0.71052  │
│ bohb_train_2fc94408   TERMINATED   False      False      False           True       False      False        False                False       False                  4           10.7146    0.605127   0.777235   0.746434 │
│ bohb_train_adf79ff1   TERMINATED   False      False      False           True       False      False        False                False       False                  4           10.2601    0.605127   0.777235   0.746434 │
│ bohb_train_6bceed0c   TERMINATED   True       True       False           True       False      True         False                True        True                   4           24.245     0.677548   0.76791    0.698872 │
│ bohb_train_accd5cc7   TERMINATED   False      False      False           True       False      False        False                False       False                  1            2.59124   0.663681   0.726243   0.711357 │
│ bohb_train_a1a6078c   TERMINATED   True       True       True            False      False      False        False                False       True                   1            4.67459   1.09844    0.658304   0.333333 │
│ bohb_train_88d8f4b3   TERMINATED   False      False      False           True       False      False        False                False       False                  2            5.5365    0.62293    0.749112   0.728586 │
│ bohb_train_33244d94   TERMINATED   False      False      False           True       False      False        False                False       False                  4           11.6001    0.605127   0.777235   0.746434 │
│ bohb_train_41b07bcb   TERMINATED   False      False      False           True       False      False        False                False       False                  2            5.45548   0.62293    0.749112   0.728586 │
│ bohb_train_dd0281b8   TERMINATED   False      False      False           True       False      False        False                False       False                  4           10.3754    0.605127   0.777235   0.746434 │
│ bohb_train_d13c63c2   TERMINATED   False      False      False           True       False      False        False                False       False                  4           10.9429    0.605127   0.777235   0.746434 │
│ bohb_train_8d5fb3db   TERMINATED   False      False      False           True       False      False        False                False       False                  4           10.4816    0.605127   0.777235   0.746434 │
│ bohb_train_1dad6d71   TERMINATED   False      False      False           True       False      False        False                False       False                  4           10.5244    0.605127   0.777235   0.746434 │
│ bohb_train_280a7437   TERMINATED   True       False      True            True       False      True         True                 True        False                  4           20.2466    0.87004    0.649867   0.596882 │
│ bohb_train_33f60648   TERMINATED   False      False      False           True       False      False        False                False       False                  1            3.47962   0.663681   0.726243   0.711357 │
│ bohb_train_b952344a   TERMINATED   False      False      False           True       False      False        False                False       False                  1            2.59598   0.663681   0.726243   0.711357 │
│ bohb_train_71a96054   TERMINATED   False      False      False           True       False      False        False                False       False                  2            7.07915   0.62293    0.749112   0.728586 │
│ bohb_train_33c4d801   TERMINATED   False      False      False           True       False      False        False                False       False                  4           11.6722    0.605127   0.777235   0.746434 │
│ bohb_train_76808895   TERMINATED   False      False      False           True       False      False        False                False       False                  4           11.7715    0.605127   0.777235   0.746434 │
│ bohb_train_482bc6d5   TERMINATED   False      False      False           True       False      False        False                False       False                  4           11.3944    0.605127   0.777235   0.746434 │
│ bohb_train_e17c7c85   TERMINATED   True       True       True            True       True       False        False                True        False                  2           15.0168    0.876469   0.662818   0.583292 │
│ bohb_train_3b5744a3   TERMINATED   False      False      False           True       False      False        False                False       False                  4           10.7235    0.605127   0.777235   0.746434 │
│ bohb_train_d5de02ae   TERMINATED   False      False      False           True       False      False        False                False       False                  4           10.7358    0.605127   0.777235   0.746434 │
│ bohb_train_2383b1e5   TERMINATED   False      False      False           True       False      False        False                False       False                  4           10.6491    0.605127   0.777235   0.746434 │
│ bohb_train_cfda3641   TERMINATED   True       True       True            False      False      False        False                True        True                   1            3.55519   1.0985     0.658304   0.333333 │
│ bohb_train_da54e5dc   TERMINATED   False      False      False           True       False      False        False                False       False                  4           12.7922    0.605127   0.777235   0.746434 │
│ bohb_train_c4bca8b8   TERMINATED   True       False      True            False      False      True         False                False       False                  2            7.00265   0.708941   0.776125   0.668436 │
│ bohb_train_b604c4f8   TERMINATED   True       False      False           True       False      False        False                False       False                  1            4.64592   1.09847    0.658304   0.333333 │
│ bohb_train_6b140142   TERMINATED   True       False      False           False      False      True         False                False       True                   4           12.1558    0.659839   0.819198   0.72578  │
│ bohb_train_4d824fce   TERMINATED   True       True       True            True       True       True         False                True        False                  2           15.0851    0.794471   0.691089   0.632292 │
│ bohb_train_d3c116bf   TERMINATED   False      False      False           True       False      False        False                False       False                  4           11.4789    0.605127   0.777235   0.746434 │
│ bohb_train_3d8ca1d3   TERMINATED   False      False      False           True       False      False        False                False       False                  4            9.9352    0.605127   0.777235   0.746434 │
│ bohb_train_f35769c4   TERMINATED   False      False      False           True       False      True         False                False       False                  4           10.3999    0.817989   0.62093    0.690901 │
│ bohb_train_9282b243   TERMINATED   False      False      True            True       True       False        True                 True        True                   4           15.9887    0.697299   0.72802    0.700982 │
│ bohb_train_aa417a7e   TERMINATED   False      False      False           True       False      False        False                False       False                  1            3.45506   0.663681   0.726243   0.711357 │
│ bohb_train_c1db2aa2   TERMINATED   False      False      False           True       False      False        False                False       False                  1            2.66145   0.663681   0.726243   0.711357 │
│ bohb_train_040df5f6   TERMINATED   False      False      False           True       False      False        False                False       False                  2            5.53263   0.62293    0.749112   0.728586 │
│ bohb_train_0ded180e   TERMINATED   False      False      False           True       False      False        False                False       False                  4           11.0218    0.605127   0.777235   0.746434 │
│ bohb_train_070cd0ed   TERMINATED   False      False      False           True       False      False        False                False       False                  4           11.7644    0.605127   0.777235   0.746434 │
│ bohb_train_6a80c656   TERMINATED   False      False      False           True       False      False        False                False       False                  4           11.4948    0.605127   0.777235   0.746434 │
│ bohb_train_7179a541   TERMINATED   False      False      False           False      True       True         False                True        True                   2            4.94725   0.672712   0.748816   0.685727 │
│ bohb_train_411d0470   TERMINATED   False      True       True            True       False      False        False                True        True                   4           21.0611    0.695865   0.664224   0.695611 │
│ bohb_train_18cb5c44   TERMINATED   False      False      False           True       False      False        False                False       False                  4           10.5976    0.605127   0.777235   0.746434 │
│ bohb_train_ace74144   TERMINATED   False      False      False           True       False      False        False                False       False                  4           10.97      0.605127   0.777235   0.746434 │
│ bohb_train_9baeecee   TERMINATED   False      True       False           False      False      True         False                True        False                  1            3.76497   0.812964   0.731202   0.612602 │
│ bohb_train_8c5fac1e   TERMINATED   False      False      False           False      False      False        False                True        True                   2            4.62942   0.68525    0.773387   0.685535 │
│ bohb_train_8b7090fa   TERMINATED   False      False      False           True       False      False        False                False       False                  4           11.413     0.605127   0.777235   0.746434 │
│ bohb_train_24c2fd14   TERMINATED   True       False      True            False      True       True         True                 True        True                   1            4.87112   0.998207   0.642392   0.507404 │
│ bohb_train_6f8d28e3   TERMINATED   False      False      False           True       False      False        False                False       False                  4           11.8423    0.605127   0.777235   0.746434 │
│ bohb_train_2f4e142e   TERMINATED   False      False      False           True       False      False        False                False       False                  4           11.7293    0.605127   0.777235   0.746434 │
│ bohb_train_f11faae2   TERMINATED   False      False      True            True       False      True         False                True        True                   2            7.67703   0.635424   0.753996   0.719803 │
│ bohb_train_c0e9ec55   TERMINATED   False      False      False           True       False      False        False                False       False                  4            9.94928   0.605127   0.777235   0.746434 │
│ bohb_train_3316ff5c   TERMINATED   False      False      False           True       False      False        False                False       False                  4           10.7702    0.605127   0.777235   0.746434 │
│ bohb_train_a9f28fd0   TERMINATED   False      False      False           True       False      False        False                False       False                  4           10.7227    0.605127   0.777235   0.746434 │
│ bohb_train_9d9ff113   TERMINATED   False      False      False           True       False      False        False                False       False                  4           10.9334    0.605127   0.777235   0.746434 │
│ bohb_train_e99256b7   TERMINATED   True       True       True            False      False      True         False                True        True                   1            4.62605   0.799452   0.748816   0.610851 │
│ bohb_train_95163c64   TERMINATED   False      False      False           True       True       False        False                False       False                  1            2.9333    0.717268   0.759177   0.678133 │
│ bohb_train_5987b484   TERMINATED   False      False      False           True       False      True         False                False       False                  2            5.33727   0.640078   0.774941   0.716248 │
│ bohb_train_d5f4ecef   TERMINATED   False      False      True            False      True       True         True                 True        True                   2            6.90603   0.985292   0.607534   0.512833 │
│ bohb_train_cc5f2062   TERMINATED   False      False      False           True       False      False        False                False       False                  4           11.4947    0.605127   0.777235   0.746434 │
│ bohb_train_4841333d   TERMINATED   False      False      False           True       False      True         True                 True        False                  4           13.5322    0.598291   0.803434   0.737495 │
│ bohb_train_b420c659   TERMINATED   False      False      False           True       False      False        False                False       False                  4            9.72225   0.605127   0.777235   0.746434 │
│ bohb_train_270e65ff   TERMINATED   False      False      False           True       False      False        False                False       False                  4           10.4616    0.605127   0.777235   0.746434 │
│ bohb_train_69cea2b3   TERMINATED   False      False      False           False      False      True         False                False       False                  4            9.07481   0.691919   0.803434   0.715622 │
│ bohb_train_6fa3cc6a   TERMINATED   True       False      True            True       False      True         False                True        True                   1            5.56524   0.897353   0.628552   0.564449 │
│ bohb_train_b65ddbed   TERMINATED   False      False      False           True       False      False        False                False       False                  1            3.4767    0.663681   0.726243   0.711357 │
│ bohb_train_87c09793   TERMINATED   False      False      False           True       False      False        False                False       False                  2            5.99706   0.62293    0.749112   0.728586 │
│ bohb_train_442c8899   TERMINATED   False      False      False           True       False      False        False                False       False                  4           10.8923    0.605127   0.777235   0.746434 │
│ bohb_train_9e36dbc9   TERMINATED   False      False      False           True       False      False        False                False       False                  4           12.2413    0.605127   0.777235   0.746434 │
│ bohb_train_caf4a5e4   TERMINATED   False      False      False           True       False      False        False                False       False                  4           11.0107    0.605127   0.777235   0.746434 │
│ bohb_train_5444ab36   TERMINATED   True       True       False           True       False      False        True                 False       True                   2           11.1586    0.856596   0.728982   0.597406 │
│ bohb_train_99cf2fcc   TERMINATED   False      True       False           False      False      False        True                 True        False                  4           12.522     1.09848    0.658304   0.333333 │
│ bohb_train_b02e65e0   TERMINATED   False      False      False           True       False      False        False                False       False                  4           10.8064    0.605127   0.777235   0.746434 │
│ bohb_train_1cb4d225   TERMINATED   False      False      False           True       False      False        False                False       False                  4           10.8302    0.605127   0.777235   0.746434 │
│ bohb_train_c8cc3ea1   TERMINATED   False      False      False           True       False      False        False                False       False                  2            6.75329   0.62293    0.749112   0.728586 │
│ bohb_train_7f738390   TERMINATED   False      False      True            False      False      True         False                False       False                  1            3.49149   0.778014   0.754218   0.6343   │
│ bohb_train_8c1cd480   TERMINATED   False      False      False           True       False      False        False                False       False                  4           10.967     0.605127   0.777235   0.746434 │
│ bohb_train_c5d7a531   TERMINATED   True       False      True            True       True       True         False                False       True                   1            4.90238   0.741416   0.719361   0.659371 │
│ bohb_train_8a08f026   TERMINATED   False      False      False           True       False      False        False                False       False                  2            5.87412   0.62293    0.749112   0.728586 │
│ bohb_train_0cf63f36   TERMINATED   False      False      False           True       False      False        False                False       False                  4           11.8595    0.605127   0.777235   0.746434 │
│ bohb_train_81072eb6   TERMINATED   False      False      False           True       False      False        False                False       False                  4           10.5591    0.605127   0.777235   0.746434 │
│ bohb_train_25d347b7   TERMINATED   False      True       False           True       False      False        False                False       False                  4           16.5413    0.628886   0.764136   0.730421 │
│ bohb_train_566eee47   TERMINATED   False      False      False           True       False      False        False                False       False                  4           10.6384    0.605127   0.777235   0.746434 │
│ bohb_train_a03cd250   TERMINATED   False      True       True            False      True       False        True                 True        False                  4           18.0429    0.789904   0.721655   0.635276 │
│ bohb_train_4efc76e4   TERMINATED   False      False      False           True       False      False        False                False       False                  2            6.32506   0.62293    0.749112   0.728586 │
│ bohb_train_5dd2415b   TERMINATED   False      True       False           True       False      False        False                False       False                  1            3.97933   0.698464   0.704115   0.696752 │
│ bohb_train_3a787362   TERMINATED   False      True       False           True       True       False        True                 False       True                   1            5.83908   0.717052   0.741193   0.673986 │
│ bohb_train_46c669c7   TERMINATED   False      False      False           True       False      False        False                False       False                  4           11.6231    0.605127   0.777235   0.746434 │
│ bohb_train_8a57fac4   TERMINATED   False      False      False           False      False      False        False                False       False                  2            4.58061   0.744887   0.793369   0.660027 │
│ bohb_train_9080bcf2   TERMINATED   False      False      True            True       True       True         True                 False       False                  4           15.789     0.713392   0.824378   0.71009  │
│ bohb_train_6f69b6f2   TERMINATED   False      False      False           True       False      False        False                False       False                  4           10.6777    0.605127   0.777235   0.746434 │
│ bohb_train_a6489fed   TERMINATED   False      False      True            True       True       False        False                False       True                   4           13.0297    0.72638    0.7332     0.68831  │
│ bohb_train_9d971350   TERMINATED   False      False      True            False      False      False        True                 True        False                  4            8.60428   0.882522   0.537966   0.636779 │
│ bohb_train_6b7cbab6   TERMINATED   False      False      False           False      False      False        False                False       False                  4            8.04855   0.718007   0.800696   0.675999 │
│ bohb_train_a6357eaf   TERMINATED   False      False      False           True       False      False        False                False       False                  2            5.90633   0.62293    0.749112   0.728586 │
│ bohb_train_6a3ab14c   TERMINATED   True       True       True            True       False      True         True                 True        True                   1            7.21276   0.956062   0.662744   0.515332 │
│ bohb_train_8a71ffdb   TERMINATED   False      False      False           True       False      False        False                False       False                  4           13.0158    0.605127   0.777235   0.746434 │
│ bohb_train_20675636   TERMINATED   False      False      True            False      True       True         True                 False       False                  1            2.69057   1.03025    0.697676   0.390946 │
│ bohb_train_7290c251   TERMINATED   False      False      False           True       False      False        False                False       False                  2            5.45162   0.62293    0.749112   0.728586 │
│ bohb_train_40427786   TERMINATED   False      False      False           True       False      False        False                False       False                  4           11.3672    0.605127   0.777235   0.746434 │
│ bohb_train_ff4822e5   TERMINATED   False      False      False           True       False      False        False                False       False                  4           10.8975    0.605127   0.777235   0.746434 │
│ bohb_train_5fd69f3b   TERMINATED   False      True       True            False      True       True         False                False       False                  4           16.2504    1.006      0.691829   0.705818 │
│ bohb_train_4ae0c506   TERMINATED   False      False      False           True       False      False        False                False       False                  4           10.4182    0.605127   0.777235   0.746434 │
│ bohb_train_ce431d4c   TERMINATED   False      False      False           True       False      False        False                False       False                  4           10.6849    0.605127   0.777235   0.746434 │
│ bohb_train_67a65156   TERMINATED   True       False      False           False      True       True         True                 True        False                  1            3.49459   1.07441    0.695826   0.389335 │
│ bohb_train_9205b81a   TERMINATED   False      False      False           True       False      False        False                False       False                  1            2.86224   0.663681   0.726243   0.711357 │
│ bohb_train_0b599feb   TERMINATED   False      False      False           True       False      False        False                False       False                  2            6.66919   0.62293    0.749112   0.728586 │
│ bohb_train_617ff0ef   TERMINATED   False      False      False           True       False      False        False                False       False                  4           11.6656    0.605127   0.777235   0.746434 │
│ bohb_train_0f7469cf   TERMINATED   False      False      False           False      False      False        False                False       False                  2            4.35354   0.744887   0.793369   0.660027 │
│ bohb_train_65584039   TERMINATED   False      False      False           False      False      True         False                False       True                   4            9.21009   0.635563   0.82201    0.735493 │
│ bohb_train_8b666bca   TERMINATED   True       True       True            True       True       True         False                False       True                   4           26.9829    0.662586   0.782712   0.701188 │
│ bohb_train_da5df3e2   TERMINATED   False      False      False           True       False      False        False                False       False                  4           10.7054    0.605127   0.777235   0.746434 │
│ bohb_train_f93d056f   TERMINATED   True       False      True            True       False      True         False                False       False                  4           16.8823    0.697761   0.722173   0.686157 │
│ bohb_train_45914b0d   TERMINATED   False      False      False           True       False      False        False                False       False                  4            9.85851   0.605127   0.777235   0.746434 │
│ bohb_train_018dbb47   TERMINATED   False      False      False           True       False      False        False                False       False                  1            2.58351   0.663681   0.726243   0.711357 │
│ bohb_train_7cc87998   TERMINATED   False      False      False           True       False      False        False                False       False                  1            2.5563    0.663681   0.726243   0.711357 │
│ bohb_train_169e72dd   TERMINATED   False      False      False           True       False      False        False                False       False                  2            6.40997   0.62293    0.749112   0.728586 │
│ bohb_train_10de1c63   TERMINATED   False      False      False           True       False      False        False                False       False                  4           10.2742    0.605127   0.777235   0.746434 │
│ bohb_train_1a86c935   TERMINATED   False      False      False           True       False      False        False                False       False                  2            4.89675   0.62293    0.749112   0.728586 │
│ bohb_train_97d400d3   TERMINATED   False      False      False           True       False      False        False                False       False                  4           10.4105    0.605127   0.777235   0.746434 │
│ bohb_train_c21807a2   TERMINATED   False      False      False           True       False      False        False                False       False                  4            9.3795    0.605127   0.777235   0.746434 │
│ bohb_train_d13506ea   TERMINATED   False      False      False           True       False      False        False                False       False                  4            9.63623   0.605127   0.777235   0.746434 │
│ bohb_train_39d916b6   TERMINATED   False      False      False           True       False      False        False                False       False                  4            9.46157   0.605127   0.777235   0.746434 │
│ bohb_train_1969265f   TERMINATED   False      False      False           True       False      False        False                False       False                  4            9.53918   0.605127   0.777235   0.746434 │
│ bohb_train_bfa9ccab   TERMINATED   False      False      False           True       False      False        False                False       False                  1            2.59369   0.663681   0.726243   0.711357 │
│ bohb_train_591f2494   TERMINATED   False      False      False           True       False      False        False                False       False                  2            5.81325   0.62293    0.749112   0.728586 │
│ bohb_train_11cb21db   TERMINATED   False      False      False           False      False      False        False                False       False                  1            2.08351   0.849133   0.781009   0.610505 │
│ bohb_train_c14e5fc2   TERMINATED   False      False      False           True       False      False        False                False       False                  4           10.5621    0.605127   0.777235   0.746434 │
│ bohb_train_74e54561   TERMINATED   True       True       False           False      False      True         False                False       True                   4           14.5607    0.683919   0.761693   0.691368 │
│ bohb_train_023703c5   TERMINATED   False      False      False           False      False      False        False                False       False                  4            8.78035   0.718007   0.800696   0.675999 │
│ bohb_train_117f39d7   TERMINATED   True       True       True            False      True       False        True                 False       False                  2           10.3826    1.09843    0.658304   0.333333 │
│ bohb_train_f54f78e6   TERMINATED   True       False      False           True       False      False        False                False       False                  4           14.8661    0.607813   0.778641   0.743596 │
│ bohb_train_d332f1b3   TERMINATED   False      False      False           True       False      False        False                False       False                  4            9.63174   0.605127   0.777235   0.746434 │
│ bohb_train_22c7acb0   TERMINATED   False      False      False           True       False      False        False                False       False                  4           10.0978    0.605127   0.777235   0.746434 │
│ bohb_train_1695ac74   TERMINATED   False      False      False           True       False      False        False                False       False                  1            3.4674    0.663681   0.726243   0.711357 │
│ bohb_train_3b9d02a1   TERMINATED   False      False      False           True       False      False        False                False       False                  2            6.31939   0.62293    0.749112   0.728586 │
│ bohb_train_8bc34a5d   TERMINATED   False      False      False           True       False      False        False                False       False                  4           11.0387    0.605127   0.777235   0.746434 │
│ bohb_train_f11fc36d   TERMINATED   True       True       True            False      True       True         True                 True        True                   1            5.98966   0.73715    0.726983   0.651781 │
│ bohb_train_4e55423a   TERMINATED   False      False      False           True       False      False        False                False       False                  4           11.7749    0.605127   0.777235   0.746434 │
│ bohb_train_22df9567   TERMINATED   True       True       True            True       False      True         False                True        False                  2           13.0004    0.658387   0.742599   0.709478 │
│ bohb_train_22238dbd   TERMINATED   False      False      False           True       False      False        False                False       False                  4           10.7218    0.605127   0.777235   0.746434 │
│ bohb_train_f9732b6b   TERMINATED   False      False      False           True       False      False        False                False       False                  4            9.91522   0.605127   0.777235   0.746434 │
│ bohb_train_c0d30099   TERMINATED   True       True       True            False      False      False        False                False       False                  4           14.6002    0.735138   0.683763   0.675093 │
│ bohb_train_2f03af9a   TERMINATED   False      False      False           True       False      False        False                False       False                  4           10.868     0.605127   0.777235   0.746434 │
│ bohb_train_52faf887   TERMINATED   False      False      False           True       False      False        False                False       False                  1            3.28245   0.663681   0.726243   0.711357 │
│ bohb_train_542b6a36   TERMINATED   False      False      True            False      False      True         True                 False       False                  1            3.59647   0.78175    0.755995   0.629793 │
│ bohb_train_72a266f3   TERMINATED   False      False      False           True       False      False        False                False       False                  2            5.49681   0.62293    0.749112   0.728586 │
│ bohb_train_d7b6731e   TERMINATED   False      False      False           True       False      False        False                False       False                  4           11.64      0.605127   0.777235   0.746434 │
│ bohb_train_20e62140   TERMINATED   False      False      False           True       False      False        False                False       False                  4           12.5727    0.605127   0.777235   0.746434 │
│ bohb_train_b4832801   TERMINATED   True       True       False           False      True       False        True                 False       False                  2           10.6487    0.792681   0.720619   0.621355 │
│ bohb_train_035922f6   TERMINATED   False      False      False           True       False      False        False                False       False                  4           10.0751    0.605127   0.777235   0.746434 │
│ bohb_train_e2fd3f46   TERMINATED   False      False      False           True       False      False        False                False       False                  4           10.702     0.605127   0.777235   0.746434 │
│ bohb_train_eb1c46c3   TERMINATED   False      True       False           False      True       False        True                 True        False                  4           15.4393    0.698413   0.737789   0.684868 │
│ bohb_train_ac0bb93f   TERMINATED   False      False      True            True       False      True         False                False       False                  4           11.5807    0.679343   0.742525   0.686741 │
│ bohb_train_7f401a06   TERMINATED   False      False      False           True       False      False        False                False       False                  1            3.60844   0.663681   0.726243   0.711357 │
│ bohb_train_c194f52d   TERMINATED   False      False      False           True       False      False        False                False       False                  2            6.43989   0.62293    0.749112   0.728586 │
│ bohb_train_bfd3521c   TERMINATED   False      False      False           True       False      False        False                False       False                  4           11.7465    0.605127   0.777235   0.746434 │
│ bohb_train_bfff2f20   TERMINATED   False      False      False           True       True       False        False                False       False                  1            3.95188   0.717268   0.759177   0.678133 │
│ bohb_train_49cc1a8e   TERMINATED   True       False      False           True       False      False        False                False       True                   2            7.98541   0.614287   0.762137   0.72849  │
│ bohb_train_d85d9d2f   TERMINATED   False      False      False           True       False      False        False                False       False                  4           12.0745    0.605127   0.777235   0.746434 │
│ bohb_train_43c9cbf1   TERMINATED   False      False      False           True       False      False        False                False       False                  4            9.692     0.605127   0.777235   0.746434 │
│ bohb_train_dcc63a23   TERMINATED   False      False      True            False      True       False        False                False       False                  4           10.6948    0.743766   0.722395   0.687244 │
│ bohb_train_755b79d7   TERMINATED   True       False      False           True       True       True         True                 True        True                   4           23.2302    0.835999   0.667333   0.625993 │
│ bohb_train_1908ac49   TERMINATED   True       True       True            False      True       True         False                False       True                   4           21.7448    0.663261   0.792333   0.697689 │
│ bohb_train_5bed8377   TERMINATED   False      True       False           True       False      False        True                 False       False                  1            5.18648   0.848007   0.622706   0.618259 │
│ bohb_train_5bdd0310   TERMINATED   False      False      True            False      True       False        False                True        False                  1            2.81162   0.859979   0.690719   0.618358 │
│ bohb_train_b04ebf17   TERMINATED   False      False      False           True       False      False        False                False       False                  4           11.422     0.605127   0.777235   0.746434 │
│ bohb_train_f44f4aee   TERMINATED   False      True       False           False      True       True         True                 True        True                   2            8.97218   0.916013   0.759325   0.620113 │
│ bohb_train_e248d9e8   TERMINATED   False      False      False           True       False      False        False                True        True                   2            7.16431   0.620743   0.763099   0.72854  │
│ bohb_train_bc2ce09b   TERMINATED   False      False      False           True       False      False        False                False       False                  4           11.6705    0.605127   0.777235   0.746434 │
│ bohb_train_87b0610e   TERMINATED   False      False      False           True       False      False        False                False       False                  4           10.4795    0.605127   0.777235   0.746434 │
│ bohb_train_2afd733c   TERMINATED   False      False      False           True       False      False        False                False       False                  4           10.823     0.605127   0.777235   0.746434 │
│ bohb_train_169d88b3   TERMINATED   False      False      False           True       False      False        False                False       False                  4            9.71802   0.605127   0.777235   0.746434 │
│ bohb_train_31f97018   TERMINATED   False      False      False           True       False      False        False                False       False                  4           10.7099    0.605127   0.777235   0.746434 │
│ bohb_train_1f7e4457   TERMINATED   False      False      False           True       False      False        False                False       False                  2            6.43938   0.62293    0.749112   0.728586 │
│ bohb_train_363e039d   TERMINATED   False      True       False           True       False      True         False                False       True                   4           18.617     0.650379   0.807134   0.736581 │
│ bohb_train_bd3f966d   TERMINATED   False      False      False           False      False      False        True                 False       False                  1            2.43291   0.791358   0.759917   0.603655 │
│ bohb_train_2ec1866a   TERMINATED   True       False      True            True       False      False        True                 True        False                  1            4.50499   0.7257     0.723801   0.666992 │
│ bohb_train_f1325281   TERMINATED   False      False      False           True       False      False        False                False       False                  4           11.8025    0.605127   0.777235   0.746434 │
│ bohb_train_7f16c869   TERMINATED   False      False      False           True       False      False        False                False       False                  4           11.7157    0.605127   0.777235   0.746434 │
│ bohb_train_16352dbd   TERMINATED   False      False      False           False      False      False        False                False       False                  2            4.89676   0.744887   0.793369   0.660027 │
│ bohb_train_211f14e9   TERMINATED   False      False      False           True       False      False        False                False       False                  4           10.7754    0.605127   0.777235   0.746434 │
│ bohb_train_0d0fa18f   TERMINATED   False      False      False           True       False      False        False                False       False                  4            9.94143   0.605127   0.777235   0.746434 │
│ bohb_train_d1d2d769   TERMINATED   True       False      False           True       False      False        False                False       False                  4           15.9831    0.613329   0.782194   0.727497 │
│ bohb_train_662ee3e9   TERMINATED   False      False      False           False      False      False        False                False       False                  1            2.53013   0.849133   0.781009   0.610505 │
│ bohb_train_3d96dacd   TERMINATED   False      False      False           True       False      False        False                False       False                  2            6.41557   0.62293    0.749112   0.728586 │
│ bohb_train_66cacd12   TERMINATED   False      False      False           False      False      False        False                False       False                  1            2.43886   0.849133   0.781009   0.610505 │
│ bohb_train_a81433f4   TERMINATED   False      False      False           True       False      False        False                False       False                  4           11.4474    0.605127   0.777235   0.746434 │
│ bohb_train_b5ec38be   TERMINATED   False      False      False           True       False      False        False                False       False                  4           11.8588    0.605127   0.777235   0.746434 │
│ bohb_train_f8315b55   TERMINATED   False      False      False           True       True       True         False                True        True                   4           17.6633    0.632673   0.815127   0.725152 │
│ bohb_train_29794fd6   TERMINATED   False      True       True            True       True       False        False                False       True                   2           11.0277    0.689883   0.749556   0.693737 │
│ bohb_train_bfd41a5d   TERMINATED   False      False      False           True       False      False        False                False       False                  4           10.7362    0.605127   0.777235   0.746434 │
│ bohb_train_fdc2be1a   TERMINATED   False      False      False           True       False      False        False                False       False                  4           10.9948    0.605127   0.777235   0.746434 │
│ bohb_train_26748611   TERMINATED   False      False      True            False      True       False        False                True        False                  4           10.0782    0.714512   0.769094   0.671509 │
│ bohb_train_a416866b   TERMINATED   False      False      False           True       False      False        False                False       False                  2            6.38057   0.62293    0.749112   0.728586 │
│ bohb_train_b4ae80ae   TERMINATED   False      False      True            False      True       False        True                 False       True                   1            2.86096   0.909903   0.702339   0.572483 │
│ bohb_train_51003841   TERMINATED   False      False      False           True       False      False        False                False       False                  4           13.1977    0.605127   0.777235   0.746434 │
│ bohb_train_03367d85   TERMINATED   False      False      False           True       False      False        False                False       True                   1            2.6672    0.652949   0.73394    0.711282 │
│ bohb_train_54b9fbac   TERMINATED   False      False      False           False      False      True         False                True        False                  2            5.4939    0.865789   0.763321   0.702021 │
│ bohb_train_53b4be4b   TERMINATED   False      False      False           True       False      False        False                False       False                  4           11.5232    0.605127   0.777235   0.746434 │
│ bohb_train_54fca9e0   TERMINATED   False      False      False           True       False      False        False                False       False                  4           10.0822    0.605127   0.777235   0.746434 │
│ bohb_train_7c8e151b   TERMINATED   False      False      False           True       False      False        False                False       False                  4           10.6961    0.605127   0.777235   0.746434 │
│ bohb_train_81ca6d47   TERMINATED   False      True       True            True       False      False        False                False       False                  4           17.1157    0.792833   0.669775   0.637607 │
│ bohb_train_61777a84   TERMINATED   True       True       False           True       False      False        False                False       True                   4           21.2321    0.948165   0.725207   0.535671 │
│ bohb_train_ddeb5120   TERMINATED   False      False      False           True       False      False        False                False       False                  1            2.63199   0.663681   0.726243   0.711357 │
│ bohb_train_0a0aaf46   TERMINATED   True       True       True            True       False      True         False                True        True                   1            7.6393    0.721513   0.721137   0.662259 │
│ bohb_train_7ea5f8d2   TERMINATED   False      False      False           True       False      False        False                False       False                  2            6.56883   0.62293    0.749112   0.728586 │
│ bohb_train_c3132816   TERMINATED   False      False      False           True       False      False        False                False       False                  4           11.7106    0.605127   0.777235   0.746434 │
│ bohb_train_f2b39cf1   TERMINATED   False      False      False           True       False      True         False                True        False                  2            7.75623   0.63753    0.790927   0.717954 │
│ bohb_train_583fcc43   TERMINATED   False      False      False           True       False      False        False                False       False                  4           11.6553    0.605127   0.777235   0.746434 │
│ bohb_train_77aae3b5   TERMINATED   False      False      False           True       False      False        False                False       False                  4            9.89234   0.605127   0.777235   0.746434 │
│ bohb_train_49380489   TERMINATED   False      False      False           True       False      False        False                False       False                  4           10.7653    0.605127   0.777235   0.746434 │
│ bohb_train_b1ef1725   TERMINATED   False      False      False           True       True       False        True                 False       False                  4           12.2629    0.644305   0.775311   0.72873  │
│ bohb_train_0a1208bf   TERMINATED   False      False      False           True       False      False        False                False       False                  4           10.6835    0.605127   0.777235   0.746434 │
│ bohb_train_ab2d9ab1   TERMINATED   False      True       False           False      False      True         True                 False       True                   2            6.1675    0.742186   0.793443   0.694127 │
│ bohb_train_5bd78a18   TERMINATED   False      False      False           True       False      False        False                False       False                  4           11.2183    0.605127   0.777235   0.746434 │
│ bohb_train_207b4e70   TERMINATED   False      True       True            False      True       True         True                 False       False                  1            5.2003    0.889293   0.749852   0.574694 │
│ bohb_train_824cd74c   TERMINATED   False      True       False           False      True       True         True                 False       True                   1            3.80998   0.870866   0.724097   0.581734 │
│ bohb_train_a34b0e0d   TERMINATED   False      False      False           True       False      False        False                False       True                   4           12.1576    0.599185   0.783378   0.744311 │
│ bohb_train_81b2a37c   TERMINATED   False      False      False           True       False      False        False                False       False                  4           11.6989    0.605127   0.777235   0.746434 │
│ bohb_train_e6b30583   TERMINATED   False      True       True            False      False      False        False                True        False                  2            6.48933   0.710167   0.740675   0.679531 │
│ bohb_train_21987d08   TERMINATED   True       True       False           False      False      False        False                True        False                  4           14.3396    1.09845    0.658304   0.333333 │
│ bohb_train_21a6b638   TERMINATED   True       True       True            False      True       False        False                True        False                  4           20.1281    0.76655    0.725651   0.655842 │
│ bohb_train_591bbf29   TERMINATED   False      False      False           True       False      False        False                False       False                  4           10.1405    0.605127   0.777235   0.746434 │
│ bohb_train_455b60fc   TERMINATED   False      False      False           True       False      False        False                False       False                  2            6.23603   0.62293    0.749112   0.728586 │
│ bohb_train_a4ee5a78   TERMINATED   False      False      True            True       False      True         True                 True        True                   1            4.74686   0.92922    0.661486   0.606931 │
│ bohb_train_749dd3b4   TERMINATED   False      True       False           True       True       True         False                False       True                   1            4.85926   0.686699   0.793665   0.68494  │
│ bohb_train_3140d6a1   TERMINATED   False      False      False           True       False      False        False                False       False                  4           11.6492    0.605127   0.777235   0.746434 │
│ bohb_train_a5b3295d   TERMINATED   True       True       False           True       False      False        False                False       False                  2           10.8667    0.858297   0.628034   0.5981   │
│ bohb_train_6e179a40   TERMINATED   False      False      False           False      True       False        False                False       True                   4           11.3914    0.659639   0.813499   0.719946 │
│ bohb_train_6d266233   TERMINATED   False      True       False           False      True       True         False                True        False                  4           16.2305    0.710607   0.794923   0.683318 │
│ bohb_train_aa352e18   TERMINATED   False      True       False           True       False      False        False                False       False                  4           16.098     0.679128   0.743709   0.699665 │
│ bohb_train_9199e804   TERMINATED   False      True       False           True       True       False        True                 True        False                  4           23.0167    0.905812   0.629218   0.601572 │
│ bohb_train_6503602d   TERMINATED   True       False      False           True       False      False        False                True        False                  4           17.8638    0.651867   0.759769   0.715106 │
│ bohb_train_6af44d31   TERMINATED   False      False      False           True       False      False        False                False       False                  2            5.44257   0.62293    0.749112   0.728586 │
│ bohb_train_32b4cb71   TERMINATED   False      False      False           True       False      False        False                False       False                  4           11.9044    0.605127   0.777235   0.746434 │
│ bohb_train_cd896468   TERMINATED   False      False      True            False      False      True         True                 True        True                   1            2.66248   0.795187   0.762285   0.62348  │
│ bohb_train_bf40d2e0   TERMINATED   False      True       False           True       False      False        False                False       False                  1            4.07489   0.929068   0.44849    0.570799 │
│ bohb_train_1782b67d   TERMINATED   False      False      True            False      True       False        False                True        True                   2            5.85331   0.790783   0.761915   0.635942 │
│ bohb_train_054593b4   TERMINATED   True       False      False           False      False      True         False                True        False                  4           12.6228    0.737801   0.775089   0.722308 │
│ bohb_train_59864c61   TERMINATED   False      False      False           True       False      False        False                False       False                  4           10.6033    0.605127   0.777235   0.746434 │
│ bohb_train_f59754f2   TERMINATED   True       False      False           True       False      False        False                False       False                  4           15.1489    0.675893   0.724319   0.70083  │
│ bohb_train_f4e503a1   TERMINATED   False      False      False           True       False      False        False                False       False                  4           10.518     0.605127   0.777235   0.746434 │
│ bohb_train_ab9b4bd0   TERMINATED   False      False      False           True       False      False        False                False       False                  4           10.651     0.605127   0.777235   0.746434 │
│ bohb_train_f6a123ae   TERMINATED   False      True       True            False      True       False        True                 True        False                  1            5.02341   0.942422   0.690275   0.52999  │
│ bohb_train_5a173a6f   TERMINATED   False      False      False           True       False      False        False                False       False                  4           11.2594    0.605127   0.777235   0.746434 │
│ bohb_train_08c86585   TERMINATED   True       False      False           True       False      False        False                False       False                  1            4.59269   0.799793   0.756217   0.614844 │
│ bohb_train_9aa62234   TERMINATED   False      True       False           False      True       True         False                False       True                   2            8.09791   0.731684   0.761101   0.642867 │
│ bohb_train_c5b0995c   TERMINATED   True       False      False           True       False      False        False                False       False                  4           16.0054    0.63421    0.732756   0.71674  │
│ bohb_train_14266188   TERMINATED   True       True       False           False      False      False        True                 True        False                  2            8.09519   1.09846    0.658304   0.333333 │
│ bohb_train_c2c530ae   TERMINATED   False      False      False           True       False      False        False                False       False                  4           10.9009    0.605127   0.777235   0.746434 │
│ bohb_train_8d4b52e0   TERMINATED   False      False      False           True       False      False        False                False       False                  4           10.7549    0.605127   0.777235   0.746434 │
│ bohb_train_0fe26fc9   TERMINATED   False      False      False           True       False      False        False                False       False                  4            9.86673   0.605127   0.777235   0.746434 │
│ bohb_train_2c557074   TERMINATED   False      False      False           True       False      False        False                False       False                  4           10.6489    0.605127   0.777235   0.746434 │
│ bohb_train_97ebfee0   TERMINATED   False      True       False           True       False      False        False                False       False                  1            4.24195   0.820703   0.65971    0.642226 │
│ bohb_train_8c3c8723   TERMINATED   False      False      False           True       False      False        False                True        True                   1            4.07448   0.65752    0.75148    0.70895  │
│ bohb_train_22aed00c   TERMINATED   False      False      False           True       False      False        False                False       False                  2            6.36146   0.62293    0.749112   0.728586 │
│ bohb_train_ce53d0fd   TERMINATED   False      False      False           True       False      False        False                False       False                  4           11.6352    0.605127   0.777235   0.746434 │
│ bohb_train_02347278   TERMINATED   False      False      False           False      False      False        False                True        False                  4            9.66085   0.65155    0.776125   0.706138 │
│ bohb_train_766b0506   TERMINATED   True       True       True            True       False      True         True                 False       True                   2           12.0475    0.959984   0.742747   0.534963 │
│ bohb_train_bf3644fa   TERMINATED   False      False      False           True       False      False        False                False       False                  4           11.7421    0.605127   0.777235   0.746434 │
│ bohb_train_0bde5bb0   TERMINATED   False      False      False           False      False      False        False                False       False                  4            7.95837   0.718007   0.800696   0.675999 │
│ bohb_train_a7ada289   TERMINATED   False      False      False           True       False      False        False                False       False                  4           10.8897    0.605127   0.777235   0.746434 │
│ bohb_train_9be4e28b   TERMINATED   True       False      False           True       False      False        True                 False       False                  4           16.3421    0.71201    0.736753   0.68057  │
│ bohb_train_5234d833   TERMINATED   True       False      True            False      True       True         False                True        False                  1            4.76585   0.895882   0.73394    0.536907 │
│ bohb_train_681970d8   TERMINATED   True       True       False           True       True       True         True                 True        True                   1            7.97901   0.791218   0.747706   0.624633 │
│ bohb_train_41941c77   TERMINATED   False      False      False           True       False      False        False                False       False                  4           12.2218    0.605127   0.777235   0.746434 │
│ bohb_train_826c5621   TERMINATED   False      False      False           True       False      False        True                 True        False                  2            6.70334   0.702932   0.732608   0.71363  │
│ bohb_train_e8b49394   TERMINATED   False      False      False           True       False      False        False                False       False                  4           10.8918    0.605127   0.777235   0.746434 │
│ bohb_train_31f75b27   TERMINATED   False      False      False           False      False      False        True                 False       False                  2            3.76561   0.744887   0.793369   0.660027 │
│ bohb_train_7b5ab710   TERMINATED   False      False      False           True       False      False        False                False       False                  4           10.7983    0.605127   0.777235   0.746434 │
│ bohb_train_cef093ef   TERMINATED   False      False      False           True       False      False        False                False       False                  4           10.6765    0.605127   0.777235   0.746434 │
│ bohb_train_429e2016   TERMINATED   False      False      False           True       False      False        False                False       False                  4           10.3044    0.605127   0.777235   0.746434 │
│ bohb_train_db19a90d   TERMINATED   False      True       False           True       True       False        False                False       False                  4           19.8975    0.630472   0.771462   0.736595 │
│ bohb_train_b71a58df   TERMINATED   False      False      False           True       False      False        False                False       False                  1            3.21032   0.663681   0.726243   0.711357 │
│ bohb_train_98d1d97d   TERMINATED   True       False      True            True       False      False        False                False       False                  1            4.7839    1.09825    0.661042   0.353597 │
│ bohb_train_09541a05   TERMINATED   False      False      False           True       False      False        False                False       False                  2            5.55406   0.62293    0.749112   0.728586 │
│ bohb_train_6aa21ab3   TERMINATED   False      False      False           True       False      False        False                False       False                  4           11.6935    0.605127   0.777235   0.746434 │
│ bohb_train_67585b01   TERMINATED   False      False      False           True       False      False        False                False       False                  4           11.0507    0.605127   0.777235   0.746434 │
│ bohb_train_09b53dd1   TERMINATED   True       True       True            False      True       True         False                True        False                  2           10.686     0.905095   0.779159   0.586264 │
│ bohb_train_283edcbd   TERMINATED   False      True       True            True       True       False        True                 False       False                  4           21.9185    0.85034    0.671033   0.643575 │
│ bohb_train_8a79f2a8   TERMINATED   True       False      True            False      True       True         False                True        True                   4           16.0916    0.630585   0.772795   0.719776 │
│ bohb_train_a29adb92   TERMINATED   False      False      False           True       False      False        False                False       False                  4           10.4273    0.605127   0.777235   0.746434 │
│ bohb_train_f259e1b6   TERMINATED   False      False      False           True       False      False        False                False       False                  4           10.5631    0.605127   0.777235   0.746434 │
│ bohb_train_910aaa12   TERMINATED   False      False      False           True       False      False        False                False       False                  1            2.40691   0.663681   0.726243   0.711357 │
│ bohb_train_1bb2a169   TERMINATED   False      False      False           True       False      False        False                False       False                  2            5.91405   0.62293    0.749112   0.728586 │
│ bohb_train_501631cb   TERMINATED   False      True       False           True       True       True         False                True        True                   1            5.53286   0.931852   0.483052   0.554491 │
│ bohb_train_8f07b3d0   TERMINATED   False      False      False           True       False      False        False                False       False                  4           10.5792    0.605127   0.777235   0.746434 │
│ bohb_train_15f71a28   TERMINATED   False      False      False           True       False      False        False                False       False                  4           10.688     0.605127   0.777235   0.746434 │
│ bohb_train_1c998634   TERMINATED   False      False      False           True       False      False        False                False       False                  4           10.7683    0.605127   0.777235   0.746434 │
│ bohb_train_6c7b0a64   TERMINATED   False      True       False           False      True       False        True                 True        False                  2            7.53925   0.805562   0.732608   0.620814 │
│ bohb_train_963348a1   TERMINATED   False      False      False           True       True       False        False                True        False                  4           13.7207    0.622695   0.765468   0.730293 │
│ bohb_train_ba1dd1a1   TERMINATED   False      False      False           True       False      False        False                False       False                  4            9.58406   0.605127   0.777235   0.746434 │
│ bohb_train_f380953c   TERMINATED   False      False      False           True       False      False        False                False       False                  4            9.63631   0.605127   0.777235   0.746434 │
│ bohb_train_9b7c02eb   TERMINATED   False      False      False           True       False      False        False                False       True                   4           12.3399    0.599185   0.783378   0.744311 │
│ bohb_train_a479e1d5   TERMINATED   True       False      True            True       False      False        False                False       False                  1            4.18594   1.98221    0.455891   0.432516 │
│ bohb_train_f65c2f26   TERMINATED   True       True       True            False      False      True         False                False       True                   2            8.29771   0.976069   0.737123   0.662638 │
│ bohb_train_6555ec67   TERMINATED   False      False      True            True       False      True         False                False       False                  1            3.02658   0.900335   0.516504   0.616479 │
│ bohb_train_c584532b   TERMINATED   False      False      True            False      True       False        True                 True        True                   4           12.0354    0.766447   0.760139   0.65639  │
│ bohb_train_4e6ed9d9   TERMINATED   False      False      False           True       False      False        False                False       False                  4           11.7239    0.605127   0.777235   0.746434 │
│ bohb_train_ae5dfcdc   TERMINATED   False      False      False           False      True       True         True                 False       False                  2            5.12008   0.999421   0.655639   0.540846 │
│ bohb_train_1a0cfb49   TERMINATED   False      False      False           False      True       True         False                True        False                  4            9.71582   0.650528   0.803804   0.711969 │
│ bohb_train_53dc18c3   TERMINATED   False      False      False           True       False      False        False                False       False                  4            9.59471   0.605127   0.777235   0.746434 │
│ bohb_train_9e326dfb   TERMINATED   True       True       False           True       False      True         True                 True        False                  4           25.154     1.01836    0.723357   0.475776 │
│ bohb_train_ce2cb566   TERMINATED   False      False      False           True       False      False        False                False       False                  1            3.64103   0.663681   0.726243   0.711357 │
│ bohb_train_1e680998   TERMINATED   False      False      False           True       False      False        False                False       False                  2            6.41378   0.62293    0.749112   0.728586 │
│ bohb_train_7dcdafd1   TERMINATED   False      False      True            True       False      True         True                 True        True                   1            4.75471   0.688225   0.788854   0.684845 │
│ bohb_train_6e1ae1df   TERMINATED   False      False      False           True       False      False        False                False       False                  4           11.8867    0.605127   0.777235   0.746434 │
│ bohb_train_a610b08a   TERMINATED   True       False      False           False      False      True         False                False       True                   2            6.18201   1.09843    0.658304   0.333333 │
│ bohb_train_e6ca9035   TERMINATED   False      False      False           True       False      False        False                False       False                  4           12.0437    0.605127   0.777235   0.746434 │
│ bohb_train_901379cc   TERMINATED   False      False      False           True       False      False        False                False       True                   4           10.3552    0.599185   0.783378   0.744311 │
│ bohb_train_2aa59e47   TERMINATED   False      True       False           False      True       False        True                 False       True                   4           16.9271    0.662338   0.804692   0.706467 │
│ bohb_train_0d26852b   TERMINATED   False      False      False           False      True       True         True                 False       True                   4            9.88329   0.850834   0.683615   0.712447 │
│ bohb_train_5017b197   TERMINATED   True       True       False           True       True       True         False                True        False                  4           30.0517    0.656553   0.790335   0.709638 │
│ bohb_train_ed9414fc   TERMINATED   False      False      False           True       False      False        False                False       False                  2            6.05406   0.62293    0.749112   0.728586 │
│ bohb_train_8fdff2b1   TERMINATED   False      False      False           True       False      False        False                False       False                  4           11.8616    0.605127   0.777235   0.746434 │
│ bohb_train_ea50a34d   TERMINATED   False      False      False           False      False      True         False                False       True                   1            2.22467   0.787425   0.749334   0.671407 │
│ bohb_train_3dc3fd4c   TERMINATED   False      True       True            False      False      True         True                 False       True                   1            4.42531   0.990828   0.758437   0.562383 │
│ bohb_train_1f6ad1ec   TERMINATED   True       True       False           True       True       True         True                 False       True                   2           13.9403    0.829318   0.719361   0.61181  │
│ bohb_train_a15af7cb   TERMINATED   False      True       False           True       False      False        True                 False       False                  4           18.607     0.66321    0.750814   0.716583 │
│ bohb_train_af815801   TERMINATED   False      False      False           True       False      False        False                False       False                  4           10.675     0.605127   0.777235   0.746434 │
│ bohb_train_015fb53f   TERMINATED   False      False      False           True       False      False        False                False       False                  4            9.79025   0.605127   0.777235   0.746434 │
│ bohb_train_69968706   TERMINATED   False      False      False           True       False      False        False                False       False                  4           10.709     0.605127   0.777235   0.746434 │
│ bohb_train_8a938ac9   TERMINATED   False      True       False           True       False      False        True                 True        True                   4           20.6083    0.670417   0.760879   0.730703 │
│ bohb_train_473f393c   TERMINATED   False      False      False           True       False      False        False                False       False                  2            6.36582   0.62293    0.749112   0.728586 │
│ bohb_train_52041a74   TERMINATED   False      False      True            False      True       False        False                False       False                  1            2.72179   0.861807   0.711368   0.581992 │
│ bohb_train_bc8b7baf   TERMINATED   False      False      False           True       False      False        False                False       False                  4           11.9797    0.605127   0.777235   0.746434 │
│ bohb_train_35325c91   TERMINATED   True       False      False           False      False      True         False                True        True                   1            3.76452   0.705444   0.740897   0.668898 │
│ bohb_train_b3517131   TERMINATED   False      False      False           True       False      False        False                False       False                  4           11.9495    0.605127   0.777235   0.746434 │
│ bohb_train_3be72e54   TERMINATED   False      True       False           True       False      False        True                 False       False                  2            8.90658   0.727929   0.701525   0.689093 │
│ bohb_train_9ff66209   TERMINATED   False      False      False           True       False      False        False                False       True                   4           11.1972    0.599185   0.783378   0.744311 │
│ bohb_train_12cd6122   TERMINATED   False      False      False           True       False      False        False                False       False                  4           10.5882    0.605127   0.777235   0.746434 │
│ bohb_train_67fe4695   TERMINATED   True       True       True            False      True       True         False                False       False                  4           19.9195    1.07832    0.603464   0.617264 │
│ bohb_train_70dac68c   TERMINATED   False      True       True            True       False      True         True                 False       True                   4           19.1732    0.77911    0.709962   0.644665 │
│ bohb_train_82974ed4   TERMINATED   False      False      False           True       False      False        False                False       False                  1            2.62941   0.663681   0.726243   0.711357 │
│ bohb_train_66962177   TERMINATED   False      False      False           True       False      False        False                False       False                  2            5.73247   0.62293    0.749112   0.728586 │
│ bohb_train_b2ac3445   TERMINATED   False      False      False           True       False      False        False                False       False                  4           12.8143    0.605127   0.777235   0.746434 │
│ bohb_train_7c0e35b3   TERMINATED   False      False      False           True       True       False        False                False       False                  1            2.89543   0.717268   0.759177   0.678133 │
│ bohb_train_8b323355   TERMINATED   False      False      False           True       False      False        False                False       False                  4           11.68      0.605127   0.777235   0.746434 │
│ bohb_train_4690d701   TERMINATED   False      False      True            False      True       True         True                 True        False                  2            6.63808   0.700228   0.781231   0.682204 │
│ bohb_train_661b6e6c   TERMINATED   False      False      False           True       False      False        False                False       False                  4           10.8283    0.605127   0.777235   0.746434 │
│ bohb_train_9895d91c   TERMINATED   False      False      False           True       False      False        False                False       False                  4           10.9315    0.605127   0.777235   0.746434 │
│ bohb_train_83cc56a8   TERMINATED   False      True       False           False      True       False        False                False       True                   4           15.9041    0.673321   0.813795   0.701494 │
│ bohb_train_18b77e1e   TERMINATED   False      False      False           True       False      False        False                False       False                  4            9.77445   0.605127   0.777235   0.746434 │
│ bohb_train_92c8a9aa   TERMINATED   False      False      False           True       False      False        False                False       False                  2            6.51534   0.62293    0.749112   0.728586 │
│ bohb_train_6e74e685   TERMINATED   False      True       False           True       True       True         True                 True        False                  1            6.41918   0.954397   0.583185   0.552807 │
│ bohb_train_db37dbac   TERMINATED   False      False      False           True       False      False        False                False       False                  4           11.7356    0.605127   0.777235   0.746434 │
│ bohb_train_9b0bf01d   TERMINATED   False      True       False           False      True       True         False                False       False                  1            4.65806   0.741132   0.783822   0.654032 │
│ bohb_train_2421a258   TERMINATED   False      False      False           True       False      False        False                False       False                  4           12.1966    0.605127   0.777235   0.746434 │
│ bohb_train_d2a89963   TERMINATED   True       True       False           True       True       False        True                 False       True                   2           14.5808    1.09458    0.480832   0.372101 │
│ bohb_train_936c8a37   TERMINATED   False      False      False           True       False      False        False                False       False                  4           11.2613    0.605127   0.777235   0.746434 │
│ bohb_train_dea3e3cf   TERMINATED   False      False      False           True       False      False        False                False       False                  4           10.7199    0.605127   0.777235   0.746434 │
│ bohb_train_b99c15f9   TERMINATED   False      True       True            False      True       True         False                False       False                  4           16.512     0.837772   0.777309   0.679717 │
│ bohb_train_2919538d   TERMINATED   False      False      False           False      True       False        True                 False       False                  4            9.09827   0.701696   0.759325   0.696776 │
│ bohb_train_07602a58   TERMINATED   False      False      False           True       False      False        False                False       False                  2            6.10666   0.62293    0.749112   0.728586 │
│ bohb_train_37f3d9c9   TERMINATED   False      True       False           True       False      False        False                False       False                  1            4.74553   0.820703   0.65971    0.642226 │
│ bohb_train_42018d45   TERMINATED   False      False      False           True       False      False        False                False       False                  4           11.6054    0.605127   0.777235   0.746434 │
│ bohb_train_1e91f9f5   TERMINATED   False      True       False           True       False      False        False                False       False                  1            4.21905   0.665844   0.728908   0.708078 │
│ bohb_train_3f76a146   TERMINATED   False      False      False           True       False      False        False                False       False                  4           12.1362    0.605127   0.777235   0.746434 │
│ bohb_train_c29ff95e   TERMINATED   True       False      True            False      True       True         True                 False       True                   2            8.26105   0.676813   0.771018   0.688412 │
│ bohb_train_117471ae   TERMINATED   False      False      False           True       False      False        False                False       False                  4           10.8327    0.605127   0.777235   0.746434 │
│ bohb_train_b6202943   TERMINATED   False      True       False           True       False      False        False                False       False                  4           17.0633    0.747022   0.700192   0.666315 │
│ bohb_train_78f197e4   TERMINATED   False      True       False           False      False      True         True                 True        False                  4           13.6962    0.806749   0.727649   0.634089 │
│ bohb_train_16e264d9   TERMINATED   True       True       False           True       True       True         False                False       False                  4           26.3325    0.612872   0.781898   0.732951 │
│ bohb_train_ce00045f   TERMINATED   False      False      False           True       False      False        False                False       False                  1            2.92484   0.663681   0.726243   0.711357 │
│ bohb_train_8efa5adb   TERMINATED   False      False      False           True       False      False        False                False       False                  2            5.45278   0.62293    0.749112   0.728586 │
│ bohb_train_a314465c   TERMINATED   False      False      False           True       False      False        False                False       False                  4           12.9655    0.605127   0.777235   0.746434 │
│ bohb_train_63a4aa98   TERMINATED   True       False      True            True       False      False        True                 False       True                   1            4.97897   0.698215   0.729278   0.698201 │
│ bohb_train_a1541d0e   TERMINATED   False      True       True            False      True       True         True                 False       True                   4           17.8222    0.712861   0.741933   0.667864 │
│ bohb_train_96bcca8a   TERMINATED   False      False      False           True       False      False        False                False       False                  4           11.4908    0.605127   0.777235   0.746434 │
│ bohb_train_701a1a0e   TERMINATED   True       True       False           False      True       True         True                 True        True                   2           10.9621    0.832411   0.724837   0.590122 │
│ bohb_train_e83d144e   TERMINATED   True       False      True            False      False      False        False                True        True                   4           13.1322    1.09845    0.658304   0.333333 │
│ bohb_train_c47d8cd4   TERMINATED   False      False      False           True       True       False        False                False       False                  4           12.1838    0.648256   0.778123   0.725203 │
│ bohb_train_fe4f5275   TERMINATED   False      False      False           True       False      False        False                False       False                  4           10.9689    0.605127   0.777235   0.746434 │
│ bohb_train_b6364610   TERMINATED   True       True       True            False      True       False        False                False       False                  1            5.7427    1.1        0.246226   0.333333 │
│ bohb_train_fbe35f74   TERMINATED   False      False      False           True       False      False        False                False       False                  1            2.6191    0.663681   0.726243   0.711357 │
│ bohb_train_9e39e591   TERMINATED   False      False      False           True       False      False        False                False       False                  2            5.84108   0.62293    0.749112   0.728586 │
│ bohb_train_d239f57b   TERMINATED   False      False      False           True       False      False        False                False       False                  4           11.8141    0.605127   0.777235   0.746434 │
│ bohb_train_926b2c40   TERMINATED   False      False      False           True       False      False        False                False       False                  2            5.66683   0.62293    0.749112   0.728586 │
│ bohb_train_36447690   TERMINATED   False      False      False           True       False      False        False                False       False                  4           12.0385    0.605127   0.777235   0.746434 │
│ bohb_train_f3a04150   TERMINATED   False      False      False           True       False      False        False                False       False                  4           11.0315    0.605127   0.777235   0.746434 │
│ bohb_train_52bc9ee4   TERMINATED   False      False      False           False      False      False        False                False       False                  4            8.03629   0.718007   0.800696   0.675999 │
│ bohb_train_c3d92cac   TERMINATED   False      True       True            True       False      True         False                False       True                   4           17.6068    0.706206   0.721581   0.685646 │
│ bohb_train_ac31201c   TERMINATED   False      False      True            False      True       True         False                False       False                  4           10.9225    0.655333   0.813943   0.707501 │
│ bohb_train_413f4515   TERMINATED   True       False      False           False      True       False        False                True        False                  1            4.49483   1.09843    0.658304   0.333333 │
│ bohb_train_47d95ee6   TERMINATED   False      False      False           True       False      False        False                False       False                  4           11.7802    0.605127   0.777235   0.746434 │
│ bohb_train_867e4da7   TERMINATED   False      True       False           True       True       True         False                True        False                  2           12.2805    0.894075   0.528715   0.580149 │
│ bohb_train_1c682557   TERMINATED   False      False      False           True       False      True         False                False       False                  1            2.5367    0.867011   0.471285   0.567847 │
│ bohb_train_d1c2a9c9   TERMINATED   False      False      False           True       False      False        False                False       False                  4           10.9473    0.605127   0.777235   0.746434 │
│ bohb_train_0945912b   TERMINATED   False      False      False           True       False      False        False                False       False                  4           11.3343    0.605127   0.777235   0.746434 │
│ bohb_train_a8b16506   TERMINATED   False      True       False           True       False      False        False                False       False                  2            9.1035    0.680152   0.720471   0.696523 │
│ bohb_train_8b8ebca2   TERMINATED   False      False      False           True       False      False        False                False       False                  4            9.80145   0.605127   0.777235   0.746434 │
│ bohb_train_893658b3   TERMINATED   False      False      False           True       True       True         False                False       True                   4           12.6227    0.643155   0.809133   0.726916 │
│ bohb_train_6baf78ea   TERMINATED   True       True       True            True       False      False        False                True        False                  4           24.088     0.72695    0.722691   0.675147 │
│ bohb_train_e6cba2af   TERMINATED   False      False      False           True       False      False        False                False       False                  1            2.584     0.663681   0.726243   0.711357 │
│ bohb_train_72c59766   TERMINATED   False      False      False           True       False      False        False                False       False                  1            2.91995   0.663681   0.726243   0.711357 │
│ bohb_train_1b3c12b4   TERMINATED   False      False      False           True       False      False        False                False       False                  2            7.51508   0.62293    0.749112   0.728586 │
│ bohb_train_f17e14d0   TERMINATED   False      False      False           True       False      False        False                False       False                  4           11.7229    0.605127   0.777235   0.746434 │
│ bohb_train_4ccc5718   TERMINATED   False      False      False           True       False      False        False                False       False                  2            6.51398   0.62293    0.749112   0.728586 │
│ bohb_train_3ecde747   TERMINATED   False      False      False           True       False      False        False                False       False                  4           12.0704    0.605127   0.777235   0.746434 │
│ bohb_train_1cfb5617   TERMINATED   False      False      False           True       False      False        False                False       False                  4           10.818     0.605127   0.777235   0.746434 │
│ bohb_train_8f4cb8c2   TERMINATED   False      True       True            True       False      True         True                 True        False                  4           20.8539    0.96116    0.478242   0.609448 │
│ bohb_train_c7bd62e1   TERMINATED   False      False      False           True       False      False        False                False       False                  4           10.5572    0.605127   0.777235   0.746434 │
│ bohb_train_6766636f   TERMINATED   False      False      False           True       False      False        False                False       False                  4           10.5745    0.605127   0.777235   0.746434 │
│ bohb_train_74d027fb   TERMINATED   False      False      False           True       False      False        False                False       False                  2            6.11159   0.62293    0.749112   0.728586 │
│ bohb_train_3ac054d0   TERMINATED   False      True       False           True       False      False        False                True        False                  1            5.26207   0.668032   0.731128   0.707787 │
│ bohb_train_36bb860c   TERMINATED   True       False      True            True       True       False        False                False       False                  1            5.48205   0.922258   0.589032   0.567304 │
│ bohb_train_a3f133a4   TERMINATED   False      False      False           True       False      False        False                False       False                  4           11.7076    0.605127   0.777235   0.746434 │
│ bohb_train_0c3111fb   TERMINATED   False      False      False           True       False      False        False                False       False                  4           11.1167    0.605127   0.777235   0.746434 │
│ bohb_train_64efb6d4   TERMINATED   False      False      False           True       False      True         False                False       False                  2            5.2791    0.956484   0.469953   0.585213 │
│ bohb_train_0a11fe25   TERMINATED   False      False      True            True       False      True         False                True        False                  4           13.8114    0.827535   0.627516   0.690047 │
│ bohb_train_4c29372b   TERMINATED   True       False      True            False      False      False        True                 False       False                  4           12.5267    1.09843    0.658304   0.333333 │
│ bohb_train_474f89ed   TERMINATED   False      False      False           True       False      False        False                False       False                  4            9.98382   0.605127   0.777235   0.746434 │
│ bohb_train_1a4fd285   TERMINATED   False      False      False           False      True       True         True                 False       True                   4           10.9292    0.579902   0.798697   0.748334 │
│ bohb_train_a0a50151   TERMINATED   True       False      False           False      True       True         True                 False       False                  1            4.79126   0.786101   0.718102   0.621169 │
│ bohb_train_8b4b4a5b   TERMINATED   False      False      False           True       False      False        False                False       False                  2            5.51657   0.62293    0.749112   0.728586 │
│ bohb_train_a48a2b43   TERMINATED   False      False      False           True       True       False        False                False       False                  1            3.93507   0.717268   0.759177   0.678133 │
│ bohb_train_3bfbbb78   TERMINATED   False      False      False           True       False      False        False                False       False                  4           11.8034    0.605127   0.777235   0.746434 │
│ bohb_train_fb6e3353   TERMINATED   False      False      False           True       False      False        False                False       False                  4           12.2266    0.605127   0.777235   0.746434 │
│ bohb_train_0a96b5d2   TERMINATED   True       False      True            True       True       False        True                 True        True                   2           12.9844    1.06588    0.533748   0.444991 │
│ bohb_train_6522b240   TERMINATED   False      False      False           True       False      False        False                False       False                  4           10.8278    0.605127   0.777235   0.746434 │
│ bohb_train_1f003ffb   TERMINATED   False      False      False           True       False      False        False                False       False                  4           10.8183    0.605127   0.777235   0.746434 │
│ bohb_train_3d7441f6   TERMINATED   True       False      False           False      True       False        True                 True        True                   4           15.797     1.0987     0.658304   0.333333 │
│ bohb_train_9d330718   TERMINATED   False      False      False           True       False      False        False                False       False                  4           10.644     0.605127   0.777235   0.746434 │
│ bohb_train_32fb7555   TERMINATED   False      False      False           True       False      False        False                False       False                  1            2.58027   0.663681   0.726243   0.711357 │
│ bohb_train_c426616e   TERMINATED   False      False      False           True       False      False        False                False       False                  2            6.15421   0.62293    0.749112   0.728586 │
│ bohb_train_3959064b   TERMINATED   False      False      False           True       False      False        False                False       False                  4           12.1488    0.605127   0.777235   0.746434 │
│ bohb_train_f42e640c   TERMINATED   False      True       False           False      False      True         True                 False       True                   1            2.83237   1.03766    0.690719   0.505939 │
│ bohb_train_510ac9be   TERMINATED   False      False      False           True       False      False        False                False       False                  4           11.2519    0.605127   0.777235   0.746434 │
│ bohb_train_a544262a   TERMINATED   False      False      False           True       False      False        False                False       False                  4           11.6499    0.605127   0.777235   0.746434 │
│ bohb_train_f93a5025   TERMINATED   False      True       False           False      False      True         False                False       True                   2            6.91667   0.703005   0.732682   0.668813 │
│ bohb_train_d075130b   TERMINATED   False      False      False           True       False      False        False                False       False                  4           10.5473    0.605127   0.777235   0.746434 │
│ bohb_train_25b0c30e   TERMINATED   False      False      False           True       False      False        False                False       False                  4           10.8267    0.605127   0.777235   0.746434 │
│ bohb_train_5d6ae65d   TERMINATED   False      False      False           True       False      False        False                False       False                  4           10.5733    0.605127   0.777235   0.746434 │
│ bohb_train_2e00198a   TERMINATED   False      False      False           True       False      False        False                False       False                  2            5.52063   0.62293    0.749112   0.728586 │
│ bohb_train_96621235   TERMINATED   False      False      True            False      False      False        False                False       False                  1            3.25571   0.79958    0.760583   0.611864 │
│ bohb_train_36adfe99   TERMINATED   True       True       False           True       True       True         True                 False       True                   1            7.29321   0.688915   0.78286    0.686635 │
│ bohb_train_aa65858b   TERMINATED   False      False      False           True       False      False        False                False       False                  4           12.6283    0.605127   0.777235   0.746434 │
│ bohb_train_bfc31404   TERMINATED   False      False      True            True       True       False        True                 True        True                   4           19.4519    0.665616   0.737493   0.708322 │
│ bohb_train_2905b185   TERMINATED   False      True       True            True       True       True         False                False       False                  2           11.4767    0.80722    0.734384   0.61743  │
│ bohb_train_58bcc523   TERMINATED   False      False      False           True       False      False        False                False       False                  4            9.73762   0.605127   0.777235   0.746434 │
│ bohb_train_28d01c64   TERMINATED   True       False      False           True       True       True         True                 True        True                   4           23.2476    0.739366   0.755107   0.656498 │
│ bohb_train_f237bb61   TERMINATED   True       False      False           False      True       True         True                 True        True                   4           15.7152    0.832363   0.69923    0.608145 │
│ bohb_train_3e266c69   TERMINATED   False      True       True            True       True       False        True                 False       False                  4           20.2604    0.707794   0.722691   0.687747 │
│ bohb_train_95a7f046   TERMINATED   True       False      True            False      False      True         True                 True        True                   1            4.37108   0.873018   0.707667   0.555885 │
│ bohb_train_8d0b4101   TERMINATED   False      False      True            False      False      False        True                 False       False                  2            5.25539   0.714151   0.758363   0.674989 │
│ bohb_train_d3e5064b   TERMINATED   True       True       True            False      True       False        False                True        False                  1            5.28954   1.10572    0.246226   0.333333 │
│ bohb_train_dc4bb16c   TERMINATED   False      False      False           True       False      False        False                False       False                  4           10.3438    0.605127   0.777235   0.746434 │
│ bohb_train_d61ce1d0   TERMINATED   False      False      False           True       False      False        False                False       False                  2            4.85121   0.62293    0.749112   0.728586 │
│ bohb_train_503d54b4   TERMINATED   False      False      False           True       False      False        False                False       False                  4            9.97601   0.605127   0.777235   0.746434 │
│ bohb_train_7c6fba0e   TERMINATED   False      False      False           True       False      False        False                False       False                  4            9.66879   0.605127   0.777235   0.746434 │
│ bohb_train_1ad7cc25   TERMINATED   False      False      False           False      False      False        False                True        False                  4            7.80924   0.656676   0.785302   0.704537 │
│ bohb_train_09b2991f   TERMINATED   True       False      True            True       False      False        True                 True        False                  4           18.1751    0.898671   0.667851   0.601994 │
│ bohb_train_1ce81fbe   TERMINATED   True       False      True            False      True       False        True                 True        False                  4           15.2205    1.09848    0.658304   0.333333 │
│ bohb_train_2c00606e   TERMINATED   True       False      True            False      True       True         False                False       False                  2            8.67277   0.723978   0.786782   0.67506  │
│ bohb_train_81ab8473   TERMINATED   False      False      False           True       False      False        False                False       False                  4           10.6233    0.605127   0.777235   0.746434 │
│ bohb_train_6aad5b94   TERMINATED   True       False      True            True       True       False        True                 False       True                   1            5.33782   0.99024    0.555876   0.524826 │
│ bohb_train_79a869c3   TERMINATED   True       True       True            False      False      False        False                True        False                  1            3.9974    1.09846    0.658304   0.333333 │
│ bohb_train_d9f4f891   TERMINATED   False      True       True            False      False      False        True                 False       False                  2            6.24101   0.695456   0.76421    0.672428 │
│ bohb_train_d2c02b49   TERMINATED   False      False      False           True       False      False        False                False       False                  4           11.3289    0.605127   0.777235   0.746434 │
│ bohb_train_fd1af8a5   TERMINATED   False      False      True            True       False      True         False                False       False                  4           10.2151    0.71651    0.690571   0.712434 │
│ bohb_train_f640fb73   TERMINATED   False      True       True            False      False      True         True                 False       False                  4           11.9469    1.01719    0.67577    0.692651 │
│ bohb_train_6021e8aa   TERMINATED   False      False      False           True       False      False        False                False       False                  4            9.89428   0.605127   0.777235   0.746434 │
│ bohb_train_4187b598   TERMINATED   False      False      False           True       False      False        False                False       False                  4           10.7106    0.605127   0.777235   0.746434 │
│ bohb_train_9b479f0b   TERMINATED   True       False      True            False      True       True         False                False       False                  1            3.92686   0.892847   0.74704    0.531267 │
│ bohb_train_f5ee8a8e   TERMINATED   False      False      False           True       False      False        False                False       False                  2            6.30965   0.62293    0.749112   0.728586 │
│ bohb_train_4fe9ad15   TERMINATED   True       False      False           False      False      True         True                 True        False                  1            3.1303    0.847566   0.735568   0.582326 │
│ bohb_train_c8643aeb   TERMINATED   False      False      False           True       False      False        False                False       False                  4           11.8236    0.605127   0.777235   0.746434 │
│ bohb_train_5822e267   TERMINATED   False      False      False           True       False      False        False                False       False                  2            5.60859   0.62293    0.749112   0.728586 │
│ bohb_train_0b2b42db   TERMINATED   False      False      False           True       False      False        False                False       False                  4           11.6845    0.605127   0.777235   0.746434 │
│ bohb_train_f47ce91b   TERMINATED   False      False      False           True       False      False        False                False       False                  4           10.7306    0.605127   0.777235   0.746434 │
│ bohb_train_4dbca87c   TERMINATED   False      False      False           True       False      False        False                False       True                   4           10.9191    0.599185   0.783378   0.744311 │
│ bohb_train_6e479712   TERMINATED   False      False      False           True       False      False        False                False       False                  4            9.58865   0.605127   0.777235   0.746434 │
│ bohb_train_5061520c   TERMINATED   False      False      False           True       False      False        False                False       False                  4           10.5113    0.605127   0.777235   0.746434 │
│ bohb_train_97da15e0   TERMINATED   False      False      False           True       False      False        False                False       False                  1            2.83928   0.663681   0.726243   0.711357 │
│ bohb_train_360f2c78   TERMINATED   True       False      False           True       False      False        False                False       False                  2            8.64064   0.640692   0.741341   0.719013 │
│ bohb_train_9f7f5d25   TERMINATED   False      False      False           True       False      False        False                False       False                  1            2.68019   0.663681   0.726243   0.711357 │
│ bohb_train_c9d22791   TERMINATED   False      False      False           True       False      False        False                False       False                  4           11.8812    0.605127   0.777235   0.746434 │
│ bohb_train_4765f77e   TERMINATED   False      False      False           True       False      False        False                False       False                  2            5.48515   0.62293    0.749112   0.728586 │
│ bohb_train_7f4d9420   TERMINATED   False      False      False           True       False      False        False                False       False                  4           11.7071    0.605127   0.777235   0.746434 │
│ bohb_train_ed4f40ee   TERMINATED   False      False      False           True       False      False        False                False       False                  4           10.6212    0.605127   0.777235   0.746434 │
│ bohb_train_98c65eca   TERMINATED   False      False      False           True       False      False        False                False       False                  4            9.85663   0.605127   0.777235   0.746434 │
│ bohb_train_47da1352   TERMINATED   False      False      False           True       False      False        False                False       False                  4           10.6228    0.605127   0.777235   0.746434 │
│ bohb_train_05cef36e   TERMINATED   False      False      False           True       False      False        False                False       False                  4            9.86688   0.605127   0.777235   0.746434 │
│ bohb_train_36ba18d5   TERMINATED   False      False      False           True       False      False        False                False       False                  1            3.55909   0.663681   0.726243   0.711357 │
│ bohb_train_1d640f60   TERMINATED   False      False      False           True       False      False        False                False       False                  2            6.01804   0.62293    0.749112   0.728586 │
│ bohb_train_876f510c   TERMINATED   False      False      False           True       False      False        False                False       False                  4           12.6396    0.605127   0.777235   0.746434 │
│ bohb_train_7bac31de   TERMINATED   False      False      True            False      True       False        True                 True        False                  1            3.83601   0.907304   0.708851   0.572488 │
│ bohb_train_15b88e14   TERMINATED   False      False      False           True       False      False        False                False       False                  4           11.6101    0.605127   0.777235   0.746434 │
│ bohb_train_39260008   TERMINATED   True       False      False           False      True       False        False                True        True                   2            8.2596    1.09925    0.658304   0.333333 │
│ bohb_train_cfa59be0   TERMINATED   True       False      True            False      False      False        True                 True        False                  4           13.2541    1.09846    0.658304   0.333333 │
│ bohb_train_9a3855d1   TERMINATED   True       False      False           True       False      False        False                False       False                  4           16.2255    0.617506   0.783156   0.741659 │
│ bohb_train_c53ab56c   TERMINATED   True       False      False           True       False      False        True                 False       False                  4           15.7918    0.82859    0.617377   0.616095 │
│ bohb_train_4174b7c9   TERMINATED   False      False      False           True       False      False        False                False       False                  4           10.5894    0.605127   0.777235   0.746434 │
│ bohb_train_b22dad50   TERMINATED   False      True       False           True       True       False        False                False       False                  1            5.71329   0.722908   0.735716   0.679788 │
│ bohb_train_bb812f19   TERMINATED   False      False      False           True       False      False        False                False       False                  1            2.61591   0.663681   0.726243   0.711357 │
│ bohb_train_865e5854   TERMINATED   False      False      False           True       False      False        False                False       False                  2            6.95193   0.62293    0.749112   0.728586 │
│ bohb_train_c49d49c8   TERMINATED   False      False      False           True       False      False        False                False       False                  4           11.8171    0.605127   0.777235   0.746434 │
│ bohb_train_8a1110b6   TERMINATED   False      True       False           True       False      False        True                 False       True                   4           17.9148    0.611695   0.772351   0.739588 │
│ bohb_train_5a522920   TERMINATED   False      False      False           True       False      False        False                False       False                  4           11.3216    0.605127   0.777235   0.746434 │
│ bohb_train_f1ce6ca4   TERMINATED   True       True       True            True       True       True         False                True        True                   2           15.9756    0.762176   0.759547   0.648124 │
│ bohb_train_1bfccee3   TERMINATED   False      False      False           True       False      True         False                False       False                  4           11.1061    0.678429   0.787448   0.716901 │
│ bohb_train_3735190e   TERMINATED   False      True       False           False      False      False        False                False       True                   4           11.6447    1.0985     0.658304   0.333333 │
│ bohb_train_affb5942   TERMINATED   False      False      False           True       False      False        False                False       False                  4           10.2673    0.605127   0.777235   0.746434 │
│ bohb_train_c3e40aff   TERMINATED   False      False      False           True       True       False        False                True        False                  2            9.48397   0.664193   0.762877   0.710339 │
│ bohb_train_d2173c8e   TERMINATED   False      True       False           True       False      False        False                False       False                  4           17.6604    0.607534   0.781157   0.743633 │
│ bohb_train_1b9a1540   TERMINATED   False      False      True            True       True       True         False                True        False                  1            4.70457   0.890773   0.586886   0.583793 │
│ bohb_train_7a2cf2de   TERMINATED   False      True       True            False      True       False        True                 True        True                   1            4.88015   0.813966   0.68058    0.61715  │
│ bohb_train_dd83a143   TERMINATED   False      False      False           True       False      False        False                False       False                  2            5.54607   0.62293    0.749112   0.728586 │
│ bohb_train_3704e93f   TERMINATED   False      False      False           True       False      False        False                False       False                  4           11.6086    0.605127   0.777235   0.746434 │
│ bohb_train_7b3a03f2   TERMINATED   False      False      False           True       False      False        False                False       False                  4           10.5963    0.605127   0.777235   0.746434 │
│ bohb_train_5112bc64   TERMINATED   False      False      False           True       False      False        False                False       False                  4           10.8128    0.605127   0.777235   0.746434 │
│ bohb_train_e335bf17   TERMINATED   False      False      False           True       False      False        False                False       False                  4            9.97285   0.605127   0.777235   0.746434 │
│ bohb_train_8f611f65   TERMINATED   True       True       True            True       False      True         False                True        False                  4           25.0506    0.781781   0.649201   0.638306 │
│ bohb_train_3d63633a   TERMINATED   False      True       True            True       True       True         True                 False       False                  1            5.93217   0.755478   0.710036   0.664956 │
│ bohb_train_20a00434   TERMINATED   False      False      False           True       False      False        False                False       False                  2            6.76577   0.62293    0.749112   0.728586 │
│ bohb_train_351dc84d   TERMINATED   False      False      False           True       True       False        False                False       False                  1            3.88367   0.717268   0.759177   0.678133 │
│ bohb_train_fcc94fa6   TERMINATED   False      False      False           True       False      False        False                False       False                  4           11.8905    0.605127   0.777235   0.746434 │
│ bohb_train_53aa92b9   TERMINATED   True       True       True            True       False      False        False                True        False                  2           13.0202    1.09844    0.66156    0.343386 │
│ bohb_train_87f168ba   TERMINATED   False      False      False           True       False      False        False                False       False                  4           11.7527    0.605127   0.777235   0.746434 │
│ bohb_train_4316320c   TERMINATED   True       False      False           False      True       True         False                False       False                  4           14.8928    0.661913   0.816237   0.697351 │
│ bohb_train_02ee6092   TERMINATED   False      False      False           True       False      False        False                False       False                  4           10.698     0.605127   0.777235   0.746434 │
│ bohb_train_a26bc594   TERMINATED   False      False      False           True       False      False        False                False       False                  4           10.5275    0.605127   0.777235   0.746434 │
│ bohb_train_817195df   TERMINATED   False      False      False           True       False      False        False                False       False                  4           10.6859    0.605127   0.777235   0.746434 │
│ bohb_train_8e4faf75   TERMINATED   False      False      False           True       False      False        False                False       False                  2            5.46415   0.62293    0.749112   0.728586 │
│ bohb_train_b777e084   TERMINATED   True       True       False           True       True       False        True                 False       True                   1            8.1485    0.776818   0.701821   0.64469  │
│ bohb_train_2f8bb0ae   TERMINATED   True       True       False           False      False      False        True                 True        True                   1            4.47875   1.0985     0.658304   0.333333 │
│ bohb_train_214f064d   TERMINATED   False      False      False           True       False      False        False                False       False                  4           10.8327    0.605127   0.777235   0.746434 │
│ bohb_train_1b943aee   TERMINATED   False      False      False           True       False      False        False                False       False                  2            5.5246    0.62293    0.749112   0.728586 │
│ bohb_train_e36b32d3   TERMINATED   False      False      False           True       False      False        False                False       False                  4           11.6345    0.605127   0.777235   0.746434 │
│ bohb_train_ac890156   TERMINATED   False      False      False           True       False      False        False                False       False                  4            9.93027   0.605127   0.777235   0.746434 │
│ bohb_train_38fa93ed   TERMINATED   False      False      False           True       False      False        False                False       False                  4           10.7145    0.605127   0.777235   0.746434 │
│ bohb_train_d8a32cec   TERMINATED   True       True       True            True       False      True         False                True        False                  4           24.6333    0.926528   0.647425   0.568107 │
│ bohb_train_49412bbe   TERMINATED   False      False      False           True       False      False        False                False       False                  4           10.6716    0.605127   0.777235   0.746434 │
│ bohb_train_41517f93   TERMINATED   False      True       False           False      True       True         False                False       True                   1            3.79473   1.03283    0.548771   0.485525 │
│ bohb_train_979f58eb   TERMINATED   False      False      False           True       False      False        False                False       False                  4           13.2112    0.605127   0.777235   0.746434 │
│ bohb_train_9bd68e0b   TERMINATED   False      False      True            False      False      True         True                 True        True                   2            7.70259   0.754828   0.777827   0.639313 │
│ bohb_train_355b6767   TERMINATED   True       True       False           False      True       True         False                True        True                   1            5.68021   0.851554   0.684725   0.588459 │
│ bohb_train_afe4e67c   TERMINATED   False      False      False           True       False      False        False                False       True                   4           12.23      0.599185   0.783378   0.744311 │
│ bohb_train_5ddc3041   TERMINATED   True       True       False           True       True       True         True                 True        False                  2           15.7151    1.01493    0.736086   0.631731 │
│ bohb_train_501d607a   TERMINATED   False      False      False           True       True       False        False                False       False                  4           13.2991    0.648256   0.778123   0.725203 │
│ bohb_train_cde3fa2a   TERMINATED   False      False      False           True       False      False        False                False       False                  4            9.78105   0.605127   0.777235   0.746434 │
│ bohb_train_54ff95c8   TERMINATED   True       False      True            False      False      True         False                False       False                  4           12.5045    0.655681   0.797439   0.708997 │
│ bohb_train_e37088ee   TERMINATED   False      False      False           True       False      False        False                False       True                   4           10.8331    0.599185   0.783378   0.744311 │
│ bohb_train_a292d130   TERMINATED   False      False      False           True       False      False        False                False       False                  1            3.50256   0.663681   0.726243   0.711357 │
│ bohb_train_441c98e0   TERMINATED   False      False      False           True       False      False        False                False       False                  1            2.71089   0.663681   0.726243   0.711357 │
│ bohb_train_ce6de7c3   TERMINATED   False      False      False           True       False      False        False                False       False                  2            7.11347   0.62293    0.749112   0.728586 │
│ bohb_train_706b3d10   TERMINATED   False      False      False           True       False      False        False                False       False                  4           11.7459    0.605127   0.777235   0.746434 │
│ bohb_train_5d157758   TERMINATED   False      False      False           True       False      False        False                False       False                  2            5.42537   0.62293    0.749112   0.728586 │
│ bohb_train_fd64c379   TERMINATED   False      False      False           True       False      False        False                False       False                  4           11.8242    0.605127   0.777235   0.746434 │
│ bohb_train_42fb257c   TERMINATED   False      False      False           True       False      False        False                False       False                  4           10.7177    0.605127   0.777235   0.746434 │
│ bohb_train_83789252   TERMINATED   False      False      False           False      False      False        False                False       False                  4            8.70332   0.718007   0.800696   0.675999 │
│ bohb_train_ef460bb6   TERMINATED   False      False      False           True       False      False        False                False       False                  4           10.5401    0.605127   0.777235   0.746434 │
│ bohb_train_eeca4264   TERMINATED   False      False      False           True       False      False        False                False       False                  4           10.266     0.605127   0.777235   0.746434 │
│ bohb_train_07dced28   TERMINATED   False      False      False           True       False      False        False                False       False                  1            3.56765   0.663681   0.726243   0.711357 │
│ bohb_train_0e176eaa   TERMINATED   False      False      False           True       False      False        False                False       False                  2            5.90955   0.62293    0.749112   0.728586 │
│ bohb_train_834e0987   TERMINATED   False      False      False           True       False      False        False                False       False                  4           12.2418    0.605127   0.777235   0.746434 │
│ bohb_train_8840a943   TERMINATED   True       False      False           False      False      False        True                 False       True                   1            3.98079   0.801906   0.743191   0.61459  │
│ bohb_train_1ee1a00f   TERMINATED   False      False      False           True       False      False        False                False       False                  2            5.61004   0.62293    0.749112   0.728586 │
│ bohb_train_aab7e2cb   TERMINATED   False      False      False           True       False      False        False                False       False                  4           11.5389    0.605127   0.777235   0.746434 │
│ bohb_train_2728872d   TERMINATED   False      True       False           True       False      False        False                False       False                  4           15.9549    0.607534   0.781157   0.743633 │
│ bohb_train_7ccb6c21   TERMINATED   True       False      True            False      False      False        False                True        False                  4           12.2421    1.0985     0.658304   0.333333 │
│ bohb_train_6ee5b855   TERMINATED   True       False      True            False      True       True         True                 False       False                  4           16.8193    1.03415    0.798253   0.649545 │
│ bohb_train_b1ce0fd8   TERMINATED   False      False      False           True       True       False        False                False       False                  4           12.1835    0.648256   0.778123   0.725203 │
│ bohb_train_9796842b   TERMINATED   True       True       False           False      False      False        True                 False       False                  1            3.73461   1.09849    0.658304   0.333333 │
│ bohb_train_d869f930   TERMINATED   False      False      False           True       False      False        False                False       True                   2            6.32671   0.617998   0.755921   0.726642 │
│ bohb_train_2e5a7025   TERMINATED   False      False      False           True       True       False        False                True        False                  1            4.51363   0.711873   0.75185    0.679504 │
│ bohb_train_bf578529   TERMINATED   False      False      False           True       False      False        False                False       False                  4           10.7235    0.605127   0.777235   0.746434 │
│ bohb_train_8d752e1e   TERMINATED   False      False      False           True       False      False        False                False       False                  4           11.4513    0.605127   0.777235   0.746434 │
│ bohb_train_3beaacff   TERMINATED   False      True       True            True       True       True         True                 False       True                   2           11.4452    0.695024   0.784858   0.690837 │
│ bohb_train_21e9512d   TERMINATED   False      False      False           True       False      False        False                False       False                  4           11.0415    0.605127   0.777235   0.746434 │
│ bohb_train_17cd1113   TERMINATED   False      False      False           True       False      False        False                False       False                  4            9.78616   0.605127   0.777235   0.746434 │
│ bohb_train_7d4c2c03   TERMINATED   False      False      False           True       False      False        False                False       False                  4           10.5343    0.605127   0.777235   0.746434 │
│ bohb_train_652138a7   TERMINATED   False      False      False           True       False      False        False                False       False                  4            9.85485   0.605127   0.777235   0.746434 │
│ bohb_train_49e3a5fd   TERMINATED   False      False      False           True       False      False        False                False       False                  4           12.697     0.605127   0.777235   0.746434 │
│ bohb_train_c81d369d   TERMINATED   True       False      False           True       False      False        False                False       False                  2            9.13999   0.621289   0.75259    0.726422 │
│ bohb_train_20394629   TERMINATED   False      False      False           True       False      False        True                 True        False                  1            3.4107    0.785491   0.720101   0.676275 │
│ bohb_train_b63caf8d   TERMINATED   False      True       False           False      True       True         False                False       False                  1            4.80844   0.778122   0.716178   0.622495 │
│ bohb_train_ef80752f   TERMINATED   False      False      False           True       False      False        False                False       False                  4           11.795     0.605127   0.777235   0.746434 │
│ bohb_train_ff36123e   TERMINATED   True       True       False           True       True       False        False                False       False                  2           13.818     0.69635    0.745115   0.700041 │
│ bohb_train_7d3e6156   TERMINATED   False      False      False           True       False      False        False                False       False                  4           11.8153    0.605127   0.777235   0.746434 │
│ bohb_train_13ee4984   TERMINATED   False      True       False           True       False      True         True                 False       True                   4           17.4409    0.777405   0.658748   0.703867 │
│ bohb_train_c529b8ef   TERMINATED   False      False      False           True       False      False        False                False       False                  4            9.79301   0.605127   0.777235   0.746434 │
│ bohb_train_d4ebf1d7   TERMINATED   False      False      False           False      False      False        False                False       False                  4            7.7796    0.718007   0.800696   0.675999 │
│ bohb_train_d36ab7b0   TERMINATED   True       True       False           True       False      False        False                True        False                  1            6.29519   1.07004    0.697972   0.431125 │
│ bohb_train_112b3c87   TERMINATED   False      False      False           False      True       True         True                 False       False                  1            3.43837   0.771312   0.766726   0.641925 │
│ bohb_train_2e0e21fa   TERMINATED   False      False      False           True       False      False        False                False       False                  2            6.56566   0.62293    0.749112   0.728586 │
│ bohb_train_1b6f2b24   TERMINATED   False      False      False           True       False      False        False                False       False                  4           11.9426    0.605127   0.777235   0.746434 │
│ bohb_train_51e8828f   TERMINATED   False      False      False           True       False      False        False                False       False                  4           11.9756    0.605127   0.777235   0.746434 │
│ bohb_train_f28256e6   TERMINATED   False      False      False           True       False      False        False                False       False                  4           11.8662    0.605127   0.777235   0.746434 │
│ bohb_train_5915df7c   TERMINATED   False      False      False           False      True       True         False                False       True                   2            5.33545   1.00905    0.681542   0.395523 │
│ bohb_train_f353fc50   TERMINATED   False      False      False           True       False      False        False                False       False                  4            9.71987   0.605127   0.777235   0.746434 │
│ bohb_train_fc024859   TERMINATED   False      False      False           True       False      False        False                False       False                  4           10.5505    0.605127   0.777235   0.746434 │
│ bohb_train_7d12d143   TERMINATED   False      False      False           True       False      False        False                False       False                  4           10.6765    0.605127   0.777235   0.746434 │
│ bohb_train_1491adf4   TERMINATED   False      False      False           True       False      False        False                False       False                  4           11.9061    0.605127   0.777235   0.746434 │
│ bohb_train_5a9b24aa   TERMINATED   True       False      False           True       False      False        False                False       False                  1            4.54364   0.991859   0.409266   0.525914 │
│ bohb_train_800e06ea   TERMINATED   True       False      True            True       False      True         False                False       True                   1            4.96551   0.890623   0.672513   0.58197  │
│ bohb_train_8f1717b1   TERMINATED   False      True       True            True       True       False        False                False       False                  2           10.0967    0.728648   0.714624   0.689071 │
│ bohb_train_b466e0d4   TERMINATED   False      False      False           True       False      False        False                False       False                  4           11.6229    0.605127   0.777235   0.746434 │
│ bohb_train_e76490b9   TERMINATED   False      False      False           True       False      False        False                False       False                  4           11.5588    0.605127   0.777235   0.746434 │
│ bohb_train_9aa840c9   TERMINATED   False      False      False           True       True       False        False                False       False                  2            6.21104   0.671655   0.76643    0.708568 │
│ bohb_train_99370095   TERMINATED   False      True       False           False      True       True         True                 False       False                  4           17.0971    0.741022   0.759695   0.661368 │
│ bohb_train_6fa7aace   TERMINATED   False      False      False           True       False      False        False                False       False                  4           11.5611    0.605127   0.777235   0.746434 │
│ bohb_train_79ee8a96   TERMINATED   False      False      False           True       False      False        False                False       True                   4           10.9678    0.599185   0.783378   0.744311 │
│ bohb_train_f9e483aa   TERMINATED   False      False      False           True       False      False        False                False       False                  2            6.27013   0.62293    0.749112   0.728586 │
│ bohb_train_a257865d   TERMINATED   False      False      False           True       True       False        False                False       False                  1            3.92199   0.717268   0.759177   0.678133 │
│ bohb_train_561e52a0   TERMINATED   False      False      False           True       True       False        False                False       False                  1            2.96881   0.717268   0.759177   0.678133 │
│ bohb_train_2de7d968   TERMINATED   False      False      False           True       False      False        False                False       False                  4           10.4127    0.605127   0.777235   0.746434 │
│ bohb_train_274310a9   TERMINATED   False      True       False           True       False      False        False                False       False                  4           16.7006    0.5963     0.76976    0.741019 │
│ bohb_train_86752b15   TERMINATED   True       False      False           True       False      False        False                False       False                  4           14.8267    0.613329   0.782194   0.727497 │
│ bohb_train_32cecc2e   TERMINATED   True       False      False           False      True       False        False                False       True                   2            7.50827   0.71454    0.778049   0.670019 │
│ bohb_train_ffd9c6bf   TERMINATED   False      False      False           True       False      False        False                False       False                  4            9.49402   0.605127   0.777235   0.746434 │
│ bohb_train_a00aa3ce   TERMINATED   False      False      False           True       False      False        False                False       False                  4            9.6942    0.605127   0.777235   0.746434 │
│ bohb_train_9ce76d2e   TERMINATED   True       True       True            True       False      False        True                 False       True                   4           20.4359    0.795704   0.704929   0.653003 │
│ bohb_train_0830dfc0   TERMINATED   False      False      False           True       False      False        False                False       False                  1            2.58846   0.663681   0.726243   0.711357 │
│ bohb_train_bcdaf478   TERMINATED   False      False      False           True       False      False        False                False       False                  2            5.8939    0.62293    0.749112   0.728586 │
│ bohb_train_9267d821   TERMINATED   False      False      False           True       False      False        False                False       False                  4           10.4193    0.605127   0.777235   0.746434 │
│ bohb_train_455615c1   TERMINATED   False      False      True            True       True       True         False                True        False                  1            4.14781   0.711843   0.700118   0.686164 │
│ bohb_train_1f7e06ba   TERMINATED   False      False      False           False      True       True         True                 True        True                   4           11.2975    0.627174   0.772647   0.720294 │
│ bohb_train_7fbd8c10   TERMINATED   True       False      True            True       True       False        False                False       False                  2            9.52495   0.750722   0.741415   0.670129 │
│ bohb_train_3c96fe00   TERMINATED   False      False      False           True       False      False        False                False       False                  4            9.8679    0.605127   0.777235   0.746434 │
│ bohb_train_32b904ac   TERMINATED   False      True       False           True       False      False        False                False       False                  4           14.8398    0.598871   0.775755   0.742697 │
│ bohb_train_3f407a64   TERMINATED   False      False      False           True       False      False        False                False       False                  4            9.6676    0.605127   0.777235   0.746434 │
│ bohb_train_7a5f480b   TERMINATED   True       False      True            True       True       True         False                False       True                   4           19.3658    0.879035   0.684873   0.627437 │
│ bohb_train_9f232b31   TERMINATED   False      False      False           True       False      False        False                False       False                  1            2.90484   0.663681   0.726243   0.711357 │
│ bohb_train_4f49f69f   TERMINATED   False      True       True            True       True       False        True                 True        False                  1            6.7726    0.873204   0.609014   0.616956 │
│ bohb_train_d92db2ed   TERMINATED   False      False      False           True       False      False        False                False       False                  2            5.61824   0.62293    0.749112   0.728586 │
│ bohb_train_10533e9a   TERMINATED   False      False      False           True       False      False        False                False       False                  4           11.7341    0.605127   0.777235   0.746434 │
│ bohb_train_fa55f1cd   TERMINATED   False      False      False           True       False      False        False                False       False                  4           12.306     0.605127   0.777235   0.746434 │
│ bohb_train_59f63d64   TERMINATED   False      False      False           True       False      False        False                False       False                  4           11.5376    0.605127   0.777235   0.746434 │
│ bohb_train_fd8b57cd   TERMINATED   False      False      False           True       False      True         False                False       False                  2            6.67903   0.637292   0.753922   0.714279 │
│ bohb_train_87251c0d   TERMINATED   False      True       True            True       False      False        False                False       False                  4           17.1378    0.644302   0.741341   0.72121  │
│ bohb_train_18960fa7   TERMINATED   False      False      False           True       False      False        False                False       False                  4           10.4884    0.605127   0.777235   0.746434 │
│ bohb_train_2e5f363c   TERMINATED   False      False      False           True       False      False        False                False       False                  4           10.8103    0.605127   0.777235   0.746434 │
│ bohb_train_fd9ade5e   TERMINATED   False      False      False           True       False      False        False                False       False                  1            2.71471   0.663681   0.726243   0.711357 │
│ bohb_train_caa10797   TERMINATED   True       True       False           False      False      False        True                 False       False                  1            4.72087   1.09849    0.658304   0.333333 │
│ bohb_train_cd753eb9   TERMINATED   False      False      False           True       False      False        False                False       False                  2            5.42728   0.62293    0.749112   0.728586 │
│ bohb_train_f945e688   TERMINATED   False      False      False           True       False      False        False                False       False                  4           10.937     0.605127   0.777235   0.746434 │
│ bohb_train_42b5ae2f   TERMINATED   False      True       False           True       False      False        False                False       False                  2            8.67418   0.642693   0.746448   0.721963 │
│ bohb_train_1e16a240   TERMINATED   False      False      False           True       False      False        False                False       False                  4           10.7936    0.605127   0.777235   0.746434 │
│ bohb_train_89c9a411   TERMINATED   False      False      False           True       False      False        False                False       False                  4            9.84294   0.605127   0.777235   0.746434 │
│ bohb_train_20bee56a   TERMINATED   False      False      False           True       False      False        False                False       False                  4           10.8421    0.605127   0.777235   0.746434 │
│ bohb_train_a2de3d38   TERMINATED   True       True       False           False      True       False        False                True        True                   4           19.5091    0.751476   0.738973   0.666831 │
│ bohb_train_1b5d7a00   TERMINATED   False      False      False           True       True       True         True                 True        False                  4           16.0222    0.629921   0.775385   0.72622  │
│ bohb_train_4f7874f1   TERMINATED   False      False      False           True       False      False        False                False       False                  1            2.82364   0.663681   0.726243   0.711357 │
│ bohb_train_45f4f612   TERMINATED   False      False      False           True       False      False        False                False       False                  2            7.26723   0.62293    0.749112   0.728586 │
│ bohb_train_cb7029e3   TERMINATED   False      False      False           True       False      False        False                False       False                  4           11.0228    0.605127   0.777235   0.746434 │
│ bohb_train_35f95b6b   TERMINATED   False      False      False           True       False      True         False                True        False                  1            3.95184   0.928644   0.399201   0.530939 │
│ bohb_train_61271d84   TERMINATED   True       True       False           False      True       True         True                 False       True                   2           11.5022    0.797129   0.729352   0.623369 │
│ bohb_train_8ccbbabe   TERMINATED   True       True       False           True       False      False        True                 True        True                   4           25.5716    0.733325   0.741119   0.703945 │
│ bohb_train_a692ae56   TERMINATED   False      False      False           True       False      False        False                False       False                  4           10.0985    0.605127   0.777235   0.746434 │
│ bohb_train_2368ce95   TERMINATED   False      False      False           True       False      False        False                False       False                  4           11.0384    0.605127   0.777235   0.746434 │
│ bohb_train_84ebb461   TERMINATED   False      True       False           True       True       True         True                 False       True                   4           21.1056    0.628388   0.818606   0.720943 │
│ bohb_train_7c61f0e8   TERMINATED   False      False      False           True       False      False        False                False       False                  4           10.9856    0.605127   0.777235   0.746434 │
│ bohb_train_9eabbf49   TERMINATED   True       True       True            True       True       True         True                 True        True                   1            7.98769   0.770287   0.719731   0.646453 │
│ bohb_train_8ba423c1   TERMINATED   False      False      False           True       False      True         False                False       False                  1            2.78918   0.718368   0.671699   0.698124 │
│ bohb_train_c8f1c5f9   TERMINATED   False      False      False           True       False      False        False                False       False                  2            6.35369   0.62293    0.749112   0.728586 │
│ bohb_train_e3a7af56   TERMINATED   False      False      False           True       False      False        False                False       False                  4           12.0975    0.605127   0.777235   0.746434 │
│ bohb_train_75b74fe5   TERMINATED   False      True       False           False      False      True         True                 False       False                  2            6.2638    0.756869   0.783674   0.653022 │
│ bohb_train_53fa9cab   TERMINATED   False      False      False           True       False      False        False                False       False                  4           11.2627    0.605127   0.777235   0.746434 │
│ bohb_train_46c894d8   TERMINATED   False      False      False           True       False      False        False                False       False                  4           10.9134    0.605127   0.777235   0.746434 │
│ bohb_train_03517396   TERMINATED   False      True       True            True       True       True         True                 False       False                  4           21.4844    0.661947   0.779455   0.706628 │
│ bohb_train_ef3fc32e   TERMINATED   False      False      False           True       False      False        False                False       False                  4           10.5898    0.605127   0.777235   0.746434 │
│ bohb_train_6ffff9f3   TERMINATED   False      False      False           True       False      False        False                False       False                  4            9.90279   0.605127   0.777235   0.746434 │
│ bohb_train_92a630f2   TERMINATED   False      False      False           True       False      False        False                False       False                  2            6.39492   0.62293    0.749112   0.728586 │
│ bohb_train_a8938221   TERMINATED   False      False      True            True       False      False        True                 True        True                   1            4.2646    0.704044   0.694716   0.689752 │
│ bohb_train_c2fd14ba   TERMINATED   False      False      False           True       False      False        False                False       False                  4           10.893     0.605127   0.777235   0.746434 │
│ bohb_train_d21d1669   TERMINATED   False      False      True            True       True       False        True                 False       False                  1            3.89966   0.775818   0.677398   0.644781 │
│ bohb_train_6d296664   TERMINATED   False      False      False           True       False      False        False                False       False                  4           12.0186    0.605127   0.777235   0.746434 │
│ bohb_train_eb3de5c8   TERMINATED   False      False      True            True       False      True         False                False       False                  4           13.0806    0.678942   0.754885   0.705994 │
│ bohb_train_d10ea191   TERMINATED   True       True       True            True       True       True         True                 False       False                  2           13.4765    0.989436   0.660672   0.590433 │
│ bohb_train_f081dad7   TERMINATED   False      False      False           False      False      False        False                False       False                  4            8.19803   0.718007   0.800696   0.675999 │
│ bohb_train_56ec5670   TERMINATED   False      True       True            False      True       False        False                True        False                  4           16.7941    0.703716   0.757845   0.673877 │
│ bohb_train_70a5cb11   TERMINATED   False      True       False           True       False      True         False                False       False                  4           16.8516    0.721987   0.742007   0.668264 │
│ bohb_train_6344e264   TERMINATED   False      False      False           True       False      False        False                False       True                   1            3.65198   0.652949   0.73394    0.711282 │
│ bohb_train_ff687b94   TERMINATED   False      True       True            True       True       True         False                False       False                  1            5.93611   0.690035   0.745411   0.687636 │
│ bohb_train_5ec69eaf   TERMINATED   False      False      False           True       False      False        False                False       False                  2            5.75177   0.62293    0.749112   0.728586 │
│ bohb_train_d4a84c45   TERMINATED   False      False      False           True       False      False        False                False       False                  4           12.1004    0.605127   0.777235   0.746434 │
│ bohb_train_36a45264   TERMINATED   False      False      False           True       False      False        False                False       False                  4           11.6518    0.605127   0.777235   0.746434 │
│ bohb_train_aff76f2b   TERMINATED   True       False      True            True       True       True         True                 False       False                  2           10.3293    0.982181   0.672735   0.538374 │
│ bohb_train_ecb81bef   TERMINATED   False      False      False           True       False      False        False                False       False                  4           10.6767    0.605127   0.777235   0.746434 │
│ bohb_train_bc528763   TERMINATED   True       False      True            False      True       True         False                True        True                   4           16.6945    0.674289   0.760213   0.686073 │
│ bohb_train_62583029   TERMINATED   False      True       False           False      False      False        True                 False       True                   4           12.5083    1.09847    0.658304   0.333333 │
│ bohb_train_e80da9d2   TERMINATED   True       True       False           True       False      False        False                True        False                  4           23.1238    0.606464   0.762285   0.739057 │
│ bohb_train_98bd86e3   TERMINATED   False      False      False           True       False      False        False                False       False                  2            5.85173   0.62293    0.749112   0.728586 │
│ bohb_train_333934d1   TERMINATED   False      False      False           True       False      False        False                False       False                  4           11.9267    0.605127   0.777235   0.746434 │
│ bohb_train_9305673e   TERMINATED   False      True       False           True       False      True         True                 True        True                   1            5.59262   0.924012   0.574378   0.586339 │
│ bohb_train_29c71dc0   TERMINATED   False      True       True            False      True       False        False                True        False                  1            4.88319   0.886892   0.682208   0.576698 │
│ bohb_train_11c1c082   TERMINATED   False      False      False           False      False      False        False                False       False                  2            3.72498   0.744887   0.793369   0.660027 │
│ bohb_train_4aaf17a8   TERMINATED   False      True       False           True       False      False        True                 False       False                  4           17.6506    0.607534   0.781157   0.743633 │
│ bohb_train_07156f72   TERMINATED   False      False      False           True       False      False        False                False       False                  4           10.7541    0.605127   0.777235   0.746434 │
│ bohb_train_a279a563   TERMINATED   False      False      True            True       True       True         False                False       False                  4           13.2247    0.643324   0.794405   0.711586 │
│ bohb_train_38bf384c   TERMINATED   False      False      False           True       False      False        False                False       False                  4            9.81753   0.605127   0.777235   0.746434 │
│ bohb_train_3d8b111c   TERMINATED   False      False      False           False      False      False        False                False       False                  4            8.75287   0.718007   0.800696   0.675999 │
│ bohb_train_6eebd5ab   TERMINATED   False      False      False           True       False      False        False                False       False                  1            2.68877   0.663681   0.726243   0.711357 │
│ bohb_train_35cc08cb   TERMINATED   False      False      False           True       False      False        False                False       False                  2            5.88352   0.62293    0.749112   0.728586 │
│ bohb_train_262f06b4   TERMINATED   False      False      False           True       False      False        False                False       False                  4           12.174     0.605127   0.777235   0.746434 │
│ bohb_train_b2d1356d   TERMINATED   False      False      False           True       False      True         False                False       False                  1            2.52009   0.788758   0.603242   0.667624 │
│ bohb_train_3835a0e7   TERMINATED   False      True       False           True       False      False        True                 True        True                   4           20.7549    0.612603   0.762285   0.732197 │
│ bohb_train_23049b5a   TERMINATED   False      False      False           True       False      False        False                False       False                  4           10.8463    0.605127   0.777235   0.746434 │
│ bohb_train_8a5d2a64   TERMINATED   True       False      True            True       True       True         True                 True        False                  2           12.5065    0.79358    0.694346   0.655877 │
│ bohb_train_22265b10   TERMINATED   False      False      False           False      False      False        False                False       False                  4            7.75782   0.718007   0.800696   0.675999 │
│ bohb_train_efddc1b0   TERMINATED   False      False      False           True       True       True         False                True        True                   4           15.4873    0.634463   0.818532   0.725646 │
│ bohb_train_cc1431e1   TERMINATED   False      False      False           True       False      False        False                False       False                  4           10.4769    0.605127   0.777235   0.746434 │
│ bohb_train_b282548c   TERMINATED   False      False      False           True       False      False        False                False       False                  2            7.26594   0.62293    0.749112   0.728586 │
│ bohb_train_e61f6327   TERMINATED   False      False      False           True       False      False        False                False       False                  4           13.0659    0.605127   0.777235   0.746434 │
│ bohb_train_464bdd0b   TERMINATED   False      False      False           True       False      True         True                 False       False                  1            2.8749    0.853166   0.619005   0.661005 │
│ bohb_train_549919d4   TERMINATED   False      False      False           True       True       False        False                False       False                  1            3.88618   0.717268   0.759177   0.678133 │
│ bohb_train_a166f44f   TERMINATED   False      False      False           True       False      False        False                False       False                  4           11.3544    0.605127   0.777235   0.746434 │
│ bohb_train_aa1d9e7e   TERMINATED   False      False      False           True       False      False        False                False       False                  4           11.7147    0.605127   0.777235   0.746434 │
│ bohb_train_a92dd1ac   TERMINATED   True       True       False           True       False      False        False                False       False                  2           10.6229    0.724165   0.673105   0.683637 │
│ bohb_train_78ee0df5   TERMINATED   False      False      False           True       False      False        False                False       False                  4           11.0126    0.605127   0.777235   0.746434 │
│ bohb_train_b7c1a59b   TERMINATED   False      False      False           True       False      False        False                False       False                  4           10.563     0.605127   0.777235   0.746434 │
│ bohb_train_d8e5ebb0   TERMINATED   False      False      False           True       False      False        False                False       False                  4           10.5507    0.605127   0.777235   0.746434 │
│ bohb_train_b5941047   TERMINATED   False      False      False           True       False      False        False                False       False                  1            2.84685   0.663681   0.726243   0.711357 │
│ bohb_train_ab973b6c   TERMINATED   False      False      False           True       False      False        False                False       False                  1            3.5158    0.663681   0.726243   0.711357 │
│ bohb_train_c8aa1897   TERMINATED   False      False      False           True       False      False        False                False       False                  2            5.53149   0.62293    0.749112   0.728586 │
│ bohb_train_78a216df   TERMINATED   False      False      False           True       False      False        False                False       False                  4           11.2633    0.605127   0.777235   0.746434 │
│ bohb_train_237c299b   TERMINATED   False      False      False           False      True       False        True                 True        True                   4           12.0746    0.753158   0.794627   0.662154 │
│ bohb_train_7a697e15   TERMINATED   False      True       True            False      True       False        False                False       True                   2            8.86731   0.881835   0.7836     0.60678  │
│ bohb_train_7c5c823d   TERMINATED   False      False      False           True       False      False        False                False       False                  4           10.5983    0.605127   0.777235   0.746434 │
│ bohb_train_2b141797   TERMINATED   False      False      False           True       False      False        False                False       False                  4           10.1674    0.605127   0.777235   0.746434 │
│ bohb_train_b4e095aa   TERMINATED   False      False      False           True       False      False        False                False       False                  4           10.4969    0.605127   0.777235   0.746434 │
│ bohb_train_b76fcf45   TERMINATED   False      True       True            False      True       True         True                 False       True                   4           16.691     0.916529   0.762877   0.699444 │
│ bohb_train_8df741c3   TERMINATED   False      True       False           False      True       False        True                 False       False                  1            4.64217   0.882771   0.637063   0.587142 │
│ bohb_train_133639e3   TERMINATED   False      False      False           True       False      False        False                False       False                  1            2.64513   0.663681   0.726243   0.711357 │
│ bohb_train_36b22553   TERMINATED   False      False      False           True       False      False        False                False       False                  2            7.36256   0.62293    0.749112   0.728586 │
│ bohb_train_b3602be1   TERMINATED   False      False      False           True       False      False        False                False       False                  4           11.8427    0.605127   0.777235   0.746434 │
│ bohb_train_a5e24891   TERMINATED   True       True       True            True       True       True         True                 False       False                  2           14.5517    0.805311   0.681986   0.625871 │
│ bohb_train_2e6dde19   TERMINATED   True       False      True            True       False      True         True                 True        False                  4           21.5955    0.685855   0.747484   0.702158 │
│ bohb_train_312029cc   TERMINATED   False      False      False           True       False      False        False                False       False                  4           11.206     0.605127   0.777235   0.746434 │
│ bohb_train_6288da4c   TERMINATED   False      False      False           True       False      False        False                False       False                  4           10.6363    0.605127   0.777235   0.746434 │
│ bohb_train_21e4b979   TERMINATED   True       True       False           True       False      True         False                False       False                  4           20.3141    0.933982   0.380699   0.477458 │
│ bohb_train_26290985   TERMINATED   False      False      False           True       False      False        False                False       False                  4            9.72181   0.605127   0.777235   0.746434 │
│ bohb_train_00e43763   TERMINATED   False      False      False           True       False      False        False                False       False                  2            7.27438   0.62293    0.749112   0.728586 │
│ bohb_train_04f08ef5   TERMINATED   False      True       True            False      False      False        True                 True        True                   1            4.51149   0.84421    0.706853   0.589515 │
│ bohb_train_0b9047f5   TERMINATED   True       True       False           True       True       False        True                 False       False                  1            7.22656   1.00133    0.565349   0.511503 │
│ bohb_train_57350209   TERMINATED   False      False      False           True       False      False        False                False       False                  4           12.73      0.605127   0.777235   0.746434 │
│ bohb_train_140bb3ba   TERMINATED   False      False      False           False      True       True         True                 False       False                  2            6.01911   0.950868   0.783008   0.583949 │
│ bohb_train_d71538d4   TERMINATED   False      False      False           True       False      False        False                False       False                  4           11.7639    0.605127   0.777235   0.746434 │
│ bohb_train_cefcbba0   TERMINATED   False      False      False           True       False      False        False                False       False                  4            9.97804   0.605127   0.777235   0.746434 │
│ bohb_train_5a45afe5   TERMINATED   False      False      False           True       False      False        False                False       False                  4           10.7469    0.605127   0.777235   0.746434 │
│ bohb_train_ab65bfd1   TERMINATED   False      False      False           True       False      False        False                False       False                  4           10.7001    0.605127   0.777235   0.746434 │
│ bohb_train_e5bab042   TERMINATED   False      False      False           True       False      False        False                False       False                  4            9.80854   0.605127   0.777235   0.746434 │
│ bohb_train_4d88f821   TERMINATED   True       False      False           False      False      False        True                 True        False                  1            3.7689    0.816879   0.727724   0.629583 │
│ bohb_train_026a1eae   TERMINATED   True       False      False           True       False      False        False                True        False                  2           10.7009    0.634197   0.747706   0.723984 │
│ bohb_train_14cbaa62   TERMINATED   True       False      True            False      False      False        False                True        False                  1            3.1626    1.09849    0.658304   0.333333 │
│ bohb_train_b5038e04   TERMINATED   False      False      False           True       False      False        False                False       False                  4           12.1046    0.605127   0.777235   0.746434 │
│ bohb_train_e8df51cd   TERMINATED   False      False      False           True       False      True         False                True        False                  4           15.6798    0.626698   0.790187   0.73044  │
│ bohb_train_055f7685   TERMINATED   True       False      False           True       True       False        False                False       False                  2           10.2113    0.804662   0.755329   0.615061 │
│ bohb_train_7a9cd4c2   TERMINATED   False      False      False           True       False      False        False                False       False                  4           11.7529    0.605127   0.777235   0.746434 │
│ bohb_train_4930a239   TERMINATED   False      False      False           True       False      False        False                False       False                  4           10.0313    0.605127   0.777235   0.746434 │
│ bohb_train_2e4122a3   TERMINATED   True       False      True            True       False      True         True                 False       True                   4           16.448     0.79591    0.708481   0.641675 │
│ bohb_train_4d7ef96c   TERMINATED   False      False      False           True       False      False        False                False       False                  4           10.6017    0.605127   0.777235   0.746434 │
│ bohb_train_70c2bcdf   TERMINATED   False      False      False           True       False      False        False                False       False                  2            6.52263   0.62293    0.749112   0.728586 │
│ bohb_train_937b595a   TERMINATED   False      False      False           True       False      False        False                False       False                  4           11.6572    0.605127   0.777235   0.746434 │
│ bohb_train_cf5b35c3   TERMINATED   False      False      False           True       True       False        False                False       False                  1            2.9465    0.717268   0.759177   0.678133 │
│ bohb_train_6e2f5e0c   TERMINATED   True       True       True            False      False      False        False                False       False                  1            4.44374   1.09847    0.658304   0.333333 │
│ bohb_train_7a2fd0d6   TERMINATED   False      False      False           True       False      False        False                False       False                  4           11.8573    0.605127   0.777235   0.746434 │
│ bohb_train_87ff0621   TERMINATED   False      False      False           True       False      False        False                False       False                  4           10.5479    0.605127   0.777235   0.746434 │
│ bohb_train_8a891255   TERMINATED   True       True       False           False      True       False        True                 False       False                  2            9.58095   0.87732    0.684059   0.591165 │
│ bohb_train_cd39a5da   TERMINATED   False      False      False           True       False      False        False                False       False                  4           10.9279    0.605127   0.777235   0.746434 │
│ bohb_train_9d1cdb21   TERMINATED   False      False      False           True       False      False        False                False       False                  4            9.95888   0.605127   0.777235   0.746434 │
│ bohb_train_10a22ec6   TERMINATED   False      False      False           True       False      False        False                False       False                  4           10.1814    0.605127   0.777235   0.746434 │
│ bohb_train_14e2a81b   TERMINATED   False      False      False           True       False      False        False                False       False                  1            2.66539   0.663681   0.726243   0.711357 │
│ bohb_train_c922507c   TERMINATED   False      False      False           True       False      False        False                False       False                  1            3.48289   0.663681   0.726243   0.711357 │
│ bohb_train_24063521   TERMINATED   False      False      False           True       False      False        False                False       False                  2            7.00521   0.62293    0.749112   0.728586 │
│ bohb_train_e26d8b20   TERMINATED   False      False      False           True       False      False        False                False       False                  4           11.1054    0.605127   0.777235   0.746434 │
│ bohb_train_16a812d1   TERMINATED   True       False      True            True       False      True         True                 True        True                   4           20.7195    0.838755   0.678434   0.646021 │
│ bohb_train_32a6b667   TERMINATED   True       False      False           True       False      False        False                False       False                  4           15.1821    0.63421    0.732756   0.71674  │
│ bohb_train_376c6a8f   TERMINATED   True       True       True            True       False      False        False                False       True                   2           10.5073    1.03433    0.243561   0.455151 │
│ bohb_train_1dcc7f45   TERMINATED   False      False      False           True       False      False        False                False       False                  4            9.65868   0.605127   0.777235   0.746434 │
│ bohb_train_0def1301   TERMINATED   False      False      True            False      True       False        False                True        False                  4           10.141     0.769695   0.679914   0.658835 │
│ bohb_train_390f077d   TERMINATED   True       False      False           True       False      False        False                False       False                  4           14.2305    0.613329   0.782194   0.727497 │
│ bohb_train_287a03b2   TERMINATED   True       True       True            True       False      False        True                 False       False                  1            5.38831   0.732644   0.675918   0.67679  │
│ bohb_train_7aded4a5   TERMINATED   True       True       True            True       False      True         False                False       True                   2           11.1888    0.749061   0.596137   0.673196 │
│ bohb_train_472792f5   TERMINATED   False      True       True            False      True       True         False                False       True                   1            4.3388    0.849672   0.687907   0.566754 │
│ bohb_train_545868df   TERMINATED   False      False      False           True       False      False        False                False       False                  4           10.6677    0.605127   0.777235   0.746434 │
│ bohb_train_ec361f7c   TERMINATED   False      False      False           True       False      False        False                False       False                  4           11.1777    0.605127   0.777235   0.746434 │
│ bohb_train_b954d745   TERMINATED   False      False      False           True       False      False        False                False       False                  4           10.9616    0.605127   0.777235   0.746434 │
│ bohb_train_dd0edf03   TERMINATED   True       True       True            True       True       True         True                 False       False                  2           13.9718    0.891556   0.662152   0.591838 │
│ bohb_train_ebcfeea5   TERMINATED   False      False      False           True       False      False        False                False       False                  4            9.95604   0.605127   0.777235   0.746434 │
│ bohb_train_30391ebf   TERMINATED   True       True       True            False      False      True         True                 True        True                   4           16.1086    0.650242   0.787522   0.718991 │
│ bohb_train_6a436de6   TERMINATED   False      False      False           True       False      False        False                False       False                  4           10.4963    0.605127   0.777235   0.746434 │
│ bohb_train_758b93c6   TERMINATED   True       True       False           True       True       False        True                 True        False                  1            7.51184   0.756554   0.722617   0.661945 │
│ bohb_train_d314392a   TERMINATED   True       True       False           False      True       False        False                True        False                  1            4.65752   1.09843    0.658304   0.333333 │
│ bohb_train_82b72528   TERMINATED   False      False      False           True       False      False        False                False       False                  2            7.36455   0.62293    0.749112   0.728586 │
│ bohb_train_a6236437   TERMINATED   False      False      False           True       False      False        False                False       False                  4           11.3608    0.605127   0.777235   0.746434 │
│ bohb_train_b72dbd0d   TERMINATED   False      False      False           True       False      False        False                False       False                  2            4.60919   0.62293    0.749112   0.728586 │
│ bohb_train_95ffd69d   TERMINATED   False      False      False           True       False      False        False                False       False                  4           11.7682    0.605127   0.777235   0.746434 │
│ bohb_train_972473fe   TERMINATED   False      False      False           True       False      False        False                False       False                  4           10.7583    0.605127   0.777235   0.746434 │
│ bohb_train_73698566   TERMINATED   False      False      False           True       False      False        False                False       False                  4           10.8293    0.605127   0.777235   0.746434 │
│ bohb_train_bdd432f6   TERMINATED   False      False      False           True       False      False        False                False       False                  4            9.76403   0.605127   0.777235   0.746434 │
│ bohb_train_c451e009   TERMINATED   False      False      False           True       False      False        False                False       False                  4           11.0161    0.605127   0.777235   0.746434 │
│ bohb_train_0ed28d71   TERMINATED   False      False      False           True       False      False        False                False       False                  1            2.67247   0.663681   0.726243   0.711357 │
│ bohb_train_8dec0528   TERMINATED   True       False      True            False      True       True         False                False       False                  1            4.83271   0.841195   0.752442   0.593294 │
│ bohb_train_923e39eb   TERMINATED   False      False      False           True       False      False        False                False       False                  2            5.47797   0.62293    0.749112   0.728586 │
│ bohb_train_1578676c   TERMINATED   False      False      False           True       False      False        False                False       False                  4           12.097     0.605127   0.777235   0.746434 │
│ bohb_train_3c843f12   TERMINATED   False      False      False           True       False      False        False                False       False                  4           11.7618    0.605127   0.777235   0.746434 │
│ bohb_train_8d20d281   TERMINATED   True       False      True            False      True       False        False                True        True                   2            7.96512   0.804881   0.744597   0.634818 │
│ bohb_train_b1de67e6   TERMINATED   False      False      False           True       False      False        False                False       False                  4           10.1502    0.605127   0.777235   0.746434 │
│ bohb_train_168ae3f4   TERMINATED   False      False      False           True       False      False        False                False       False                  4            9.70789   0.605127   0.777235   0.746434 │
│ bohb_train_a77d31a3   TERMINATED   False      False      False           True       False      False        False                False       False                  4           10.8363    0.605127   0.777235   0.746434 │
│ bohb_train_6a494b23   TERMINATED   False      False      False           True       False      False        False                False       False                  4           10.2204    0.605127   0.777235   0.746434 │
│ bohb_train_8461e980   TERMINATED   False      True       False           True       False      False        False                False       False                  1            4.7073    0.688608   0.71714    0.699599 │
│ bohb_train_586d2b91   TERMINATED   False      False      False           True       False      False        False                False       False                  2            6.21492   0.62293    0.749112   0.728586 │
│ bohb_train_18b606b2   TERMINATED   False      False      False           True       False      False        False                False       False                  4           11.3418    0.605127   0.777235   0.746434 │
│ bohb_train_c069b7d8   TERMINATED   False      True       True            True       False      False        True                 True        True                   1            5.89705   0.749442   0.722469   0.67872  │
│ bohb_train_a7756439   TERMINATED   False      False      False           True       False      False        False                False       False                  4           11.8074    0.605127   0.777235   0.746434 │
│ bohb_train_924a4468   TERMINATED   False      False      False           True       False      False        False                False       True                   2            5.30006   0.617998   0.755921   0.726642 │
│ bohb_train_67bbaf81   TERMINATED   False      False      False           True       False      False        False                False       False                  4            9.84682   0.605127   0.777235   0.746434 │
│ bohb_train_7b0cd332   TERMINATED   False      True       False           True       False      False        False                False       False                  4           17.4543    0.592289   0.775977   0.743448 │
│ bohb_train_e1787ce8   TERMINATED   False      False      False           True       False      False        False                False       False                  4           10.5414    0.605127   0.777235   0.746434 │
│ bohb_train_e3219bd0   TERMINATED   False      False      False           True       True       False        False                False       False                  4           11.9497    0.648256   0.778123   0.725203 │
│ bohb_train_3fd662bf   TERMINATED   False      True       False           False      False      False        False                False       False                  1            2.80575   0.771908   0.727798   0.642154 │
│ bohb_train_790c7fa4   TERMINATED   False      False      False           True       False      False        False                False       False                  1            3.45062   0.663681   0.726243   0.711357 │
│ bohb_train_e589530d   TERMINATED   False      False      False           True       False      False        False                False       False                  2            5.6441    0.62293    0.749112   0.728586 │
│ bohb_train_04cef931   TERMINATED   False      False      False           True       False      False        False                False       False                  4           11.6357    0.605127   0.777235   0.746434 │
│ bohb_train_44454489   TERMINATED   False      False      True            False      True       True         False                False       False                  4           11.4437    0.75439    0.811797   0.696882 │
│ bohb_train_5953e0f8   TERMINATED   False      False      False           True       True       False        False                False       False                  4           14.026     0.648256   0.778123   0.725203 │
│ bohb_train_261a5106   TERMINATED   True       False      False           True       True       True         True                 False       True                   2            9.58348   0.809849   0.668147   0.639262 │
│ bohb_train_9be336ae   TERMINATED   False      True       False           True       False      False        False                False       False                  4           16.7309    0.5963     0.76976    0.741019 │
│ bohb_train_a8fa53a6   TERMINATED   False      False      False           True       False      False        False                False       False                  4           10.7849    0.605127   0.777235   0.746434 │
│ bohb_train_6988cc30   TERMINATED   False      False      False           True       False      False        False                False       False                  4            9.91122   0.605127   0.777235   0.746434 │
╰───────────────────────────────────────────────────────────────────────────────────────────────────────────────────────────────────────────────────────────────────────────────────────────────────────────────────────────╯

总时间：9583.751525878906 s
最佳配置：{'loss': 0.5799017433287963, 'acc': 0.7986974541148608, 'bacc': 0.748333752155304, 'training_iteration': 4, 'trial_id': '1a4fd285', 'date': '2025-11-19_00-29-51', 'time_this_iter_s': 2.2035980224609375, 'time_total_s': 10.929179430007935, 'config': {'use_l1': False, 'l1_lambda': 0.0, 'use_l2': False, 'l2_lambda': 0.0, 'use_dropout': False, 'drop_rate': 0.0, 'use_bn': False, 'use_ln': True, 'use_skip': True, 'skip_type': 'normal', 'skip_step': 1, 'skip_drop_prob': 0.0, 'use_data_augment': True, 'da_type': 'fgsm', 'cutout_ratio': 0.0, 'cutout_prob': 0.0, 'mixup_alpha': 0.0, 'mixup_prob': 0.0, 'cutmix_alpha': 0.0, 'cutmix_prob': 0.0, 'fgsm_epsilon': 0.3, 'fgsm_prob': 0.2, 'use_swa': False, 'use_lookahead': True}}
✅ 字典已保存到: /data/ruipeng/workdir/autoreg/.exp_results/20251119/bohb_010325.json
(bohb_train pid=2628904) Checkpoint successfully created at: Checkpoint(filesystem=local, path=/data/ruipeng/ray_results/bohb/bohb_train_5953e0f8_1996_cutmix_alpha=fn_ph_ea730d57,cutmix_prob=fn_ph_d37a5970,cutout_prob=fn_ph_a9c49d0c,cutout_ratio=fn_ph_6b3d_2025-11-19_01-02-36/checkpoint_000003)
