Trial status: 2000 TERMINATED
Current time: 2025-11-18 22:08:08. Total running time: 2hr 47min 22s
Logical resource usage: 2.0/10 CPUs, 1.0/4 GPUs (0.0/1.0 accelerator_type:G)
╭────────────────────────────────────────────────────────────────────────────────────────────────────────────────────────────────────────────────────────────────────────────────────────────────────────────────────────────────────╮
│ Trial name                    status       use_l1     use_l2     use_dropout     use_bn     use_ln     use_skip     use_data_augment     use_swa     use_lookahead       iter     total time (s)       loss         acc       bacc │
├────────────────────────────────────────────────────────────────────────────────────────────────────────────────────────────────────────────────────────────────────────────────────────────────────────────────────────────────────┤
│ hyperband_train_a1135_00000   TERMINATED   True       False      True            True       True       False        True                 True        True                   4           24.4367    0.707383   0.739343    0.702085 │
│ hyperband_train_a1135_00001   TERMINATED   False      False      False           True       False      True         False                False       False                  4            9.91332   0.633498   0.741341    0.730509 │
│ hyperband_train_a1135_00002   TERMINATED   False      False      True            True       False      False        False                True        False                  4           13.804     0.59249    0.765394    0.747041 │
│ hyperband_train_a1135_00003   TERMINATED   True       True       True            True       False      False        False                False       False                  2           10.0493    0.710047   0.705447    0.692653 │
│ hyperband_train_a1135_00004   TERMINATED   False      True       True            True       True       True         True                 True        True                   4           26.0505    0.640242   0.781824    0.712106 │
│ hyperband_train_a1135_00005   TERMINATED   False      True       False           True       False      False        False                True        False                  4           20.0834    0.641943   0.71455     0.715359 │
│ hyperband_train_a1135_00006   TERMINATED   False      True       False           True       True       False        True                 False       False                  2           10.4789    0.949253   0.524275    0.539474 │
│ hyperband_train_a1135_00007   TERMINATED   False      False      False           False      True       True         False                False       False                  1            3.3856    0.803771   0.729278    0.597458 │
│ hyperband_train_a1135_00008   TERMINATED   False      False      False           True       False      True         False                False       True                   4           11.4086    0.573993   0.793073    0.742051 │
│ hyperband_train_a1135_00009   TERMINATED   False      False      True            False      True       False        True                 True        False                  1            3.18429   0.893243   0.722913    0.533983 │
│ hyperband_train_a1135_00010   TERMINATED   True       True       True            True       True       True         True                 False       True                   4           28.2652    0.83533    0.685983    0.6256   │
│ hyperband_train_a1135_00011   TERMINATED   True       True       True            False      True       False        True                 False       True                   4           21.6382    1.09849    0.658304    0.333333 │
│ hyperband_train_a1135_00012   TERMINATED   True       False      False           True       True       False        False                False       True                   4           18.8753    0.626347   0.780861    0.732848 │
│ hyperband_train_a1135_00013   TERMINATED   True       True       True            True       False      True         True                 True        False                  4           27.6598    0.886776   0.644242    0.582087 │
│ hyperband_train_a1135_00014   TERMINATED   False      True       True            True       False      True         True                 False       True                   4           20.8106    0.783182   0.750592    0.655247 │
│ hyperband_train_a1135_00015   TERMINATED   True       True       False           False      False      False        True                 False       True                   2            7.57744   1.09846    0.658304    0.333333 │
│ hyperband_train_a1135_00016   TERMINATED   False      False      True            False      False      True         False                True        True                   2            5.90273   0.686158   0.784858    0.691887 │
│ hyperband_train_a1135_00017   TERMINATED   True       True       False           True       False      True         True                 True        True                   1            6.83387   0.813698   0.723135    0.59524  │
│ hyperband_train_a1135_00018   TERMINATED   True       False      False           False      True       True         False                False       False                  1            3.65709   0.893388   0.717584    0.573997 │
│ hyperband_train_a1135_00019   TERMINATED   False      True       False           True       False      False        False                False       True                   4           18.315     0.599798   0.777161    0.740896 │
│ hyperband_train_a1135_00020   TERMINATED   True       True       True            True       False      True         True                 True        False                  4           25.3575    0.70234    0.687019    0.693341 │
│ hyperband_train_a1135_00021   TERMINATED   True       False      False           False      False      False        True                 False       True                   4           11.9977    1.09843    0.658304    0.333333 │
│ hyperband_train_a1135_00022   TERMINATED   False      True       False           False      False      False        True                 True        False                  4           13.2474    0.727164   0.752442    0.688321 │
│ hyperband_train_a1135_00023   TERMINATED   False      True       True            False      False      True         False                True        False                  4           13.3328    0.986906   0.616415    0.676216 │
│ hyperband_train_a1135_00024   TERMINATED   True       True       False           False      True       False        False                True        True                   2           10.5719    1.09962    0.246226    0.333333 │
│ hyperband_train_a1135_00025   TERMINATED   False      True       True            False      False      True         True                 False       False                  4           14.6376    0.847076   0.741785    0.587838 │
│ hyperband_train_a1135_00026   TERMINATED   True       False      True            True       True       True         True                 True        False                  4           25.8654    0.650273   0.77013     0.706018 │
│ hyperband_train_a1135_00027   TERMINATED   False      False      False           False      False      False        True                 False       False                  1            3.51385   0.819505   0.715734    0.605816 │
│ hyperband_train_a1135_00028   TERMINATED   True       False      False           False      False      False        False                True        False                  1            2.72892   1.09847    0.658304    0.333333 │
│ hyperband_train_a1135_00029   TERMINATED   False      True       False           True       False      True         False                False       False                  2            8.25598   0.719777   0.705077    0.670055 │
│ hyperband_train_a1135_00030   TERMINATED   True       True       False           True       False      False        True                 True        False                  4           23.2725    0.80552    0.652087    0.660694 │
│ hyperband_train_a1135_00031   TERMINATED   True       True       False           False      True       True         False                True        False                  4           20.0963    0.648815   0.804914    0.709333 │
│ hyperband_train_a1135_00032   TERMINATED   False      True       False           True       False      True         False                True        False                  4           18.6622    0.824467   0.64291     0.691677 │
│ hyperband_train_a1135_00033   TERMINATED   False      True       False           True       False      True         False                True        True                   4           19.6715    0.6709     0.757549    0.707021 │
│ hyperband_train_a1135_00034   TERMINATED   True       False      True            True       True       False        True                 False       True                   2           10.7681    0.782661   0.712774    0.636739 │
│ hyperband_train_a1135_00035   TERMINATED   True       False      True            False      False      True         False                False       False                  4           13.2208    0.656905   0.797069    0.711582 │
│ hyperband_train_a1135_00036   TERMINATED   True       False      False           False      True       False        True                 True        True                   1            3.45225   0.901403   0.676436    0.58786  │
│ hyperband_train_a1135_00037   TERMINATED   True       False      True            False      True       False        True                 False       False                  1            3.61553   1.09846    0.658304    0.333333 │
│ hyperband_train_a1135_00038   TERMINATED   True       False      False           False      False      False        False                True        True                   4           11.9328    0.656993   0.75111     0.713246 │
│ hyperband_train_a1135_00039   TERMINATED   False      False      True            True       False      True         True                 False       True                   2            5.52684   0.760715   0.674364    0.648493 │
│ hyperband_train_a1135_00040   TERMINATED   False      False      False           True       False      True         False                True        True                   4           11.5561    0.915783   0.543221    0.570311 │
│ hyperband_train_a1135_00041   TERMINATED   False      False      False           True       True       False        False                True        False                  4           13.7491    0.622695   0.765468    0.730293 │
│ hyperband_train_a1135_00042   TERMINATED   False      False      True            True       True       False        False                False       True                   4           11.6744    0.617134   0.783526    0.733037 │
│ hyperband_train_a1135_00043   TERMINATED   False      False      False           True       True       False        True                 True        False                  4           15.5048    0.683021   0.747928    0.71948  │
│ hyperband_train_a1135_00044   TERMINATED   True       False      True            False      True       True         True                 False       True                   4           18.1558    0.693737   0.791297    0.704611 │
│ hyperband_train_a1135_00045   TERMINATED   False      True       False           True       True       True         False                True        True                   2           10.4777    0.889747   0.515764    0.5918   │
│ hyperband_train_a1135_00046   TERMINATED   True       True       False           False      False      True         True                 False       True                   1            4.36873   1.04845    0.721433    0.519204 │
│ hyperband_train_a1135_00047   TERMINATED   False      False      True            True       False      True         False                False       True                   1            2.92366   1.00532    0.257253    0.435628 │
│ hyperband_train_a1135_00048   TERMINATED   False      False      False           True       False      False        True                 False       False                  2            5.5131    0.698501   0.727057    0.682672 │
│ hyperband_train_a1135_00049   TERMINATED   False      False      False           True       False      True         False                False       False                  4           12.4474    0.678429   0.787448    0.716901 │
│ hyperband_train_a1135_00050   TERMINATED   False      False      False           False      True       False        True                 True        True                   4            9.90877   0.699527   0.792481    0.688955 │
│ hyperband_train_a1135_00051   TERMINATED   True       True       False           False      True       False        True                 True        False                  4           19.1752    0.794705   0.691607    0.626639 │
│ hyperband_train_a1135_00052   TERMINATED   True       False      False           True       False      False        False                False       False                  4           14.1066    0.613329   0.782194    0.727497 │
│ hyperband_train_a1135_00053   TERMINATED   True       True       False           False      True       False        True                 True        True                   2           10.4993    1.09985    0.246226    0.333333 │
│ hyperband_train_a1135_00054   TERMINATED   False      False      True            True       False      False        True                 True        True                   4           15.3428    0.660741   0.707371    0.70588  │
│ hyperband_train_a1135_00055   TERMINATED   False      False      True            False      False      True         False                True        True                   4            8.5661    0.699043   0.742525    0.705815 │
│ hyperband_train_a1135_00056   TERMINATED   True       True       True            False      True       True         False                False       False                  1            5.18601   0.946303   0.652827    0.516898 │
│ hyperband_train_a1135_00057   TERMINATED   True       True       False           False      True       True         True                 False       True                   4           22.2519    0.741243   0.772054    0.651502 │
│ hyperband_train_a1135_00058   TERMINATED   True       False      True            False      True       True         False                True        True                   1            4.10976   0.973056   0.605092    0.50175  │
│ hyperband_train_a1135_00059   TERMINATED   False      False      True            False      True       False        True                 True        True                   2            5.13134   0.841286   0.669479    0.615312 │
│ hyperband_train_a1135_00060   TERMINATED   False      False      False           True       True       False        True                 False       True                   4           11.0221    0.667508   0.767244    0.718268 │
│ hyperband_train_a1135_00061   TERMINATED   False      True       False           False      True       True         True                 False       True                   4           14.9701    0.961001   0.625666    0.598556 │
│ hyperband_train_a1135_00062   TERMINATED   True       True       True            True       False      False        False                False       True                   4           20.9562    0.63662    0.743043    0.723845 │
│ hyperband_train_a1135_00063   TERMINATED   False      False      True            True       False      True         True                 True        False                  4           15.7538    0.693014   0.707741    0.680363 │
│ hyperband_train_a1135_00064   TERMINATED   True       True       True            True       True       True         True                 False       False                  2           14.3556    0.927443   0.660894    0.584911 │
│ hyperband_train_a1135_00065   TERMINATED   False      False      True            False      True       True         True                 True        False                  4           12.0856    0.72504    0.782786    0.664786 │
│ hyperband_train_a1135_00066   TERMINATED   True       True       False           True       False      True         True                 True        False                  4           25.3361    0.741916   0.649941    0.677884 │
│ hyperband_train_a1135_00067   TERMINATED   False      False      False           False      False      False        False                True        False                  1            2.17967   0.849133   0.781009    0.610505 │
│ hyperband_train_a1135_00068   TERMINATED   False      False      False           False      False      False        False                False       False                  2            6.211     0.744887   0.793369    0.660027 │
│ hyperband_train_a1135_00069   TERMINATED   False      True       True            False      False      True         False                True        True                   1            3.25761   0.829347   0.681542    0.599584 │
│ hyperband_train_a1135_00070   TERMINATED   False      True       False           False      True       True         False                True        True                   4           15.7307    0.789465   0.767244    0.65571  │
│ hyperband_train_a1135_00071   TERMINATED   False      True       True            True       False      False        False                False       False                  4           17.0312    0.596485   0.759695    0.741149 │
│ hyperband_train_a1135_00072   TERMINATED   False      True       False           False      True       True         True                 True        False                  4           15.6923    0.837649   0.672217    0.652573 │
│ hyperband_train_a1135_00073   TERMINATED   False      True       True            True       True       True         False                True        False                  4           26.8772    0.723234   0.759029    0.698245 │
│ hyperband_train_a1135_00074   TERMINATED   True       False      True            True       True       True         True                 True        False                  4           23.2365    0.6055     0.794257    0.733745 │
│ hyperband_train_a1135_00075   TERMINATED   True       True       True            False      False      True         True                 False       False                  2            7.76217   0.850616   0.741489    0.59873  │
│ hyperband_train_a1135_00076   TERMINATED   True       False      False           True       False      False        True                 False       False                  1            4.73322   1.09847    0.658304    0.333333 │
│ hyperband_train_a1135_00077   TERMINATED   False      False      True            True       True       False        False                False       False                  2            8.37426   0.714189   0.743857    0.70162  │
│ hyperband_train_a1135_00078   TERMINATED   False      False      False           True       True       True         True                 False       False                  4           14.7638    0.681705   0.825192    0.711089 │
│ hyperband_train_a1135_00079   TERMINATED   True       False      False           True       False      True         True                 True        True                   1            4.83999   0.711267   0.794997    0.667897 │
│ hyperband_train_a1135_00080   TERMINATED   False      True       False           False      True       False        True                 False       True                   4           16.8951    0.759092   0.795219    0.658065 │
│ hyperband_train_a1135_00081   TERMINATED   True       False      True            True       False      False        False                False       False                  4           15.5619    0.674168   0.729426    0.712151 │
│ hyperband_train_a1135_00082   TERMINATED   True       False      True            True       True       False        False                True        False                  4           22.7091    0.650581   0.744079    0.715348 │
│ hyperband_train_a1135_00083   TERMINATED   True       True       False           False      False      True         False                True        False                  4           17.0861    0.655816   0.782416    0.707566 │
│ hyperband_train_a1135_00084   TERMINATED   False      False      False           False      True       False        False                True        True                   2            5.65725   0.724437   0.746226    0.664917 │
│ hyperband_train_a1135_00085   TERMINATED   True       False      True            True       True       False        True                 False       False                  4           20.5392    0.623009   0.760879    0.731734 │
│ hyperband_train_a1135_00086   TERMINATED   True       True       True            False      True       True         True                 False       False                  1            5.94961   0.84531    0.690275    0.582372 │
│ hyperband_train_a1135_00087   TERMINATED   True       True       True            True       False      True         True                 False       True                   2           13.1657    0.797111   0.707149    0.636416 │
│ hyperband_train_a1135_00088   TERMINATED   True       False      False           True       True       True         True                 False       False                  1            5.66414   0.950609   0.632179    0.567501 │
│ hyperband_train_a1135_00089   TERMINATED   False      False      True            True       True       False        True                 False       True                   4           16.4037    0.764349   0.722395    0.680582 │
│ hyperband_train_a1135_00090   TERMINATED   True       False      True            False      True       True         False                False       False                  4           15.3164    0.786115   0.817422    0.651653 │
│ hyperband_train_a1135_00091   TERMINATED   True       False      True            True       True       True         False                True        False                  4           22.9656    0.823932   0.695382    0.628177 │
│ hyperband_train_a1135_00092   TERMINATED   False      False      False           True       False      True         True                 True        True                   4           13.7551    0.614709   0.803434    0.730002 │
│ hyperband_train_a1135_00093   TERMINATED   False      False      True            False      False      False        False                True        False                  2            3.90193   0.692827   0.746226    0.675248 │
│ hyperband_train_a1135_00094   TERMINATED   False      False      False           True       False      True         False                True        True                   4           14.7528    0.617761   0.760953    0.727701 │
│ hyperband_train_a1135_00095   TERMINATED   True       True       False           True       False      False        False                False       True                   4           21.181     0.643564   0.764136    0.709311 │
│ hyperband_train_a1135_00096   TERMINATED   False      True       False           True       True       False        False                False       False                  4           21.8305    0.657827   0.76532     0.72186  │
│ hyperband_train_a1135_00097   TERMINATED   False      True       True            False      True       True         True                 True        False                  1            5.06495   0.777558   0.76902     0.62832  │
│ hyperband_train_a1135_00098   TERMINATED   True       False      False           False      True       True         True                 True        True                   1            3.99976   0.951562   0.654825    0.52431  │
│ hyperband_train_a1135_00099   TERMINATED   True       True       False           True       True       True         False                False       False                  2           13.0085    0.749336   0.682356    0.657431 │
│ hyperband_train_a1135_00100   TERMINATED   True       False      False           True       True       True         False                False       False                  4           18.8264    0.755988   0.702487    0.65     │
│ hyperband_train_a1135_00101   TERMINATED   True       True       False           False      False      True         True                 True        True                   4           16.5235    0.719439   0.768576    0.681058 │
│ hyperband_train_a1135_00102   TERMINATED   False      False      False           True       False      False        False                True        True                   4           13.0875    0.580019   0.775533    0.74724  │
│ hyperband_train_a1135_00103   TERMINATED   False      True       True            True       True       True         True                 True        True                   2           12.2768    0.926521   0.566533    0.556773 │
│ hyperband_train_a1135_00104   TERMINATED   True       False      False           True       True       True         False                False       False                  4           19.4566    0.666975   0.797365    0.718081 │
│ hyperband_train_a1135_00105   TERMINATED   True       True       True            False      False      True         True                 False       True                   4           17.4596    0.864004   0.681098    0.607367 │
│ hyperband_train_a1135_00106   TERMINATED   True       False      False           False      False      False        True                 True        False                  2            5.97346   0.743396   0.725577    0.666327 │
│ hyperband_train_a1135_00107   TERMINATED   True       False      False           False      True       True         False                True        True                   1            3.59988   1.07147    0.757401    0.482916 │
│ hyperband_train_a1135_00108   TERMINATED   False      True       True            True       True       False        False                False       True                   4           23.366     0.758356   0.738751    0.704458 │
│ hyperband_train_a1135_00109   TERMINATED   True       False      False           False      False      False        False                True        True                   1            3.08624   1.09844    0.658304    0.333333 │
│ hyperband_train_a1135_00110   TERMINATED   False      False      True            True       True       False        False                True        False                  4           16.3265    0.669467   0.738455    0.703542 │
│ hyperband_train_a1135_00111   TERMINATED   False      False      False           True       False      True         False                True        False                  4           14.2358    0.634534   0.78471     0.726965 │
│ hyperband_train_a1135_00112   TERMINATED   False      True       False           True       False      True         True                 False       False                  4           17.1745    0.829377   0.717584    0.653117 │
│ hyperband_train_a1135_00113   TERMINATED   True       False      False           False      False      True         True                 True        True                   4           13.5579    0.858952   0.719731    0.591647 │
│ hyperband_train_a1135_00114   TERMINATED   True       True       True            True       False      False        True                 True        False                  2           13.1051    1.09847    0.658304    0.333333 │
│ hyperband_train_a1135_00115   TERMINATED   False      True       False           True       False      True         True                 False       True                   4           17.9778    0.660407   0.745115    0.724776 │
│ hyperband_train_a1135_00116   TERMINATED   True       False      True            True       True       True         True                 False       False                  2           11.9335    1.10864    0.773313    0.626756 │
│ hyperband_train_a1135_00117   TERMINATED   True       True       False           False      False      False        True                 True        False                  1            3.61447   1.09845    0.658304    0.333333 │
│ hyperband_train_a1135_00118   TERMINATED   True       True       False           True       False      False        False                True        True                   1            6.13161   0.983624   0.516874    0.46053  │
│ hyperband_train_a1135_00119   TERMINATED   False      True       False           True       True       False        False                False       False                  4           20.9478    0.624109   0.77124     0.733283 │
│ hyperband_train_a1135_00120   TERMINATED   False      False      False           True       True       False        True                 False       True                   4           12.5964    0.620799   0.77198     0.736392 │
│ hyperband_train_a1135_00121   TERMINATED   False      False      False           True       False      False        False                True        True                   4           12.6652    0.580019   0.775533    0.74724  │
│ hyperband_train_a1135_00122   TERMINATED   True       False      False           False      True       True         False                True        True                   4           15.5966    0.747679   0.740305    0.644177 │
│ hyperband_train_a1135_00123   TERMINATED   False      True       True            True       True       False        False                True        True                   4           26.287     0.673003   0.738011    0.719523 │
│ hyperband_train_a1135_00124   TERMINATED   True       True       False           True       False      False        True                 False       False                  2           10.5674    0.839984   0.666223    0.602005 │
│ hyperband_train_a1135_00125   TERMINATED   True       False      True            True       False      False        True                 False       True                   4           17.542     0.695584   0.681838    0.699124 │
│ hyperband_train_a1135_00126   TERMINATED   True       False      False           False      True       True         True                 False       True                   2            8.81976   0.678388   0.761471    0.693318 │
│ hyperband_train_a1135_00127   TERMINATED   True       True       False           False      False      True         False                True        False                  1            4.37483   0.955313   0.783156    0.598604 │
│ hyperband_train_a1135_00128   TERMINATED   False      True       False           False      False      True         False                True        False                  4           11.8751    0.845735   0.766356    0.737277 │
│ hyperband_train_a1135_00129   TERMINATED   True       False      True            False      False      True         True                 True        True                   1            4.05596   1.04645    0.734384    0.520149 │
│ hyperband_train_a1135_00130   TERMINATED   True       True       True            False      False      False        True                 False       False                  4           16.085     1.09847    0.658304    0.333333 │
│ hyperband_train_a1135_00131   TERMINATED   False      False      False           True       True       False        False                True        True                   4           15.7655    0.603649   0.775903    0.736683 │
│ hyperband_train_a1135_00132   TERMINATED   True       True       False           True       False      False        False                True        True                   4           23.5673    0.648432   0.760805    0.7048   │
│ hyperband_train_a1135_00133   TERMINATED   False      True       True            False      True       False        False                False       False                  4           16.8688    0.770341   0.725577    0.687491 │
│ hyperband_train_a1135_00134   TERMINATED   False      True       True            True       True       False        True                 False       True                   4           23.1632    0.69741    0.750296    0.71552  │
│ hyperband_train_a1135_00135   TERMINATED   True       True       True            False      True       False        False                True        True                   2           10.8632    1.09843    0.658304    0.333333 │
│ hyperband_train_a1135_00136   TERMINATED   False      True       False           False      True       False        True                 True        False                  1            3.88897   0.807839   0.73394     0.602782 │
│ hyperband_train_a1135_00137   TERMINATED   False      False      True            True       True       False        True                 True        True                   2           10.1983    0.95722    0.645722    0.616094 │
│ hyperband_train_a1135_00138   TERMINATED   True       True       True            True       False      True         False                False       True                   4           23.4786    0.709697   0.720767    0.693038 │
│ hyperband_train_a1135_00139   TERMINATED   True       False      True            True       True       True         True                 False       True                   1            5.00037   0.89168    0.734976    0.577088 │
│ hyperband_train_a1135_00140   TERMINATED   True       False      True            True       True       True         True                 False       False                  4           19.9012    0.710584   0.725133    0.689522 │
│ hyperband_train_a1135_00141   TERMINATED   True       True       False           True       False      False        False                True        True                   4           23.6495    0.72146    0.730092    0.665596 │
│ hyperband_train_a1135_00142   TERMINATED   False      False      True            False      True       True         True                 True        True                   4           11.7368    0.66516    0.781602    0.696219 │
│ hyperband_train_a1135_00143   TERMINATED   True       True       False           True       False      True         True                 False       True                   4           22.3015    1.0131     0.579855    0.631968 │
│ hyperband_train_a1135_00144   TERMINATED   True       True       False           False      True       True         False                True        True                   2            9.59733   1.07669    0.679914    0.364754 │
│ hyperband_train_a1135_00145   TERMINATED   False      True       True            False      True       False        True                 False       False                  4           16.8918    0.710582   0.796921    0.665225 │
│ hyperband_train_a1135_00146   TERMINATED   True       True       False           False      False      True         True                 True        False                  2            8.85045   0.744168   0.778197    0.647769 │
│ hyperband_train_a1135_00147   TERMINATED   False      False      False           True       True       False        False                True        True                   4           17.0005    0.608832   0.775533    0.733586 │
│ hyperband_train_a1135_00148   TERMINATED   True       False      True            True       False      True         True                 True        False                  1            5.36188   0.962933   0.629811    0.548872 │
│ hyperband_train_a1135_00149   TERMINATED   False      True       True            False      True       True         True                 True        True                   1            5.01571   0.994679   0.684503    0.538009 │
│ hyperband_train_a1135_00150   TERMINATED   True       False      False           True       False      True         False                False       True                   4           16.5641    0.637818   0.799586    0.738498 │
│ hyperband_train_a1135_00151   TERMINATED   True       False      False           True       False      False        True                 True        False                  4           18.3122    0.69069    0.750814    0.700306 │
│ hyperband_train_a1135_00152   TERMINATED   True       False      True            True       False      True         False                False       True                   4           17.0387    0.611867   0.770796    0.734304 │
│ hyperband_train_a1135_00153   TERMINATED   True       False      False           True       True       True         False                True        False                  4           24.1324    0.593337   0.771018    0.736724 │
│ hyperband_train_a1135_00154   TERMINATED   False      True       False           True       False      True         False                True        True                   4           19.5652    0.734331   0.759769    0.681955 │
│ hyperband_train_a1135_00155   TERMINATED   False      False      True            False      True       True         False                True        True                   2            6.19136   0.725158   0.762655    0.658359 │
│ hyperband_train_a1135_00156   TERMINATED   True       True       True            False      False      False        True                 True        False                  1            4.69101   1.09847    0.658304    0.333333 │
│ hyperband_train_a1135_00157   TERMINATED   False      True       False           False      True       True         False                False       False                  4           17.2686    0.684283   0.8078      0.695329 │
│ hyperband_train_a1135_00158   TERMINATED   False      False      True            False      True       True         True                 False       False                  1            3.44659   1.07697    0.658304    0.333333 │
│ hyperband_train_a1135_00159   TERMINATED   False      False      False           False      True       True         True                 True        False                  2            5.28656   0.822759   0.78656     0.659209 │
│ hyperband_train_a1135_00160   TERMINATED   True       True       False           True       True       True         True                 True        True                   4           30.0246    1.04192    0.654085    0.566706 │
│ hyperband_train_a1135_00161   TERMINATED   True       True       True            False      False      False        True                 True        False                  4           14.6292    1.09849    0.658304    0.333333 │
│ hyperband_train_a1135_00162   TERMINATED   False      True       False           True       True       True         True                 False       True                   4           20.4359    1.12335    0.288484    0.450638 │
│ hyperband_train_a1135_00163   TERMINATED   False      True       False           True       False      False        True                 False       False                  4           18.1963    0.681147   0.729722    0.696845 │
│ hyperband_train_a1135_00164   TERMINATED   False      False      False           False      True       False        True                 False       False                  4           12.2384    0.731074   0.739935    0.689906 │
│ hyperband_train_a1135_00165   TERMINATED   True       False      False           False      True       False        False                False       False                  2            7.29851   1.09846    0.658304    0.333333 │
│ hyperband_train_a1135_00166   TERMINATED   True       True       False           True       False      True         True                 True        True                   1            6.42295   0.881094   0.675918    0.566908 │
│ hyperband_train_a1135_00167   TERMINATED   False      False      False           True       False      True         True                 True        True                   4           16.3522    0.60468    0.804618    0.73246  │
│ hyperband_train_a1135_00168   TERMINATED   False      False      True            False      False      False        True                 True        True                   1            3.22174   0.793546   0.760805    0.620786 │
│ hyperband_train_a1135_00169   TERMINATED   True       False      True            True       False      False        True                 True        True                   2           10.8865    0.735351   0.683022    0.683003 │
│ hyperband_train_a1135_00170   TERMINATED   True       False      True            True       False      True         True                 False       False                  4           16.5136    0.774678   0.665557    0.694239 │
│ hyperband_train_a1135_00171   TERMINATED   True       True       True            False      True       True         False                False       False                  4           19.6308    1.03826    0.649201    0.64012  │
│ hyperband_train_a1135_00172   TERMINATED   True       False      False           False      True       False        False                True        True                   4           14.4696    1.09856    0.658304    0.333333 │
│ hyperband_train_a1135_00173   TERMINATED   True       False      False           False      False      True         False                False       True                   4           12.2738    1.02085    0.713366    0.623856 │
│ hyperband_train_a1135_00174   TERMINATED   True       False      False           False      True       False        True                 True        False                  2            7.86008   1.09844    0.658304    0.333333 │
│ hyperband_train_a1135_00175   TERMINATED   False      True       True            True       True       False        False                True        False                  4           23.8302    0.671851   0.741563    0.705568 │
│ hyperband_train_a1135_00176   TERMINATED   False      True       True            False      True       False        False                True        False                  2            9.72161   0.856127   0.656676    0.61526  │
│ hyperband_train_a1135_00177   TERMINATED   False      True       False           False      False      False        False                True        False                  4           12.8723    0.664344   0.780195    0.704429 │
│ hyperband_train_a1135_00178   TERMINATED   True       True       True            False      True       True         False                False       False                  1            5.0897    0.929432   0.717806    0.556594 │
│ hyperband_train_a1135_00179   TERMINATED   False      True       False           False      True       False        True                 False       True                   1            3.80015   0.869861   0.699896    0.568343 │
│ hyperband_train_a1135_00180   TERMINATED   False      True       True            True       False      True         False                False       False                  4           16.8168    0.880234   0.566755    0.63404  │
│ hyperband_train_a1135_00181   TERMINATED   False      True       True            True       True       True         False                False       False                  4           21.1422    0.690423   0.771092    0.715866 │
│ hyperband_train_a1135_00182   TERMINATED   True       True       True            True       False      False        False                True        False                  4           24.5502    0.805043   0.680358    0.656353 │
│ hyperband_train_a1135_00183   TERMINATED   True       True       True            True       False      True         True                 False       False                  2           11.2477    0.904375   0.682504    0.546017 │
│ hyperband_train_a1135_00184   TERMINATED   False      False      True            False      True       False        False                True        True                   4           11.5864    0.735981   0.774127    0.66954  │
│ hyperband_train_a1135_00185   TERMINATED   False      False      True            True       True       True         False                True        True                   4           17.1605    0.590213   0.814239    0.738629 │
│ hyperband_train_a1135_00186   TERMINATED   False      True       False           True       True       False        True                 False       False                  4           22.6527    0.657827   0.76532     0.72186  │
│ hyperband_train_a1135_00187   TERMINATED   False      False      False           True       True       False        True                 False       False                  2            7.43882   0.698476   0.748594    0.686157 │
│ hyperband_train_a1135_00188   TERMINATED   False      True       False           False      False      True         False                True        True                   1            4.04358   0.71767    0.720915    0.660257 │
│ hyperband_train_a1135_00189   TERMINATED   False      True       True            False      False      True         True                 True        True                   1            4.08667   0.877681   0.719953    0.594746 │
│ hyperband_train_a1135_00190   TERMINATED   True       True       True            False      True       True         False                False       False                  4           20.4871    0.888381   0.727057    0.620447 │
│ hyperband_train_a1135_00191   TERMINATED   True       False      True            True       True       True         False                False       True                   4           20.719     0.707051   0.761471    0.67391  │
│ hyperband_train_a1135_00192   TERMINATED   True       False      False           False      False      True         True                 True        True                   4           14.1017    0.836161   0.757845    0.67727  │
│ hyperband_train_a1135_00193   TERMINATED   True       True       False           False      True       False        True                 True        False                  2           10.1888    1.09844    0.658304    0.333333 │
│ hyperband_train_a1135_00194   TERMINATED   True       True       False           True       True       True         False                False       False                  4           25.705     0.732964   0.720545    0.688875 │
│ hyperband_train_a1135_00195   TERMINATED   True       True       True            False      False      True         True                 True        True                   4           16.1203    0.816096   0.730536    0.605037 │
│ hyperband_train_a1135_00196   TERMINATED   True       False      False           False      False      True         False                False       True                   4           13.4388    0.659839   0.819198    0.72578  │
│ hyperband_train_a1135_00197   TERMINATED   False      True       True            True       True       False        True                 True        False                  2           14.3638    0.755303   0.704633    0.672173 │
│ hyperband_train_a1135_00198   TERMINATED   False      False      True            False      False      False        False                False       True                   1            3.04768   0.746888   0.752294    0.638353 │
│ hyperband_train_a1135_00199   TERMINATED   True       True       True            False      True       False        False                True        True                   1            5.69491   1.12084    0.246226    0.333333 │
│ hyperband_train_a1135_00200   TERMINATED   True       True       False           True       False      False        False                False       True                   4           20.8185    0.8661     0.638766    0.591534 │
│ hyperband_train_a1135_00201   TERMINATED   True       False      True            False      True       False        False                True        True                   4           15.1889    0.823467   0.718324    0.635133 │
│ hyperband_train_a1135_00202   TERMINATED   False      True       True            False      False      False        False                False       False                  4           12.3741    1.09852    0.658304    0.333333 │
│ hyperband_train_a1135_00203   TERMINATED   True       True       True            False      True       True         True                 True        True                   2           11.4377    0.872802   0.691903    0.571379 │
│ hyperband_train_a1135_00204   TERMINATED   True       False      False           False      True       True         True                 True        True                   4           19.2616    0.729994   0.7164      0.669002 │
│ hyperband_train_a1135_00205   TERMINATED   True       True       True            True       False      True         True                 True        True                   4           25.7046    0.769814   0.675918    0.690972 │
│ hyperband_train_a1135_00206   TERMINATED   False      False      False           False      False      True         True                 True        False                  1            2.15178   0.859876   0.778937    0.627087 │
│ hyperband_train_a1135_00207   TERMINATED   True       False      True            False      False      True         True                 False       False                  1            3.25051   1.03327    0.68169     0.559543 │
│ hyperband_train_a1135_00208   TERMINATED   True       True       False           True       True       False        True                 True        False                  2           16.6534    0.785153   0.697232    0.652324 │
│ hyperband_train_a1135_00209   TERMINATED   True       False      False           True       False      False        True                 False       False                  4           16.8769    0.613329   0.782194    0.727497 │
│ hyperband_train_a1135_00210   TERMINATED   False      False      False           True       True       False        False                True        False                  4           15.6425    0.622695   0.765468    0.730293 │
│ hyperband_train_a1135_00211   TERMINATED   True       True       True            False      False      True         True                 True        True                   4           16.2633    1.09843    0.658304    0.333333 │
│ hyperband_train_a1135_00212   TERMINATED   False      False      False           True       False      True         False                False       True                   4            9.75619   0.701354   0.714994    0.677872 │
│ hyperband_train_a1135_00213   TERMINATED   True       True       False           False      True       False        False                True        False                  2            9.8505    1.09852    0.658304    0.333333 │
│ hyperband_train_a1135_00214   TERMINATED   False      True       True            False      False      False        False                True        False                  4           12.5652    0.74955    0.655639    0.688014 │
│ hyperband_train_a1135_00215   TERMINATED   False      False      True            False      False      True         False                True        False                  4            9.53937   0.794734   0.730906    0.723213 │
│ hyperband_train_a1135_00216   TERMINATED   True       True       False           True       True       True         True                 False       False                  2           15.563     0.712745   0.754885    0.675714 │
│ hyperband_train_a1135_00217   TERMINATED   False      True       False           True       False      True         False                True        True                   4           21.2306    0.689005   0.743635    0.689447 │
│ hyperband_train_a1135_00218   TERMINATED   False      False      True            True       True       False        True                 False       False                  1            3.93319   0.827793   0.693088    0.639449 │
│ hyperband_train_a1135_00219   TERMINATED   True       True       False           False      False      True         False                False       False                  1            4.24954   1.04553    0.682356    0.557422 │
│ hyperband_train_a1135_00220   TERMINATED   True       False      True            True       False      True         True                 False       True                   4           17.775     0.774468   0.681172    0.656011 │
│ hyperband_train_a1135_00221   TERMINATED   False      True       False           True       False      True         False                False       False                  4           16.7487    0.661069   0.796625    0.730289 │
│ hyperband_train_a1135_00222   TERMINATED   False      False      True            False      True       False        False                False       True                   4           10.7402    0.700582   0.7873      0.681167 │
│ hyperband_train_a1135_00223   TERMINATED   False      False      True            True       False      True         False                False       False                  4           12.1931    0.873282   0.506735    0.621176 │
│ hyperband_train_a1135_00224   TERMINATED   True       True       True            True       True       True         True                 False       False                  2           14.1592    0.875647   0.658304    0.596523 │
│ hyperband_train_a1135_00225   TERMINATED   False      True       False           False      True       True         False                True        False                  4           16.5472    0.720981   0.798253    0.678878 │
│ hyperband_train_a1135_00226   TERMINATED   False      False      False           False      True       True         False                True        False                  1            3.39686   0.803771   0.729278    0.597458 │
│ hyperband_train_a1135_00227   TERMINATED   False      True       False           True       True       False        False                False       False                  4           21.6058    0.630472   0.771462    0.736595 │
│ hyperband_train_a1135_00228   TERMINATED   True       False      False           True       True       False        True                 False       True                   2           11.8306    0.891341   0.738307    0.5711   │
│ hyperband_train_a1135_00229   TERMINATED   True       True       True            False      False      True         False                False       False                  1            4.46993   0.980345   0.705521    0.554503 │
│ hyperband_train_a1135_00230   TERMINATED   True       False      False           True       False      False        False                True        True                   4           18.5066    0.678613   0.775607    0.694273 │
│ hyperband_train_a1135_00231   TERMINATED   False      True       True            False      False      False        False                False       False                  4           12.1149    0.674076   0.773239    0.700717 │
│ hyperband_train_a1135_00232   TERMINATED   False      True       True            True       True       False        True                 False       True                   4           21.8884    0.745332   0.714402    0.681292 │
│ hyperband_train_a1135_00233   TERMINATED   False      True       True            False      True       False        True                 False       True                   4           17.1198    0.747442   0.664002    0.669204 │
│ hyperband_train_a1135_00234   TERMINATED   True       False      True            True       True       False        False                True        False                  4           23.0895    0.715813   0.741489    0.699106 │
│ hyperband_train_a1135_00235   TERMINATED   True       False      True            False      False      False        False                False       False                  2            6.28153   1.09849    0.658304    0.333333 │
│ hyperband_train_a1135_00236   TERMINATED   True       False      True            False      False      True         True                 False       False                  1            3.02119   0.874593   0.702487    0.564531 │
│ hyperband_train_a1135_00237   TERMINATED   False      False      True            False      False      True         False                True        True                   4           11.7505    0.640068   0.799882    0.719757 │
│ hyperband_train_a1135_00238   TERMINATED   True       True       True            True       True       False        False                False       True                   1            7.0758    0.926286   0.627738    0.545868 │
│ hyperband_train_a1135_00239   TERMINATED   False      True       False           True       True       True         False                False       True                   2           11.6179    0.919801   0.526495    0.575655 │
│ hyperband_train_a1135_00240   TERMINATED   False      True       False           True       True       False        True                 False       False                  4           21.2156    0.745934   0.71825     0.699963 │
│ hyperband_train_a1135_00241   TERMINATED   True       True       False           True       False      True         False                False       True                   4           20.0539    0.973415   0.40749     0.565698 │
│ hyperband_train_a1135_00242   TERMINATED   False      True       False           False      True       True         True                 True        True                   4           16.6929    0.639761   0.770204    0.711272 │
│ hyperband_train_a1135_00243   TERMINATED   True       True       False           False      True       True         True                 False       True                   2            9.80047   1.02535    0.678286    0.547404 │
│ hyperband_train_a1135_00244   TERMINATED   False      False      False           False      False      True         True                 True        False                  4           10.5598    0.64663    0.795293    0.715251 │
│ hyperband_train_a1135_00245   TERMINATED   False      True       True            True       False      True         False                True        True                   4           19.9317    0.916526   0.549216    0.646504 │
│ hyperband_train_a1135_00246   TERMINATED   True       False      False           False      False      False        False                True        False                  1            2.90551   1.09848    0.658304    0.333333 │
│ hyperband_train_a1135_00247   TERMINATED   False      False      True            False      False      True         True                 True        False                  1            2.41845   0.792055   0.74556     0.621458 │
│ hyperband_train_a1135_00248   TERMINATED   True       True       False           True       False      True         True                 True        True                   4           24.5676    0.676935   0.763544    0.699727 │
│ hyperband_train_a1135_00249   TERMINATED   False      True       False           False      True       False        False                True        False                  2            8.2733    0.784329   0.737715    0.646984 │
│ hyperband_train_a1135_00250   TERMINATED   True       True       False           True       True       False        True                 True        False                  4           26.615     0.87931    0.657786    0.618146 │
│ hyperband_train_a1135_00251   TERMINATED   True       False      False           False      True       True         False                False       False                  4           13.6199    0.857127   0.710924    0.583797 │
│ hyperband_train_a1135_00252   TERMINATED   False      True       False           True       True       False        False                False       False                  4           18.28      0.762979   0.698342    0.640724 │
│ hyperband_train_a1135_00253   TERMINATED   True       True       False           True       False      True         False                False       True                   4           20.7168    0.967122   0.427324    0.590592 │
│ hyperband_train_a1135_00254   TERMINATED   True       False      True            False      False      False        False                False       True                   4           13.4403    0.66782    0.809355    0.703706 │
│ hyperband_train_a1135_00255   TERMINATED   True       True       True            False      True       False        False                False       True                   2           10.1745    0.935643   0.742895    0.560878 │
│ hyperband_train_a1135_00256   TERMINATED   False      False      True            False      False      True         False                True        False                  4           11.0733    0.725926   0.674956    0.686788 │
│ hyperband_train_a1135_00257   TERMINATED   False      False      False           True       True       True         False                True        True                   2            8.39972   0.966013   0.464476    0.521804 │
│ hyperband_train_a1135_00258   TERMINATED   True       False      True            False      False      False        False                False       True                   1            2.87996   1.09843    0.658304    0.333333 │
│ hyperband_train_a1135_00259   TERMINATED   False      True       False           False      False      True         True                 False       False                  1            3.42602   1.04069    0.694642    0.486492 │
│ hyperband_train_a1135_00260   TERMINATED   True       True       True            True       False      False        True                 False       True                   4           20.0432    0.73927    0.721063    0.691792 │
│ hyperband_train_a1135_00261   TERMINATED   True       True       False           True       False      True         True                 False       True                   4           19.5323    0.739923   0.707075    0.671144 │
│ hyperband_train_a1135_00262   TERMINATED   True       False      False           True       False      False        False                False       True                   4           13.9177    0.94624    0.725355    0.541084 │
│ hyperband_train_a1135_00263   TERMINATED   False      True       False           False      True       True         True                 False       True                   2            7.29911   1.06299    0.308319    0.364774 │
│ hyperband_train_a1135_00264   TERMINATED   False      False      False           True       False      False        True                 False       True                   4           12.7271    0.625843   0.772202    0.726216 │
│ hyperband_train_a1135_00265   TERMINATED   True       True       False           False      True       True         False                False       True                   4           18.651     0.824494   0.797883    0.638212 │
│ hyperband_train_a1135_00266   TERMINATED   False      True       False           True       False      False        True                 True        False                  2           10.159     0.712958   0.73246     0.693756 │
│ hyperband_train_a1135_00267   TERMINATED   True       False      True            True       True       False        True                 False       True                   1            4.99929   1.01676    0.589772    0.472296 │
│ hyperband_train_a1135_00268   TERMINATED   False      False      False           False      False      False        False                False       True                   4            8.71339   0.634674   0.820678    0.723785 │
│ hyperband_train_a1135_00269   TERMINATED   True       False      False           True       True       True         False                True        False                  1            5.42148   0.813471   0.691015    0.614184 │
│ hyperband_train_a1135_00270   TERMINATED   False      False      False           False      True       True         False                False       True                   4            8.14345   0.942803   0.567422    0.605863 │
│ hyperband_train_a1135_00271   TERMINATED   False      False      True            True       True       True         False                True        False                  4           16.058     0.595913   0.799067    0.742355 │
│ hyperband_train_a1135_00272   TERMINATED   False      True       True            True       True       False        False                True        True                   4           23.7539    0.697701   0.727353    0.705666 │
│ hyperband_train_a1135_00273   TERMINATED   False      False      True            True       True       False        True                 False       False                  4           15.5838    0.828938   0.653123    0.640688 │
│ hyperband_train_a1135_00274   TERMINATED   False      True       True            False      True       False        False                True        True                   2            8.09451   0.834655   0.698934    0.62025  │
│ hyperband_train_a1135_00275   TERMINATED   False      True       True            True       True       True         True                 False       True                   4           22.0495    0.685166   0.780861    0.691411 │
│ hyperband_train_a1135_00276   TERMINATED   True       True       False           False      True       False        False                False       False                  1            5.28078   1.09845    0.658304    0.333333 │
│ hyperband_train_a1135_00277   TERMINATED   False      True       True            False      True       False        False                True        False                  1            4.58327   1.10228    0.246226    0.333333 │
│ hyperband_train_a1135_00278   TERMINATED   False      True       False           True       False      False        False                False       False                  2            8.36762   0.680152   0.720471    0.696523 │
│ hyperband_train_a1135_00279   TERMINATED   False      True       True            True       False      False        False                False       False                  4           18.0503    0.632408   0.747114    0.72737  │
│ hyperband_train_a1135_00280   TERMINATED   True       True       False           False      True       True         False                False       True                   4           19.3589    0.832854   0.806172    0.635885 │
│ hyperband_train_a1135_00281   TERMINATED   True       True       False           False      True       True         True                 False       True                   4           20.8596    0.676085   0.788114    0.691098 │
│ hyperband_train_a1135_00282   TERMINATED   False      False      False           False      False      True         True                 False       True                   4            8.36371   1.07314    0.647943    0.634834 │
│ hyperband_train_a1135_00283   TERMINATED   True       False      True            True       True       True         True                 False       False                  2           10.8245    0.925594   0.690127    0.563147 │
│ hyperband_train_a1135_00284   TERMINATED   False      True       False           True       True       False        True                 True        True                   4           23.742     0.762784   0.724837    0.676093 │
│ hyperband_train_a1135_00285   TERMINATED   False      False      True            True       True       False        True                 True        False                  4           18.7111    0.674746   0.728834    0.70948  │
│ hyperband_train_a1135_00286   TERMINATED   True       False      False           False      True       False        False                False       False                  1            4.29906   0.947156   0.658082    0.557702 │
│ hyperband_train_a1135_00287   TERMINATED   True       True       False           False      False      True         False                False       False                  4           16.3614    0.663902   0.813869    0.71036  │
│ hyperband_train_a1135_00288   TERMINATED   True       False      False           True       True       False        False                True        False                  2           11.7901    0.768655   0.773979    0.631064 │
│ hyperband_train_a1135_00289   TERMINATED   False      True       False           False      True       True         False                False       False                  1            4.60456   0.93232    0.686279    0.539849 │
│ hyperband_train_a1135_00290   TERMINATED   False      False      True            True       False      True         False                False       True                   4           12.0359    0.612782   0.770574    0.728535 │
│ hyperband_train_a1135_00291   TERMINATED   False      False      True            False      True       False        True                 True        True                   4           11.3301    0.740441   0.787448    0.668274 │
│ hyperband_train_a1135_00292   TERMINATED   True       True       False           False      False      False        False                False       False                  4           13.7876    1.09847    0.658304    0.333333 │
│ hyperband_train_a1135_00293   TERMINATED   True       True       False           True       True       True         True                 False       False                  2           13.078     1.04611    0.39032     0.544173 │
│ hyperband_train_a1135_00294   TERMINATED   True       False      True            True       True       True         False                True        False                  4           24.931     0.724822   0.707741    0.676951 │
│ hyperband_train_a1135_00295   TERMINATED   True       False      False           True       False      False        False                True        True                   4           18.6826    0.626843   0.764802    0.71909  │
│ hyperband_train_a1135_00296   TERMINATED   False      False      False           False      True       False        True                 False       True                   2            5.16151   0.787059   0.789002    0.644326 │
│ hyperband_train_a1135_00297   TERMINATED   True       True       True            True       True       False        True                 False       False                  1            7.29401   0.937649   0.658082    0.559993 │
│ hyperband_train_a1135_00298   TERMINATED   True       False      True            False      False      False        False                False       True                   4           13.0408    0.682141   0.780861    0.689413 │
│ hyperband_train_a1135_00299   TERMINATED   False      True       True            False      False      False        False                True        False                  1            3.10746   1.09849    0.658304    0.333333 │
│ hyperband_train_a1135_00300   TERMINATED   False      True       False           False      True       True         False                False       False                  4           15.9018    0.840956   0.814979    0.687944 │
│ hyperband_train_a1135_00301   TERMINATED   False      False      False           True       False      False        False                False       True                   4           10.9682    0.599185   0.783378    0.744311 │
│ hyperband_train_a1135_00302   TERMINATED   True       True       False           False      True       True         True                 False       False                  4           21.0724    0.92737    0.675696    0.585782 │
│ hyperband_train_a1135_00303   TERMINATED   True       False      True            False      False      False        True                 False       False                  2            6.14238   1.09849    0.658304    0.333333 │
│ hyperband_train_a1135_00304   TERMINATED   False      True       True            False      True       True         False                False       True                   4           17.6961    0.733503   0.784192    0.666469 │
│ hyperband_train_a1135_00305   TERMINATED   True       True       True            False      False      False        False                False       True                   4           15.2671    1.09845    0.658304    0.333333 │
│ hyperband_train_a1135_00306   TERMINATED   False      True       True            False      True       True         False                True        True                   2           10.1938    0.758798   0.743043    0.634563 │
│ hyperband_train_a1135_00307   TERMINATED   False      False      False           False      False      False        True                 False       False                  1            3.02675   0.864786   0.762433    0.597494 │
│ hyperband_train_a1135_00308   TERMINATED   True       True       False           False      False      False        False                True        False                  1            4.37427   1.09847    0.658304    0.333333 │
│ hyperband_train_a1135_00309   TERMINATED   False      True       True            False      True       True         False                False       True                   4           18.3305    0.655889   0.792777    0.707309 │
│ hyperband_train_a1135_00310   TERMINATED   False      True       True            False      True       True         False                False       False                  4           16.1636    0.720412   0.78434     0.657531 │
│ hyperband_train_a1135_00311   TERMINATED   False      False      True            False      True       False        True                 False       False                  4            9.86004   0.711231   0.743117    0.687905 │
│ hyperband_train_a1135_00312   TERMINATED   True       True       False           False      True       False        True                 False       False                  4           20.1447    1.09843    0.658304    0.333333 │
│ hyperband_train_a1135_00313   TERMINATED   True       False      True            True       True       False        True                 False       True                   4           21.0761    0.727665   0.756661    0.710141 │
│ hyperband_train_a1135_00314   TERMINATED   True       True       True            True       False      False        True                 True        False                  4           26.5934    0.885985   0.599393    0.633878 │
│ hyperband_train_a1135_00315   TERMINATED   False      True       True            False      False      False        True                 False       True                   2            7.09489   1.0985     0.658304    0.333333 │
│ hyperband_train_a1135_00316   TERMINATED   False      False      True            False      False      True         True                 False       False                  1            2.38505   0.773228   0.771388    0.622957 │
│ hyperband_train_a1135_00317   TERMINATED   True       False      False           False      False      False        True                 True        False                  1            2.69226   0.769141   0.741711    0.6465   │
│ hyperband_train_a1135_00318   TERMINATED   True       True       False           True       False      False        False                True        False                  4           23.9898    0.632859   0.741193    0.728886 │
│ hyperband_train_a1135_00319   TERMINATED   False      True       False           True       False      False        True                 True        True                   2           10.1541    0.65278    0.750518    0.710659 │
│ hyperband_train_a1135_00320   TERMINATED   False      True       False           False      True       True         True                 False       True                   4           16.1421    0.7456     0.779899    0.736501 │
│ hyperband_train_a1135_00321   TERMINATED   False      True       True            True       True       False        False                False       True                   4           20.674     0.626576   0.767984    0.728587 │
│ hyperband_train_a1135_00322   TERMINATED   True       False      True            True       True       True         False                True        True                   4           24.0074    0.711746   0.730314    0.676438 │
│ hyperband_train_a1135_00323   TERMINATED   True       False      True            False      True       True         True                 True        False                  2            8.0834    0.74376    0.777383    0.653195 │
│ hyperband_train_a1135_00324   TERMINATED   True       False      True            False      True       True         False                True        False                  4           16.9125    0.696054   0.788928    0.684178 │
│ hyperband_train_a1135_00325   TERMINATED   False      True       False           True       True       True         True                 True        False                  4           23.2445    0.628601   0.740305    0.724477 │
│ hyperband_train_a1135_00326   TERMINATED   True       False      False           True       True       True         False                False       False                  4           20.6675    0.694055   0.813129    0.725644 │
│ hyperband_train_a1135_00327   TERMINATED   False      False      True            True       True       True         False                True        True                   1            3.84998   0.741935   0.748964    0.66371  │
│ hyperband_train_a1135_00328   TERMINATED   True       True       True            False      False      False        True                 False       True                   1            4.74808   1.09849    0.658304    0.333333 │
│ hyperband_train_a1135_00329   TERMINATED   True       True       False           True       False      True         False                False       False                  2           10.6527    0.63044    0.775015    0.719186 │
│ hyperband_train_a1135_00330   TERMINATED   False      False      True            True       True       True         True                 True        False                  4           17.8991    0.668903   0.751406    0.699949 │
│ hyperband_train_a1135_00331   TERMINATED   True       False      True            False      False      True         False                True        False                  4           13.0255    0.689834   0.754144    0.69859  │
│ hyperband_train_a1135_00332   TERMINATED   True       True       True            False      False      False        False                False       False                  4           14.2776    0.715605   0.781824    0.6584   │
│ hyperband_train_a1135_00333   TERMINATED   False      True       True            True       True       False        True                 False       False                  2           10.7173    0.885927   0.687833    0.601626 │
│ hyperband_train_a1135_00334   TERMINATED   True       False      False           False      True       True         False                True        False                  4           16.7731    0.646382   0.805876    0.706785 │
│ hyperband_train_a1135_00335   TERMINATED   True       False      True            True       False      False        False                False       True                   4           16.2597    0.572276   0.783304    0.758556 │
│ hyperband_train_a1135_00336   TERMINATED   False      False      True            False      False      False        False                False       False                  1            2.15703   0.738561   0.753182    0.646749 │
│ hyperband_train_a1135_00337   TERMINATED   True       False      True            True       False      True         False                False       False                  4           19.1475    0.632765   0.780639    0.711259 │
│ hyperband_train_a1135_00338   TERMINATED   False      False      True            False      False      True         False                True        False                  2            4.69439   0.885856   0.695012    0.687127 │
│ hyperband_train_a1135_00339   TERMINATED   True       True       True            False      False      True         False                True        True                   1            3.78155   0.972634   0.741119    0.574753 │
│ hyperband_train_a1135_00340   TERMINATED   True       True       True            True       True       True         False                False       True                   4           27.8208    0.736615   0.738973    0.662491 │
│ hyperband_train_a1135_00341   TERMINATED   True       True       True            False      True       False        True                 True        True                   4           21.5233    0.746361   0.767614    0.665758 │
│ hyperband_train_a1135_00342   TERMINATED   True       True       False           True       False      True         False                True        True                   4           23.5417    0.619218   0.802768    0.724796 │
│ hyperband_train_a1135_00343   TERMINATED   False      True       False           True       True       True         True                 False       True                   4           22.9214    0.629573   0.805802    0.727191 │
│ hyperband_train_a1135_00344   TERMINATED   False      False      False           False      True       False        False                True        True                   4           11.2196    0.673366   0.781602    0.694999 │
│ hyperband_train_a1135_00345   TERMINATED   True       True       False           False      True       True         True                 False       False                  2           10.8894    0.876583   0.71344     0.583408 │
│ hyperband_train_a1135_00346   TERMINATED   False      True       True            False      True       True         False                False       True                   1            4.98305   0.753093   0.719065    0.644819 │
│ hyperband_train_a1135_00347   TERMINATED   True       False      False           False      False      False        False                False       True                   1            3.73235   1.09843    0.658304    0.333333 │
│ hyperband_train_a1135_00348   TERMINATED   False      False      False           True       True       False        False                True        True                   4           17.267     0.608832   0.775533    0.733586 │
│ hyperband_train_a1135_00349   TERMINATED   True       True       False           True       True       False        True                 True        True                   2           15.5957    0.686189   0.754366    0.703485 │
│ hyperband_train_a1135_00350   TERMINATED   True       True       False           True       True       False        False                True        True                   4           28.5477    0.600092   0.766504    0.735936 │
│ hyperband_train_a1135_00351   TERMINATED   True       False      False           True       True       False        True                 True        True                   4           22.1783    0.834368   0.669479    0.649937 │
│ hyperband_train_a1135_00352   TERMINATED   True       False      True            True       False      False        False                False       False                  4           16.1107    0.734195   0.679618    0.683876 │
│ hyperband_train_a1135_00353   TERMINATED   False      True       False           True       False      False        True                 False       True                   4           17.3703    0.672553   0.728686    0.723748 │
│ hyperband_train_a1135_00354   TERMINATED   False      True       False           True       False      True         True                 True        False                  2           10.0533    0.856663   0.671699    0.596164 │
│ hyperband_train_a1135_00355   TERMINATED   False      True       False           False      True       True         True                 False       True                   4           16.463     0.590442   0.800326    0.742369 │
│ hyperband_train_a1135_00356   TERMINATED   False      False      False           False      False      True         False                True        True                   2            5.01873   0.840548   0.768502    0.690485 │
│ hyperband_train_a1135_00357   TERMINATED   False      False      True            True       False      False        True                 True        True                   4           16.5953    0.653351   0.735716    0.71496  │
│ hyperband_train_a1135_00358   TERMINATED   True       True       False           False      False      False        False                False       False                  1            3.36503   1.09848    0.658304    0.333333 │
│ hyperband_train_a1135_00359   TERMINATED   True       True       False           False      True       True         False                True        False                  1            5.77379   0.886642   0.713292    0.573421 │
│ hyperband_train_a1135_00360   TERMINATED   False      True       True            True       True       True         True                 True        False                  4           24.9815    0.677044   0.753034    0.69937  │
│ hyperband_train_a1135_00361   TERMINATED   True       True       False           True       True       True         True                 False       False                  4           26.1435    0.967931   0.697676    0.680667 │
│ hyperband_train_a1135_00362   TERMINATED   False      False      False           True       False      True         False                False       True                   4            9.97729   0.940955   0.49778     0.616132 │
│ hyperband_train_a1135_00363   TERMINATED   True       True       False           False      False      True         True                 False       False                  2            7.12672   0.926425   0.568976    0.547666 │
│ hyperband_train_a1135_00364   TERMINATED   True       True       True            True       False      True         False                False       False                  4           21.9287    0.679248   0.744745    0.695337 │
│ hyperband_train_a1135_00365   TERMINATED   False      False      False           True       False      True         False                True        False                  4           14.8555    0.626698   0.790187    0.73044  │
│ hyperband_train_a1135_00366   TERMINATED   False      True       True            True       True       True         True                 True        False                  2           13.3097    0.798188   0.71825     0.634091 │
│ hyperband_train_a1135_00367   TERMINATED   False      False      False           False      True       True         True                 False       True                   1            2.94928   1.07918    0.735272    0.454966 │
│ hyperband_train_a1135_00368   TERMINATED   False      True       False           True       True       True         True                 True        True                   4           26.5902    0.620199   0.818236    0.732258 │
│ hyperband_train_a1135_00369   TERMINATED   False      True       True            False      True       True         False                True        True                   1            4.95938   0.764851   0.722987    0.631973 │
│ hyperband_train_a1135_00370   TERMINATED   True       False      False           True       False      False        True                 True        True                   4           18.2552    0.578209   0.776791    0.750743 │
│ hyperband_train_a1135_00371   TERMINATED   False      True       False           True       True       True         False                True        True                   4           24.0847    0.638254   0.816459    0.724283 │
│ hyperband_train_a1135_00372   TERMINATED   False      False      True            True       False      True         False                False       False                  4           10.6016    0.936936   0.353464    0.466204 │
│ hyperband_train_a1135_00373   TERMINATED   True       True       True            False      True       False        False                True        False                  4           21.9174    0.789337   0.702635    0.657368 │
│ hyperband_train_a1135_00374   TERMINATED   False      False      False           True       False      False        False                False       True                   4           11.3452    0.599185   0.783378    0.744311 │
│ hyperband_train_a1135_00375   TERMINATED   False      True       False           True       True       True         True                 True        False                  2           11.4814    0.924904   0.546551    0.574914 │
│ hyperband_train_a1135_00376   TERMINATED   False      True       True            False      False      False        False                True        False                  2            7.13675   0.704516   0.728464    0.681845 │
│ hyperband_train_a1135_00377   TERMINATED   True       True       False           True       False      False        False                False       True                   1            5.68849   1.07263    0.621892    0.408218 │
│ hyperband_train_a1135_00378   TERMINATED   False      False      False           False      True       False        True                 False       False                  1            2.56769   0.821912   0.724541    0.604725 │
│ hyperband_train_a1135_00379   TERMINATED   False      False      False           True       False      True         False                True        True                   4           14.9728    0.582035   0.789446    0.741281 │
│ hyperband_train_a1135_00380   TERMINATED   False      True       False           True       False      False        True                 True        True                   4           19.0038    0.624464   0.748076    0.73174  │
│ hyperband_train_a1135_00381   TERMINATED   True       False      False           False      False      True         True                 False       True                   4           13.2175    0.973385   0.612123    0.603162 │
│ hyperband_train_a1135_00382   TERMINATED   True       True       True            False      False      True         False                True        False                  4           15.7522    1.09843    0.658304    0.333333 │
│ hyperband_train_a1135_00383   TERMINATED   True       False      False           False      True       True         False                True        False                  4           16.5231    0.691126   0.802102    0.680758 │
│ hyperband_train_a1135_00384   TERMINATED   True       True       False           False      False      False        True                 True        False                  2            8.37383   1.09849    0.658304    0.333333 │
│ hyperband_train_a1135_00385   TERMINATED   False      True       False           True       False      True         False                True        True                   4           20.1066    0.608732   0.814535    0.738594 │
│ hyperband_train_a1135_00386   TERMINATED   True       True       False           False      False      True         True                 False       True                   2            7.72911   0.708662   0.8041      0.685756 │
│ hyperband_train_a1135_00387   TERMINATED   False      False      True            True       True       True         False                False       False                  1            2.81972   0.911762   0.529973    0.583763 │
│ hyperband_train_a1135_00388   TERMINATED   False      False      True            True       False      False        True                 False       False                  4           13.0214    0.667751   0.74556     0.721613 │
│ hyperband_train_a1135_00389   TERMINATED   False      True       False           False      False      False        False                False       False                  1            3.77561   0.837193   0.78138     0.624569 │
│ hyperband_train_a1135_00390   TERMINATED   False      False      True            False      False      True         True                 False       True                   4           10.702     0.858899   0.775755    0.698214 │
│ hyperband_train_a1135_00391   TERMINATED   True       False      False           True       False      False        False                False       True                   4           15.6649    0.94624    0.725355    0.541084 │
│ hyperband_train_a1135_00392   TERMINATED   False      True       True            True       False      True         True                 True        False                  4           19.9894    0.87262    0.521092    0.620894 │
│ hyperband_train_a1135_00393   TERMINATED   True       True       True            True       False      False        False                True        False                  2           12.4899    0.987358   0.468028    0.558447 │
│ hyperband_train_a1135_00394   TERMINATED   True       True       True            True       False      False        False                False       True                   4           22.5197    0.833666   0.70071     0.625329 │
│ hyperband_train_a1135_00395   TERMINATED   False      False      True            False      False      False        False                True        True                   4            9.55111   0.761536   0.631735    0.681556 │
│ hyperband_train_a1135_00396   TERMINATED   False      False      False           False      False      True         False                False       True                   4            8.99369   1.00607    0.789224    0.692096 │
│ hyperband_train_a1135_00397   TERMINATED   True       True       True            True       False      True         True                 False       False                  2           12.3271    1.05603    0.676362    0.547493 │
│ hyperband_train_a1135_00398   TERMINATED   True       True       False           False      True       False        True                 True        True                   1            5.6707    1.10086    0.246226    0.333333 │
│ hyperband_train_a1135_00399   TERMINATED   True       True       False           False      True       False        True                 False       False                  1            5.10818   1.09854    0.246226    0.333333 │
│ hyperband_train_a1135_00400   TERMINATED   True       True       False           True       True       False        False                False       True                   4           26.1456    0.821784   0.58844     0.63064  │
│ hyperband_train_a1135_00401   TERMINATED   True       False      True            False      True       True         True                 False       False                  4           15.8703    0.68116    0.811353    0.678938 │
│ hyperband_train_a1135_00402   TERMINATED   True       True       False           False      True       False        False                True        False                  4           19.084     1.09845    0.658304    0.333333 │
│ hyperband_train_a1135_00403   TERMINATED   True       False      True            False      True       False        False                False       True                   2            7.71501   0.853825   0.769686    0.571558 │
│ hyperband_train_a1135_00404   TERMINATED   True       True       True            True       True       True         False                True        False                  4           31.6276    0.697838   0.729722    0.695601 │
│ hyperband_train_a1135_00405   TERMINATED   False      True       False           True       True       True         True                 False       False                  4           23.7263    0.819863   0.66378     0.632154 │
│ hyperband_train_a1135_00406   TERMINATED   True       True       True            False      False      False        True                 True        False                  1            3.61622   1.09843    0.658304    0.333333 │
│ hyperband_train_a1135_00407   TERMINATED   False      True       False           True       False      False        False                False       True                   4           16.9557    0.610966   0.781306    0.740695 │
│ hyperband_train_a1135_00408   TERMINATED   True       True       True            True       True       False        False                False       False                  1            7.24241   0.935075   0.624334    0.53238  │
│ hyperband_train_a1135_00409   TERMINATED   True       False      True            False      False      True         True                 False       False                  2            6.09901   1.0809     0.267688    0.489614 │
│ hyperband_train_a1135_00410   TERMINATED   True       False      False           False      True       False        True                 False       True                   4           16.2332    0.737646   0.798253    0.674286 │
│ hyperband_train_a1135_00411   TERMINATED   True       True       False           False      False      True         True                 True        True                   4           15.7365    0.694601   0.763766    0.686268 │
│ hyperband_train_a1135_00412   TERMINATED   False      True       True            True       False      False        False                True        False                  4           20.6009    0.66263    0.704633    0.706343 │
│ hyperband_train_a1135_00413   TERMINATED   False      True       True            True       False      True         True                 False       True                   2            9.61773   0.842163   0.69701     0.604437 │
│ hyperband_train_a1135_00414   TERMINATED   True       False      False           False      False      True         True                 True        True                   4           13.271     1.02998    0.737493    0.719096 │
│ hyperband_train_a1135_00415   TERMINATED   True       False      True            False      False      False        False                False       False                  4           12.0991    0.680808   0.789668    0.672569 │
│ hyperband_train_a1135_00416   TERMINATED   True       False      True            False      False      False        True                 False       False                  1            3.22636   1.09848    0.658304    0.333333 │
│ hyperband_train_a1135_00417   TERMINATED   False      True       True            True       False      True         True                 True        True                   1            5.35634   1.01972    0.462552    0.456503 │
│ hyperband_train_a1135_00418   TERMINATED   False      True       False           False      True       False        False                False       True                   4           17.9897    0.738337   0.704189    0.669238 │
│ hyperband_train_a1135_00419   TERMINATED   True       False      True            False      False      True         True                 False       False                  2            6.37182   0.852661   0.672661    0.609506 │
│ hyperband_train_a1135_00420   TERMINATED   False      True       True            False      False      True         True                 True        True                   4           14.4113    0.680265   0.779973    0.696747 │
│ hyperband_train_a1135_00421   TERMINATED   False      False      True            True       False      False        False                True        True                   4           13.9166    0.695384   0.666445    0.694076 │
│ hyperband_train_a1135_00422   TERMINATED   True       False      False           True       True       False        True                 True        False                  4           22.8237    0.907022   0.630995    0.628995 │
│ hyperband_train_a1135_00423   TERMINATED   True       False      False           True       False      False        True                 False       False                  2            9.20622   1.09847    0.658304    0.333333 │
│ hyperband_train_a1135_00424   TERMINATED   True       False      False           False      True       False        False                True        True                   4           16.4926    0.712341   0.777753    0.683163 │
│ hyperband_train_a1135_00425   TERMINATED   False      False      True            True       True       True         False                True        True                   4           17.0522    0.633396   0.765838    0.727632 │
│ hyperband_train_a1135_00426   TERMINATED   True       True       False           False      False      False        False                False       False                  1            4.13166   1.09848    0.658304    0.333333 │
│ hyperband_train_a1135_00427   TERMINATED   True       True       True            False      False      True         True                 False       False                  1            3.50747   0.776459   0.762507    0.628664 │
│ hyperband_train_a1135_00428   TERMINATED   False      True       False           True       True       False        True                 True        False                  2           12.8669    0.726601   0.740083    0.681864 │
│ hyperband_train_a1135_00429   TERMINATED   True       False      False           True       False      True         True                 False       True                   4           17.7923    0.645356   0.777383    0.711316 │
│ hyperband_train_a1135_00430   TERMINATED   False      True       True            False      False      False        False                False       True                   4           12.4533    0.614707   0.811723    0.727841 │
│ hyperband_train_a1135_00431   TERMINATED   True       False      True            True       True       False        True                 True        False                  4           24.6267    0.788557   0.720693    0.668308 │
│ hyperband_train_a1135_00432   TERMINATED   False      False      True            False      False      True         False                False       True                   4            9.65295   0.62775    0.788706    0.722722 │
│ hyperband_train_a1135_00433   TERMINATED   True       True       True            False      True       True         False                True        True                   2           10.6811    0.896814   0.704115    0.531981 │
│ hyperband_train_a1135_00434   TERMINATED   True       True       True            False      False      False        True                 False       True                   4           16.2891    0.686597   0.770278    0.694288 │
│ hyperband_train_a1135_00435   TERMINATED   False      True       True            False      False      False        True                 True        False                  4           13.8935    0.694861   0.724837    0.702527 │
│ hyperband_train_a1135_00436   TERMINATED   False      False      True            False      False      False        True                 True        False                  1            2.63151   0.799331   0.726021    0.628476 │
│ hyperband_train_a1135_00437   TERMINATED   False      False      True            True       False      True         False                False       True                   4           13.5692    0.585665   0.781824    0.740006 │
│ hyperband_train_a1135_00438   TERMINATED   True       True       False           True       True       True         True                 False       False                  2           14.25      0.738871   0.753404    0.653312 │
│ hyperband_train_a1135_00439   TERMINATED   True       True       False           True       False      True         True                 False       False                  1            5.9181    1.01405    0.645426    0.59729  │
│ hyperband_train_a1135_00440   TERMINATED   False      True       False           False      True       False        True                 True        False                  4           15.1338    0.822404   0.721951    0.633373 │
│ hyperband_train_a1135_00441   TERMINATED   False      False      False           True       True       True         True                 False       False                  4           13.2388    0.723848   0.726317    0.684523 │
│ hyperband_train_a1135_00442   TERMINATED   True       False      False           True       False      True         True                 True        True                   4           20.4107    0.648766   0.808393    0.707868 │
│ hyperband_train_a1135_00443   TERMINATED   True       False      False           False      True       False        False                True        True                   4           15.6101    0.796356   0.728686    0.650738 │
│ hyperband_train_a1135_00444   TERMINATED   True       True       False           False      False      True         True                 True        False                  4           16.4763    0.922769   0.647647    0.60748  │
│ hyperband_train_a1135_00445   TERMINATED   True       False      True            True       True       True         True                 False       True                   2           10.7336    0.878781   0.609088    0.573957 │
│ hyperband_train_a1135_00446   TERMINATED   False      True       False           True       False      True         True                 False       True                   4           20.4254    0.709374   0.781231    0.672466 │
│ hyperband_train_a1135_00447   TERMINATED   True       True       True            False      True       False        True                 False       False                  1            6.01894   1.09864    0.658304    0.333333 │
│ hyperband_train_a1135_00448   TERMINATED   True       False      False           False      True       False        True                 False       False                  1            4.50346   1.09844    0.658304    0.333333 │
│ hyperband_train_a1135_00449   TERMINATED   True       False      True            True       False      True         False                False       False                  2            8.62962   0.855964   0.689979    0.602362 │
│ hyperband_train_a1135_00450   TERMINATED   True       True       True            False      True       True         True                 False       False                  4           21.8101    0.662914   0.800844    0.692311 │
│ hyperband_train_a1135_00451   TERMINATED   True       False      True            True       False      True         True                 False       True                   4           18.8822    0.8404     0.683985    0.639953 │
│ hyperband_train_a1135_00452   TERMINATED   True       True       True            False      True       True         True                 True        True                   4           22.7647    0.846468   0.712108    0.599544 │
│ hyperband_train_a1135_00453   TERMINATED   False      False      True            False      False      True         False                False       True                   4           10.6788    0.648833   0.777235    0.709629 │
│ hyperband_train_a1135_00454   TERMINATED   False      False      True            True       False      True         False                True        True                   4           16.2278    0.697816   0.742599    0.681922 │
│ hyperband_train_a1135_00455   TERMINATED   True       False      True            True       True       True         True                 True        False                  2           11.0597    0.849863   0.664816    0.600351 │
│ hyperband_train_a1135_00456   TERMINATED   False      False      False           True       True       False        False                True        False                  2            8.5888    0.664193   0.762877    0.710339 │
│ hyperband_train_a1135_00457   TERMINATED   False      True       True            True       False      False        True                 True        False                  1            4.85821   0.782402   0.620634    0.648778 │
│ hyperband_train_a1135_00458   TERMINATED   True       True       False           False      False      False        True                 True        False                  1            3.64647   1.09846    0.658304    0.333333 │
│ hyperband_train_a1135_00459   TERMINATED   False      False      True            True       False      True         False                False       True                   4           12.4904    0.592929   0.76421     0.743081 │
│ hyperband_train_a1135_00460   TERMINATED   False      False      True            False      True       False        True                 False       False                  4           10.4973    0.77071    0.746744    0.629002 │
│ hyperband_train_a1135_00461   TERMINATED   True       False      False           True       True       True         False                True        True                   4           20.6758    0.693935   0.77013     0.685325 │
│ hyperband_train_a1135_00462   TERMINATED   False      True       False           True       True       True         True                 False       False                  4           19.7451    1.0236     0.514728    0.471915 │
│ hyperband_train_a1135_00463   TERMINATED   True       True       True            False      False      False        False                True        True                   2            6.84579   1.09844    0.658304    0.333333 │
│ hyperband_train_a1135_00464   TERMINATED   False      False      True            True       False      True         False                False       False                  4           12.1914    0.678942   0.754885    0.705994 │
│ hyperband_train_a1135_00465   TERMINATED   False      True       False           False      False      True         False                False       False                  4           10.996     0.750482   0.760583    0.645737 │
│ hyperband_train_a1135_00466   TERMINATED   True       False      True            False      True       True         False                True        False                  1            4.05961   1.07119    0.62759     0.522362 │
│ hyperband_train_a1135_00467   TERMINATED   True       False      True            False      False      True         True                 True        True                   2            7.03687   0.996711   0.679248    0.606287 │
│ hyperband_train_a1135_00468   TERMINATED   False      False      True            True       True       False        False                True        True                   4           17.557     0.679922   0.741267    0.709825 │
│ hyperband_train_a1135_00469   TERMINATED   True       True       False           False      False      False        False                False       True                   1            3.70427   1.09844    0.658304    0.333333 │
│ hyperband_train_a1135_00470   TERMINATED   False      True       True            True       False      True         False                False       False                  4           15.9817    0.717845   0.732312    0.67589  │
│ hyperband_train_a1135_00471   TERMINATED   False      True       False           False      False      True         False                False       True                   4           11.0121    0.646639   0.811797    0.738991 │
│ hyperband_train_a1135_00472   TERMINATED   True       True       True            True       False      True         True                 True        True                   4           23.1762    0.78007    0.718769    0.704611 │
│ hyperband_train_a1135_00473   TERMINATED   False      False      True            False      False      False        True                 False       False                  4            9.25637   0.686105   0.794627    0.672102 │
│ hyperband_train_a1135_00474   TERMINATED   False      True       True            True       False      True         True                 False       True                   2            9.35542   0.841303   0.71455     0.628803 │
│ hyperband_train_a1135_00475   TERMINATED   False      False      True            True       False      True         False                False       True                   4           12.2335    0.648817   0.776347    0.714367 │
│ hyperband_train_a1135_00476   TERMINATED   True       True       True            True       True       False        False                False       False                  2           13.8498    0.689277   0.754589    0.697723 │
│ hyperband_train_a1135_00477   TERMINATED   False      True       False           True       True       False        True                 True        False                  1            6.14276   0.723651   0.725947    0.669796 │
│ hyperband_train_a1135_00478   TERMINATED   False      True       True            True       True       True         True                 True        False                  4           26.5612    0.646935   0.768428    0.72268  │
│ hyperband_train_a1135_00479   TERMINATED   True       False      False           False      False      False        True                 True        True                   1            2.67704   0.739867   0.689979    0.658087 │
│ hyperband_train_a1135_00480   TERMINATED   True       True       True            True       False      False        False                False       False                  4           20.9273    0.799559   0.634251    0.63676  │
│ hyperband_train_a1135_00481   TERMINATED   False      False      False           True       True       False        True                 True        False                  4           15.9973    0.637992   0.757105    0.732662 │
│ hyperband_train_a1135_00482   TERMINATED   False      True       False           False      False      True         False                False       False                  4           12.0273    0.725005   0.766356    0.65773  │
│ hyperband_train_a1135_00483   TERMINATED   False      False      False           True       False      False        False                True        True                   4           14.6092    0.583542   0.771832    0.745975 │
│ hyperband_train_a1135_00484   TERMINATED   False      True       True            True       False      False        True                 True        True                   4           23.7422    0.686359   0.731276    0.69557  │
│ hyperband_train_a1135_00485   TERMINATED   True       False      True            True       True       True         True                 False       True                   2           10.4276    0.8782     0.655861    0.578507 │
│ hyperband_train_a1135_00486   TERMINATED   False      False      False           True       True       False        True                 False       False                  2            7.33545   0.683456   0.739787    0.706185 │
│ hyperband_train_a1135_00487   TERMINATED   True       False      False           False      False      False        False                False       True                   1            2.73281   1.09849    0.658304    0.333333 │
│ hyperband_train_a1135_00488   TERMINATED   False      True       True            False      True       False        False                False       False                  1            4.98051   1.10133    0.246226    0.333333 │
│ hyperband_train_a1135_00489   TERMINATED   False      False      False           True       False      False        False                False       True                   4           12.4022    0.599185   0.783378    0.744311 │
│ hyperband_train_a1135_00490   TERMINATED   False      True       False           True       True       False        False                True        False                  4           23.6409    0.660715   0.760139    0.70966  │
│ hyperband_train_a1135_00491   TERMINATED   False      True       False           False      False      True         False                True        False                  4           11.7315    0.725372   0.762285    0.701394 │
│ hyperband_train_a1135_00492   TERMINATED   True       True       True            False      False      False        False                True        False                  4           15.089     1.0985     0.658304    0.333333 │
│ hyperband_train_a1135_00493   TERMINATED   False      False      False           False      True       True         True                 True        True                   4           11.9783    0.655562   0.757845    0.703167 │
│ hyperband_train_a1135_00494   TERMINATED   False      True       False           False      True       False        True                 True        False                  4           17.5713    0.715749   0.743339    0.678385 │
│ hyperband_train_a1135_00495   TERMINATED   True       False      True            True       True       True         True                 True        True                   2           12.7891    1.00131    0.618561    0.49403  │
│ hyperband_train_a1135_00496   TERMINATED   True       False      False           False      True       False        True                 True        True                   1            3.93521   0.81538    0.740675    0.609929 │
│ hyperband_train_a1135_00497   TERMINATED   False      False      False           True       True       True         True                 True        False                  2            9.64945   0.695213   0.74556     0.685216 │
│ hyperband_train_a1135_00498   TERMINATED   False      True       False           False      False      True         False                True        True                   1            2.85967   0.71767    0.720915    0.660257 │
│ hyperband_train_a1135_00499   TERMINATED   False      False      False           True       False      True         False                True        True                   4           14.4835    0.617761   0.760953    0.727701 │
│ hyperband_train_a1135_00500   TERMINATED   False      False      False           True       False      False        True                 False       False                  4           12.431     0.731051   0.677324    0.666216 │
│ hyperband_train_a1135_00501   TERMINATED   True       False      True            False      True       True         True                 True        True                   4           17.075     0.786439   0.753478    0.634985 │
│ hyperband_train_a1135_00502   TERMINATED   False      False      True            True       False      False        True                 True        True                   4           15.2911    0.608458   0.752738    0.733299 │
│ hyperband_train_a1135_00503   TERMINATED   False      True       True            False      False      True         True                 True        True                   4           14.3634    0.904713   0.76532     0.685068 │
│ hyperband_train_a1135_00504   TERMINATED   False      True       False           True       True       True         True                 True        True                   4           23.7208    0.700204   0.773757    0.689239 │
│ hyperband_train_a1135_00505   TERMINATED   False      True       True            False      True       True         False                False       True                   2            8.39048   0.757409   0.777605    0.640614 │
│ hyperband_train_a1135_00506   TERMINATED   True       False      True            False      True       True         False                True        False                  1            4.42726   1.06601    0.693754    0.512338 │
│ hyperband_train_a1135_00507   TERMINATED   True       True       True            False      False      False        True                 True        False                  1            3.53675   1.09847    0.658304    0.333333 │
│ hyperband_train_a1135_00508   TERMINATED   False      True       False           True       False      True         True                 False       True                   4           19.6742    0.817694   0.673475    0.679449 │
│ hyperband_train_a1135_00509   TERMINATED   False      False      True            True       True       True         True                 True        True                   2           10.0031    0.783832   0.734532    0.638925 │
│ hyperband_train_a1135_00510   TERMINATED   True       False      False           False      False      False        True                 True        False                  4           12.7806    1.09845    0.658304    0.333333 │
│ hyperband_train_a1135_00511   TERMINATED   True       True       True            True       False      True         True                 True        False                  4           26.3633    0.936034   0.659266    0.550363 │
│ hyperband_train_a1135_00512   TERMINATED   False      False      False           False      True       True         True                 False       False                  4           10.1679    0.77953    0.79966     0.671975 │
│ hyperband_train_a1135_00513   TERMINATED   False      True       False           False      False      True         True                 False       True                   4           12.8583    1.02695    0.700858    0.669715 │
│ hyperband_train_a1135_00514   TERMINATED   True       False      True            False      False      False        False                True        True                   2            6.9644    1.09844    0.658304    0.333333 │
│ hyperband_train_a1135_00515   TERMINATED   False      False      False           True       True       True         False                False       False                  4           12.4254    0.687256   0.812463    0.720991 │
│ hyperband_train_a1135_00516   TERMINATED   False      True       False           True       True       True         False                True        False                  4           24.388     0.74282    0.720323    0.680656 │
│ hyperband_train_a1135_00517   TERMINATED   True       False      False           False      False      False        True                 True        False                  1            3.20737   1.09848    0.658304    0.333333 │
│ hyperband_train_a1135_00518   TERMINATED   True       True       False           True       True       False        False                True        False                  1            7.34172   0.996894   0.542259    0.502076 │
│ hyperband_train_a1135_00519   TERMINATED   False      False      True            False      True       False        True                 False       True                   2            8.09076   0.734271   0.773017    0.645511 │
│ hyperband_train_a1135_00520   TERMINATED   True       True       False           True       False      False        True                 False       True                   4           22.0182    0.647727   0.770426    0.724964 │
│ hyperband_train_a1135_00521   TERMINATED   False      False      True            False      True       True         False                True        False                  4           11.0876    0.705518   0.774423    0.678547 │
│ hyperband_train_a1135_00522   TERMINATED   True       False      False           True       True       False        True                 False       True                   4           19.5212    0.687614   0.753996    0.709093 │
│ hyperband_train_a1135_00523   TERMINATED   False      True       False           False      False      True         False                True        False                  4           12.25      0.693327   0.778789    0.682618 │
│ hyperband_train_a1135_00524   TERMINATED   True       False      True            False      True       True         True                 True        False                  4           16.6016    0.792166   0.748224    0.614359 │
│ hyperband_train_a1135_00525   TERMINATED   True       False      False           True       False      True         False                False       False                  2            7.94731   1.05758    0.244967    0.494023 │
│ hyperband_train_a1135_00526   TERMINATED   True       False      True            False      True       True         False                False       False                  1            4.83835   0.889418   0.728316    0.553413 │
│ hyperband_train_a1135_00527   TERMINATED   False      True       False           True       True       False        True                 False       True                   2           11.2936    0.742763   0.723505    0.671336 │
│ hyperband_train_a1135_00528   TERMINATED   True       True       True            True       True       False        False                False       True                   1            7.18237   0.791738   0.675252    0.652385 │
│ hyperband_train_a1135_00529   TERMINATED   True       False      False           False      True       True         True                 False       False                  4           15.9485    0.648038   0.81794     0.703362 │
│ hyperband_train_a1135_00530   TERMINATED   True       False      False           True       False      True         True                 False       True                   4           17.1093    0.659543   0.773461    0.705723 │
│ hyperband_train_a1135_00531   TERMINATED   True       False      False           True       True       True         False                False       True                   4           18.8227    0.791438   0.691829    0.642125 │
│ hyperband_train_a1135_00532   TERMINATED   False      False      True            False      False      False        False                True        True                   4            8.71337   0.761536   0.631735    0.681556 │
│ hyperband_train_a1135_00533   TERMINATED   True       False      False           True       True       True         True                 True        True                   4           23.8913    0.619634   0.811649    0.726686 │
│ hyperband_train_a1135_00534   TERMINATED   False      True       False           False      False      False        False                False       True                   4           12.3179    0.692554   0.828005    0.714725 │
│ hyperband_train_a1135_00535   TERMINATED   True       True       False           True       True       False        False                True        False                  2           15.2875    0.788961   0.688943    0.640149 │
│ hyperband_train_a1135_00536   TERMINATED   False      True       False           False      False      False        False                True        False                  2            6.46424   0.716975   0.775459    0.657027 │
│ hyperband_train_a1135_00537   TERMINATED   True       True       False           False      False      True         True                 True        True                   1            3.52222   1.07889    0.631735    0.49605  │
│ hyperband_train_a1135_00538   TERMINATED   True       True       False           True       False      False        False                False       False                  4           19.6442    0.653804   0.740305    0.711986 │
│ hyperband_train_a1135_00539   TERMINATED   True       True       False           False      True       False        True                 True        True                   1            5.65642   1.10007    0.246226    0.333333 │
│ hyperband_train_a1135_00540   TERMINATED   False      False      False           False      True       False        False                False       True                   4           10.4677    0.659639   0.813499    0.719946 │
│ hyperband_train_a1135_00541   TERMINATED   True       False      False           False      False      False        True                 True        True                   4           11.4239    0.646161   0.791297    0.714264 │
│ hyperband_train_a1135_00542   TERMINATED   True       True       True            True       False      False        False                False       True                   4           21.1306    0.791269   0.669553    0.649986 │
│ hyperband_train_a1135_00543   TERMINATED   False      False      True            True       True       True         False                True        True                   4           16.9643    0.711291   0.773831    0.684474 │
│ hyperband_train_a1135_00544   TERMINATED   False      True       True            True       True       True         False                True        True                   4           24.8946    0.649597   0.7668      0.701985 │
│ hyperband_train_a1135_00545   TERMINATED   False      False      True            False      False      True         True                 False       False                  2            5.13744   0.704899   0.793739    0.669383 │
│ hyperband_train_a1135_00546   TERMINATED   True       True       True            False      True       False        False                False       False                  1            5.59223   0.992814   0.645352    0.502506 │
│ hyperband_train_a1135_00547   TERMINATED   False      True       True            True       True       False        False                False       False                  1            5.79389   0.94905    0.595693    0.544985 │
│ hyperband_train_a1135_00548   TERMINATED   False      False      True            True       False      True         True                 False       True                   2            7.53017   0.812002   0.729204    0.642548 │
│ hyperband_train_a1135_00549   TERMINATED   False      True       True            True       False      False        False                False       True                   4           17.9102    0.62216    0.75185     0.727489 │
│ hyperband_train_a1135_00550   TERMINATED   False      True       True            True       True       True         False                True        True                   4           23.8303    0.851703   0.60635     0.58488  │
│ hyperband_train_a1135_00551   TERMINATED   False      True       True            True       True       True         False                False       True                   4           20.81      0.817925   0.699304    0.661618 │
│ hyperband_train_a1135_00552   TERMINATED   False      False      True            True       False      True         False                True        False                  4           14.3551    0.604835   0.7836      0.733601 │
│ hyperband_train_a1135_00553   TERMINATED   True       False      False           True       True       True         True                 True        False                  4           24.5146    0.676075   0.765024    0.69868  │
│ hyperband_train_a1135_00554   TERMINATED   False      True       True            True       False      True         False                True        False                  4           21.2983    0.663487   0.702339    0.715905 │
│ hyperband_train_a1135_00555   TERMINATED   True       False      False           False      True       True         True                 False       True                   2            7.91939   0.724022   0.74889     0.650369 │
│ hyperband_train_a1135_00556   TERMINATED   False      True       False           True       True       True         True                 False       False                  4           22.4151    0.640823   0.784414    0.712263 │
│ hyperband_train_a1135_00557   TERMINATED   True       False      False           False      False      True         False                True        False                  2            6.83605   0.757825   0.740823    0.676336 │
│ hyperband_train_a1135_00558   TERMINATED   False      True       False           False      True       False        True                 False       True                   1            3.865     0.833488   0.689979    0.608509 │
│ hyperband_train_a1135_00559   TERMINATED   False      True       False           True       True       True         True                 True        True                   1            6.38509   0.857027   0.628996    0.618075 │
│ hyperband_train_a1135_00560   TERMINATED   False      False      False           False      True       False        False                False       False                  4            9.94193   0.701696   0.759325    0.696776 │
│ hyperband_train_a1135_00561   TERMINATED   True       True       True            True       False      True         True                 True        True                   4           25.6394    0.62087    0.768354    0.727624 │
│ hyperband_train_a1135_00562   TERMINATED   True       False      False           True       True       False        True                 False       True                   4           20.346     0.636193   0.783526    0.727343 │
│ hyperband_train_a1135_00563   TERMINATED   False      True       False           True       False      False        True                 True        True                   4           20.7421    0.575045   0.778641    0.745879 │
│ hyperband_train_a1135_00564   TERMINATED   True       True       False           False      True       False        False                False       False                  2           10.4089    1.09844    0.658304    0.333333 │
│ hyperband_train_a1135_00565   TERMINATED   False      True       False           True       False      False        False                False       True                   4           16.4853    0.75468    0.724541    0.638371 │
│ hyperband_train_a1135_00566   TERMINATED   True       False      False           True       True       False        False                True        False                  1            5.77484   1.09498    0.590882    0.385868 │
│ hyperband_train_a1135_00567   TERMINATED   False      False      True            True       True       False        False                False       False                  1            3.00835   0.727914   0.719139    0.674449 │
│ hyperband_train_a1135_00568   TERMINATED   False      False      False           True       False      False        True                 False       False                  4           12.5501    0.609482   0.762655    0.737271 │
│ hyperband_train_a1135_00569   TERMINATED   True       False      False           True       True       False        False                False       False                  2            9.82184   0.671637   0.755699    0.700736 │
│ hyperband_train_a1135_00570   TERMINATED   True       True       False           False      True       True         False                True        False                  4           18.9729    1.01396    0.747262    0.658738 │
│ hyperband_train_a1135_00571   TERMINATED   False      False      False           True       False      False        False                False       False                  4           10.4767    0.605127   0.777235    0.746434 │
│ hyperband_train_a1135_00572   TERMINATED   False      False      False           False      False      False        True                 False       False                  4            9.08705   0.664824   0.795811    0.70143  │
│ hyperband_train_a1135_00573   TERMINATED   True       False      True            True       False      False        False                False       True                   4           17.8358    0.844013   0.654307    0.617579 │
│ hyperband_train_a1135_00574   TERMINATED   True       False      True            True       False      True         False                True        False                  4           20.7853    0.778428   0.660746    0.636294 │
│ hyperband_train_a1135_00575   TERMINATED   True       True       False           True       True       False        False                True        False                  2           14.7061    0.919816   0.62907     0.554877 │
│ hyperband_train_a1135_00576   TERMINATED   False      True       False           False      True       True         True                 False       True                   2            9.43764   0.898601   0.758215    0.653029 │
│ hyperband_train_a1135_00577   TERMINATED   True       True       True            False      True       False        False                False       True                   1            5.82629   1.09947    0.658304    0.333333 │
│ hyperband_train_a1135_00578   TERMINATED   True       True       True            False      True       True         True                 False       False                  1            6.16795   1.07984    0.704337    0.403303 │
│ hyperband_train_a1135_00579   TERMINATED   False      True       True            False      False      False        True                 False       False                  4           13.7525    0.732418   0.752294    0.684032 │
│ hyperband_train_a1135_00580   TERMINATED   True       True       True            False      True       False        False                False       True                   4           20.1538    0.751432   0.793221    0.668209 │
│ hyperband_train_a1135_00581   TERMINATED   False      True       True            True       False      False        False                True        False                  4           19.392     0.781833   0.656898    0.648647 │
│ hyperband_train_a1135_00582   TERMINATED   True       False      True            False      True       True         True                 True        True                   4           16.2451    1.08482    0.664446    0.524467 │
│ hyperband_train_a1135_00583   TERMINATED   False      False      False           False      False      False        True                 False       True                   2            4.78879   0.725866   0.798697    0.662529 │
│ hyperband_train_a1135_00584   TERMINATED   False      True       False           True       True       False        True                 True        True                   4           24.896     0.629446   0.780121    0.732043 │
│ hyperband_train_a1135_00585   TERMINATED   False      False      False           True       False      False        True                 True        False                  4           13.3428    0.591602   0.76643     0.746444 │
│ hyperband_train_a1135_00586   TERMINATED   False      True       False           True       True       True         True                 False       True                   1            5.77194   1.03944    0.35302     0.449387 │
│ hyperband_train_a1135_00587   TERMINATED   True       False      True            False      False      True         True                 True        True                   1            4.0071    1.04375    0.709665    0.538211 │
│ hyperband_train_a1135_00588   TERMINATED   False      False      True            False      False      True         True                 True        True                   2            6.1661    1.02104    0.7537      0.626871 │
│ hyperband_train_a1135_00589   TERMINATED   True       False      True            True       True       False        False                False       True                   4           20.8456    0.707981   0.764654    0.714612 │
│ hyperband_train_a1135_00590   TERMINATED   False      False      False           False      True       True         True                 False       False                  4           10.9182    0.758991   0.782934    0.656247 │
│ hyperband_train_a1135_00591   TERMINATED   True       True       True            False      False      False        False                False       False                  4           15.1028    1.09848    0.658304    0.333333 │
│ hyperband_train_a1135_00592   TERMINATED   True       False      True            False      True       True         False                False       True                   4           15.9692    0.972712   0.743117    0.625261 │
│ hyperband_train_a1135_00593   TERMINATED   False      True       True            False      True       False        False                False       True                   4           18.7733    0.71777    0.800474    0.668434 │
│ hyperband_train_a1135_00594   TERMINATED   False      False      False           True       True       False        False                True        True                   4           16.4837    0.602545   0.774645    0.736049 │
│ hyperband_train_a1135_00595   TERMINATED   True       False      True            False      True       False        False                False       True                   2            8.4274    1.09843    0.658304    0.333333 │
│ hyperband_train_a1135_00596   TERMINATED   False      False      True            False      True       True         True                 True        True                   2            8.01663   0.778602   0.740231    0.639072 │
│ hyperband_train_a1135_00597   TERMINATED   True       False      False           False      False      True         False                False       False                  4           11.8414    0.66279    0.77198     0.718301 │
│ hyperband_train_a1135_00598   TERMINATED   True       True       True            True       True       True         False                False       True                   1            7.15347   0.890517   0.69701     0.551765 │
│ hyperband_train_a1135_00599   TERMINATED   True       False      True            False      True       False        True                 False       True                   1            3.87307   0.904235   0.714476    0.552055 │
│ hyperband_train_a1135_00600   TERMINATED   False      True       False           True       True       True         True                 False       True                   4           19.7029    0.946058   0.48542     0.544263 │
│ hyperband_train_a1135_00601   TERMINATED   True       True       True            False      False      False        True                 False       True                   4           16.9051    1.09849    0.658304    0.333333 │
│ hyperband_train_a1135_00602   TERMINATED   False      False      False           True       False      False        True                 True        True                   4           14.4609    0.688962   0.71677     0.714281 │
│ hyperband_train_a1135_00603   TERMINATED   False      False      False           True       True       True         True                 False       True                   2            6.30547   1.05699    0.385361    0.434007 │
│ hyperband_train_a1135_00604   TERMINATED   True       False      True            False      True       True         False                True        True                   4           17.1624    0.923493   0.777679    0.590079 │
│ hyperband_train_a1135_00605   TERMINATED   True       True       True            False      False      True         False                True        True                   4           15.0351    0.932447   0.713736    0.714192 │
│ hyperband_train_a1135_00606   TERMINATED   True       True       True            True       False      True         False                True        True                   1            6.61376   0.928967   0.664742    0.517874 │
│ hyperband_train_a1135_00607   TERMINATED   True       True       False           False      True       False        False                True        True                   4           22.2601    0.803851   0.703523    0.65183  │
│ hyperband_train_a1135_00608   TERMINATED   False      True       True            False      False      True         True                 False       False                  2            6.59172   0.883174   0.707371    0.575866 │
│ hyperband_train_a1135_00609   TERMINATED   True       True       False           False      True       True         False                False       False                  1            5.45738   1.00833    0.727872    0.487854 │
│ hyperband_train_a1135_00610   TERMINATED   False      True       True            False      False      False        False                True        False                  4           12.7372    1.0985     0.658304    0.333333 │
│ hyperband_train_a1135_00611   TERMINATED   False      True       False           False      False      False        False                False       True                   4           12.0349    0.675058   0.817718    0.706818 │
│ hyperband_train_a1135_00612   TERMINATED   True       False      False           False      True       False        False                False       True                   4           15.4433    0.65358    0.800844    0.705508 │
│ hyperband_train_a1135_00613   TERMINATED   True       True       False           True       True       False        True                 True        True                   2           14.8209    0.76309    0.723283    0.675174 │
│ hyperband_train_a1135_00614   TERMINATED   False      False      False           True       False      False        True                 True        True                   4           16.0192    0.631501   0.764876    0.733329 │
│ hyperband_train_a1135_00615   TERMINATED   True       False      False           True       False      False        True                 False       False                  4           15.8115    0.60536    0.748372    0.736125 │
│ hyperband_train_a1135_00616   TERMINATED   True       False      True            False      True       True         False                False       False                  1            4.48767   1.05449    0.721951    0.544741 │
│ hyperband_train_a1135_00617   TERMINATED   False      True       False           True       False      False        False                True        True                   4           20.4189    0.610617   0.761175    0.731479 │
│ hyperband_train_a1135_00618   TERMINATED   True       False      False           True       True       True         True                 False       True                   1            4.65675   0.874202   0.646536    0.60957  │
│ hyperband_train_a1135_00619   TERMINATED   True       True       True            True       True       True         True                 True        True                   2           16.0115    0.703219   0.754737    0.680896 │
│ hyperband_train_a1135_00620   TERMINATED   True       False      False           False      True       False        True                 True        True                   4           16.4392    1.09851    0.658304    0.333333 │
│ hyperband_train_a1135_00621   TERMINATED   False      False      True            True       True       True         False                True        False                  4           16.795     0.664629   0.745263    0.70207  │
│ hyperband_train_a1135_00622   TERMINATED   False      True       False           True       False      False        True                 False       True                   4           17.0517    0.819723   0.666519    0.666425 │
│ hyperband_train_a1135_00623   TERMINATED   False      True       True            True       True       True         False                True        False                  4           26.0274    0.662178   0.776347    0.717984 │
│ hyperband_train_a1135_00624   TERMINATED   False      True       True            False      True       False        True                 True        True                   2            8.27058   0.733661   0.767836    0.660081 │
│ hyperband_train_a1135_00625   TERMINATED   True       True       True            False      False      True         True                 True        False                  4           15.4424    0.951957   0.673993    0.711202 │
│ hyperband_train_a1135_00626   TERMINATED   True       True       True            False      True       False        False                False       True                   1            5.67161   1.10908    0.246226    0.333333 │
│ hyperband_train_a1135_00627   TERMINATED   False      False      False           False      True       True         True                 True        False                  4           11.6623    0.653621   0.802176    0.710076 │
│ hyperband_train_a1135_00628   TERMINATED   False      False      True            False      True       True         True                 False       True                   1            3.88405   0.909601   0.652457    0.566975 │
│ hyperband_train_a1135_00629   TERMINATED   False      True       False           True       True       True         False                True        False                  2           11.6622    0.880592   0.581335    0.622635 │
│ hyperband_train_a1135_00630   TERMINATED   True       True       True            True       False      True         False                False       True                   4           21.9121    0.725206   0.703967    0.693353 │
│ hyperband_train_a1135_00631   TERMINATED   False      False      False           True       True       False        False                True        True                   4           15.5153    0.603649   0.775903    0.736683 │
│ hyperband_train_a1135_00632   TERMINATED   True       True       False           False      True       True         True                 True        True                   4           21.7917    0.76489    0.763618    0.65532  │
│ hyperband_train_a1135_00633   TERMINATED   True       False      True            False      False      True         False                True        False                  4           13.9589    0.653155   0.766726    0.716473 │
│ hyperband_train_a1135_00634   TERMINATED   False      False      False           True       True       False        True                 False       True                   4           14.8751    0.659312   0.772425    0.727574 │
│ hyperband_train_a1135_00635   TERMINATED   False      True       True            False      True       True         True                 False       True                   2            9.59101   0.724696   0.777531    0.661253 │
│ hyperband_train_a1135_00636   TERMINATED   True       False      True            False      False      True         False                False       False                  2            6.47435   0.7234     0.742895    0.661854 │
│ hyperband_train_a1135_00637   TERMINATED   True       True       True            True       True       False        False                False       True                   1            7.86193   0.971786   0.62241     0.526257 │
│ hyperband_train_a1135_00638   TERMINATED   True       False      True            False      True       True         True                 False       False                  1            3.87448   1.00229    0.720175    0.423629 │
│ hyperband_train_a1135_00639   TERMINATED   False      False      True            False      False      True         False                True        False                  4           10.3978    0.902898   0.686353    0.709688 │
│ hyperband_train_a1135_00640   TERMINATED   True       True       True            True       True       True         False                False       False                  4           27.0455    0.661547   0.780935    0.702864 │
│ hyperband_train_a1135_00641   TERMINATED   False      True       False           True       True       True         True                 False       False                  4           21.2396    0.761649   0.709813    0.696814 │
│ hyperband_train_a1135_00642   TERMINATED   True       False      True            False      True       True         True                 True        True                   4           16.2593    0.865883   0.765616    0.654723 │
│ hyperband_train_a1135_00643   TERMINATED   False      False      True            False      True       True         True                 True        True                   2            5.55286   0.993661   0.777753    0.56591  │
│ hyperband_train_a1135_00644   TERMINATED   False      False      False           True       True       False        True                 True        False                  4           15.4153    0.618504   0.772647    0.73584  │
│ hyperband_train_a1135_00645   TERMINATED   False      False      False           False      True       False        False                False       False                  4            9.34947   0.701696   0.759325    0.696776 │
│ hyperband_train_a1135_00646   TERMINATED   True       True       True            False      False      True         False                False       True                   1            4.53659   0.789359   0.742747    0.618176 │
│ hyperband_train_a1135_00647   TERMINATED   True       False      True            True       False      False        False                True        False                  4           21.1062    0.603702   0.757327    0.73868  │
│ hyperband_train_a1135_00648   TERMINATED   True       False      True            False      False      True         False                True        True                   1            4.2007    0.794689   0.751702    0.617853 │
│ hyperband_train_a1135_00649   TERMINATED   False      False      False           False      True       True         True                 False       False                  2            4.70339   0.683922   0.799808    0.679937 │
│ hyperband_train_a1135_00650   TERMINATED   True       False      False           False      True       True         True                 True        True                   4           16.8967    1.00094    0.723357    0.556435 │
│ hyperband_train_a1135_00651   TERMINATED   True       True       False           True       False      True         True                 False       False                  4           20.9797    1.06427    0.195974    0.451254 │
│ hyperband_train_a1135_00652   TERMINATED   True       True       True            True       True       False        False                False       True                   4           27.4357    0.677079   0.749852    0.712794 │
│ hyperband_train_a1135_00653   TERMINATED   False      True       True            False      False      False        False                False       False                  2            6.33753   1.09849    0.658304    0.333333 │
│ hyperband_train_a1135_00654   TERMINATED   False      False      False           True       True       False        False                False       True                   4           14.4377    0.667508   0.767244    0.718268 │
│ hyperband_train_a1135_00655   TERMINATED   True       True       True            True       True       False        True                 True        False                  4           30.2572    0.881092   0.626702    0.624785 │
│ hyperband_train_a1135_00656   TERMINATED   False      False      True            True       False      False        False                True        False                  4           15.221     0.60514    0.74778     0.737875 │
│ hyperband_train_a1135_00657   TERMINATED   True       False      False           True       False      False        True                 True        True                   1            5.36499   1.0933     0.632327    0.372172 │
│ hyperband_train_a1135_00658   TERMINATED   False      True       False           False      False      False        True                 False       False                  1            2.91372   0.785429   0.773683    0.622986 │
│ hyperband_train_a1135_00659   TERMINATED   False      False      True            True       True       False        True                 True        True                   2            8.84002   0.773104   0.686057    0.668312 │
│ hyperband_train_a1135_00660   TERMINATED   False      True       True            True       False      False        True                 True        False                  4           21.0345    0.661586   0.732534    0.719012 │
│ hyperband_train_a1135_00661   TERMINATED   False      True       False           True       True       True         False                False       True                   4           20.9523    0.707898   0.81942     0.726972 │
│ hyperband_train_a1135_00662   TERMINATED   True       False      True            True       False      True         True                 True        True                   4           20.9448    0.961615   0.570456    0.647202 │
│ hyperband_train_a1135_00663   TERMINATED   False      False      False           True       False      False        False                True        True                   4           14.1271    0.583542   0.771832    0.745975 │
│ hyperband_train_a1135_00664   TERMINATED   True       True       True            True       False      True         True                 False       True                   4           21.7422    0.702469   0.704633    0.726324 │
│ hyperband_train_a1135_00665   TERMINATED   False      False      False           False      True       False        True                 False       True                   2            6.52081   0.736186   0.740009    0.65233  │
│ hyperband_train_a1135_00666   TERMINATED   True       False      False           True       True       True         True                 False       True                   1            5.05249   0.883781   0.747114    0.574928 │
│ hyperband_train_a1135_00667   TERMINATED   True       True       False           True       True       False        True                 True        True                   4           32.7041    0.641278   0.776421    0.721522 │
│ hyperband_train_a1135_00668   TERMINATED   False      True       False           False      True       False        True                 True        True                   2            8.89167   0.794691   0.667999    0.624804 │
│ hyperband_train_a1135_00669   TERMINATED   True       True       True            True       True       False        False                True        False                  1            7.11876   0.981581   0.640394    0.506226 │
│ hyperband_train_a1135_00670   TERMINATED   True       False      False           False      False      True         False                True        False                  4           10.5065    0.95951    0.685465    0.717819 │
│ hyperband_train_a1135_00671   TERMINATED   True       False      False           True       True       False        True                 True        True                   4           20.2337    0.607338   0.773535    0.738865 │
│ hyperband_train_a1135_00672   TERMINATED   False      True       False           True       False      True         False                True        False                  4           17.0801    0.652288   0.718917    0.713377 │
│ hyperband_train_a1135_00673   TERMINATED   True       False      False           True       True       True         True                 True        False                  4           23.9547    0.940262   0.727205    0.606853 │
│ hyperband_train_a1135_00674   TERMINATED   True       True       False           True       True       False        True                 True        False                  2           14.5414    1.12268    0.36079     0.284985 │
│ hyperband_train_a1135_00675   TERMINATED   True       True       False           False      True       False        False                False       True                   4           18.6599    0.742505   0.760583    0.677013 │
│ hyperband_train_a1135_00676   TERMINATED   True       True       False           False      False      False        False                True        True                   1            3.67665   1.09849    0.658304    0.333333 │
│ hyperband_train_a1135_00677   TERMINATED   True       True       False           False      True       True         False                False       False                  2           10.7895    0.721277   0.795219    0.671923 │
│ hyperband_train_a1135_00678   TERMINATED   False      True       True            False      True       True         True                 False       False                  1            4.22331   0.867117   0.762433    0.574207 │
│ hyperband_train_a1135_00679   TERMINATED   True       True       False           False      False      True         False                False       False                  4           14.5539    1.00574    0.648683    0.642061 │
│ hyperband_train_a1135_00680   TERMINATED   True       False      True            False      True       True         False                True        False                  4           14.5471    0.682658   0.796699    0.684688 │
│ hyperband_train_a1135_00681   TERMINATED   True       True       False           True       False      False        False                True        False                  4           21.4851    0.749566   0.659118    0.666229 │
│ hyperband_train_a1135_00682   TERMINATED   False      False      True            False      False      True         True                 True        False                  4            8.26372   1.06969    0.468843    0.611681 │
│ hyperband_train_a1135_00683   TERMINATED   False      True       True            False      True       False        False                False       True                   2            7.66275   0.881835   0.7836      0.60678  │
│ hyperband_train_a1135_00684   TERMINATED   True       True       False           True       True       False        False                True        False                  4           27.8293    0.625821   0.773979    0.731772 │
│ hyperband_train_a1135_00685   TERMINATED   False      False      False           True       True       False        False                False       False                  4           12.8796    0.648256   0.778123    0.725203 │
│ hyperband_train_a1135_00686   TERMINATED   False      False      True            False      False      False        False                False       False                  4           10.4712    0.66323    0.806394    0.706839 │
│ hyperband_train_a1135_00687   TERMINATED   True       True       True            True       True       False        False                False       False                  2           14.3177    0.778081   0.720767    0.665678 │
│ hyperband_train_a1135_00688   TERMINATED   False      True       True            False      False      False        False                False       False                  1            3.85599   0.806296   0.759769    0.603642 │
│ hyperband_train_a1135_00689   TERMINATED   False      True       False           False      True       False        False                False       False                  1            4.05422   0.860126   0.697306    0.594766 │
│ hyperband_train_a1135_00690   TERMINATED   True       False      False           True       True       False        True                 False       False                  4           19.3053    0.656826   0.75037     0.723898 │
│ hyperband_train_a1135_00691   TERMINATED   True       True       False           True       True       True         True                 True        False                  4           31.0857    0.791609   0.734458    0.642966 │
│ hyperband_train_a1135_00692   TERMINATED   True       True       True            False      True       False        True                 False       True                   4           20.7605    1.09849    0.658304    0.333333 │
│ hyperband_train_a1135_00693   TERMINATED   True       False      True            False      False      False        False                False       True                   4           13.2657    0.61587    0.796107    0.734209 │
│ hyperband_train_a1135_00694   TERMINATED   False      False      True            True       True       False        True                 True        True                   4           17.7824    0.765534   0.69886     0.669607 │
│ hyperband_train_a1135_00695   TERMINATED   True       False      False           True       False      True         False                False       True                   2            8.84753   0.887284   0.557208    0.596816 │
│ hyperband_train_a1135_00696   TERMINATED   True       False      False           False      False      True         True                 True        True                   1            3.72953   1.09849    0.658304    0.333333 │
│ hyperband_train_a1135_00697   TERMINATED   False      False      True            False      True       False        False                True        False                  2            6.21653   0.805767   0.688425    0.621779 │
│ hyperband_train_a1135_00698   TERMINATED   True       False      False           True       False      False        False                False       True                   4           16.6356    0.659848   0.724985    0.705181 │
│ hyperband_train_a1135_00699   TERMINATED   True       False      False           False      True       False        False                True        True                   1            4.49826   1.10395    0.246226    0.333333 │
│ hyperband_train_a1135_00700   TERMINATED   True       False      False           False      False      True         False                False       False                  4           11.4954    0.821546   0.71011     0.637358 │
│ hyperband_train_a1135_00701   TERMINATED   False      True       True            False      False      False        True                 False       False                  4           12.3266    1.09851    0.658304    0.333333 │
│ hyperband_train_a1135_00702   TERMINATED   True       False      True            False      True       True         False                False       False                  4           15.717     1.0735     0.634325    0.588543 │
│ hyperband_train_a1135_00703   TERMINATED   False      False      True            False      False      True         False                False       False                  4           10.5423    0.679868   0.798549    0.711278 │
│ hyperband_train_a1135_00704   TERMINATED   True       True       False           True       False      False        False                True        True                   4           23.2584    0.775726   0.704115    0.636816 │
│ hyperband_train_a1135_00705   TERMINATED   True       True       False           False      True       True         True                 False       False                  2            9.82171   1.05434    0.311427    0.366348 │
│ hyperband_train_a1135_00706   TERMINATED   False      True       False           False      True       False        True                 False       True                   2            9.68436   0.803866   0.773461    0.641515 │
│ hyperband_train_a1135_00707   TERMINATED   True       True       True            False      True       False        False                True        False                  1            5.64898   1.09887    0.246226    0.333333 │
│ hyperband_train_a1135_00708   TERMINATED   True       True       False           False      True       False        False                False       True                   1            4.995     1.09861    0.658304    0.333333 │
│ hyperband_train_a1135_00709   TERMINATED   False      True       False           True       False      False        False                True        True                   4           20.5534    0.575045   0.778641    0.745879 │
│ hyperband_train_a1135_00710   TERMINATED   False      False      True            False      False      True         False                False       True                   4            8.89612   0.724727   0.78952     0.714429 │
│ hyperband_train_a1135_00711   TERMINATED   True       True       False           False      False      True         True                 True        False                  4           15.5693    1.09843    0.658304    0.333333 │
│ hyperband_train_a1135_00712   TERMINATED   True       False      False           True       True       True         False                False       True                   4           19.5064    0.729337   0.73468     0.668271 │
│ hyperband_train_a1135_00713   TERMINATED   True       False      False           False      True       True         True                 False       False                  4           15.6875    0.674471   0.806838    0.687695 │
│ hyperband_train_a1135_00714   TERMINATED   True       True       True            True       True       False        True                 True        True                   2           16.2605    0.951634   0.609828    0.543355 │
│ hyperband_train_a1135_00715   TERMINATED   False      True       True            False      True       False        False                False       True                   4           16.8543    0.723443   0.788336    0.666789 │
│ hyperband_train_a1135_00716   TERMINATED   True       False      True            False      False      False        False                False       True                   1            2.85536   1.09849    0.658304    0.333333 │
│ hyperband_train_a1135_00717   TERMINATED   False      False      True            True       False      True         False                False       False                  2            6.77884   0.908129   0.554248    0.528179 │
│ hyperband_train_a1135_00718   TERMINATED   True       True       True            False      True       False        True                 False       True                   1            6.14232   1.09847    0.658304    0.333333 │
│ hyperband_train_a1135_00719   TERMINATED   True       False      False           False      False      True         False                False       False                  4           12.8895    0.647857   0.801732    0.714546 │
│ hyperband_train_a1135_00720   TERMINATED   True       False      False           False      True       True         True                 True        True                   4           17.1675    0.742463   0.766282    0.671223 │
│ hyperband_train_a1135_00721   TERMINATED   False      True       False           False      True       True         True                 True        False                  4           17.0509    0.640742   0.804544    0.707203 │
│ hyperband_train_a1135_00722   TERMINATED   True       False      False           True       False      True         True                 False       True                   4           17.3741    0.657965   0.739787    0.707516 │
│ hyperband_train_a1135_00723   TERMINATED   True       False      False           True       True       True         False                True        True                   4           23.9963    0.628148   0.819124    0.730364 │
│ hyperband_train_a1135_00724   TERMINATED   False      False      True            False      True       True         True                 True        False                  4           12.382     0.707208   0.785672    0.677315 │
│ hyperband_train_a1135_00725   TERMINATED   True       False      False           False      True       True         True                 True        True                   2            7.75189   0.97323    0.755107    0.596574 │
│ hyperband_train_a1135_00726   TERMINATED   False      True       False           False      True       False        True                 False       True                   1            4.88027   0.938449   0.726835    0.528525 │
│ hyperband_train_a1135_00727   TERMINATED   True       False      True            False      True       True         False                False       True                   1            4.33844   1.07855    0.734828    0.445585 │
│ hyperband_train_a1135_00728   TERMINATED   True       True       False           True       False      False        False                False       False                  4           22.3185    0.627634   0.747706    0.727391 │
│ hyperband_train_a1135_00729   TERMINATED   True       True       False           True       True       False        True                 False       True                   2           13.6527    0.771127   0.721063    0.65382  │
│ hyperband_train_a1135_00730   TERMINATED   True       True       True            True       False      False        False                False       True                   4           21.9588    0.584527   0.763321    0.750371 │
│ hyperband_train_a1135_00731   TERMINATED   False      True       True            False      True       False        True                 True        True                   4           16.7293    0.784805   0.736382    0.650367 │
│ hyperband_train_a1135_00732   TERMINATED   True       False      False           True       True       True         False                False       True                   4           20.3047    0.729337   0.73468     0.668271 │
│ hyperband_train_a1135_00733   TERMINATED   False      True       True            True       False      False        False                False       True                   4           19.4154    0.595658   0.774275    0.744561 │
│ hyperband_train_a1135_00734   TERMINATED   True       True       False           True       True       False        True                 False       False                  2           12.9049    0.868285   0.64698     0.60538  │
│ hyperband_train_a1135_00735   TERMINATED   True       False      True            False      True       False        True                 False       True                   4           16.413     0.780148   0.783452    0.668409 │
│ hyperband_train_a1135_00736   TERMINATED   False      True       True            True       False      True         True                 True        True                   2           11.6966    0.765803   0.73061     0.656912 │
│ hyperband_train_a1135_00737   TERMINATED   True       False      True            False      True       False        True                 True        True                   1            3.78643   0.820992   0.699896    0.620922 │
│ hyperband_train_a1135_00738   TERMINATED   True       True       False           True       False      True         False                False       True                   4           22.056     0.691732   0.700858    0.695982 │
│ hyperband_train_a1135_00739   TERMINATED   True       True       False           True       False      False        True                 True        True                   1            6.70538   0.967193   0.585998    0.496037 │
│ hyperband_train_a1135_00740   TERMINATED   True       True       False           False      True       False        False                True        True                   4           20.426     0.814558   0.698194    0.642186 │
│ hyperband_train_a1135_00741   TERMINATED   True       True       False           True       False      False        True                 False       False                  4           20.56      0.913919   0.684281    0.564487 │
│ hyperband_train_a1135_00742   TERMINATED   False      False      True            True       True       True         True                 True        False                  4           16.2383    0.647433   0.764654    0.712981 │
│ hyperband_train_a1135_00743   TERMINATED   False      True       True            True       False      False        True                 True        True                   4           23.16      0.672136   0.733792    0.709776 │
│ hyperband_train_a1135_00744   TERMINATED   False      False      False           False      True       False        False                True        True                   4           10.8807    0.673366   0.781602    0.694999 │
│ hyperband_train_a1135_00745   TERMINATED   True       True       False           False      False      False        True                 False       False                  2            7.40648   1.09849    0.658304    0.333333 │
│ hyperband_train_a1135_00746   TERMINATED   True       True       False           False      True       True         True                 False       True                   1            5.5732    0.825791   0.650385    0.59913  │
│ hyperband_train_a1135_00747   TERMINATED   True       False      False           True       True       False        False                True        False                  1            5.92044   0.926464   0.618191    0.552324 │
│ hyperband_train_a1135_00748   TERMINATED   False      True       False           True       True       True         True                 True        False                  2           13.2043    0.820288   0.708777    0.679739 │
│ hyperband_train_a1135_00749   TERMINATED   False      False      False           True       False      False        False                True        False                  4           13.858     0.594296   0.757845    0.743456 │
│ hyperband_train_a1135_00750   TERMINATED   True       False      True            True       True       False        True                 True        True                   4           23.6494    0.855146   0.675326    0.635047 │
│ hyperband_train_a1135_00751   TERMINATED   True       False      True            False      False      False        True                 False       False                  4           12.105     0.726398   0.729944    0.671276 │
│ hyperband_train_a1135_00752   TERMINATED   False      False      False           True       True       True         False                True        False                  4           15.8637    0.608431   0.800992    0.73798  │
│ hyperband_train_a1135_00753   TERMINATED   True       True       False           False      False      False        True                 False       True                   2            7.57357   1.09848    0.658304    0.333333 │
│ hyperband_train_a1135_00754   TERMINATED   True       True       True            True       True       False        False                False       False                  4           26.6243    0.68455    0.724911    0.707153 │
│ hyperband_train_a1135_00755   TERMINATED   True       True       False           False      False      True         True                 False       False                  4           15.7909    1.09847    0.658304    0.333333 │
│ hyperband_train_a1135_00756   TERMINATED   True       False      False           True       True       True         True                 False       True                   2            9.51205   0.869996   0.604278    0.576966 │
│ hyperband_train_a1135_00757   TERMINATED   False      True       True            True       True       True         False                False       False                  4           21.9169    1.0249     0.5672      0.617977 │
│ hyperband_train_a1135_00758   TERMINATED   True       True       True            True       False      True         False                False       True                   1            5.97504   1.38418    0.459962    0.437957 │
│ hyperband_train_a1135_00759   TERMINATED   True       False      True            False      True       False        True                 True        False                  1            4.82996   1.09856    0.246226    0.333333 │
│ hyperband_train_a1135_00760   TERMINATED   True       False      False           True       True       False        False                True        False                  4           21.7522    0.624661   0.761545    0.729196 │
│ hyperband_train_a1135_00761   TERMINATED   False      True       False           True       True       True         True                 True        False                  4           23.5959    0.654846   0.765838    0.710738 │
│ hyperband_train_a1135_00762   TERMINATED   False      False      False           False      True       True         False                True        True                   4            8.87679   0.968837   0.790187    0.670505 │
│ hyperband_train_a1135_00763   TERMINATED   True       False      True            False      False      True         True                 True        False                  4           13.7942    0.838395   0.706261    0.59598  │
│ hyperband_train_a1135_00764   TERMINATED   True       False      True            False      False      False        True                 True        False                  2            6.50512   1.0985     0.658304    0.333333 │
│ hyperband_train_a1135_00765   TERMINATED   False      True       True            True       False      True         True                 True        False                  4           20.425     0.778037   0.675178    0.649251 │
│ hyperband_train_a1135_00766   TERMINATED   False      True       False           True       True       True         False                True        True                   4           25.347     0.636826   0.818384    0.724742 │
│ hyperband_train_a1135_00767   TERMINATED   True       False      False           False      True       True         True                 False       True                   1            4.69253   0.850858   0.682282    0.587932 │
│ hyperband_train_a1135_00768   TERMINATED   False      False      True            False      False      True         False                True        True                   2            6.49804   0.714793   0.784858    0.673261 │
│ hyperband_train_a1135_00769   TERMINATED   True       True       True            True       True       False        False                False       True                   1            6.73699   0.797025   0.680284    0.644986 │
│ hyperband_train_a1135_00770   TERMINATED   True       True       True            True       True       False        True                 True        True                   4           31.6032    0.831873   0.71196     0.625553 │
│ hyperband_train_a1135_00771   TERMINATED   False      False      False           True       False      False        True                 True        False                  4           14.0246    0.668209   0.758437    0.73594  │
│ hyperband_train_a1135_00772   TERMINATED   False      False      False           False      True       True         True                 False       False                  4           10.893     0.715524   0.799734    0.662273 │
│ hyperband_train_a1135_00773   TERMINATED   False      False      True            True       True       False        False                True        False                  4           15.7252    0.63797    0.746004    0.721861 │
│ hyperband_train_a1135_00774   TERMINATED   False      True       False           True       True       False        True                 False       True                   4           21.2076    0.627212   0.790557    0.731617 │
│ hyperband_train_a1135_00775   TERMINATED   False      True       True            True       False      False        True                 False       False                  2            9.72722   0.814486   0.705373    0.667759 │
│ hyperband_train_a1135_00776   TERMINATED   True       True       True            False      False      True         False                True        False                  2            8.18498   0.896648   0.714106    0.594283 │
│ hyperband_train_a1135_00777   TERMINATED   False      True       False           True       True       False        True                 True        False                  4           24.4254    0.657675   0.758289    0.713812 │
│ hyperband_train_a1135_00778   TERMINATED   True       False      True            False      True       True         True                 False       True                   1            5.03865   1.08691    0.658304    0.333333 │
│ hyperband_train_a1135_00779   TERMINATED   True       True       True            False      True       False        True                 True        True                   1            6.74599   1.09843    0.658304    0.333333 │
│ hyperband_train_a1135_00780   TERMINATED   False      False      True            True       False      False        False                True        True                   4           14.0366    0.695384   0.666445    0.694076 │
│ hyperband_train_a1135_00781   TERMINATED   True       True       True            False      False      False        True                 False       True                   4           15.2675    1.09853    0.658304    0.333333 │
│ hyperband_train_a1135_00782   TERMINATED   False      False      False           False      True       False        False                False       True                   4            9.44513   0.659639   0.813499    0.719946 │
│ hyperband_train_a1135_00783   TERMINATED   False      True       False           False      False      True         True                 True        True                   4           13.1623    0.622963   0.808911    0.726851 │
│ hyperband_train_a1135_00784   TERMINATED   True       True       False           True       True       False        False                False       False                  2           12.8373    0.846815   0.587478    0.618222 │
│ hyperband_train_a1135_00785   TERMINATED   True       False      True            False      False      False        False                False       False                  4           12.8125    0.712512   0.778937    0.69947  │
│ hyperband_train_a1135_00786   TERMINATED   False      True       False           True       True       False        True                 True        True                   4           26.7848    0.598509   0.777753    0.743825 │
│ hyperband_train_a1135_00787   TERMINATED   True       True       False           True       False      False        True                 True        False                  2           13.2027    0.727329   0.688721    0.678754 │
│ hyperband_train_a1135_00788   TERMINATED   False      True       True            False      True       True         False                True        False                  1            4.92136   0.941347   0.714032    0.540418 │
│ hyperband_train_a1135_00789   TERMINATED   True       False      False           False      True       True         False                False       True                   1            4.63206   0.93779    0.585406    0.521899 │
│ hyperband_train_a1135_00790   TERMINATED   True       True       False           False      True       True         True                 False       True                   4           22.2563    0.765424   0.751036    0.639579 │
│ hyperband_train_a1135_00791   TERMINATED   True       False      False           False      False      False        True                 False       False                  4           11.4419    1.09847    0.658304    0.333333 │
│ hyperband_train_a1135_00792   TERMINATED   True       False      False           False      True       True         True                 True        False                  4           15.373     0.690522   0.791593    0.679524 │
│ hyperband_train_a1135_00793   TERMINATED   True       True       False           True       True       False        False                False       False                  4           27.6941    0.655064   0.766578    0.720009 │
│ hyperband_train_a1135_00794   TERMINATED   False      True       False           True       True       False        False                True        True                   4           25.0399    0.598454   0.775607    0.73949  │
│ hyperband_train_a1135_00795   TERMINATED   True       True       False           False      False      False        True                 True        False                  2            8.55223   1.09849    0.658304    0.333333 │
│ hyperband_train_a1135_00796   TERMINATED   False      False      False           True       True       True         True                 False       True                   2            7.9628    0.729608   0.790335    0.673645 │
│ hyperband_train_a1135_00797   TERMINATED   False      True       False           True       True       True         False                False       True                   4           22.8848    0.638928   0.712774    0.712805 │
│ hyperband_train_a1135_00798   TERMINATED   True       True       True            False      False      False        True                 True        False                  1            4.66246   1.09848    0.658304    0.333333 │
│ hyperband_train_a1135_00799   TERMINATED   True       False      False           False      True       False        False                False       True                   1            4.43391   1.10395    0.246226    0.333333 │
│ hyperband_train_a1135_00800   TERMINATED   False      True       False           True       False      True         False                False       True                   4           16.9598    0.69792    0.692274    0.699173 │
│ hyperband_train_a1135_00801   TERMINATED   False      True       False           True       True       True         True                 False       False                  4           20.9734    0.813742   0.621004    0.632116 │
│ hyperband_train_a1135_00802   TERMINATED   False      True       True            False      True       False        False                False       True                   4           16.2933    0.680109   0.802176    0.709801 │
│ hyperband_train_a1135_00803   TERMINATED   True       True       True            False      True       True         True                 True        False                  4           22.4065    1.00506    0.745189    0.582677 │
│ hyperband_train_a1135_00804   TERMINATED   True       False      True            False      False      False        False                False       False                  2            6.6443    1.09847    0.658304    0.333333 │
│ hyperband_train_a1135_00805   TERMINATED   True       False      True            True       False      False        True                 True        True                   4           21.6523    0.756832   0.716104    0.691331 │
│ hyperband_train_a1135_00806   TERMINATED   True       False      False           True       False      False        True                 False       False                  1            4.61689   0.984482   0.346211    0.490552 │
│ hyperband_train_a1135_00807   TERMINATED   True       False      False           False      False      False        False                True        True                   4           12.4376    0.656993   0.75111     0.713246 │
│ hyperband_train_a1135_00808   TERMINATED   True       True       True            False      False      False        False                True        True                   1            3.89656   1.09849    0.658304    0.333333 │
│ hyperband_train_a1135_00809   TERMINATED   False      True       True            True       True       True         False                False       True                   2           11.2079    0.705374   0.762285    0.669372 │
│ hyperband_train_a1135_00810   TERMINATED   True       False      True            False      False      False        True                 True        False                  4           13.2664    1.09847    0.658304    0.333333 │
│ hyperband_train_a1135_00811   TERMINATED   True       True       False           True       True       False        False                False       False                  4           25.6169    0.695101   0.705373    0.686326 │
│ hyperband_train_a1135_00812   TERMINATED   True       True       False           True       False      True         True                 False       True                   4           21.388     0.67911    0.739787    0.708536 │
│ hyperband_train_a1135_00813   TERMINATED   False      False      False           True       True       True         False                False       True                   4           13.7583    0.70753    0.822898    0.727724 │
│ hyperband_train_a1135_00814   TERMINATED   False      False      True            False      False      False        False                False       False                  4           10.2976    0.643681   0.781454    0.721704 │
│ hyperband_train_a1135_00815   TERMINATED   True       True       False           False      False      True         True                 False       True                   2            7.86497   0.922104   0.716548    0.570534 │
│ hyperband_train_a1135_00816   TERMINATED   True       True       False           True       False      False        True                 True        True                   1            6.21831   1.07244    0.687833    0.411441 │
│ hyperband_train_a1135_00817   TERMINATED   False      True       True            False      True       False        False                True        False                  1            4.84368   0.842819   0.693828    0.600388 │
│ hyperband_train_a1135_00818   TERMINATED   False      True       False           True       False      False        True                 True        True                   4           21.5151    0.609841   0.767688    0.736617 │
│ hyperband_train_a1135_00819   TERMINATED   False      True       True            True       True       False        False                True        True                   2           12.2129    0.767807   0.699896    0.674527 │
│ hyperband_train_a1135_00820   TERMINATED   True       True       False           True       True       False        False                False       True                   4           27.0243    0.746659   0.713736    0.669066 │
│ hyperband_train_a1135_00821   TERMINATED   True       True       False           False      True       True         False                False       True                   4           19.7912    0.97516    0.709073    0.574185 │
│ hyperband_train_a1135_00822   TERMINATED   False      False      True            False      False      True         True                 False       False                  4            9.15019   0.670237   0.740009    0.705513 │
│ hyperband_train_a1135_00823   TERMINATED   True       True       False           False      False      True         False                True        True                   2            7.21283   1.09849    0.658304    0.333333 │
│ hyperband_train_a1135_00824   TERMINATED   True       False      True            False      True       False        False                False       False                  4           16.5836    0.745352   0.795663    0.668899 │
│ hyperband_train_a1135_00825   TERMINATED   False      False      False           True       False      True         False                False       False                  4           10.1093    0.931411   0.391652    0.497797 │
│ hyperband_train_a1135_00826   TERMINATED   True       True       True            True       True       True         True                 False       False                  2           14.6817    0.807403   0.740823    0.659415 │
│ hyperband_train_a1135_00827   TERMINATED   True       False      False           True       True       True         False                True        True                   1            5.98636   0.917188   0.580521    0.564058 │
│ hyperband_train_a1135_00828   TERMINATED   False      True       True            True       False      True         True                 False       False                  4           18.3187    0.610803   0.762507    0.724992 │
│ hyperband_train_a1135_00829   TERMINATED   True       True       True            True       True       True         True                 True        True                   1            8.06772   1.02607    0.621374    0.503752 │
│ hyperband_train_a1135_00830   TERMINATED   False      False      True            True       True       True         False                True        False                  4           16.0724    0.82683    0.624112    0.584429 │
│ hyperband_train_a1135_00831   TERMINATED   False      False      False           True       False      False        False                False       False                  4           10.5614    0.605127   0.777235    0.746434 │
│ hyperband_train_a1135_00832   TERMINATED   False      False      False           False      True       True         False                True        True                   4            9.92952   0.884378   0.748002    0.612732 │
│ hyperband_train_a1135_00833   TERMINATED   True       False      False           True       False      False        True                 False       True                   4           17.7808    0.593917   0.776643    0.740038 │
│ hyperband_train_a1135_00834   TERMINATED   True       True       False           False      True       False        False                False       True                   4           20.1293    0.774097   0.722247    0.627761 │
│ hyperband_train_a1135_00835   TERMINATED   False      False      True            False      True       False        True                 False       False                  2            5.56249   0.774652   0.725429    0.659169 │
│ hyperband_train_a1135_00836   TERMINATED   True       True       True            True       True       True         True                 True        False                  4           34.4003    0.816785   0.755181    0.672692 │
│ hyperband_train_a1135_00837   TERMINATED   True       False      False           True       True       False        False                True        True                   2           12.3062    0.838477   0.720027    0.61665  │
│ hyperband_train_a1135_00838   TERMINATED   True       True       True            False      True       False        True                 False       False                  1            5.94972   1.09851    0.658304    0.333333 │
│ hyperband_train_a1135_00839   TERMINATED   True       True       False           False      True       True         False                True        True                   1            5.08179   1.09886    0.440497    0.431139 │
│ hyperband_train_a1135_00840   TERMINATED   True       True       True            False      True       False        False                True        False                  4           21.0566    1.09848    0.658304    0.333333 │
│ hyperband_train_a1135_00841   TERMINATED   False      True       False           True       False      True         True                 False       True                   4           18.4675    0.598368   0.770944    0.736606 │
│ hyperband_train_a1135_00842   TERMINATED   False      True       False           True       True       True         False                True        False                  4           23.1276    0.623907   0.788854    0.726086 │
│ hyperband_train_a1135_00843   TERMINATED   False      True       False           True       False      True         True                 True        False                  2            9.85668   0.844406   0.611308    0.65802  │
│ hyperband_train_a1135_00844   TERMINATED   True       True       False           True       True       True         False                False       False                  4           26.3497    0.64826    0.785524    0.708662 │
│ hyperband_train_a1135_00845   TERMINATED   False      True       False           False      False      False        False                False       True                   4           14.2068    0.675058   0.817718    0.706818 │
│ hyperband_train_a1135_00846   TERMINATED   False      True       True            True       True       True         True                 False       True                   1            5.89456   0.910781   0.597987    0.557874 │
│ hyperband_train_a1135_00847   TERMINATED   True       False      False           False      False      True         False                False       False                  4           11.6875    0.734273   0.798327    0.72388  │
│ hyperband_train_a1135_00848   TERMINATED   False      True       True            False      False      False        True                 False       True                   1            3.9863    0.830411   0.773239    0.579198 │
│ hyperband_train_a1135_00849   TERMINATED   False      True       True            True       True       True         False                False       True                   2           10.6409    0.683186   0.779825    0.695733 │
│ hyperband_train_a1135_00850   TERMINATED   True       True       True            False      True       True         True                 False       False                  4           20.9331    0.93922    0.768354    0.669009 │
│ hyperband_train_a1135_00851   TERMINATED   False      False      False           True       True       True         True                 True        True                   4           14.8797    0.62442    0.755329    0.740017 │
│ hyperband_train_a1135_00852   TERMINATED   False      True       True            True       False      False        False                False       True                   4           17.3493    0.630733   0.741267    0.730086 │
│ hyperband_train_a1135_00853   TERMINATED   True       False      False           True       True       True         True                 False       True                   4           20.9566    0.759097   0.633289    0.657606 │
│ hyperband_train_a1135_00854   TERMINATED   False      True       False           False      False      False        False                True        True                   2            6.28771   1.0985     0.658304    0.333333 │
│ hyperband_train_a1135_00855   TERMINATED   False      False      True            False      False      False        True                 True        False                  4            9.74143   0.864115   0.644168    0.6744   │
│ hyperband_train_a1135_00856   TERMINATED   False      True       False           False      True       False        True                 False       False                  1            5.04403   0.854806   0.725133    0.575894 │
│ hyperband_train_a1135_00857   TERMINATED   False      False      False           True       True       False        False                True        False                  2            8.39489   0.664193   0.762877    0.710339 │
│ hyperband_train_a1135_00858   TERMINATED   True       True       True            False      False      False        True                 True        True                   1            4.58965   1.09849    0.658304    0.333333 │
│ hyperband_train_a1135_00859   TERMINATED   False      True       False           True       False      True         False                False       False                  4           18.3469    0.628762   0.780639    0.730056 │
│ hyperband_train_a1135_00860   TERMINATED   True       False      False           True       True       False        True                 True        False                  4           22.3133    0.767983   0.77087     0.669592 │
│ hyperband_train_a1135_00861   TERMINATED   True       True       True            True       True       False        False                False       True                   4           27.6207    1.01003    0.652531    0.505062 │
│ hyperband_train_a1135_00862   TERMINATED   True       False      True            False      True       False        False                False       True                   4           15.5085    0.725309   0.790557    0.680557 │
│ hyperband_train_a1135_00863   TERMINATED   False      False      True            False      True       True         True                 False       True                   2            5.98326   0.716356   0.785376    0.659172 │
│ hyperband_train_a1135_00864   TERMINATED   True       False      False           True       True       True         False                True        False                  4           23.0726    0.702288   0.679766    0.685639 │
│ hyperband_train_a1135_00865   TERMINATED   True       False      False           True       True       False        False                True        True                   4           23.0899    0.603594   0.777013    0.740512 │
│ hyperband_train_a1135_00866   TERMINATED   True       True       False           False      False      True         False                True        False                  2            6.78019   0.999064   0.62389     0.662521 │
│ hyperband_train_a1135_00867   TERMINATED   True       False      True            True       True       False        True                 False       False                  1            5.41086   0.863851   0.689757    0.593699 │
│ hyperband_train_a1135_00868   TERMINATED   False      False      True            False      True       True         False                True        True                   1            3.37507   1.02098    0.752664    0.552077 │
│ hyperband_train_a1135_00869   TERMINATED   False      True       True            False      False      True         False                False       False                  4           14.1905    0.802059   0.722691    0.706444 │
│ hyperband_train_a1135_00870   TERMINATED   True       True       False           False      False      False        True                 True        False                  4           13.2506    1.09843    0.658304    0.333333 │
│ hyperband_train_a1135_00871   TERMINATED   True       True       False           False      False      False        True                 True        True                   4           13.6011    0.675531   0.760213    0.692182 │
│ hyperband_train_a1135_00872   TERMINATED   False      False      False           True       True       True         True                 False       True                   4           11.8463    0.679391   0.826525    0.699024 │
│ hyperband_train_a1135_00873   TERMINATED   True       True       True            True       True       False        False                True        True                   4           30.2701    0.765891   0.69294     0.673809 │
│ hyperband_train_a1135_00874   TERMINATED   False      False      False           True       True       False        False                True        False                  4           15.5145    0.618504   0.772647    0.73584  │
│ hyperband_train_a1135_00875   TERMINATED   False      True       False           False      False      True         False                False       False                  2            5.77873   0.73162    0.793221    0.655919 │
│ hyperband_train_a1135_00876   TERMINATED   False      True       False           True       True       False        False                False       True                   4           22.2041    0.659438   0.752516    0.717604 │
│ hyperband_train_a1135_00877   TERMINATED   True       True       False           True       False      True         False                True        True                   1            6.36984   0.78925    0.73505     0.606895 │
│ hyperband_train_a1135_00878   TERMINATED   False      False      False           False      False      True         True                 False       True                   2            4.5838    0.715186   0.78693     0.66813  │
│ hyperband_train_a1135_00879   TERMINATED   True       False      False           True       False      True         True                 True        False                  1            5.06514   0.950092   0.614861    0.538643 │
│ hyperband_train_a1135_00880   TERMINATED   False      True       True            True       False      False        False                False       True                   4           16.3804    0.76178    0.69997     0.678545 │
│ hyperband_train_a1135_00881   TERMINATED   True       True       True            True       True       False        False                True        False                  4           27.8164    0.888365   0.629515    0.604429 │
│ hyperband_train_a1135_00882   TERMINATED   True       True       True            True       False      False        True                 False       True                   4           19.8236    0.762168   0.727205    0.66622  │
│ hyperband_train_a1135_00883   TERMINATED   False      True       True            False      True       False        False                False       False                  2            7.49457   0.992159   0.693014    0.514326 │
│ hyperband_train_a1135_00884   TERMINATED   False      True       True            False      True       False        True                 False       False                  4           17.4295    0.738345   0.800252    0.658052 │
│ hyperband_train_a1135_00885   TERMINATED   True       True       True            False      False      True         False                False       False                  4           14.051     0.761668   0.731276    0.649392 │
│ hyperband_train_a1135_00886   TERMINATED   False      False      False           False      True       True         False                True        False                  1            2.41858   0.803771   0.729278    0.597458 │
│ hyperband_train_a1135_00887   TERMINATED   False      True       False           True       False      False        False                False       True                   2            9.72549   0.632798   0.750888    0.721769 │
│ hyperband_train_a1135_00888   TERMINATED   False      False      False           True       False      False        False                False       False                  4           10.9902    0.605127   0.777235    0.746434 │
│ hyperband_train_a1135_00889   TERMINATED   True       True       False           False      True       False        True                 False       False                  1            5.34502   1.09858    0.246226    0.333333 │
│ hyperband_train_a1135_00890   TERMINATED   True       True       False           False      False      False        False                False       True                   4           13.1157    1.09848    0.658304    0.333333 │
│ hyperband_train_a1135_00891   TERMINATED   False      True       True            False      False      True         False                False       True                   4           12.0391    0.737237   0.761989    0.710679 │
│ hyperband_train_a1135_00892   TERMINATED   True       False      True            False      False      True         False                False       True                   4           11.9095    0.707061   0.738603    0.680705 │
│ hyperband_train_a1135_00893   TERMINATED   True       True       False           False      False      True         False                False       False                  4           15.639     0.702785   0.808615    0.699248 │
│ hyperband_train_a1135_00894   TERMINATED   True       False      True            True       False      True         True                 False       True                   2            8.70326   0.83916    0.728834    0.598769 │
│ hyperband_train_a1135_00895   TERMINATED   False      True       False           False      True       True         False                False       False                  4           15.8892    0.786424   0.786486    0.716073 │
│ hyperband_train_a1135_00896   TERMINATED   True       False      True            True       False      True         True                 False       False                  1            4.83221   0.982691   0.66193     0.570018 │
│ hyperband_train_a1135_00897   TERMINATED   False      True       False           True       False      True         True                 True        False                  4           20.5091    0.614749   0.793517    0.738031 │
│ hyperband_train_a1135_00898   TERMINATED   True       False      True            True       False      True         True                 True        False                  1            5.48186   0.897319   0.637285    0.548485 │
│ hyperband_train_a1135_00899   TERMINATED   False      False      True            True       True       True         False                True        True                   2            9.20071   0.659692   0.774867    0.713046 │
│ hyperband_train_a1135_00900   TERMINATED   True       True       True            True       False      False        True                 True        False                  4           24.0343    0.923668   0.653419    0.609277 │
│ hyperband_train_a1135_00901   TERMINATED   True       True       False           True       False      True         True                 True        True                   4           24.283     0.675155   0.785228    0.689809 │
│ hyperband_train_a1135_00902   TERMINATED   False      True       False           True       False      False        True                 False       True                   4           17.338     0.833937   0.643502    0.620738 │
│ hyperband_train_a1135_00903   TERMINATED   True       True       True            True       False      True         False                False       False                  4           22.2675    0.779593   0.702783    0.635004 │
│ hyperband_train_a1135_00904   TERMINATED   False      False      True            True       True       True         True                 True        True                   4           18.2533    0.843894   0.644538    0.604439 │
│ hyperband_train_a1135_00905   TERMINATED   True       True       False           True       False      True         False                True        False                  2           11.6866    0.944049   0.381069    0.538117 │
│ hyperband_train_a1135_00906   TERMINATED   False      True       False           True       True       False        True                 True        False                  1            6.58866   0.773445   0.723505    0.658094 │
│ hyperband_train_a1135_00907   TERMINATED   False      False      False           True       True       False        True                 True        True                   2            8.94959   0.688116   0.758733    0.705093 │
│ hyperband_train_a1135_00908   TERMINATED   False      True       False           False      False      True         True                 False       False                  1            3.37372   1.05082    0.708851    0.57345  │
│ hyperband_train_a1135_00909   TERMINATED   True       True       False           True       False      False        False                False       False                  4           21.5594    0.596063   0.780417    0.74028  │
│ hyperband_train_a1135_00910   TERMINATED   True       False      True            True       True       False        False                False       True                   4           19.7107    0.623156   0.784932    0.731403 │
│ hyperband_train_a1135_00911   TERMINATED   False      True       False           True       False      False        False                False       True                   4           16.3589    0.62453    0.784932    0.743235 │
│ hyperband_train_a1135_00912   TERMINATED   False      True       True            True       True       False        False                True        True                   4           24.0331    0.786312   0.679766    0.664137 │
│ hyperband_train_a1135_00913   TERMINATED   False      False      True            False      False      False        False                False       True                   4           10.2444    0.67092    0.801732    0.706392 │
│ hyperband_train_a1135_00914   TERMINATED   False      True       True            True       False      True         False                False       False                  4           17.7035    0.739706   0.734754    0.659352 │
│ hyperband_train_a1135_00915   TERMINATED   True       False      False           True       False      False        False                True        False                  2            8.50541   0.775111   0.719361    0.628678 │
│ hyperband_train_a1135_00916   TERMINATED   True       False      True            False      False      False        False                False       False                  1            3.73297   0.811752   0.720471    0.617859 │
│ hyperband_train_a1135_00917   TERMINATED   False      False      True            True       True       False        True                 False       False                  2            7.25642   0.694481   0.753108    0.706673 │
│ hyperband_train_a1135_00918   TERMINATED   False      False      False           False      True       True         True                 True        False                  1            2.53383   0.705533   0.76384     0.671925 │
│ hyperband_train_a1135_00919   TERMINATED   False      False      False           True       True       False        False                True        True                   4           16.2172    0.602545   0.774645    0.736049 │
│ hyperband_train_a1135_00920   TERMINATED   False      False      False           True       False      False        False                False       False                  4           10.5751    0.605127   0.777235    0.746434 │
│ hyperband_train_a1135_00921   TERMINATED   True       False      True            False      False      False        True                 True        True                   4           12.7837    0.706294   0.778863    0.699751 │
│ hyperband_train_a1135_00922   TERMINATED   False      True       True            True       False      False        True                 False       False                  4           18.541     0.632788   0.749186    0.723857 │
│ hyperband_train_a1135_00923   TERMINATED   False      False      True            True       False      False        True                 True        True                   4           16.2337    0.712717   0.627442    0.680648 │
│ hyperband_train_a1135_00924   TERMINATED   False      False      False           False      True       True         True                 True        True                   4           12.027     0.633985   0.769168    0.715902 │
│ hyperband_train_a1135_00925   TERMINATED   False      False      True            False      False      True         True                 True        False                  2            5.44695   0.764523   0.754292    0.652327 │
│ hyperband_train_a1135_00926   TERMINATED   False      False      True            True       False      True         False                False       False                  2            6.76751   0.896641   0.415927    0.518785 │
│ hyperband_train_a1135_00927   TERMINATED   True       True       False           False      False      True         True                 True        False                  1            4.23322   0.93431    0.746004    0.573931 │
│ hyperband_train_a1135_00928   TERMINATED   True       True       False           False      False      False        False                True        True                   1            4.01927   1.09849    0.658304    0.333333 │
│ hyperband_train_a1135_00929   TERMINATED   True       False      False           True       True       False        True                 False       True                   4           21.8501    0.690566   0.732682    0.702597 │
│ hyperband_train_a1135_00930   TERMINATED   True       True       True            False      False      False        False                False       True                   4           14.4906    0.636043   0.765616    0.718881 │
│ hyperband_train_a1135_00931   TERMINATED   False      False      True            True       False      False        False                False       True                   4           10.9948    0.631462   0.744449    0.728117 │
│ hyperband_train_a1135_00932   TERMINATED   True       True       True            False      True       True         False                False       False                  4           20.0756    0.744768   0.797217    0.702848 │
│ hyperband_train_a1135_00933   TERMINATED   True       True       True            False      True       False        True                 True        False                  2           11.2704    1.09869    0.246226    0.333333 │
│ hyperband_train_a1135_00934   TERMINATED   False      True       True            True       False      True         False                True        True                   4           22.2169    0.710791   0.735938    0.685103 │
│ hyperband_train_a1135_00935   TERMINATED   True       False      True            True       True       True         False                False       True                   4           20.1124    0.964732   0.427102    0.539943 │
│ hyperband_train_a1135_00936   TERMINATED   False      False      False           False      True       True         False                False       False                  1            2.19745   1.02849    0.630921    0.52549  │
│ hyperband_train_a1135_00937   TERMINATED   False      False      False           False      False      False        False                True        False                  2            5.95296   0.737452   0.781824    0.656539 │
│ hyperband_train_a1135_00938   TERMINATED   False      False      True            True       True       False        False                False       True                   4           14.9508    0.614808   0.774645    0.738275 │
│ hyperband_train_a1135_00939   TERMINATED   True       True       True            True       True       False        False                True        False                  1            7.66159   0.979424   0.537892    0.503675 │
│ hyperband_train_a1135_00940   TERMINATED   False      False      False           True       False      True         True                 False       False                  4           12.7999    0.625549   0.779085    0.724586 │
│ hyperband_train_a1135_00941   TERMINATED   False      True       True            False      True       True         False                True        True                   4           16.4687    0.973045   0.703819    0.688317 │
│ hyperband_train_a1135_00942   TERMINATED   False      True       False           False      False      True         True                 True        False                  4           13.5356    0.680655   0.756661    0.711604 │
│ hyperband_train_a1135_00943   TERMINATED   True       True       True            False      True       False        False                True        True                   4           22.3009    0.884507   0.661708    0.61467  │
│ hyperband_train_a1135_00944   TERMINATED   True       True       False           False      False      False        True                 True        True                   2            7.25736   1.09844    0.658304    0.333333 │
│ hyperband_train_a1135_00945   TERMINATED   True       False      False           False      False      False        False                False       False                  4           11.2955    0.664128   0.807282    0.688389 │
│ hyperband_train_a1135_00946   TERMINATED   True       False      False           False      True       True         True                 False       False                  1            4.51302   1.05587    0.663558    0.340447 │
│ hyperband_train_a1135_00947   TERMINATED   True       False      False           True       False      True         False                False       False                  2            8.92675   1.01015    0.530861    0.539867 │
│ hyperband_train_a1135_00948   TERMINATED   True       False      True            False      True       True         False                False       False                  4           17.7588    0.742732   0.769834    0.645262 │
│ hyperband_train_a1135_00949   TERMINATED   True       True       True            False      True       True         True                 False       False                  1            5.38739   0.976099   0.682874    0.551027 │
│ hyperband_train_a1135_00950   TERMINATED   True       True       False           False      True       False        True                 True        True                   4           19.6601    1.09851    0.658304    0.333333 │
│ hyperband_train_a1135_00951   TERMINATED   True       True       True            True       False      False        False                False       True                   4           21.9597    1.09849    0.658304    0.333333 │
│ hyperband_train_a1135_00952   TERMINATED   False      True       True            True       True       False        True                 False       True                   4           21.3051    0.691978   0.734976    0.70248  │
│ hyperband_train_a1135_00953   TERMINATED   False      True       True            True       True       True         False                False       True                   4           23.2098    0.659904   0.783674    0.712025 │
│ hyperband_train_a1135_00954   TERMINATED   False      False      False           False      False      False        True                 True        True                   4           10.6683    0.770739   0.770648    0.681036 │
│ hyperband_train_a1135_00955   TERMINATED   True       True       True            False      True       False        True                 False       True                   2           11.0659    1.10017    0.246226    0.333333 │
│ hyperband_train_a1135_00956   TERMINATED   True       True       True            False      True       False        False                False       True                   1            5.83631   1.09849    0.246226    0.333333 │
│ hyperband_train_a1135_00957   TERMINATED   False      False      True            True       False      False        False                False       True                   4           13.5813    0.704437   0.64254     0.684234 │
│ hyperband_train_a1135_00958   TERMINATED   True       True       False           False      True       True         False                False       False                  2           10.6055    0.835989   0.761619    0.633115 │
│ hyperband_train_a1135_00959   TERMINATED   True       False      True            True       True       True         False                False       True                   1            5.46555   0.942051   0.517836    0.537516 │
│ hyperband_train_a1135_00960   TERMINATED   False      True       True            False      True       False        False                True        False                  4           15.8715    0.722132   0.748594    0.680598 │
│ hyperband_train_a1135_00961   TERMINATED   False      False      False           True       False      True         True                 False       False                  4           10.7812    0.614322   0.768206    0.717312 │
│ hyperband_train_a1135_00962   TERMINATED   False      True       True            False      False      False        False                False       True                   4           12.3686    0.636757   0.814239    0.712614 │
│ hyperband_train_a1135_00963   TERMINATED   True       False      True            True       True       False        True                 False       True                   4           22.6168    0.767376   0.741193    0.699695 │
│ hyperband_train_a1135_00964   TERMINATED   True       False      True            True       True       False        False                False       False                  2            9.55261   0.901335   0.614787    0.570654 │
│ hyperband_train_a1135_00965   TERMINATED   False      False      True            True       True       False        True                 False       False                  4           14.2137    0.653082   0.761693    0.726101 │
│ hyperband_train_a1135_00966   TERMINATED   False      True       False           True       False      True         False                True        True                   4           21.2064    0.608213   0.812907    0.7417   │
│ hyperband_train_a1135_00967   TERMINATED   True       True       False           False      False      False        True                 False       True                   1            4.10844   1.09849    0.658304    0.333333 │
│ hyperband_train_a1135_00968   TERMINATED   False      False      False           True       True       False        True                 False       True                   2            7.65685   0.678367   0.762063    0.710448 │
│ hyperband_train_a1135_00969   TERMINATED   True       True       True            True       True       True         True                 False       True                   1            7.41771   1.00201    0.597321    0.519882 │
│ hyperband_train_a1135_00970   TERMINATED   False      True       True            False      False      True         True                 True        True                   4           13.7788    0.964956   0.719953    0.567944 │
│ hyperband_train_a1135_00971   TERMINATED   False      False      True            False      True       True         True                 True        False                  4           11.2326    0.709314   0.780491    0.668094 │
│ hyperband_train_a1135_00972   TERMINATED   False      False      True            False      True       False        False                False       False                  4           10.7575    0.743904   0.772202    0.682706 │
│ hyperband_train_a1135_00973   TERMINATED   True       False      True            False      False      False        False                False       False                  2            6.21842   1.09852    0.658304    0.333333 │
│ hyperband_train_a1135_00974   TERMINATED   True       False      True            True       True       False        True                 False       False                  4           21.6974    1.09847    0.658304    0.333333 │
│ hyperband_train_a1135_00975   TERMINATED   True       True       True            False      True       True         True                 True        True                   4           22.1588    0.838425   0.717066    0.609805 │
│ hyperband_train_a1135_00976   TERMINATED   False      True       False           True       False      True         False                False       False                  2            9.8717    0.719777   0.705077    0.670055 │
│ hyperband_train_a1135_00977   TERMINATED   True       True       True            False      False      False        True                 False       True                   1            4.55502   1.09843    0.658304    0.333333 │
│ hyperband_train_a1135_00978   TERMINATED   False      True       True            False      False      True         False                True        True                   4           13.0735    0.660078   0.759177    0.716848 │
│ hyperband_train_a1135_00979   TERMINATED   True       False      False           False      True       False        True                 False       True                   1            3.85145   1.10165    0.246226    0.333333 │
│ hyperband_train_a1135_00980   TERMINATED   True       False      True            False      False      False        True                 True        True                   4           12.6931    1.09847    0.658304    0.333333 │
│ hyperband_train_a1135_00981   TERMINATED   True       False      False           False      True       False        False                True        False                  4           14.4984    1.09845    0.658304    0.333333 │
│ hyperband_train_a1135_00982   TERMINATED   False      True       True            True       False      True         False                False       False                  4           16.9994    1.02808    0.279307    0.485224 │
│ hyperband_train_a1135_00983   TERMINATED   True       True       False           True       True       True         False                True        False                  4           31.3181    0.741523   0.725577    0.67438  │
│ hyperband_train_a1135_00984   TERMINATED   False      True       False           True       True       True         True                 False       False                  2           10.5891    0.818783   0.643428    0.622852 │
│ hyperband_train_a1135_00985   TERMINATED   False      False      True            True       False      False        True                 False       True                   4           12.2181    0.6285     0.78138     0.735616 │
│ hyperband_train_a1135_00986   TERMINATED   False      True       True            False      False      False        True                 True        True                   1            4.13274   1.09844    0.658304    0.333333 │
│ hyperband_train_a1135_00987   TERMINATED   True       True       True            False      True       False        False                False       True                   2           11.5668    0.930716   0.65749     0.575488 │
│ hyperband_train_a1135_00988   TERMINATED   True       True       False           False      True       True         False                True        True                   1            5.57829   1.01759    0.513099    0.467399 │
│ hyperband_train_a1135_00989   TERMINATED   True       False      True            False      False      True         True                 False       False                  4           14.7358    1.05159    0.59251     0.617085 │
│ hyperband_train_a1135_00990   TERMINATED   False      True       True            False      True       False        False                False       False                  4           16.487     1.09848    0.658304    0.333333 │
│ hyperband_train_a1135_00991   TERMINATED   True       True       False           True       True       True         True                 False       True                   4           25.3375    1.03385    0.678656    0.581305 │
│ hyperband_train_a1135_00992   TERMINATED   False      False      True            True       True       True         False                False       True                   4           13.1925    0.596121   0.796255    0.737569 │
│ hyperband_train_a1135_00993   TERMINATED   False      True       True            True       False      False        False                True        True                   4           21.5219    0.694839   0.703301    0.696859 │
│ hyperband_train_a1135_00994   TERMINATED   False      True       True            False      True       True         True                 False       True                   4           17.8429    0.639188   0.782342    0.713385 │
│ hyperband_train_a1135_00995   TERMINATED   True       False      True            False      True       False        False                False       True                   2            7.95879   1.09849    0.658304    0.333333 │
│ hyperband_train_a1135_00996   TERMINATED   False      True       True            True       True       True         True                 False       False                  2           12.3392    0.736215   0.717584    0.668721 │
│ hyperband_train_a1135_00997   TERMINATED   False      True       False           True       True       True         True                 True        False                  1            6.54491   0.84497    0.722839    0.60642  │
│ hyperband_train_a1135_00998   TERMINATED   False      False      False           True       True       False        False                True        False                  4           16.5755    0.61437    0.767392    0.732934 │
│ hyperband_train_a1135_00999   TERMINATED   False      False      True            False      True       True         True                 False       False                  1            3.73621   0.789156   0.768058    0.623441 │
│ hyperband_train_a1135_01000   TERMINATED   False      True       False           False      True       True         False                False       False                  4           15.7758    0.743713   0.779159    0.680559 │
│ hyperband_train_a1135_01001   TERMINATED   False      True       True            False      False      True         True                 True        True                   4           13.1381    0.684396   0.757845    0.70617  │
│ hyperband_train_a1135_01002   TERMINATED   False      False      True            False      True       False        True                 False       False                  4           10.2724    0.711476   0.744671    0.691921 │
│ hyperband_train_a1135_01003   TERMINATED   True       True       False           True       False      False        True                 False       False                  2           10.0514    0.78339    0.651791    0.654228 │
│ hyperband_train_a1135_01004   TERMINATED   False      False      True            False      True       False        False                False       False                  4           11.8753    0.71357    0.750518    0.695789 │
│ hyperband_train_a1135_01005   TERMINATED   False      False      False           True       False      True         False                True        True                   4           14.4394    0.611515   0.8172      0.739597 │
│ hyperband_train_a1135_01006   TERMINATED   True       True       False           True       False      True         True                 False       True                   1            6.11161   0.826003   0.719583    0.628199 │
│ hyperband_train_a1135_01007   TERMINATED   True       False      True            False      False      False        True                 True        True                   1            3.3932    0.757965   0.763173    0.626559 │
│ hyperband_train_a1135_01008   TERMINATED   True       False      True            True       False      False        True                 False       True                   2           10.2666    0.764859   0.588736    0.654251 │
│ hyperband_train_a1135_01009   TERMINATED   False      True       True            True       False      False        True                 False       True                   4           20.3438    0.69557    0.697898    0.704947 │
│ hyperband_train_a1135_01010   TERMINATED   False      True       False           False      False      False        False                True        False                  4           11.6274    1.0985     0.658304    0.333333 │
│ hyperband_train_a1135_01011   TERMINATED   True       False      False           True       False      True         False                True        True                   4           18.7128    0.613331   0.814387    0.73934  │
│ hyperband_train_a1135_01012   TERMINATED   False      False      True            False      True       True         False                False       True                   4           10.6586    0.598949   0.800844    0.737552 │
│ hyperband_train_a1135_01013   TERMINATED   True       True       True            True       False      True         False                False       True                   4           23.1606    0.595392   0.780491    0.737725 │
│ hyperband_train_a1135_01014   TERMINATED   True       False      False           False      False      False        True                 True        True                   4           12.9475    0.744655   0.741563    0.651448 │
│ hyperband_train_a1135_01015   TERMINATED   True       True       False           True       True       False        False                False       True                   2           12.9766    1.09371    0.502516    0.380886 │
│ hyperband_train_a1135_01016   TERMINATED   True       False      True            True       False      False        True                 False       True                   1            4.17125   1.06122    0.352575    0.411138 │
│ hyperband_train_a1135_01017   TERMINATED   True       True       False           True       False      False        True                 True        True                   2           13.3334    0.841425   0.71159     0.62826  │
│ hyperband_train_a1135_01018   TERMINATED   True       True       False           True       False      False        True                 True        True                   1            6.55941   1.08776    0.597913    0.425929 │
│ hyperband_train_a1135_01019   TERMINATED   False      False      False           True       True       True         False                False       True                   4           14.189     0.70753    0.822898    0.727724 │
│ hyperband_train_a1135_01020   TERMINATED   False      False      True            False      True       True         False                False       False                  4           11.1417    0.683624   0.800104    0.683665 │
│ hyperband_train_a1135_01021   TERMINATED   True       False      True            True       True       False        False                True        True                   4           23.4302    1.0421     0.580151    0.462843 │
│ hyperband_train_a1135_01022   TERMINATED   True       True       False           True       False      False        False                True        True                   4           22.9678    0.625622   0.7705      0.718782 │
│ hyperband_train_a1135_01023   TERMINATED   True       False      False           True       True       True         True                 False       False                  4           21.1365    0.684131   0.747484    0.699198 │
│ hyperband_train_a1135_01024   TERMINATED   True       True       False           False      True       False        True                 True        True                   2            9.46921   1.09922    0.658304    0.333333 │
│ hyperband_train_a1135_01025   TERMINATED   False      True       True            False      True       True         False                True        False                  4           17.0445    0.775673   0.751998    0.645467 │
│ hyperband_train_a1135_01026   TERMINATED   True       False      True            False      True       True         False                True        True                   2            8.89583   0.748488   0.746152    0.645125 │
│ hyperband_train_a1135_01027   TERMINATED   True       True       True            False      True       True         False                False       False                  4           22.7157    0.670485   0.810465    0.695251 │
│ hyperband_train_a1135_01028   TERMINATED   False      False      True            True       True       True         True                 False       True                   1            3.88507   0.84442    0.636101    0.606225 │
│ hyperband_train_a1135_01029   TERMINATED   True       False      True            False      False      True         True                 True        True                   1            3.17696   0.943268   0.682578    0.522783 │
│ hyperband_train_a1135_01030   TERMINATED   True       False      True            False      False      True         True                 True        False                  4           12.1711    0.795916   0.691163    0.69911  │
│ hyperband_train_a1135_01031   TERMINATED   True       True       True            True       True       False        True                 False       True                   4           27.5522    1.09849    0.658304    0.333333 │
│ hyperband_train_a1135_01032   TERMINATED   False      True       True            True       True       True         False                False       False                  4           21.3799    0.637254   0.795663    0.720296 │
│ hyperband_train_a1135_01033   TERMINATED   True       True       False           True       True       False        True                 False       True                   2           14.5207    1.0907     0.524867    0.391154 │
│ hyperband_train_a1135_01034   TERMINATED   False      True       False           True       True       True         False                False       False                  4           22.0529    0.665206   0.736308    0.70136  │
│ hyperband_train_a1135_01035   TERMINATED   True       True       True            True       False      True         False                True        False                  4           26.0363    0.686163   0.75407     0.681947 │
│ hyperband_train_a1135_01036   TERMINATED   True       True       False           False      False      False        True                 False       True                   1            3.56589   1.09844    0.658304    0.333333 │
│ hyperband_train_a1135_01037   TERMINATED   True       True       False           True       False      True         False                False       True                   4           22.9299    0.607136   0.737419    0.729664 │
│ hyperband_train_a1135_01038   TERMINATED   True       False      True            False      True       False        True                 False       False                  1            4.58821   0.906724   0.701081    0.555379 │
│ hyperband_train_a1135_01039   TERMINATED   False      False      True            True       False      True         False                True        True                   2            7.43762   0.649643   0.781898    0.70658  │
│ hyperband_train_a1135_01040   TERMINATED   True       False      True            True       False      False        False                True        True                   4           19.4765    0.625378   0.756735    0.726644 │
│ hyperband_train_a1135_01041   TERMINATED   True       True       True            True       True       False        True                 False       False                  4           25.6895    1.09847    0.658304    0.333333 │
│ hyperband_train_a1135_01042   TERMINATED   False      False      False           True       True       True         False                False       False                  4           12.2068    0.631237   0.795219    0.728734 │
│ hyperband_train_a1135_01043   TERMINATED   True       True       True            True       True       True         True                 False       False                  2           13.7458    1.00017    0.672883    0.563302 │
│ hyperband_train_a1135_01044   TERMINATED   False      False      True            False      False      False        False                True        False                  4            9.46383   0.764868   0.651495    0.686433 │
│ hyperband_train_a1135_01045   TERMINATED   False      False      True            False      False      False        False                False       False                  4            9.55707   0.68416    0.780417    0.68096  │
│ hyperband_train_a1135_01046   TERMINATED   False      True       True            False      True       False        True                 False       True                   4           19.5561    0.679682   0.808837    0.702737 │
│ hyperband_train_a1135_01047   TERMINATED   False      True       True            False      False      False        True                 True        True                   2            8.09758   0.787001   0.74852     0.6301   │
│ hyperband_train_a1135_01048   TERMINATED   True       True       False           False      True       False        True                 True        False                  1            5.75309   1.09845    0.658304    0.333333 │
│ hyperband_train_a1135_01049   TERMINATED   True       True       False           True       False      False        True                 True        True                   1            7.28775   0.874475   0.670959    0.589496 │
│ hyperband_train_a1135_01050   TERMINATED   True       False      True            True       True       False        True                 False       False                  4           19.4688    0.820038   0.683689    0.638532 │
│ hyperband_train_a1135_01051   TERMINATED   True       False      True            True       True       False        False                True        False                  4           23.1062    1.09651    0.601983    0.405475 │
│ hyperband_train_a1135_01052   TERMINATED   True       True       True            False      False      False        False                True        True                   4           15.315     0.740639   0.6586      0.687601 │
│ hyperband_train_a1135_01053   TERMINATED   True       True       False           True       True       False        False                False       True                   4           26.84      0.745785   0.723283    0.682197 │
│ hyperband_train_a1135_01054   TERMINATED   True       True       False           False      True       True         True                 True        False                  2           10.1923    1.07769    0.727724    0.543065 │
│ hyperband_train_a1135_01055   TERMINATED   False      False      True            True       False      False        False                False       False                  4           12.8306    0.68177    0.707371    0.704092 │
│ hyperband_train_a1135_01056   TERMINATED   True       False      True            True       False      True         True                 True        False                  1            4.88451   0.82262    0.704189    0.626747 │
│ hyperband_train_a1135_01057   TERMINATED   True       False      True            True       True       True         False                True        False                  1            6.40045   1.04976    0.485494    0.435825 │
│ hyperband_train_a1135_01058   TERMINATED   False      False      False           True       True       True         True                 False       True                   4           15.012     0.661421   0.823934    0.725756 │
│ hyperband_train_a1135_01059   TERMINATED   False      False      False           False      True       True         True                 True        True                   2            5.68694   0.708138   0.741859    0.673713 │
│ hyperband_train_a1135_01060   TERMINATED   True       True       False           True       True       False        True                 True        False                  4           30.5303    0.860902   0.651791    0.635286 │
│ hyperband_train_a1135_01061   TERMINATED   False      True       True            False      False      True         True                 True        True                   4           13.7869    0.677519   0.780343    0.707788 │
│ hyperband_train_a1135_01062   TERMINATED   True       False      False           False      True       False        True                 True        True                   4           16.1318    0.820489   0.693532    0.616416 │
│ hyperband_train_a1135_01063   TERMINATED   False      True       False           True       True       False        False                False       True                   2            9.98994   0.918518   0.638025    0.576571 │
│ hyperband_train_a1135_01064   TERMINATED   True       True       False           True       False      False        False                False       False                  4           20.1424    0.649062   0.755847    0.720139 │
│ hyperband_train_a1135_01065   TERMINATED   True       False      False           False      True       True         True                 True        False                  4           15.9091    0.664547   0.798919    0.697857 │
│ hyperband_train_a1135_01066   TERMINATED   False      False      False           True       True       True         True                 True        True                   1            3.78545   1.0637     0.411338    0.437665 │
│ hyperband_train_a1135_01067   TERMINATED   False      False      False           True       False      True         True                 False       True                   4           12.2806    0.643625   0.811353    0.745818 │
│ hyperband_train_a1135_01068   TERMINATED   False      False      True            False      False      True         False                True        False                  2            5.73585   0.691925   0.767244    0.68111  │
│ hyperband_train_a1135_01069   TERMINATED   False      True       False           False      True       False        False                True        False                  1            3.93672   1.09996    0.246226    0.333333 │
│ hyperband_train_a1135_01070   TERMINATED   False      True       False           True       True       False        False                True        False                  4           22.4635    0.660715   0.760139    0.70966  │
│ hyperband_train_a1135_01071   TERMINATED   True       True       False           False      False      False        False                True        False                  4           13.4442    1.09843    0.658304    0.333333 │
│ hyperband_train_a1135_01072   TERMINATED   True       False      True            True       True       True         False                False       False                  4           19.818     0.727826   0.722395    0.669951 │
│ hyperband_train_a1135_01073   TERMINATED   True       True       True            False      False      True         False                True        True                   4           15.2282    0.705119   0.771536    0.681313 │
│ hyperband_train_a1135_01074   TERMINATED   True       True       False           True       True       True         False                False       False                  4           27.3129    0.768988   0.710776    0.647525 │
│ hyperband_train_a1135_01075   TERMINATED   False      False      True            False      True       False        True                 True        False                  2            5.70884   0.892741   0.682726    0.585187 │
│ hyperband_train_a1135_01076   TERMINATED   True       True       True            False      True       False        False                True        True                   1            5.76419   1.15806    0.506069    0.464639 │
│ hyperband_train_a1135_01077   TERMINATED   False      False      False           True       True       False        True                 False       True                   4           13.8647    0.667508   0.767244    0.718268 │
│ hyperband_train_a1135_01078   TERMINATED   False      True       True            False      True       True         True                 False       False                  1            4.64756   0.905898   0.747114    0.554859 │
│ hyperband_train_a1135_01079   TERMINATED   True       True       True            False      False      True         True                 False       True                   2            8.27885   0.748333   0.772276    0.650911 │
│ hyperband_train_a1135_01080   TERMINATED   True       False      True            True       False      False        True                 True        False                  4           19.838     0.830286   0.678064    0.657673 │
│ hyperband_train_a1135_01081   TERMINATED   False      True       False           False      False      False        True                 False       False                  4           11.5282    1.09853    0.658304    0.333333 │
│ hyperband_train_a1135_01082   TERMINATED   True       False      False           False      True       False        False                True        False                  4           13.5551    0.782199   0.729278    0.653437 │
│ hyperband_train_a1135_01083   TERMINATED   False      True       True            True       False      False        True                 True        False                  4           20.7942    0.740618   0.728612    0.704779 │
│ hyperband_train_a1135_01084   TERMINATED   False      False      True            True       True       False        False                True        True                   4           16.3226    0.907314   0.699748    0.672924 │
│ hyperband_train_a1135_01085   TERMINATED   False      False      False           True       True       False        True                 True        True                   2            8.01833   0.816081   0.710406    0.655545 │
│ hyperband_train_a1135_01086   TERMINATED   True       False      False           True       False      False        False                False       False                  4           16.0016    0.607813   0.778641    0.743596 │
│ hyperband_train_a1135_01087   TERMINATED   False      False      True            True       True       False        False                False       True                   2            7.14073   0.704968   0.763099    0.698419 │
│ hyperband_train_a1135_01088   TERMINATED   False      True       True            False      True       False        True                 False       False                  1            4.81621   0.910191   0.700414    0.557402 │
│ hyperband_train_a1135_01089   TERMINATED   False      False      True            False      True       False        False                True        True                   1            3.1847    0.909903   0.702339    0.572483 │
│ hyperband_train_a1135_01090   TERMINATED   False      True       False           True       True       False        True                 True        False                  4           22.5663    0.721711   0.709813    0.701505 │
│ hyperband_train_a1135_01091   TERMINATED   True       False      True            False      True       False        True                 True        False                  4           14.6739    1.09848    0.658304    0.333333 │
│ hyperband_train_a1135_01092   TERMINATED   True       False      True            True       True       True         True                 True        True                   4           22.1001    0.614224   0.802398    0.728538 │
│ hyperband_train_a1135_01093   TERMINATED   True       False      True            False      True       False        False                True        True                   4           15.3327    0.694216   0.775311    0.685757 │
│ hyperband_train_a1135_01094   TERMINATED   True       False      True            True       False      True         True                 True        True                   4           20.1486    0.614526   0.80262     0.726252 │
│ hyperband_train_a1135_01095   TERMINATED   True       True       True            False      True       True         False                True        True                   2           10.1794    1.06462    0.695234    0.535791 │
│ hyperband_train_a1135_01096   TERMINATED   True       True       True            False      False      True         False                True        True                   4           16.1903    0.687389   0.772721    0.696733 │
│ hyperband_train_a1135_01097   TERMINATED   True       True       True            True       False      False        True                 False       False                  1            5.19369   0.898807   0.567792    0.573159 │
│ hyperband_train_a1135_01098   TERMINATED   True       False      True            True       False      False        True                 False       True                   2            9.30951   0.804171   0.701673    0.637155 │
│ hyperband_train_a1135_01099   TERMINATED   False      True       False           False      True       False        False                True        False                  1            3.61519   0.888247   0.680728    0.550593 │
│ hyperband_train_a1135_01100   TERMINATED   True       True       False           False      True       False        True                 False       True                   4           19.3897    0.764946   0.773017    0.655303 │
│ hyperband_train_a1135_01101   TERMINATED   True       True       True            True       True       True         True                 True        False                  4           30.6201    0.776222   0.689387    0.644566 │
│ hyperband_train_a1135_01102   TERMINATED   False      False      True            True       True       True         True                 False       False                  4           13.1614    0.702674   0.744819    0.684405 │
│ hyperband_train_a1135_01103   TERMINATED   False      True       False           False      True       False        True                 False       True                   2            8.23624   1.10663    0.246226    0.333333 │
│ hyperband_train_a1135_01104   TERMINATED   False      False      False           True       True       True         False                False       True                   4           13.9997    0.70753    0.822898    0.727724 │
│ hyperband_train_a1135_01105   TERMINATED   False      False      False           False      True       False        False                True        True                   4           10.4095    0.669877   0.777531    0.696181 │
│ hyperband_train_a1135_01106   TERMINATED   False      True       False           False      True       True         False                True        False                  1            4.57605   0.838288   0.77013     0.576117 │
│ hyperband_train_a1135_01107   TERMINATED   False      True       False           False      False      True         False                False       True                   2            6.18846   0.899906   0.794479    0.64076  │
│ hyperband_train_a1135_01108   TERMINATED   False      True       True            False      True       False        False                True        False                  1            4.93746   1.10133    0.246226    0.333333 │
│ hyperband_train_a1135_01109   TERMINATED   False      False      False           True       False      True         True                 True        True                   4           15.0925    0.612055   0.817496    0.733599 │
│ hyperband_train_a1135_01110   TERMINATED   False      True       False           False      True       False        True                 True        True                   4           16.1699    0.68814    0.775903    0.687071 │
│ hyperband_train_a1135_01111   TERMINATED   False      True       True            True       True       True         False                False       True                   4           21.8555    0.594201   0.8041      0.740484 │
│ hyperband_train_a1135_01112   TERMINATED   True       True       False           True       False      True         True                 False       True                   4           21.981     0.929892   0.523239    0.641035 │
│ hyperband_train_a1135_01113   TERMINATED   False      True       True            False      False      False        False                True        True                   4           13.2197    0.70806    0.675992    0.683307 │
│ hyperband_train_a1135_01114   TERMINATED   False      True       False           True       True       True         False                True        False                  4           23.6619    0.727281   0.678952    0.686784 │
│ hyperband_train_a1135_01115   TERMINATED   False      True       False           False      True       True         True                 True        False                  2            8.4998    0.966803   0.731498    0.557047 │
│ hyperband_train_a1135_01116   TERMINATED   True       True       True            False      True       False        False                True        False                  1            5.41059   1.09853    0.246226    0.333333 │
│ hyperband_train_a1135_01117   TERMINATED   True       True       False           False      False      False        False                False       True                   1            4.26154   1.09849    0.658304    0.333333 │
│ hyperband_train_a1135_01118   TERMINATED   False      True       False           True       True       False        False                True        False                  4           23.94      0.618599   0.767614    0.732544 │
│ hyperband_train_a1135_01119   TERMINATED   False      True       False           False      False      False        True                 False       True                   2            7.26263   0.734872   0.784266    0.677537 │
│ hyperband_train_a1135_01120   TERMINATED   True       False      False           False      False      True         False                False       False                  4           11.6701    0.708131   0.747336    0.677098 │
│ hyperband_train_a1135_01121   TERMINATED   False      True       False           False      False      True         False                True        True                   4           12.7279    0.622917   0.800918    0.72893  │
│ hyperband_train_a1135_01122   TERMINATED   False      False      True            True       True       True         True                 True        False                  4           17.1512    0.595913   0.799067    0.742355 │
│ hyperband_train_a1135_01123   TERMINATED   True       True       False           True       False      True         False                False       False                  2           10.3972    0.9986     0.404307    0.56263  │
│ hyperband_train_a1135_01124   TERMINATED   True       False      True            True       True       False        True                 False       False                  4           22.194     0.684379   0.732534    0.707076 │
│ hyperband_train_a1135_01125   TERMINATED   False      False      True            True       False      True         True                 True        True                   4           15.5391    0.638934   0.787004    0.713938 │
│ hyperband_train_a1135_01126   TERMINATED   True       False      False           False      True       False        True                 False       False                  1            3.75589   1.09844    0.658304    0.333333 │
│ hyperband_train_a1135_01127   TERMINATED   False      True       True            True       True       True         True                 False       True                   2           11.3986    0.98821    0.593769    0.540441 │
│ hyperband_train_a1135_01128   TERMINATED   False      False      False           False      False      True         True                 True        False                  4           11.4443    0.633616   0.799216    0.714234 │
│ hyperband_train_a1135_01129   TERMINATED   True       True       True            True       False      True         True                 True        False                  1            6.62046   0.949081   0.661412    0.527785 │
│ hyperband_train_a1135_01130   TERMINATED   False      True       True            True       True       False        False                False       True                   4           20.6667    0.626576   0.767984    0.728587 │
│ hyperband_train_a1135_01131   TERMINATED   False      True       False           False      False      True         False                False       False                  4           11.7437    0.723918   0.774201    0.667149 │
│ hyperband_train_a1135_01132   TERMINATED   True       False      False           False      True       False        False                True        True                   4           15.3395    0.691582   0.783674    0.685659 │
│ hyperband_train_a1135_01133   TERMINATED   False      True       True            False      True       False        False                True        False                  4           16.7897    0.72619    0.74889     0.68125  │
│ hyperband_train_a1135_01134   TERMINATED   False      True       False           False      False      True         False                False       True                   4           14.1655    0.890869   0.796625    0.734378 │
│ hyperband_train_a1135_01135   TERMINATED   False      False      True            False      True       False        True                 False       True                   2            6.31638   0.784785   0.754663    0.622143 │
│ hyperband_train_a1135_01136   TERMINATED   True       True       True            True       False      True         True                 False       True                   2           12.1432    0.76724    0.696418    0.655147 │
│ hyperband_train_a1135_01137   TERMINATED   True       True       True            False      False      False        False                True        True                   1            4.42826   1.09849    0.658304    0.333333 │
│ hyperband_train_a1135_01138   TERMINATED   True       True       False           False      False      False        False                True        False                  1            4.40456   1.09849    0.658304    0.333333 │
│ hyperband_train_a1135_01139   TERMINATED   True       True       True            True       True       True         True                 False       True                   4           29.5801    0.761559   0.795885    0.703703 │
│ hyperband_train_a1135_01140   TERMINATED   True       False      True            True       False      False        True                 False       False                  4           17.4551    0.664263   0.726317    0.712452 │
│ hyperband_train_a1135_01141   TERMINATED   False      True       True            False      False      False        False                True        True                   4           12.4863    1.09845    0.658304    0.333333 │
│ hyperband_train_a1135_01142   TERMINATED   False      False      True            False      True       True         True                 True        True                   4           11.5246    0.642197   0.774793    0.710445 │
│ hyperband_train_a1135_01143   TERMINATED   False      True       True            False      False      True         True                 True        False                  4           13.8368    0.76494    0.761175    0.720515 │
│ hyperband_train_a1135_01144   TERMINATED   True       True       True            False      False      False        True                 True        False                  2            8.20934   1.0985     0.658304    0.333333 │
│ hyperband_train_a1135_01145   TERMINATED   False      True       False           False      False      True         True                 False       True                   4           13.1242    0.806091   0.766726    0.728728 │
│ hyperband_train_a1135_01146   TERMINATED   True       False      True            False      False      True         False                False       True                   1            3.88486   0.877999   0.710332    0.556961 │
│ hyperband_train_a1135_01147   TERMINATED   True       True       False           False      True       True         False                True        True                   1            5.6084    0.883229   0.685909    0.559332 │
│ hyperband_train_a1135_01148   TERMINATED   False      True       False           True       True       True         False                False       False                  2            9.78413   0.963802   0.474171    0.495054 │
│ hyperband_train_a1135_01149   TERMINATED   False      True       True            False      False      True         True                 False       False                  4           14.4283    0.793559   0.761841    0.615912 │
│ hyperband_train_a1135_01150   TERMINATED   False      True       False           False      True       True         False                True        False                  4           16.1166    0.656199   0.803656    0.699422 │
│ hyperband_train_a1135_01151   TERMINATED   True       False      True            False      False      False        True                 False       False                  4           11.964     1.09853    0.658304    0.333333 │
│ hyperband_train_a1135_01152   TERMINATED   False      True       False           False      False      True         True                 True        True                   4           14.8591    0.691298   0.781676    0.690524 │
│ hyperband_train_a1135_01153   TERMINATED   True       False      False           False      False      True         True                 False       False                  4           12.6546    0.708131   0.747336    0.677098 │
│ hyperband_train_a1135_01154   TERMINATED   False      True       True            True       False      True         False                True        True                   4           21.7207    0.659322   0.727649    0.720367 │
│ hyperband_train_a1135_01155   TERMINATED   False      True       True            False      True       True         False                True        False                  2            8.05239   0.786432   0.741563    0.622055 │
│ hyperband_train_a1135_01156   TERMINATED   False      True       False           True       False      False        False                False       False                  1            4.55128   0.929068   0.44849     0.570799 │
│ hyperband_train_a1135_01157   TERMINATED   False      True       False           True       True       False        False                True        True                   4           24.6332    0.605364   0.775681    0.738093 │
│ hyperband_train_a1135_01158   TERMINATED   True       True       False           True       False      False        False                True        True                   1            6.10451   1.05015    0.5672      0.436724 │
│ hyperband_train_a1135_01159   TERMINATED   True       False      False           True       True       True         False                False       True                   2            9.82743   0.919249   0.55558     0.542485 │
│ hyperband_train_a1135_01160   TERMINATED   True       False      True            False      False      True         True                 False       True                   4           12.357     0.684462   0.798771    0.717332 │
│ hyperband_train_a1135_01161   TERMINATED   False      True       False           True       True       False        True                 False       False                  4           20.6365    0.710761   0.700933    0.701184 │
│ hyperband_train_a1135_01162   TERMINATED   False      True       True            True       True       False        False                True        True                   4           24.5254    0.652808   0.744819    0.717547 │
│ hyperband_train_a1135_01163   TERMINATED   True       False      True            False      False      False        False                False       True                   4           12.3878    0.686269   0.773535    0.709199 │
│ hyperband_train_a1135_01164   TERMINATED   False      True       True            False      True       True         False                True        True                   2            8.91758   0.799699   0.701007    0.614971 │
│ hyperband_train_a1135_01165   TERMINATED   False      True       False           False      True       False        False                False       False                  4           15.5763    0.708754   0.747114    0.685611 │
│ hyperband_train_a1135_01166   TERMINATED   False      False      True            True       False      True         True                 True        True                   4           17.1257    0.694395   0.735716    0.680521 │
│ hyperband_train_a1135_01167   TERMINATED   True       False      True            False      False      True         True                 True        True                   1            4.26661   1.09844    0.658304    0.333333 │
│ hyperband_train_a1135_01168   TERMINATED   True       True       True            False      True       False        True                 True        False                  1            5.71893   0.981682   0.660228    0.509787 │
│ hyperband_train_a1135_01169   TERMINATED   False      True       False           True       True       True         True                 False       True                   2           10.6968    0.904259   0.649571    0.572888 │
│ hyperband_train_a1135_01170   TERMINATED   True       False      True            True       False      False        False                False       False                  4           16.0003    0.862811   0.632623    0.600826 │
│ hyperband_train_a1135_01171   TERMINATED   False      True       True            False      True       True         False                False       False                  4           16.5513    0.775485   0.74815     0.632409 │
│ hyperband_train_a1135_01172   TERMINATED   True       True       True            True       False      True         True                 True        False                  4           25.3086    0.818804   0.669997    0.617585 │
│ hyperband_train_a1135_01173   TERMINATED   False      True       True            True       True       False        True                 False       True                   4           23.0021    0.741421   0.726613    0.688433 │
│ hyperband_train_a1135_01174   TERMINATED   True       False      True            False      True       True         True                 True        False                  2            9.14504   0.894887   0.712404    0.55659  │
│ hyperband_train_a1135_01175   TERMINATED   False      False      False           True       True       False        True                 True        True                   4           14.9255    0.603649   0.775903    0.736683 │
│ hyperband_train_a1135_01176   TERMINATED   True       True       True            True       True       True         True                 True        False                  1            7.84954   0.981951   0.653715    0.536174 │
│ hyperband_train_a1135_01177   TERMINATED   False      False      False           True       False      True         False                False       False                  2            6.07159   0.888711   0.421033    0.515695 │
│ hyperband_train_a1135_01178   TERMINATED   True       False      False           True       True       True         True                 False       True                   4           22.436     0.775449   0.791223    0.645538 │
│ hyperband_train_a1135_01179   TERMINATED   True       False      True            True       True       True         True                 False       True                   1            5.76495   0.964657   0.656528    0.51945  │
│ hyperband_train_a1135_01180   TERMINATED   True       False      False           True       True       True         True                 True        False                  4           22.3456    1.0501     0.314979    0.434565 │
│ hyperband_train_a1135_01181   TERMINATED   False      True       False           True       True       False        False                True        True                   4           23.3156    0.60282    0.774719    0.736376 │
│ hyperband_train_a1135_01182   TERMINATED   False      False      False           True       True       True         False                False       True                   4           12.6843    0.70753    0.822898    0.727724 │
│ hyperband_train_a1135_01183   TERMINATED   True       True       True            True       False      True         True                 True        True                   4           27.1501    0.674565   0.771684    0.695063 │
│ hyperband_train_a1135_01184   TERMINATED   True       True       True            True       True       True         True                 True        True                   4           32.4452    0.647693   0.788928    0.715779 │
│ hyperband_train_a1135_01185   TERMINATED   True       False      True            False      False      False        False                True        False                  2            6.5178    1.0985     0.658304    0.333333 │
│ hyperband_train_a1135_01186   TERMINATED   True       False      True            False      False      True         True                 True        True                   1            3.94885   0.946729   0.723505    0.571551 │
│ hyperband_train_a1135_01187   TERMINATED   False      False      True            True       True       False        True                 True        True                   2            9.74424   0.912934   0.69257     0.650452 │
│ hyperband_train_a1135_01188   TERMINATED   True       False      False           False      False      False        True                 True        False                  1            3.62073   1.09848    0.658304    0.333333 │
│ hyperband_train_a1135_01189   TERMINATED   True       False      False           True       True       False        False                True        False                  4           23.4455    0.63948    0.772276    0.726741 │
│ hyperband_train_a1135_01190   TERMINATED   True       False      True            True       False      True         True                 True        True                   4           19.3813    1.04103    0.505107    0.577477 │
│ hyperband_train_a1135_01191   TERMINATED   True       True       False           False      True       False        True                 True        False                  4           19.2136    1.09845    0.658304    0.333333 │
│ hyperband_train_a1135_01192   TERMINATED   True       True       False           False      False      True         False                False       False                  4           14.9807    0.656205   0.812093    0.711173 │
│ hyperband_train_a1135_01193   TERMINATED   False      True       True            True       False      True         False                False       False                  4           18.7816    0.720853   0.743857    0.675155 │
│ hyperband_train_a1135_01194   TERMINATED   True       True       False           False      True       False        False                False       True                   2           10.8407    0.77103    0.712626    0.655066 │
│ hyperband_train_a1135_01195   TERMINATED   False      True       True            True       False      True         False                True        False                  4           20.3628    0.639896   0.754663    0.709619 │
│ hyperband_train_a1135_01196   TERMINATED   True       True       False           True       True       True         True                 False       True                   1            7.17418   1.05038    0.374482    0.435841 │
│ hyperband_train_a1135_01197   TERMINATED   False      True       True            True       False      True         False                False       False                  2           10.1846    0.802812   0.62278     0.622711 │
│ hyperband_train_a1135_01198   TERMINATED   False      False      False           True       False      True         True                 False       False                  1            2.89049   0.871835   0.651421    0.645832 │
│ hyperband_train_a1135_01199   TERMINATED   False      False      False           False      True       True         False                False       True                   4           11.5312    0.579902   0.798697    0.748334 │
│ hyperband_train_a1135_01200   TERMINATED   True       False      True            False      False      True         False                True        False                  4           11.6985    1.03697    0.483644    0.6139   │
│ hyperband_train_a1135_01201   TERMINATED   True       False      True            False      True       True         False                True        False                  4           16.5174    0.718307   0.78989     0.665289 │
│ hyperband_train_a1135_01202   TERMINATED   False      True       False           True       False      True         False                False       False                  4           16.8649    0.65771    0.803064    0.725891 │
│ hyperband_train_a1135_01203   TERMINATED   True       False      False           False      False      False        True                 True        True                   2            5.98309   1.09844    0.658304    0.333333 │
│ hyperband_train_a1135_01204   TERMINATED   False      True       True            False      False      False        True                 True        False                  4           13.8019    0.740467   0.693236    0.680629 │
│ hyperband_train_a1135_01205   TERMINATED   True       True       False           False      True       False        False                True        True                   4           19.6259    0.827872   0.69331     0.625294 │
│ hyperband_train_a1135_01206   TERMINATED   True       True       False           False      True       False        False                True        False                  1            5.31612   1.09843    0.658304    0.333333 │
│ hyperband_train_a1135_01207   TERMINATED   False      False      False           True       True       False        False                True        True                   4           17.097     0.60773    0.773683    0.731577 │
│ hyperband_train_a1135_01208   TERMINATED   False      True       False           False      True       True         False                False       True                   2            8.61175   0.669501   0.773979    0.687102 │
│ hyperband_train_a1135_01209   TERMINATED   True       True       True            True       False      True         True                 True        True                   1            6.41375   1.00263    0.456779    0.499414 │
│ hyperband_train_a1135_01210   TERMINATED   True       False      False           False      False      True         False                False       False                  4           11.0499    0.957566   0.62389     0.677887 │
│ hyperband_train_a1135_01211   TERMINATED   True       True       True            True       False      True         True                 False       True                   4           22.2739    0.623295   0.757031    0.726513 │
│ hyperband_train_a1135_01212   TERMINATED   False      False      False           False      False      False        False                False       False                  4            7.70883   0.718007   0.800696    0.675999 │
│ hyperband_train_a1135_01213   TERMINATED   True       False      True            False      True       True         True                 False       False                  4           17.6137    0.78703    0.749334    0.645084 │
│ hyperband_train_a1135_01214   TERMINATED   False      False      False           False      True       True         False                False       False                  2            4.98381   1.02694    0.66304     0.34022  │
│ hyperband_train_a1135_01215   TERMINATED   True       False      True            True       False      False        False                True        True                   4           19.8216    0.698263   0.687981    0.697314 │
│ hyperband_train_a1135_01216   TERMINATED   True       False      True            False      False      True         True                 True        False                  1            3.79002   0.950496   0.734458    0.55231  │
│ hyperband_train_a1135_01217   TERMINATED   False      True       True            False      True       False        False                True        False                  2            9.85127   0.841065   0.666815    0.613912 │
│ hyperband_train_a1135_01218   TERMINATED   True       False      True            True       True       False        False                True        True                   1            6.25586   1.06673    0.531009    0.425739 │
│ hyperband_train_a1135_01219   TERMINATED   True       False      False           False      True       True         False                False       False                  4           16.9391    0.675833   0.816311    0.713292 │
│ hyperband_train_a1135_01220   TERMINATED   True       False      False           False      True       False        True                 False       True                   4           15.5361    0.675939   0.811205    0.701297 │
│ hyperband_train_a1135_01221   TERMINATED   True       False      False           False      False      False        True                 True        True                   4           12.3637    1.09849    0.658304    0.333333 │
│ hyperband_train_a1135_01222   TERMINATED   False      False      False           False      False      False        True                 False       True                   4            8.66088   0.639211   0.826599    0.713686 │
│ hyperband_train_a1135_01223   TERMINATED   False      True       True            True       False      True         True                 True        False                  4           23.1734    0.801613   0.692052    0.642573 │
│ hyperband_train_a1135_01224   TERMINATED   True       True       True            True       False      True         True                 False       True                   2           11.8399    0.984285   0.602057    0.541608 │
│ hyperband_train_a1135_01225   TERMINATED   False      False      False           False      True       True         False                False       False                  4           11.2125    0.713898   0.827043    0.7039   │
│ hyperband_train_a1135_01226   TERMINATED   False      True       True            True       False      False        True                 True        True                   4           22.7875    0.701636   0.673253    0.687388 │
│ hyperband_train_a1135_01227   TERMINATED   False      False      True            False      True       False        False                True        False                  1            2.53073   0.861807   0.711368    0.581992 │
│ hyperband_train_a1135_01228   TERMINATED   True       False      False           False      False      True         False                False       False                  2            6.57404   0.765206   0.718102    0.643691 │
│ hyperband_train_a1135_01229   TERMINATED   True       True       False           False      True       True         True                 False       False                  1            5.40173   0.899228   0.710332    0.570879 │
│ hyperband_train_a1135_01230   TERMINATED   True       True       False           True       False      False        True                 True        False                  4           23.4606    0.699731   0.731202    0.697043 │
│ hyperband_train_a1135_01231   TERMINATED   False      False      False           False      False      False        True                 False       False                  4            8.49541   0.641258   0.790187    0.709171 │
│ hyperband_train_a1135_01232   TERMINATED   False      True       True            False      False      True         False                True        True                   4           13.3824    0.694675   0.743117    0.706373 │
│ hyperband_train_a1135_01233   TERMINATED   True       False      False           False      True       False        False                True        True                   2            7.78332   1.09925    0.658304    0.333333 │
│ hyperband_train_a1135_01234   TERMINATED   False      True       False           True       True       False        False                False       False                  4           21.5533    0.657827   0.76532     0.72186  │
│ hyperband_train_a1135_01235   TERMINATED   False      False      False           True       False      False        True                 True        True                   4           16.0099    0.747458   0.701821    0.688433 │
│ hyperband_train_a1135_01236   TERMINATED   True       True       True            True       True       True         True                 True        False                  1            7.93313   0.814221   0.726243    0.611323 │
│ hyperband_train_a1135_01237   TERMINATED   False      False      True            False      True       True         False                False       False                  1            3.54257   0.836708   0.764876    0.594497 │
│ hyperband_train_a1135_01238   TERMINATED   False      False      True            True       True       True         False                False       False                  2            7.9252    0.786805   0.779751    0.681787 │
│ hyperband_train_a1135_01239   TERMINATED   False      False      False           True       False      True         False                False       False                  4           11.8305    0.678429   0.787448    0.716901 │
│ hyperband_train_a1135_01240   TERMINATED   True       True       True            True       True       False        True                 False       True                   4           28.1346    0.819711   0.651791    0.63772  │
│ hyperband_train_a1135_01241   TERMINATED   False      False      True            False      True       False        True                 True        True                   4           10.9003    0.704315   0.780491    0.686085 │
│ hyperband_train_a1135_01242   TERMINATED   True       False      True            True       True       True         True                 False       False                  4           21.427     0.636999   0.8078      0.716209 │
│ hyperband_train_a1135_01243   TERMINATED   True       False      True            False      False      True         True                 False       True                   4           13.0638    0.833954   0.771906    0.71325  │
│ hyperband_train_a1135_01244   TERMINATED   True       True       False           False      False      False        False                True        False                  2            6.96694   1.09849    0.658304    0.333333 │
│ hyperband_train_a1135_01245   TERMINATED   False      False      False           False      True       True         True                 False       False                  4           10.5434    0.654667   0.818902    0.713059 │
│ hyperband_train_a1135_01246   TERMINATED   False      True       False           False      True       False        False                False       True                   4           17.3517    0.727636   0.720249    0.67259  │
│ hyperband_train_a1135_01247   TERMINATED   False      False      False           False      True       True         False                False       True                   1            2.59354   1.01864    0.561279    0.491858 │
│ hyperband_train_a1135_01248   TERMINATED   False      False      False           False      False      False        True                 True        False                  2            5.53721   0.721611   0.756069    0.665884 │
│ hyperband_train_a1135_01249   TERMINATED   True       True       True            False      False      False        True                 False       False                  1            3.90907   1.09848    0.658304    0.333333 │
│ hyperband_train_a1135_01250   TERMINATED   True       False      False           False      True       False        True                 True        True                   4           16.3123    0.732335   0.751184    0.655574 │
│ hyperband_train_a1135_01251   TERMINATED   True       False      True            False      False      True         False                False       False                  4           12.2385    0.75663    0.724393    0.649286 │
│ hyperband_train_a1135_01252   TERMINATED   True       True       False           False      True       False        True                 True        True                   4           20.3266    1.09887    0.658304    0.333333 │
│ hyperband_train_a1135_01253   TERMINATED   True       False      False           False      False      True         False                False       False                  2            5.98869   1.09843    0.658304    0.333333 │
│ hyperband_train_a1135_01254   TERMINATED   True       True       False           False      True       True         False                True        False                  4           21.0244    0.925906   0.789594    0.639443 │
│ hyperband_train_a1135_01255   TERMINATED   True       True       True            False      True       False        False                False       False                  4           21.0446    0.745477   0.719805    0.664681 │
│ hyperband_train_a1135_01256   TERMINATED   True       True       False           True       False      True         False                True        True                   2           13.2014    0.645574   0.809947    0.707663 │
│ hyperband_train_a1135_01257   TERMINATED   False      False      False           False      True       True         False                True        False                  1            3.40723   0.705533   0.76384     0.671925 │
│ hyperband_train_a1135_01258   TERMINATED   False      True       False           False      True       True         True                 False       True                   1            4.70054   0.982065   0.529381    0.487522 │
│ hyperband_train_a1135_01259   TERMINATED   False      True       False           True       True       False        True                 False       True                   4           22.5385    0.615932   0.78693     0.737268 │
│ hyperband_train_a1135_01260   TERMINATED   True       False      False           True       True       False        False                False       False                  4           18.9803    0.71017    0.74704     0.691841 │
│ hyperband_train_a1135_01261   TERMINATED   False      False      True            False      False      True         False                True        False                  4            9.6348    0.633738   0.790631    0.720972 │
│ hyperband_train_a1135_01262   TERMINATED   True       False      False           True       True       False        False                False       False                  4           19.2851    0.675274   0.750222    0.705074 │
│ hyperband_train_a1135_01263   TERMINATED   True       False      True            False      True       True         False                True        True                   2            7.55223   1.08429    0.658304    0.333333 │
│ hyperband_train_a1135_01264   TERMINATED   False      True       False           False      False      True         False                False       True                   4           13.329     0.646639   0.811797    0.738991 │
│ hyperband_train_a1135_01265   TERMINATED   False      True       True            True       False      True         True                 True        False                  4           20.7176    0.875942   0.483348    0.623319 │
│ hyperband_train_a1135_01266   TERMINATED   False      True       True            False      True       True         False                False       True                   4           17.7041    0.595066   0.800178    0.740675 │
│ hyperband_train_a1135_01267   TERMINATED   True       True       False           False      True       False        False                True        False                  1            4.81801   1.09843    0.658304    0.333333 │
│ hyperband_train_a1135_01268   TERMINATED   True       True       True            True       True       True         False                True        False                  2           15.0993    0.67562    0.760361    0.694489 │
│ hyperband_train_a1135_01269   TERMINATED   False      False      True            False      False      False        False                False       True                   1            2.22074   0.771934   0.765468    0.635411 │
│ hyperband_train_a1135_01270   TERMINATED   False      True       True            True       False      False        False                False       False                  4           17.0776    0.588501   0.759695    0.743493 │
│ hyperband_train_a1135_01271   TERMINATED   True       False      False           True       False      False        True                 True        False                  4           20.6468    0.821357   0.642836    0.644789 │
│ hyperband_train_a1135_01272   TERMINATED   True       True       False           True       True       False        True                 False       False                  4           26.431     1.09843    0.658304    0.333333 │
│ hyperband_train_a1135_01273   TERMINATED   False      True       False           False      False      True         False                True        True                   4           13.2499    0.85522    0.720175    0.64995  │
│ hyperband_train_a1135_01274   TERMINATED   True       True       False           True       False      False        False                True        True                   2           11.8044    1.02999    0.703523    0.466548 │
│ hyperband_train_a1135_01275   TERMINATED   True       False      False           True       False      True         False                False       True                   4           17.1727    1.01142    0.37315     0.540548 │
│ hyperband_train_a1135_01276   TERMINATED   True       False      False           True       True       False        False                False       True                   1            4.41673   0.901578   0.625592    0.582168 │
│ hyperband_train_a1135_01277   TERMINATED   True       True       False           False      True       False        False                True        False                  1            5.42563   1.0985     0.246226    0.333333 │
│ hyperband_train_a1135_01278   TERMINATED   False      True       True            False      False      False        True                 True        True                   4           13.0863    0.650014   0.773165    0.716582 │
│ hyperband_train_a1135_01279   TERMINATED   True       True       False           False      False      True         True                 True        True                   2            7.4345    0.769491   0.712848    0.646139 │
│ hyperband_train_a1135_01280   TERMINATED   True       False      False           False      False      False        False                True        True                   4           11.4665    1.09845    0.658304    0.333333 │
│ hyperband_train_a1135_01281   TERMINATED   False      True       False           True       False      False        False                False       True                   4           16.9313    0.610966   0.781306    0.740695 │
│ hyperband_train_a1135_01282   TERMINATED   False      False      True            False      False      True         False                False       True                   4            8.95911   0.588731   0.804174    0.737892 │
│ hyperband_train_a1135_01283   TERMINATED   False      True       False           False      False      False        False                True        False                  4           12.6654    0.659113   0.788706    0.696916 │
│ hyperband_train_a1135_01284   TERMINATED   True       True       False           True       False      True         True                 False       True                   2           11.334     0.831582   0.744079    0.59893  │
│ hyperband_train_a1135_01285   TERMINATED   True       False      True            True       True       True         True                 False       False                  4           20.9084    0.91791    0.609606    0.57164  │
│ hyperband_train_a1135_01286   TERMINATED   True       False      False           True       False      False        True                 True        True                   4           20.3504    0.623859   0.761915    0.721622 │
│ hyperband_train_a1135_01287   TERMINATED   True       True       False           True       True       True         False                False       True                   1            7.29777   0.859218   0.743709    0.599602 │
│ hyperband_train_a1135_01288   TERMINATED   False      True       True            False      True       False        False                True        True                   2            9.92102   0.746064   0.760657    0.655815 │
│ hyperband_train_a1135_01289   TERMINATED   True       True       True            False      True       True         True                 True        False                  1            5.01716   0.978674   0.741119    0.471738 │
│ hyperband_train_a1135_01290   TERMINATED   True       False      True            False      False      True         True                 False       False                  4           12.9777    0.659434   0.795367    0.698351 │
│ hyperband_train_a1135_01291   TERMINATED   False      True       True            True       False      False        True                 False       True                   4           17.7436    0.694221   0.763173    0.6964   │
│ hyperband_train_a1135_01292   TERMINATED   True       True       False           True       False      False        False                False       True                   4           18.8848    0.596862   0.776125    0.746416 │
│ hyperband_train_a1135_01293   TERMINATED   False      True       False           False      False      False        False                True        False                  2            5.46136   1.09849    0.658304    0.333333 │
│ hyperband_train_a1135_01294   TERMINATED   True       False      False           True       False      False        True                 True        False                  4           18.0853    0.608055   0.761915    0.743999 │
│ hyperband_train_a1135_01295   TERMINATED   True       True       True            True       True       True         True                 False       True                   4           26.4675    0.674114   0.741637    0.705228 │
│ hyperband_train_a1135_01296   TERMINATED   True       True       False           True       True       True         True                 True        False                  1            7.53608   0.795156   0.755255    0.615078 │
│ hyperband_train_a1135_01297   TERMINATED   False      False      True            False      True       False        True                 True        True                   2            7.2126    0.787675   0.708037    0.652286 │
│ hyperband_train_a1135_01298   TERMINATED   True       False      False           False      True       True         False                True        True                   1            4.00572   0.93779    0.585406    0.521899 │
│ hyperband_train_a1135_01299   TERMINATED   False      True       False           True       True       False        True                 True        False                  4           23.3788    0.647243   0.763766    0.726167 │
│ hyperband_train_a1135_01300   TERMINATED   True       True       True            False      True       False        True                 False       True                   4           20.2812    1.09849    0.658304    0.333333 │
│ hyperband_train_a1135_01301   TERMINATED   False      False      True            False      False      True         True                 True        True                   4            8.65777   0.677464   0.773831    0.720366 │
│ hyperband_train_a1135_01302   TERMINATED   True       False      False           False      False      False        False                False       False                  4           10.2694    1.09851    0.658304    0.333333 │
│ hyperband_train_a1135_01303   TERMINATED   False      True       False           False      True       False        False                True        True                   2            7.71824   0.866268   0.671995    0.610469 │
│ hyperband_train_a1135_01304   TERMINATED   False      False      False           True       False      False        True                 False       False                  4           10.9075    0.605127   0.777235    0.746434 │
│ hyperband_train_a1135_01305   TERMINATED   False      True       False           False      True       False        False                True        True                   4           14.6909    0.713856   0.758733    0.674612 │
│ hyperband_train_a1135_01306   TERMINATED   True       True       True            True       False      False        False                True        False                  1            5.98578   0.721473   0.669405    0.67563  │
│ hyperband_train_a1135_01307   TERMINATED   False      False      True            True       False      True         True                 False       True                   1            2.92402   0.805067   0.672069    0.624478 │
│ hyperband_train_a1135_01308   TERMINATED   False      False      False           True       True       False        False                True        False                  4           16.0035    0.61437    0.767392    0.732934 │
│ hyperband_train_a1135_01309   TERMINATED   True       False      True            True       True       True         False                True        False                  2           10.9176    0.667514   0.740823    0.701393 │
│ hyperband_train_a1135_01310   TERMINATED   True       False      True            False      True       True         True                 False       True                   4           15.0741    1.05604    0.714476    0.41723  │
│ hyperband_train_a1135_01311   TERMINATED   True       True       True            False      False      True         False                True        True                   4           13.9571    0.8344     0.721359    0.590321 │
│ hyperband_train_a1135_01312   TERMINATED   True       False      True            False      True       True         False                False       False                  4           14.394     0.747162   0.803212    0.663511 │
│ hyperband_train_a1135_01313   TERMINATED   True       False      True            True       False      True         True                 True        False                  4           20.3504    0.638056   0.767096    0.715857 │
│ hyperband_train_a1135_01314   TERMINATED   False      True       False           False      True       False        False                False       False                  2            7.33464   0.858656   0.686575    0.610655 │
│ hyperband_train_a1135_01315   TERMINATED   False      True       False           True       False      False        True                 False       False                  4           16.8236    0.618909   0.751998    0.728428 │
│ hyperband_train_a1135_01316   TERMINATED   False      True       False           False      False      True         True                 True        True                   1            3.23899   0.831798   0.750444    0.615187 │
│ hyperband_train_a1135_01317   TERMINATED   True       False      True            True       True       False        False                True        True                   2           12.404     0.889732   0.696122    0.660187 │
│ hyperband_train_a1135_01318   TERMINATED   True       True       True            True       False      False        False                False       False                  4           22.8602    0.639388   0.760509    0.721589 │
│ hyperband_train_a1135_01319   TERMINATED   True       False      False           False      False      False        True                 True        True                   1            3.26556   1.0985     0.658304    0.333333 │
│ hyperband_train_a1135_01320   TERMINATED   False      True       False           True       False      False        True                 True        False                  4           17.6526    0.613489   0.75        0.73359  │
│ hyperband_train_a1135_01321   TERMINATED   False      False      False           False      True       True         True                 False       True                   4            9.77398   0.589891   0.813721    0.743208 │
│ hyperband_train_a1135_01322   TERMINATED   True       False      False           False      False      False        False                True        True                   4           10.5363    0.68704    0.760435    0.690793 │
│ hyperband_train_a1135_01323   TERMINATED   False      False      True            False      False      True         True                 True        True                   4           10.2425    0.861019   0.729352    0.691052 │
│ hyperband_train_a1135_01324   TERMINATED   False      False      False           False      True       False        False                False       False                  4           11.4426    0.701696   0.759325    0.696776 │
│ hyperband_train_a1135_01325   TERMINATED   False      False      True            False      True       True         False                False       False                  2            5.2113    0.817417   0.77124     0.643604 │
│ hyperband_train_a1135_01326   TERMINATED   False      True       True            False      True       False        True                 False       True                   1            4.48758   0.880027   0.711812    0.579671 │
│ hyperband_train_a1135_01327   TERMINATED   True       False      False           True       False      False        True                 False       False                  4           18.8166    0.754243   0.720027    0.671229 │
│ hyperband_train_a1135_01328   TERMINATED   True       True       True            False      True       True         False                False       False                  1            5.1314    0.912755   0.658008    0.530717 │
│ hyperband_train_a1135_01329   TERMINATED   False      True       True            False      True       True         True                 True        False                  2            8.17857   0.84577    0.781824    0.615557 │
│ hyperband_train_a1135_01330   TERMINATED   True       False      True            False      True       False        True                 True        True                   4           15.4069    0.886851   0.681616    0.590153 │
│ hyperband_train_a1135_01331   TERMINATED   True       False      False           True       False      False        True                 False       False                  4           14.2593    0.607813   0.778641    0.743596 │
│ hyperband_train_a1135_01332   TERMINATED   True       True       False           True       True       True         True                 True        True                   4           27.9272    0.671751   0.801954    0.694935 │
│ hyperband_train_a1135_01333   TERMINATED   True       True       False           False      True       False        True                 False       True                   4           21.0692    0.714087   0.760879    0.686476 │
│ hyperband_train_a1135_01334   TERMINATED   False      False      True            True       True       False        False                True        False                  4           17.0667    0.63797    0.746004    0.721861 │
│ hyperband_train_a1135_01335   TERMINATED   True       False      True            True       False      False        True                 True        True                   2            9.86081   0.947577   0.661856    0.57348  │
│ hyperband_train_a1135_01336   TERMINATED   True       False      False           False      True       False        False                True        True                   1            3.95209   0.834315   0.710998    0.606507 │
│ hyperband_train_a1135_01337   TERMINATED   False      True       True            True       True       False        True                 False       False                  2           11.4746    0.730712   0.736456    0.683883 │
│ hyperband_train_a1135_01338   TERMINATED   True       False      False           True       True       False        True                 True        True                   4           24.3649    0.650799   0.776051    0.734265 │
│ hyperband_train_a1135_01339   TERMINATED   True       True       False           False      False      True         True                 True        False                  1            3.69173   0.798716   0.761101    0.625339 │
│ hyperband_train_a1135_01340   TERMINATED   True       True       True            False      False      False        False                False       True                   4           13.7287    1.09843    0.658304    0.333333 │
│ hyperband_train_a1135_01341   TERMINATED   True       False      False           False      False      True         False                True        False                  4           10.4571    0.686147   0.76939     0.687371 │
│ hyperband_train_a1135_01342   TERMINATED   False      True       False           True       True       False        False                True        True                   4           20.8475    0.5952     0.777383    0.743619 │
│ hyperband_train_a1135_01343   TERMINATED   False      True       False           False      True       False        False                False       False                  2            6.99388   1.09844    0.658304    0.333333 │
│ hyperband_train_a1135_01344   TERMINATED   False      False      False           False      False      False        True                 True        True                   4            9.13179   0.626703   0.79929     0.725408 │
│ hyperband_train_a1135_01345   TERMINATED   False      True       False           False      True       True         True                 True        True                   4           14.6027    0.883264   0.775015    0.689375 │
│ hyperband_train_a1135_01346   TERMINATED   True       False      True            False      False      False        False                True        True                   1            3.24068   1.09849    0.658304    0.333333 │
│ hyperband_train_a1135_01347   TERMINATED   True       False      False           False      True       False        False                True        False                  1            3.79648   1.09843    0.658304    0.333333 │
│ hyperband_train_a1135_01348   TERMINATED   False      True       False           False      True       True         False                True        True                   4           18.218     0.624283   0.780343    0.717676 │
│ hyperband_train_a1135_01349   TERMINATED   True       True       True            False      True       True         True                 False       True                   2            9.8632    1.03967    0.617673    0.523459 │
│ hyperband_train_a1135_01350   TERMINATED   True       False      True            True       True       False        True                 True        True                   4           21.8803    0.741406   0.704337    0.671872 │
│ hyperband_train_a1135_01351   TERMINATED   True       True       False           True       False      False        True                 True        False                  4           21.6465    0.697072   0.727872    0.717446 │
│ hyperband_train_a1135_01352   TERMINATED   True       False      False           True       True       True         True                 False       True                   4           18.5761    1.09433    0.236012    0.419822 │
│ hyperband_train_a1135_01353   TERMINATED   False      True       False           True       True       True         True                 False       True                   4           20.8168    0.918856   0.75037     0.652758 │
│ hyperband_train_a1135_01354   TERMINATED   True       False      True            True       True       False        True                 False       False                  2            9.43336   1.09847    0.658304    0.333333 │
│ hyperband_train_a1135_01355   TERMINATED   False      False      True            False      False      True         True                 True        False                  4           10.2463    0.674411   0.782638    0.701071 │
│ hyperband_train_a1135_01356   TERMINATED   False      True       False           True       False      True         False                False       False                  4           18.5963    0.65771    0.803064    0.725891 │
│ hyperband_train_a1135_01357   TERMINATED   False      True       False           False      False      True         False                True        False                  2            5.75185   0.951858   0.753996    0.691451 │
│ hyperband_train_a1135_01358   TERMINATED   True       True       False           False      True       False        False                True        True                   1            5.54013   1.09969    0.246226    0.333333 │
│ hyperband_train_a1135_01359   TERMINATED   False      False      False           False      True       True         False                False       False                  1            3.21072   1.02849    0.630921    0.52549  │
│ hyperband_train_a1135_01360   TERMINATED   True       False      False           True       True       True         True                 False       True                   4           20.9297    0.666979   0.803064    0.714496 │
│ hyperband_train_a1135_01361   TERMINATED   False      False      True            False      True       False        True                 True        False                  4           11.1366    0.791401   0.678212    0.64879  │
│ hyperband_train_a1135_01362   TERMINATED   True       True       True            False      True       True         True                 True        False                  4           23.5294    1.0193     0.658008    0.536931 │
│ hyperband_train_a1135_01363   TERMINATED   True       True       True            False      True       False        False                False       True                   2           10.7675    0.90352    0.755033    0.533603 │
│ hyperband_train_a1135_01364   TERMINATED   False      True       True            True       False      False        True                 True        False                  4           21.5074    0.597482   0.755255    0.743159 │
│ hyperband_train_a1135_01365   TERMINATED   True       False      True            False      False      True         False                True        False                  4           13.2669    0.807791   0.705521    0.681594 │
│ hyperband_train_a1135_01366   TERMINATED   True       False      False           False      False      False        True                 False       True                   1            2.69202   1.09849    0.658304    0.333333 │
│ hyperband_train_a1135_01367   TERMINATED   True       True       False           True       False      True         False                True        False                  2           12.1943    0.724694   0.737419    0.666998 │
│ hyperband_train_a1135_01368   TERMINATED   False      False      False           False      False      False        False                True        True                   4            8.95072   0.616972   0.787892    0.723683 │
│ hyperband_train_a1135_01369   TERMINATED   False      False      False           True       False      True         False                False       False                  1            2.5192    0.867011   0.471285    0.567847 │
│ hyperband_train_a1135_01370   TERMINATED   True       False      True            True       False      False        False                True        True                   4           19.2328    0.582183   0.767614    0.746247 │
│ hyperband_train_a1135_01371   TERMINATED   True       True       False           True       True       False        False                False       True                   4           25.8917    0.800709   0.715808    0.646233 │
│ hyperband_train_a1135_01372   TERMINATED   False      True       False           False      True       True         True                 False       False                  4           15.5386    0.880231   0.786338    0.666025 │
│ hyperband_train_a1135_01373   TERMINATED   False      True       False           True       False      True         False                False       False                  4           18.8785    0.647016   0.794257    0.724702 │
│ hyperband_train_a1135_01374   TERMINATED   False      False      True            False      True       False        False                False       False                  4           11.3081    0.71357    0.750518    0.695789 │
│ hyperband_train_a1135_01375   TERMINATED   False      True       True            False      False      True         True                 False       False                  2            6.77474   0.841392   0.728612    0.588827 │
│ hyperband_train_a1135_01376   TERMINATED   True       True       False           True       True       False        True                 True        False                  1            8.03311   0.955662   0.6045      0.544296 │
│ hyperband_train_a1135_01377   TERMINATED   True       False      True            False      True       False        True                 False       True                   4           17.8468    0.733511   0.793961    0.669201 │
│ hyperband_train_a1135_01378   TERMINATED   True       False      True            False      True       True         True                 True        False                  2            9.57875   0.856085   0.701895    0.571481 │
│ hyperband_train_a1135_01379   TERMINATED   True       True       False           False      True       False        True                 False       True                   1            5.99705   1.09976    0.246226    0.333333 │
│ hyperband_train_a1135_01380   TERMINATED   True       True       False           False      True       True         False                False       True                   4           20.3152    0.687348   0.765098    0.690001 │
│ hyperband_train_a1135_01381   TERMINATED   True       False      True            True       False      False        False                True        False                  4           18.997     0.608831   0.75185     0.738359 │
│ hyperband_train_a1135_01382   TERMINATED   False      True       True            False      False      False        True                 True        False                  4           12.3589    0.666482   0.750666    0.707318 │
│ hyperband_train_a1135_01383   TERMINATED   True       True       True            False      False      False        False                True        True                   2            7.48573   1.09844    0.658304    0.333333 │
│ hyperband_train_a1135_01384   TERMINATED   False      True       False           True       True       False        True                 True        True                   4           23.6366    0.633772   0.765912    0.731293 │
│ hyperband_train_a1135_01385   TERMINATED   True       False      False           True       False      True         False                False       True                   4           18.7742    0.599464   0.763173    0.73704  │
│ hyperband_train_a1135_01386   TERMINATED   False      False      True            False      False      True         True                 False       True                   2            5.80568   0.887087   0.741637    0.647393 │
│ hyperband_train_a1135_01387   TERMINATED   True       True       True            False      True       False        True                 False       True                   1            5.93032   0.98828    0.614861    0.496599 │
│ hyperband_train_a1135_01388   TERMINATED   False      False      False           False      True       False        False                False       False                  4           11.8785    0.701696   0.759325    0.696776 │
│ hyperband_train_a1135_01389   TERMINATED   True       True       True            True       False      False        True                 True        False                  1            7.04305   1.01472    0.55743     0.50851  │
│ hyperband_train_a1135_01390   TERMINATED   True       True       True            True       True       True         False                False       False                  4           26.5746    0.652434   0.74593     0.708078 │
│ hyperband_train_a1135_01391   TERMINATED   True       False      False           True       True       True         True                 True        False                  4           22.8583    0.847575   0.695826    0.616032 │
│ hyperband_train_a1135_01392   TERMINATED   False      True       False           False      True       False        False                False       False                  4           15.5967    1.0985     0.658304    0.333333 │
│ hyperband_train_a1135_01393   TERMINATED   True       False      False           True       True       False        True                 True        True                   4           24.4803    0.599984   0.778049    0.745357 │
│ hyperband_train_a1135_01394   TERMINATED   False      True       False           False      True       True         True                 False       False                  4           16.8744    0.959079   0.793221    0.658403 │
│ hyperband_train_a1135_01395   TERMINATED   True       False      True            False      True       True         True                 False       True                   2            8.6718    0.910506   0.714698    0.540511 │
│ hyperband_train_a1135_01396   TERMINATED   True       False      True            False      False      True         False                True        False                  1            3.82045   0.849289   0.697972    0.573612 │
│ hyperband_train_a1135_01397   TERMINATED   True       True       False           False      False      False        False                False       True                   1            4.35252   1.09843    0.658304    0.333333 │
│ hyperband_train_a1135_01398   TERMINATED   False      False      True            True       False      True         False                False       False                  4           12.1881    0.880214   0.416075    0.550288 │
│ hyperband_train_a1135_01399   TERMINATED   False      False      True            False      True       False        True                 False       False                  2            5.40961   0.895982   0.695382    0.612952 │
│ hyperband_train_a1135_01400   TERMINATED   False      False      False           False      True       False        True                 False       False                  4           11.233     0.71987    0.769094    0.67289  │
│ hyperband_train_a1135_01401   TERMINATED   True       True       False           False      False      False        False                False       True                   4           14.8048    1.09847    0.658304    0.333333 │
│ hyperband_train_a1135_01402   TERMINATED   True       True       True            True       False      True         True                 False       False                  4           21.8968    0.648628   0.729056    0.725522 │
│ hyperband_train_a1135_01403   TERMINATED   False      False      False           True       False      False        True                 True        True                   4           15.2997    0.635737   0.741415    0.73127  │
│ hyperband_train_a1135_01404   TERMINATED   True       False      True            False      True       False        False                False       False                  2            7.79508   0.842072   0.740453    0.629772 │
│ hyperband_train_a1135_01405   TERMINATED   False      True       True            False      False      True         False                True        True                   4           13.1696    0.633268   0.798475    0.727914 │
│ hyperband_train_a1135_01406   TERMINATED   True       False      True            False      True       False        False                False       False                  1            4.63862   1.09876    0.246226    0.333333 │
│ hyperband_train_a1135_01407   TERMINATED   False      True       True            True       True       True         True                 True        False                  4           28.517     0.688649   0.802768    0.709191 │
│ hyperband_train_a1135_01408   TERMINATED   False      False      True            False      True       False        True                 False       True                   2            7.42008   0.884096   0.724837    0.569661 │
│ hyperband_train_a1135_01409   TERMINATED   True       False      True            False      True       False        False                True        False                  1            3.65796   1.09847    0.246226    0.333333 │
│ hyperband_train_a1135_01410   TERMINATED   False      True       True            False      True       True         False                True        True                   4           16.5432    1.01168    0.76828     0.617928 │
│ hyperband_train_a1135_01411   TERMINATED   True       False      False           True       True       False        True                 True        True                   4           22.8318    0.613204   0.762507    0.733582 │
│ hyperband_train_a1135_01412   TERMINATED   False      True       True            False      True       True         True                 True        False                  4           18.1827    0.822046   0.746744    0.614984 │
│ hyperband_train_a1135_01413   TERMINATED   False      False      True            True       False      True         False                True        False                  4           16.1108    0.609396   0.786264    0.739072 │
│ hyperband_train_a1135_01414   TERMINATED   True       False      False           True       True       True         True                 False       False                  2           11.3264    0.878306   0.715364    0.596256 │
│ hyperband_train_a1135_01415   TERMINATED   False      False      True            False      True       False        False                False       False                  4           11.7515    0.794702   0.798253    0.659492 │
│ hyperband_train_a1135_01416   TERMINATED   True       True       True            False      True       True         False                True        True                   1            5.87862   0.794047   0.703819    0.618506 │
│ hyperband_train_a1135_01417   TERMINATED   False      True       True            True       False      False        False                False       False                  2            9.87999   0.71905    0.666297    0.681441 │
│ hyperband_train_a1135_01418   TERMINATED   False      True       True            True       False      False        True                 False       True                   4           19.5246    0.668049   0.757475    0.724106 │
│ hyperband_train_a1135_01419   TERMINATED   True       True       True            False      False      True         True                 True        True                   1            5.05959   1.09844    0.658304    0.333333 │
│ hyperband_train_a1135_01420   TERMINATED   False      True       True            True       False      True         False                False       False                  4           17.5813    0.810684   0.636619    0.67185  │
│ hyperband_train_a1135_01421   TERMINATED   False      False      False           False      True       False        True                 False       True                   4            9.37468   0.659639   0.813499    0.719946 │
│ hyperband_train_a1135_01422   TERMINATED   False      False      False           True       True       True         False                True        True                   4           15.477     0.682674   0.72913     0.714462 │
│ hyperband_train_a1135_01423   TERMINATED   False      False      False           False      True       True         True                 True        True                   2            5.52981   1.03574    0.46159     0.445225 │
│ hyperband_train_a1135_01424   TERMINATED   False      False      True            False      False      True         False                True        True                   4           10.7489    0.665607   0.761027    0.701593 │
│ hyperband_train_a1135_01425   TERMINATED   False      False      False           False      True       False        False                False       True                   4           10.2057    0.659639   0.813499    0.719946 │
│ hyperband_train_a1135_01426   TERMINATED   True       False      True            True       False      False        False                False       False                  2            9.6814    0.831108   0.598431    0.621188 │
│ hyperband_train_a1135_01427   TERMINATED   False      True       False           True       False      False        False                True        False                  1            4.4777    0.812081   0.722025    0.57169  │
│ hyperband_train_a1135_01428   TERMINATED   False      False      False           False      True       False        False                False       True                   4           11.1908    0.659639   0.813499    0.719946 │
│ hyperband_train_a1135_01429   TERMINATED   True       False      True            False      False      True         False                True        True                   1            3.86756   0.959559   0.752886    0.568962 │
│ hyperband_train_a1135_01430   TERMINATED   True       False      False           False      True       True         True                 False       True                   4           16.2217    0.779797   0.795071    0.700614 │
│ hyperband_train_a1135_01431   TERMINATED   False      False      False           True       False      True         True                 False       True                   4           11.6145    0.590008   0.812093    0.746215 │
│ hyperband_train_a1135_01432   TERMINATED   False      False      True            False      False      True         False                False       True                   4            9.58653   0.710066   0.794331    0.723348 │
│ hyperband_train_a1135_01433   TERMINATED   False      False      True            True       True       True         True                 False       False                  2            8.13204   0.809255   0.73542     0.624228 │
│ hyperband_train_a1135_01434   TERMINATED   True       True       True            True       False      True         False                False       False                  4           22.54      0.60396    0.797735    0.735531 │
│ hyperband_train_a1135_01435   TERMINATED   False      False      False           False      False      False        True                 False       False                  4            9.09168   0.638804   0.807874    0.708067 │
│ hyperband_train_a1135_01436   TERMINATED   False      True       True            False      True       False        False                True        False                  1            3.84999   1.10794    0.246226    0.333333 │
│ hyperband_train_a1135_01437   TERMINATED   True       True       False           True       True       True         False                False       False                  1            6.94821   0.712046   0.757031    0.668806 │
│ hyperband_train_a1135_01438   TERMINATED   False      False      False           True       True       False        True                 False       True                   2            8.24638   0.676277   0.751332    0.698933 │
│ hyperband_train_a1135_01439   TERMINATED   False      False      False           True       True       False        False                True        False                  4           16.5993    0.618504   0.772647    0.73584  │
│ hyperband_train_a1135_01440   TERMINATED   True       True       True            False      False      True         False                False       True                   4           14.7347    1.09849    0.658304    0.333333 │
│ hyperband_train_a1135_01441   TERMINATED   False      True       False           True       True       False        False                False       True                   4           20.2198    0.659438   0.752516    0.717604 │
│ hyperband_train_a1135_01442   TERMINATED   False      False      False           False      True       True         True                 True        False                  4           11.1461    0.7676     0.784118    0.675059 │
│ hyperband_train_a1135_01443   TERMINATED   False      False      True            True       True       True         True                 False       False                  4           13.4963    1.04778    0.607534    0.507328 │
│ hyperband_train_a1135_01444   TERMINATED   True       True       True            True       True       False        True                 True        False                  4           31.9359    1.00824    0.633733    0.524821 │
│ hyperband_train_a1135_01445   TERMINATED   True       False      True            True       False      False        False                False       True                   2            8.14222   1.05387    0.33622     0.478045 │
│ hyperband_train_a1135_01446   TERMINATED   True       False      True            False      True       False        True                 False       False                  1            4.3302    0.846268   0.714402    0.607641 │
│ hyperband_train_a1135_01447   TERMINATED   True       True       True            True       True       True         True                 True        False                  4           33.7017    0.738392   0.694272    0.672    │
│ hyperband_train_a1135_01448   TERMINATED   False      False      True            False      True       False        False                True        True                   2            7.33982   0.759416   0.747336    0.658147 │
│ hyperband_train_a1135_01449   TERMINATED   True       False      False           False      True       False        False                True        True                   1            4.62543   0.814468   0.740749    0.622741 │
│ hyperband_train_a1135_01450   TERMINATED   False      True       False           True       True       True         True                 False       True                   4           21.9205    0.852245   0.662004    0.636322 │
│ hyperband_train_a1135_01451   TERMINATED   True       True       True            False      True       True         True                 True        True                   4           21.9804    0.746855   0.738677    0.646699 │
│ hyperband_train_a1135_01452   TERMINATED   False      True       False           False      False      True         False                True        False                  4           13.073     0.643548   0.80151     0.70737  │
│ hyperband_train_a1135_01453   TERMINATED   True       False      False           False      True       True         False                False       True                   2            7.69918   1.06418    0.658304    0.333333 │
│ hyperband_train_a1135_01454   TERMINATED   False      True       False           False      False      True         False                False       True                   4           12.7047    0.980005   0.700044    0.674583 │
│ hyperband_train_a1135_01455   TERMINATED   True       True       True            False      True       True         True                 False       False                  4           22.1014    0.752873   0.796699    0.635183 │
│ hyperband_train_a1135_01456   TERMINATED   True       True       True            True       True       False        True                 True        True                   2           16.7524    0.763409   0.705077    0.664464 │
│ hyperband_train_a1135_01457   TERMINATED   False      True       True            False      False      True         False                True        False                  1            2.96922   0.885459   0.739935    0.64166  │
│ hyperband_train_a1135_01458   TERMINATED   True       False      True            False      False      True         True                 True        False                  1            4.16284   1.09847    0.658304    0.333333 │
│ hyperband_train_a1135_01459   TERMINATED   False      False      True            False      False      True         False                False       False                  4           10.414     0.916682   0.692644    0.701831 │
│ hyperband_train_a1135_01460   TERMINATED   True       True       False           True       False      True         False                True        False                  4           24.2016    0.666958   0.787522    0.692751 │
│ hyperband_train_a1135_01461   TERMINATED   False      True       False           True       True       False        False                False       True                   4           20.4137    0.654474   0.787596    0.729451 │
│ hyperband_train_a1135_01462   TERMINATED   True       False      True            True       False      True         True                 False       False                  4           16.7764    0.727793   0.703671    0.660635 │
│ hyperband_train_a1135_01463   TERMINATED   False      True       False           True       True       False        True                 False       False                  4           22.1644    0.682884   0.752072    0.702077 │
│ hyperband_train_a1135_01464   TERMINATED   True       True       True            True       True       False        False                True        False                  4           31.284     0.70365    0.740527    0.700739 │
│ hyperband_train_a1135_01465   TERMINATED   True       True       False           False      True       False        False                False       False                  2           10.5662    1.09844    0.658304    0.333333 │
│ hyperband_train_a1135_01466   TERMINATED   False      True       False           False      False      False        False                False       False                  1            3.35944   1.09849    0.658304    0.333333 │
│ hyperband_train_a1135_01467   TERMINATED   False      True       False           True       True       False        True                 False       False                  2           11.6005    0.69808    0.740231    0.693911 │
│ hyperband_train_a1135_01468   TERMINATED   False      True       True            True       False      True         True                 True        False                  4           21.198     0.656805   0.713218    0.708673 │
│ hyperband_train_a1135_01469   TERMINATED   False      True       False           True       True       False        True                 True        True                   1            7.44312   0.827145   0.69664     0.626189 │
│ hyperband_train_a1135_01470   TERMINATED   True       False      True            True       False      False        False                True        False                  4           18.9248    0.967949   0.586146    0.585441 │
│ hyperband_train_a1135_01471   TERMINATED   True       False      False           False      False      False        True                 True        False                  4           11.2346    0.660012   0.757771    0.704011 │
│ hyperband_train_a1135_01472   TERMINATED   True       False      False           False      False      True         False                True        True                   4           12.3625    1.09849    0.658304    0.333333 │
│ hyperband_train_a1135_01473   TERMINATED   False      True       True            False      True       True         False                True        False                  4           17.8649    0.689464   0.776199    0.678029 │
│ hyperband_train_a1135_01474   TERMINATED   True       True       True            True       False      False        True                 True        False                  2           13.2574    0.880588   0.653493    0.582869 │
│ hyperband_train_a1135_01475   TERMINATED   False      False      False           False      False      False        False                True        False                  4            9.67249   0.65155    0.776125    0.706138 │
│ hyperband_train_a1135_01476   TERMINATED   False      True       True            True       False      False        False                False       True                   2            9.61131   0.76337    0.710702    0.660529 │
│ hyperband_train_a1135_01477   TERMINATED   False      False      False           True       True       True         True                 False       False                  1            2.77807   0.971505   0.38884     0.523535 │
│ hyperband_train_a1135_01478   TERMINATED   True       True       False           False      False      True         True                 True        True                   1            4.67128   0.902319   0.726761    0.548291 │
│ hyperband_train_a1135_01479   TERMINATED   False      False      True            True       False      False        False                False       True                   4           12.5937    0.585609   0.765912    0.744184 │
│ hyperband_train_a1135_01480   TERMINATED   True       False      False           False      True       False        False                True        False                  4           14.0422    1.09844    0.658304    0.333333 │
│ hyperband_train_a1135_01481   TERMINATED   True       True       True            False      True       True         False                True        False                  4           21.293     0.749948   0.759325    0.644007 │
│ hyperband_train_a1135_01482   TERMINATED   True       True       False           False      True       False        True                 True        True                   4           20.0431    0.783219   0.722247    0.634892 │
│ hyperband_train_a1135_01483   TERMINATED   True       False      True            False      False      False        True                 False       True                   2            6.3294    1.09847    0.658304    0.333333 │
│ hyperband_train_a1135_01484   TERMINATED   False      False      False           False      True       False        True                 True        False                  4           11.4266    0.706935   0.736679    0.683906 │
│ hyperband_train_a1135_01485   TERMINATED   True       True       True            False      False      True         True                 True        False                  4           16.8808    0.728004   0.722913    0.702106 │
│ hyperband_train_a1135_01486   TERMINATED   True       False      False           False      True       False        True                 False       False                  1            4.69912   1.09845    0.658304    0.333333 │
│ hyperband_train_a1135_01487   TERMINATED   False      False      False           True       True       True         False                False       True                   4           13.0247    0.625799   0.750962    0.723388 │
│ hyperband_train_a1135_01488   TERMINATED   False      True       False           False      True       True         True                 True        True                   1            4.24892   0.982439   0.510731    0.466296 │
│ hyperband_train_a1135_01489   TERMINATED   True       True       False           False      True       True         True                 True        False                  2           11.9422    0.9513     0.724023    0.527564 │
│ hyperband_train_a1135_01490   TERMINATED   True       False      False           False      True       False        False                True        True                   4           15.7157    0.80799    0.699822    0.623559 │
│ hyperband_train_a1135_01491   TERMINATED   False      True       False           False      False      True         False                True        True                   4           12.0554    0.890196   0.724541    0.70249  │
│ hyperband_train_a1135_01492   TERMINATED   True       False      False           False      True       False        False                True        True                   4           14.5628    1.09848    0.246226    0.333333 │
│ hyperband_train_a1135_01493   TERMINATED   True       True       False           True       False      True         True                 False       True                   4           23.681     0.845688   0.617821    0.67849  │
│ hyperband_train_a1135_01494   TERMINATED   False      True       False           False      False      True         False                False       False                  2            6.1609    0.814936   0.747928    0.604232 │
│ hyperband_train_a1135_01495   TERMINATED   True       True       True            False      True       True         False                True        True                   4           21.8725    0.721892   0.766578    0.669505 │
│ hyperband_train_a1135_01496   TERMINATED   True       True       False           False      True       True         False                False       False                  2           11.4388    0.87447    0.737345    0.6059   │
│ hyperband_train_a1135_01497   TERMINATED   True       True       True            False      False      False        False                True        True                   4           15.5525    0.655006   0.759103    0.713421 │
│ hyperband_train_a1135_01498   TERMINATED   True       False      True            False      True       True         False                True        True                   1            4.63466   1.09067    0.668443    0.523292 │
│ hyperband_train_a1135_01499   TERMINATED   True       True       True            False      False      False        True                 True        False                  1            3.63068   1.09849    0.658304    0.333333 │
│ hyperband_train_a1135_01500   TERMINATED   True       False      False           True       True       False        True                 False       True                   4           20.1978    0.953437   0.541075    0.517248 │
│ hyperband_train_a1135_01501   TERMINATED   False      False      True            True       True       False        False                False       True                   4           12.7175    0.72638    0.7332      0.68831  │
│ hyperband_train_a1135_01502   TERMINATED   True       True       True            False      True       False        False                False       True                   4           21.0002    0.74028    0.729574    0.666532 │
│ hyperband_train_a1135_01503   TERMINATED   True       False      False           False      False      False        True                 False       True                   4           12.2002    0.661786   0.774645    0.70871  │
│ hyperband_train_a1135_01504   TERMINATED   False      True       False           False      True       True         False                False       False                  4           16.0317    0.840956   0.814979    0.687944 │
│ hyperband_train_a1135_01505   TERMINATED   True       True       True            False      False      False        True                 True        True                   2            7.83514   1.09844    0.658304    0.333333 │
│ hyperband_train_a1135_01506   TERMINATED   False      False      False           False      True       True         False                True        False                  2            6.01379   0.674792   0.779233    0.694626 │
│ hyperband_train_a1135_01507   TERMINATED   True       True       True            True       True       True         False                False       False                  1            7.11549   1.03875    0.628552    0.519045 │
│ hyperband_train_a1135_01508   TERMINATED   False      False      True            False      False      False        False                True        False                  1            2.34327   0.79958    0.760583    0.611864 │
│ hyperband_train_a1135_01509   TERMINATED   False      False      False           True       False      False        True                 False       True                   4           13.1416    0.608849   0.782786    0.741364 │
│ hyperband_train_a1135_01510   TERMINATED   False      True       False           True       True       False        True                 False       True                   4           19.8151    0.627212   0.790557    0.731617 │
│ hyperband_train_a1135_01511   TERMINATED   False      True       False           False      False      False        False                False       True                   4           11.4734    0.675058   0.817718    0.706818 │
│ hyperband_train_a1135_01512   TERMINATED   False      True       True            True       False      True         True                 False       True                   4           18.0963    0.608499   0.771092    0.733803 │
│ hyperband_train_a1135_01513   TERMINATED   False      True       True            True       False      True         True                 True        False                  4           21.8447    0.752395   0.711294    0.69374  │
│ hyperband_train_a1135_01514   TERMINATED   False      False      True            True       False      False        False                False       False                  4           11.5252    0.597466   0.754144    0.742002 │
│ hyperband_train_a1135_01515   TERMINATED   False      False      True            False      False      False        True                 True        False                  2            5.49298   0.769105   0.713736    0.667534 │
│ hyperband_train_a1135_01516   TERMINATED   False      False      False           False      False      False        True                 False       False                  2            6.0317    0.744887   0.793369    0.660027 │
│ hyperband_train_a1135_01517   TERMINATED   False      False      False           True       True       False        False                True        False                  4           16.0412    0.61437    0.767392    0.732934 │
│ hyperband_train_a1135_01518   TERMINATED   False      True       False           False      False      True         True                 False       True                   1            2.97663   0.851053   0.66193     0.594249 │
│ hyperband_train_a1135_01519   TERMINATED   True       False      True            True       False      True         True                 True        False                  1            5.48021   0.934777   0.643354    0.520562 │
│ hyperband_train_a1135_01520   TERMINATED   False      True       True            True       False      True         False                True        True                   4           21.0577    0.757435   0.625888    0.687299 │
│ hyperband_train_a1135_01521   TERMINATED   False      True       True            False      False      True         False                False       True                   4           12.8577    0.666052   0.798475    0.70351  │
│ hyperband_train_a1135_01522   TERMINATED   True       False      False           True       False      False        False                True        True                   4           17.8722    0.714259   0.725503    0.682023 │
│ hyperband_train_a1135_01523   TERMINATED   False      True       True            False      False      True         False                True        True                   4           13.8237    0.662101   0.787448    0.710781 │
│ hyperband_train_a1135_01524   TERMINATED   True       True       True            False      True       True         False                True        True                   2           11.0279    1.05535    0.68095     0.536022 │
│ hyperband_train_a1135_01525   TERMINATED   False      False      True            False      False      False        False                False       False                  4           10.0045    0.684496   0.731868    0.703362 │
│ hyperband_train_a1135_01526   TERMINATED   False      True       False           True       False      False        False                True        True                   2           10.4406    0.696335   0.765986    0.668796 │
│ hyperband_train_a1135_01527   TERMINATED   True       False      True            True       True       False        True                 True        False                  1            6.89654   1.034      0.685169    0.475606 │
│ hyperband_train_a1135_01528   TERMINATED   False      False      True            False      False      False        False                True        True                   1            3.41304   0.774659   0.723727    0.634938 │
│ hyperband_train_a1135_01529   TERMINATED   False      False      True            True       True       True         False                False       True                   4           15.9117    0.857693   0.778123    0.681783 │
│ hyperband_train_a1135_01530   TERMINATED   False      False      True            True       True       True         False                False       True                   4           12.0911    0.958031   0.427102    0.532697 │
│ hyperband_train_a1135_01531   TERMINATED   False      False      True            False      False      False        False                True        False                  4            9.41092   0.677077   0.726761    0.713355 │
│ hyperband_train_a1135_01532   TERMINATED   False      True       True            True       False      True         True                 True        False                  4           21.5071    0.719848   0.709962    0.680215 │
│ hyperband_train_a1135_01533   TERMINATED   True       True       False           False      True       False        True                 False       True                   2           11.6675    1.09852    0.658304    0.333333 │
│ hyperband_train_a1135_01534   TERMINATED   True       False      True            False      False      True         True                 True        True                   4           13.5135    1.09843    0.658304    0.333333 │
│ hyperband_train_a1135_01535   TERMINATED   False      False      False           False      False      True         True                 True        False                  4            8.71713   0.635483   0.787892    0.724562 │
│ hyperband_train_a1135_01536   TERMINATED   False      False      False           True       False      False        True                 False       True                   4           11.9521    0.599185   0.783378    0.744311 │
│ hyperband_train_a1135_01537   TERMINATED   False      True       False           True       False      False        True                 False       False                  2            8.94373   0.642693   0.746448    0.721963 │
│ hyperband_train_a1135_01538   TERMINATED   True       False      True            True       False      True         True                 True        False                  1            5.58084   0.723053   0.76495     0.663087 │
│ hyperband_train_a1135_01539   TERMINATED   True       False      False           False      True       True         False                False       False                  1            4.7505    0.777015   0.706335    0.626517 │
│ hyperband_train_a1135_01540   TERMINATED   False      True       False           False      True       False        False                False       False                  4           15.4953    0.756969   0.698194    0.659708 │
│ hyperband_train_a1135_01541   TERMINATED   False      False      True            False      True       False        False                False       True                   4           10.9943    0.630744   0.805358    0.72924  │
│ hyperband_train_a1135_01542   TERMINATED   False      True       False           True       False      True         True                 True        True                   4           19.6317    0.611175   0.816015    0.738302 │
│ hyperband_train_a1135_01543   TERMINATED   False      False      True            True       True       True         True                 False       True                   4           14.9272    0.819502   0.803286    0.691681 │
│ hyperband_train_a1135_01544   TERMINATED   False      False      False           False      False      False        True                 True        True                   4            8.96399   0.673853   0.79966     0.703179 │
│ hyperband_train_a1135_01545   TERMINATED   False      True       True            False      False      False        False                False       False                  2            6.50466   0.805346   0.71455     0.620531 │
│ hyperband_train_a1135_01546   TERMINATED   True       True       False           True       True       True         False                True        True                   1            8.71495   0.875335   0.704781    0.565485 │
│ hyperband_train_a1135_01547   TERMINATED   True       False      False           False      False      True         True                 False       False                  4           13.1103    0.647857   0.801732    0.714546 │
│ hyperband_train_a1135_01548   TERMINATED   True       False      True            True       True       False        False                True        False                  2           12.233     0.751864   0.691163    0.666106 │
│ hyperband_train_a1135_01549   TERMINATED   True       True       False           True       False      False        False                True        True                   1            6.2568    0.85224    0.739491    0.561738 │
│ hyperband_train_a1135_01550   TERMINATED   True       True       True            False      False      False        True                 False       False                  4           13.7744    0.752342   0.76791     0.64362  │
│ hyperband_train_a1135_01551   TERMINATED   True       False      True            False      False      False        True                 True        True                   4           11.3398    0.69787    0.778419    0.696172 │
│ hyperband_train_a1135_01552   TERMINATED   False      False      True            False      False      True         False                True        False                  4            8.51311   0.734564   0.706779    0.698129 │
│ hyperband_train_a1135_01553   TERMINATED   True       False      False           True       True       True         True                 True        True                   4           25.0166    0.64306    0.817348    0.716622 │
│ hyperband_train_a1135_01554   TERMINATED   False      False      True            False      True       False        True                 True        False                  4           12.3658    0.728795   0.77161     0.668818 │
│ hyperband_train_a1135_01555   TERMINATED   True       True       True            True       False      False        False                False       True                   2           10.2741    0.985897   0.556246    0.556568 │
│ hyperband_train_a1135_01556   TERMINATED   False      True       True            True       False      True         True                 True        False                  2           11.0326    0.807033   0.607682    0.635058 │
│ hyperband_train_a1135_01557   TERMINATED   False      True       True            False      True       False        True                 False       True                   1            4.32991   0.905304   0.687019    0.570447 │
│ hyperband_train_a1135_01558   TERMINATED   True       True       True            True       True       True         True                 False       True                   1            7.18137   0.916489   0.717362    0.576744 │
│ hyperband_train_a1135_01559   TERMINATED   True       False      False           False      False      True         False                False       False                  4           11.553     0.731258   0.748964    0.724782 │
│ hyperband_train_a1135_01560   TERMINATED   False      True       True            False      False      True         True                 False       True                   4           12.9714    0.835876   0.735938    0.603335 │
│ hyperband_train_a1135_01561   TERMINATED   True       False      False           False      False      False        False                False       False                  4            9.93388   1.09848    0.658304    0.333333 │
│ hyperband_train_a1135_01562   TERMINATED   False      False      False           True       False      True         False                False       True                   4            9.35252   0.940955   0.49778     0.616132 │
│ hyperband_train_a1135_01563   TERMINATED   True       False      False           True       True       False        False                False       True                   2            9.16113   1.04521    0.549586    0.480133 │
│ hyperband_train_a1135_01564   TERMINATED   True       False      True            True       False      True         True                 True        True                   4           20.962     0.642538   0.807948    0.716596 │
│ hyperband_train_a1135_01565   TERMINATED   True       False      False           True       True       True         True                 True        False                  4           21.6659    0.753464   0.73283     0.664026 │
│ hyperband_train_a1135_01566   TERMINATED   True       True       True            False      False      False        False                False       True                   1            4.07161   1.09846    0.658304    0.333333 │
│ hyperband_train_a1135_01567   TERMINATED   False      False      False           True       False      True         True                 True        True                   4           16.9726    0.703176   0.759695    0.687958 │
│ hyperband_train_a1135_01568   TERMINATED   True       True       False           True       False      False        True                 True        True                   1            5.93037   1.07243    0.677102    0.405192 │
│ hyperband_train_a1135_01569   TERMINATED   False      False      True            False      False      False        True                 True        False                  2            5.09974   0.76416    0.736086    0.649164 │
│ hyperband_train_a1135_01570   TERMINATED   True       False      False           True       True       True         False                False       False                  4           17.7837    0.738649   0.739639    0.682342 │
│ hyperband_train_a1135_01571   TERMINATED   True       False      False           False      False      True         False                False       True                   4           10.2532    0.820589   0.725947    0.713332 │
│ hyperband_train_a1135_01572   TERMINATED   False      False      True            True       False      False        False                True        False                  4           13.405     0.677474   0.697602    0.705102 │
│ hyperband_train_a1135_01573   TERMINATED   True       False      True            False      True       False        False                True        True                   4           17.2841    0.762143   0.76828     0.659984 │
│ hyperband_train_a1135_01574   TERMINATED   True       False      False           True       True       True         False                False       True                   4           21.8861    0.641779   0.793665    0.723392 │
│ hyperband_train_a1135_01575   TERMINATED   True       False      True            True       False      True         True                 False       True                   2            8.58951   0.882617   0.759917    0.553779 │
│ hyperband_train_a1135_01576   TERMINATED   False      True       True            False      True       True         True                 False       False                  1            5.20952   0.902953   0.744079    0.544725 │
│ hyperband_train_a1135_01577   TERMINATED   True       True       True            True       True       False        False                True        True                   2           17.2657    0.752686   0.71566     0.673716 │
│ hyperband_train_a1135_01578   TERMINATED   False      False      False           True       True       False        True                 True        False                  4           18.454     0.667791   0.758955    0.723643 │
│ hyperband_train_a1135_01579   TERMINATED   False      False      False           False      True       True         True                 False       True                   1            2.73651   0.77548    0.679248    0.640084 │
│ hyperband_train_a1135_01580   TERMINATED   False      True       False           True       False      True         True                 False       True                   4           17.6674    0.618718   0.788558    0.729045 │
│ hyperband_train_a1135_01581   TERMINATED   True       True       True            True       False      True         True                 True        False                  4           25.4039    0.713211   0.71048     0.668849 │
│ hyperband_train_a1135_01582   TERMINATED   False      False      False           False      False      False        True                 True        True                   4            8.21679   0.630769   0.793295    0.723482 │
│ hyperband_train_a1135_01583   TERMINATED   False      True       False           False      True       True         True                 True        True                   4           17.5268    0.837828   0.755995    0.650933 │
│ hyperband_train_a1135_01584   TERMINATED   False      True       True            True       False      True         False                False       False                  2            9.36765   0.961303   0.474097    0.547569 │
│ hyperband_train_a1135_01585   TERMINATED   False      True       True            False      False      True         False                True        True                   4           14.795     0.756062   0.760139    0.643487 │
│ hyperband_train_a1135_01586   TERMINATED   False      False      True            False      False      True         False                True        False                  2            4.9335    0.738061   0.695308    0.665456 │
│ hyperband_train_a1135_01587   TERMINATED   True       True       False           True       False      True         False                True        False                  1            6.28897   0.93113    0.380995    0.507782 │
│ hyperband_train_a1135_01588   TERMINATED   True       True       True            False      False      True         False                True        False                  1            4.50778   0.841616   0.720249    0.590508 │
│ hyperband_train_a1135_01589   TERMINATED   True       True       True            True       True       False        False                False       True                   4           27.9489    0.75353    0.726909    0.689092 │
│ hyperband_train_a1135_01590   TERMINATED   True       True       True            False      True       True         True                 True        False                  4           20.7058    0.84047    0.755773    0.636016 │
│ hyperband_train_a1135_01591   TERMINATED   False      False      False           True       False      False        True                 False       True                   4           12.5402    0.773288   0.662004    0.65533  │
│ hyperband_train_a1135_01592   TERMINATED   False      False      False           True       False      True         False                True        False                  4           12.9488    0.827596   0.633215    0.68421  │
│ hyperband_train_a1135_01593   TERMINATED   False      False      True            False      False      False        True                 False       True                   2            5.55924   0.868229   0.738455    0.619386 │
│ hyperband_train_a1135_01594   TERMINATED   True       False      True            False      False      True         False                True        True                   4           13.2901    0.687731   0.78471     0.690536 │
│ hyperband_train_a1135_01595   TERMINATED   True       False      True            True       True       True         False                False       False                  4           20.6991    0.695983   0.712404    0.692382 │
│ hyperband_train_a1135_01596   TERMINATED   True       False      True            True       False      False        False                True        True                   1            5.39226   1.08444    0.550992    0.382742 │
│ hyperband_train_a1135_01597   TERMINATED   True       True       False           True       False      False        False                True        True                   4           25.2041    0.592134   0.77013     0.7382   │
│ hyperband_train_a1135_01598   TERMINATED   False      True       True            True       True       False        False                True        True                   2           14.4292    0.770945   0.707741    0.685955 │
│ hyperband_train_a1135_01599   TERMINATED   True       False      True            False      True       False        True                 True        False                  1            4.48399   1.07189    0.702709    0.449077 │
│ hyperband_train_a1135_01600   TERMINATED   True       True       True            True       True       False        True                 True        False                  4           31.1953    0.947822   0.673179    0.56989  │
│ hyperband_train_a1135_01601   TERMINATED   False      True       True            True       False      False        False                True        False                  4           19.9444    0.67352    0.703819    0.705967 │
│ hyperband_train_a1135_01602   TERMINATED   False      True       False           True       True       True         False                True        True                   4           23.6067    0.638254   0.816459    0.724283 │
│ hyperband_train_a1135_01603   TERMINATED   True       True       True            False      True       True         False                True        True                   2           10.6604    0.963773   0.709739    0.553517 │
│ hyperband_train_a1135_01604   TERMINATED   False      False      True            False      False      False        True                 False       False                  4           10.8878    0.676035   0.78175     0.695938 │
│ hyperband_train_a1135_01605   TERMINATED   False      True       False           True       False      True         False                True        False                  4           18.8891    0.824467   0.64291     0.691677 │
│ hyperband_train_a1135_01606   TERMINATED   False      False      False           False      False      False        True                 False       True                   4           11.319     0.622063   0.811205    0.719833 │
│ hyperband_train_a1135_01607   TERMINATED   False      False      True            False      True       True         False                False       False                  2            5.5601    0.753595   0.774497    0.664865 │
│ hyperband_train_a1135_01608   TERMINATED   True       True       True            False      False      True         False                False       True                   1            4.64164   1.09849    0.658304    0.333333 │
│ hyperband_train_a1135_01609   TERMINATED   False      False      True            False      True       False        True                 True        True                   1            3.76224   0.88884    0.720101    0.584346 │
│ hyperband_train_a1135_01610   TERMINATED   True       False      False           True       True       False        True                 False       True                   4           20.4166    0.785552   0.705003    0.656859 │
│ hyperband_train_a1135_01611   TERMINATED   True       True       True            True       False      True         True                 True        True                   4           25.3696    0.71642    0.722469    0.683753 │
│ hyperband_train_a1135_01612   TERMINATED   True       True       True            False      False      True         True                 False       False                  4           15.2619    1.09847    0.658304    0.333333 │
│ hyperband_train_a1135_01613   TERMINATED   False      False      True            True       True       False        False                False       True                   2            6.63842   0.820804   0.688055    0.661137 │
│ hyperband_train_a1135_01614   TERMINATED   False      True       False           False      False      False        True                 True        True                   4           13.2326    0.644819   0.804026    0.713476 │
│ hyperband_train_a1135_01615   TERMINATED   False      True       True            True       False      False        True                 True        True                   4           21.2879    0.696366   0.671847    0.694864 │
│ hyperband_train_a1135_01616   TERMINATED   False      True       True            False      False      False        True                 True        False                  4           13.507     0.738388   0.67688     0.694928 │
│ hyperband_train_a1135_01617   TERMINATED   True       True       False           False      True       True         True                 False       False                  1            5.48103   1.04184    0.666815    0.344855 │
│ hyperband_train_a1135_01618   TERMINATED   True       True       True            True       False      True         False                True        False                  2           12.5069    0.785013   0.71159     0.62332  │
│ hyperband_train_a1135_01619   TERMINATED   True       False      True            True       False      True         False                False       True                   1            4.34288   1.18474    0.475059    0.439483 │
│ hyperband_train_a1135_01620   TERMINATED   False      True       True            True       False      True         False                True        False                  4           20.6106    0.73077    0.64513     0.677096 │
│ hyperband_train_a1135_01621   TERMINATED   True       False      True            False      True       False        False                True        False                  4           15.9896    1.09846    0.246226    0.333333 │
│ hyperband_train_a1135_01622   TERMINATED   True       True       True            True       True       False        False                False       True                   4           26.4114    0.784116   0.721655    0.659548 │
│ hyperband_train_a1135_01623   TERMINATED   False      True       True            False      True       True         True                 True        False                  4           16.9396    0.869446   0.752812    0.679483 │
│ hyperband_train_a1135_01624   TERMINATED   True       True       False           True       False      False        False                False       True                   2           10.7061    0.964768   0.607386    0.561589 │
│ hyperband_train_a1135_01625   TERMINATED   False      False      True            False      False      False        True                 False       True                   4           11.0975    0.772337   0.770352    0.633876 │
│ hyperband_train_a1135_01626   TERMINATED   True       False      False           True       False      False        False                False       False                  1            4.47099   1.09847    0.658304    0.333333 │
│ hyperband_train_a1135_01627   TERMINATED   True       True       True            False      False      True         True                 True        True                   4           16.543     0.651332   0.796107    0.720877 │
│ hyperband_train_a1135_01628   TERMINATED   False      False      False           True       False      False        True                 False       False                  2            6.30422   0.710888   0.711886    0.686177 │
│ hyperband_train_a1135_01629   TERMINATED   False      True       False           False      True       True         True                 False       True                   1            5.03402   0.86129    0.690719    0.571942 │
│ hyperband_train_a1135_01630   TERMINATED   True       False      False           False      True       False        False                False       True                   4           15.4964    0.7203     0.777235    0.676459 │
│ hyperband_train_a1135_01631   TERMINATED   False      True       True            True       True       True         True                 False       False                  4           21.8799    0.763263   0.718028    0.708704 │
│ hyperband_train_a1135_01632   TERMINATED   False      False      True            False      False      True         True                 True        True                   4            9.30395   0.648857   0.793887    0.716928 │
│ hyperband_train_a1135_01633   TERMINATED   False      True       True            True       False      True         False                True        False                  4           20.9294    0.626784   0.792703    0.730371 │
│ hyperband_train_a1135_01634   TERMINATED   False      True       False           False      True       False        True                 False       False                  2            9.03029   0.791166   0.71862     0.624541 │
│ hyperband_train_a1135_01635   TERMINATED   False      False      True            True       True       True         False                False       False                  4           12.9839    0.689881   0.776347    0.695054 │
│ hyperband_train_a1135_01636   TERMINATED   False      False      False           True       False      False        True                 True        False                  2            8.1838    0.650165   0.741563    0.713413 │
│ hyperband_train_a1135_01637   TERMINATED   False      True       True            True       False      False        False                True        True                   1            5.49043   0.664361   0.740897    0.701144 │
│ hyperband_train_a1135_01638   TERMINATED   True       False      True            False      True       False        False                True        False                  1            4.58461   1.10068    0.246226    0.333333 │
│ hyperband_train_a1135_01639   TERMINATED   False      True       False           True       True       True         True                 True        False                  4           24.887     0.616782   0.803286    0.726854 │
│ hyperband_train_a1135_01640   TERMINATED   True       True       False           True       True       False        True                 True        True                   4           28.6966    0.608021   0.778123    0.736995 │
│ hyperband_train_a1135_01641   TERMINATED   False      False      True            False      True       False        True                 False       True                   4           12.5343    0.886495   0.677398    0.581222 │
│ hyperband_train_a1135_01642   TERMINATED   True       True       True            True       False      False        False                True        True                   4           25.2654    0.98338    0.583481    0.587034 │
│ hyperband_train_a1135_01643   TERMINATED   False      True       False           False      False      False        False                True        True                   4           12.3508    0.67229    0.790779    0.697356 │
│ hyperband_train_a1135_01644   TERMINATED   False      True       False           True       False      False        True                 False       True                   4           19.1812    0.786218   0.656676    0.643139 │
│ hyperband_train_a1135_01645   TERMINATED   True       True       False           False      True       False        True                 False       False                  2           10.7144    1.09843    0.658304    0.333333 │
│ hyperband_train_a1135_01646   TERMINATED   False      False      False           True       True       False        False                False       False                  4           14.0435    0.648256   0.778123    0.725203 │
│ hyperband_train_a1135_01647   TERMINATED   False      False      True            True       True       True         False                False       False                  2            6.88212   0.820854   0.642466    0.628007 │
│ hyperband_train_a1135_01648   TERMINATED   True       False      False           False      True       False        False                False       True                   1            4.05339   0.824652   0.728242    0.609678 │
│ hyperband_train_a1135_01649   TERMINATED   True       False      True            False      False      True         False                False       True                   1            4.1539    0.76959    0.753108    0.63117  │
│ hyperband_train_a1135_01650   TERMINATED   True       True       True            True       True       False        True                 False       True                   4           27.6491    0.940897   0.616785    0.544887 │
│ hyperband_train_a1135_01651   TERMINATED   True       False      False           True       True       True         False                True        True                   4           22.602     0.611261   0.772276    0.736076 │
│ hyperband_train_a1135_01652   TERMINATED   False      True       True            False      True       True         True                 False       True                   4           16.9881    0.677407   0.786486    0.691712 │
│ hyperband_train_a1135_01653   TERMINATED   True       False      True            False      True       True         True                 True        False                  4           17.5989    0.771495   0.748446    0.630123 │
│ hyperband_train_a1135_01654   TERMINATED   False      True       False           False      False      False        True                 False       False                  2            6.5695    1.09849    0.658304    0.333333 │
│ hyperband_train_a1135_01655   TERMINATED   False      True       True            True       True       True         False                True        False                  4           25.0199    0.743837   0.703819    0.668075 │
│ hyperband_train_a1135_01656   TERMINATED   False      False      False           True       True       True         True                 True        True                   4           17.0237    0.658267   0.737049    0.717355 │
│ hyperband_train_a1135_01657   TERMINATED   True       True       False           True       True       True         False                False       False                  1            7.02551   0.804916   0.735864    0.616521 │
│ hyperband_train_a1135_01658   TERMINATED   False      False      True            True       True       False        True                 False       True                   2            7.05103   1.00067    0.714846    0.648733 │
│ hyperband_train_a1135_01659   TERMINATED   False      True       True            False      False      True         False                True        True                   1            3.90423   0.959257   0.727279    0.630886 │
│ hyperband_train_a1135_01660   TERMINATED   True       False      False           True       False      True         False                False       True                   4           15.2489    0.815296   0.615897    0.67086  │
│ hyperband_train_a1135_01661   TERMINATED   True       False      True            False      False      True         False                True        False                  4           12.0416    1.02487    0.554914    0.658974 │
│ hyperband_train_a1135_01662   TERMINATED   True       True       False           False      True       True         False                False       False                  4           19.85      0.995519   0.706779    0.58864  │
│ hyperband_train_a1135_01663   TERMINATED   False      True       False           False      True       False        False                False       False                  2            7.84691   0.767238   0.727946    0.659136 │
│ hyperband_train_a1135_01664   TERMINATED   True       False      True            True       True       True         True                 False       True                   4           22.1072    0.658266   0.799512    0.716987 │
│ hyperband_train_a1135_01665   TERMINATED   True       True       True            True       True       True         False                False       False                  4           27.9491    0.679366   0.734162    0.69435  │
│ hyperband_train_a1135_01666   TERMINATED   False      False      False           True       True       True         True                 False       False                  4           13.959     0.664293   0.742895    0.705932 │
│ hyperband_train_a1135_01667   TERMINATED   True       True       False           True       False      True         True                 False       False                  2           11.7972    0.795049   0.639358    0.68974  │
│ hyperband_train_a1135_01668   TERMINATED   True       True       True            False      True       False        False                True        False                  1            5.53839   1.09867    0.658304    0.333333 │
│ hyperband_train_a1135_01669   TERMINATED   False      True       False           False      False      True         True                 False       False                  1            3.05576   0.872845   0.688351    0.583074 │
│ hyperband_train_a1135_01670   TERMINATED   True       False      False           False      True       False        True                 False       True                   4           16.9136    0.835486   0.666001    0.611683 │
│ hyperband_train_a1135_01671   TERMINATED   False      False      True            False      False      False        True                 False       False                  4            9.71868   0.653987   0.759177    0.7062   │
│ hyperband_train_a1135_01672   TERMINATED   True       True       False           False      True       False        False                True        True                   4           20.547     0.727928   0.744597    0.680474 │
│ hyperband_train_a1135_01673   TERMINATED   False      False      False           False      False      False        True                 False       False                  4            9.68811   0.718007   0.800696    0.675999 │
│ hyperband_train_a1135_01674   TERMINATED   True       True       False           False      False      True         True                 False       True                   2            7.21294   1.09849    0.658304    0.333333 │
│ hyperband_train_a1135_01675   TERMINATED   True       True       True            True       True       True         False                False       True                   4           27.0359    0.785745   0.711072    0.659447 │
│ hyperband_train_a1135_01676   TERMINATED   False      True       True            True       True       True         False                True        False                  1            6.95402   0.819244   0.697158    0.61982  │
│ hyperband_train_a1135_01677   TERMINATED   False      True       True            False      False      False        False                False       False                  2            6.63566   0.788529   0.756365    0.653933 │
│ hyperband_train_a1135_01678   TERMINATED   False      False      False           True       False      True         False                False       False                  4           12.5185    0.678429   0.787448    0.716901 │
│ hyperband_train_a1135_01679   TERMINATED   False      True       False           False      False      False        True                 False       True                   1            2.99414   1.09845    0.658304    0.333333 │
│ hyperband_train_a1135_01680   TERMINATED   True       True       False           True       False      True         True                 True        True                   4           24.1787    0.755876   0.6922      0.657163 │
│ hyperband_train_a1135_01681   TERMINATED   True       False      True            True       True       True         True                 True        True                   4           24.4796    0.704589   0.765764    0.687948 │
│ hyperband_train_a1135_01682   TERMINATED   True       False      False           True       False      True         True                 False       False                  4           15.9493    1.10293    0.0954707   0.333333 │
│ hyperband_train_a1135_01683   TERMINATED   True       False      False           True       True       True         True                 False       True                   2           11.0203    0.922554   0.677546    0.570221 │
│ hyperband_train_a1135_01684   TERMINATED   False      True       False           True       False      True         True                 True        False                  4           21.1045    0.688451   0.741711    0.697808 │
│ hyperband_train_a1135_01685   TERMINATED   False      True       False           False      False      True         False                True        False                  4           12.7291    0.803601   0.741193    0.621469 │
│ hyperband_train_a1135_01686   TERMINATED   False      False      True            False      False      True         True                 True        False                  2            4.82482   0.719158   0.740897    0.668696 │
│ hyperband_train_a1135_01687   TERMINATED   False      True       False           True       True       True         False                True        False                  1            6.22639   0.816577   0.721877    0.616227 │
│ hyperband_train_a1135_01688   TERMINATED   True       False      False           False      False      False        True                 True        False                  1            3.58518   1.09843    0.658304    0.333333 │
│ hyperband_train_a1135_01689   TERMINATED   False      False      False           False      True       True         False                True        True                   4           10.7993    0.633079   0.767392    0.719227 │
│ hyperband_train_a1135_01690   TERMINATED   True       True       True            True       False      True         True                 True        True                   4           25.3791    0.672023   0.721951    0.701984 │
│ hyperband_train_a1135_01691   TERMINATED   False      False      False           False      True       True         False                True        False                  4            9.87814   0.650528   0.803804    0.711969 │
│ hyperband_train_a1135_01692   TERMINATED   True       True       False           True       True       False        False                True        False                  4           28.6024    0.616441   0.766652    0.73223  │
│ hyperband_train_a1135_01693   TERMINATED   False      False      True            False      True       False        False                False       False                  4           11.6637    0.71357    0.750518    0.695789 │
│ hyperband_train_a1135_01694   TERMINATED   True       True       True            False      True       True         False                False       False                  2           10.574     0.814111   0.785968    0.62501  │
│ hyperband_train_a1135_01695   TERMINATED   False      True       False           True       False      True         True                 False       False                  4           15.4734    0.899695   0.517392    0.645013 │
│ hyperband_train_a1135_01696   TERMINATED   True       False      False           False      True       True         True                 False       False                  2            8.33816   0.860657   0.783526    0.647902 │
│ hyperband_train_a1135_01697   TERMINATED   False      True       True            True       False      True         True                 False       False                  4           19.9806    0.794723   0.688203    0.71988  │
│ hyperband_train_a1135_01698   TERMINATED   False      True       False           False      True       True         False                False       False                  1            4.66571   1.03519    0.771832    0.5594   │
│ hyperband_train_a1135_01699   TERMINATED   False      True       True            True       True       True         False                True        True                   1            6.42835   0.909185   0.530639    0.576801 │
│ hyperband_train_a1135_01700   TERMINATED   False      False      False           True       False      False        False                False       False                  4           10.5834    0.605127   0.777235    0.746434 │
│ hyperband_train_a1135_01701   TERMINATED   True       False      True            False      False      True         True                 True        True                   4           12.4145    0.907107   0.727131    0.689749 │
│ hyperband_train_a1135_01702   TERMINATED   True       False      True            False      True       True         True                 True        True                   4           16.694     0.853915   0.692792    0.569822 │
│ hyperband_train_a1135_01703   TERMINATED   True       True       False           False      True       False        True                 False       True                   2           10.7695    1.09845    0.658304    0.333333 │
│ hyperband_train_a1135_01704   TERMINATED   True       False      True            False      False      True         True                 False       False                  4           13.3169    0.660887   0.800696    0.707657 │
│ hyperband_train_a1135_01705   TERMINATED   False      False      False           True       True       False        False                True        False                  4           14.2838    0.622695   0.765468    0.730293 │
│ hyperband_train_a1135_01706   TERMINATED   False      True       True            True       True       True         False                True        True                   2           14.6744    0.909473   0.739565    0.638285 │
│ hyperband_train_a1135_01707   TERMINATED   True       False      True            False      False      True         True                 False       False                  1            4.21883   0.853421   0.714328    0.597992 │
│ hyperband_train_a1135_01708   TERMINATED   True       False      True            False      False      False        False                True        False                  1            3.39869   0.764548   0.764506    0.622634 │
│ hyperband_train_a1135_01709   TERMINATED   False      False      False           False      False      True         False                True        True                   4            8.01217   0.615711   0.805802    0.731086 │
│ hyperband_train_a1135_01710   TERMINATED   True       False      False           True       True       False        True                 False       True                   4           20.3067    0.902053   0.600577    0.587569 │
│ hyperband_train_a1135_01711   TERMINATED   False      True       True            True       True       True         True                 False       False                  4           22.1294    0.71728    0.777753    0.678262 │
│ hyperband_train_a1135_01712   TERMINATED   True       True       True            True       False      False        True                 True        False                  4           24.143     0.661376   0.745189    0.712304 │
│ hyperband_train_a1135_01713   TERMINATED   True       False      True            True       True       True         True                 True        True                   4           25.2149    0.948495   0.601243    0.554082 │
│ hyperband_train_a1135_01714   TERMINATED   True       False      True            True       False      False        True                 False       False                  2            9.30999   0.986914   0.525459    0.520389 │
│ hyperband_train_a1135_01715   TERMINATED   False      True       True            False      False      True         True                 False       False                  4           12.3982    1.06647    0.513099    0.572528 │
│ hyperband_train_a1135_01716   TERMINATED   True       True       True            True       False      True         False                False       True                   2           12.1766    0.755149   0.60376     0.669196 │
│ hyperband_train_a1135_01717   TERMINATED   False      True       False           False      False      True         False                False       True                   4           13.2506    0.618899   0.818902    0.735016 │
│ hyperband_train_a1135_01718   TERMINATED   True       False      False           False      True       True         True                 True        True                   1            4.74134   0.886784   0.67688     0.557943 │
│ hyperband_train_a1135_01719   TERMINATED   True       False      False           False      True       True         True                 False       False                  1            3.87081   0.73241    0.74593     0.654305 │
│ hyperband_train_a1135_01720   TERMINATED   True       True       False           False      True       True         True                 True        False                  4           20.1326    0.857435   0.706631    0.588961 │
│ hyperband_train_a1135_01721   TERMINATED   False      False      False           True       False      False        True                 False       True                   4           11.3566    0.604975   0.778863    0.744141 │
│ hyperband_train_a1135_01722   TERMINATED   False      True       False           False      False      False        False                False       False                  4           11.7039    1.09853    0.658304    0.333333 │
│ hyperband_train_a1135_01723   TERMINATED   False      False      True            False      True       True         False                False       True                   4           12.3244    0.638516   0.779529    0.715324 │
│ hyperband_train_a1135_01724   TERMINATED   True       False      True            False      False      True         True                 False       False                  2            6.47769   0.840367   0.691311    0.595728 │
│ hyperband_train_a1135_01725   TERMINATED   False      True       False           True       True       True         True                 True        True                   4           24.4412    0.627925   0.804248    0.722446 │
│ hyperband_train_a1135_01726   TERMINATED   True       True       False           True       False      True         True                 False       True                   2           12.3948    0.742945   0.651717    0.666392 │
│ hyperband_train_a1135_01727   TERMINATED   False      True       True            False      True       True         False                True        True                   1            4.90778   0.793492   0.73357     0.61124  │
│ hyperband_train_a1135_01728   TERMINATED   True       False      True            True       True       False        False                True        True                   1            6.35743   0.82077    0.679914    0.643457 │
│ hyperband_train_a1135_01729   TERMINATED   False      False      False           False      True       True         True                 True        True                   4           11.001     0.614548   0.774053    0.725412 │
│ hyperband_train_a1135_01730   TERMINATED   False      False      True            True       True       True         True                 False       True                   4           13.7176    0.830654   0.756735    0.679046 │
│ hyperband_train_a1135_01731   TERMINATED   True       True       True            False      True       False        False                True        True                   4           21.6296    0.782529   0.703449    0.654738 │
│ hyperband_train_a1135_01732   TERMINATED   True       False      False           False      False      False        False                True        True                   4           11.4049    1.09845    0.658304    0.333333 │
│ hyperband_train_a1135_01733   TERMINATED   False      False      True            True       True       False        False                False       True                   4           14.6042    1.00633    0.725281    0.673476 │
│ hyperband_train_a1135_01734   TERMINATED   True       True       True            True       True       False        True                 False       True                   4           29.6457    0.697771   0.731202    0.714341 │
│ hyperband_train_a1135_01735   TERMINATED   True       True       False           True       False      False        False                True        False                  2           11.8765    0.954005   0.465438    0.558725 │
│ hyperband_train_a1135_01736   TERMINATED   False      True       True            True       False      False        False                False       True                   2            9.68164   0.708651   0.711146    0.687102 │
│ hyperband_train_a1135_01737   TERMINATED   True       False      True            False      True       False        False                False       False                  1            4.6486    1.09858    0.658304    0.333333 │
│ hyperband_train_a1135_01738   TERMINATED   True       True       True            False      False      False        False                True        True                   1            4.59964   1.09845    0.658304    0.333333 │
│ hyperband_train_a1135_01739   TERMINATED   False      False      True            True       False      False        True                 False       True                   4           12.3771    0.598115   0.778271    0.746276 │
│ hyperband_train_a1135_01740   TERMINATED   False      True       False           False      True       False        False                False       False                  4           14.8992    1.0985     0.658304    0.333333 │
│ hyperband_train_a1135_01741   TERMINATED   False      True       True            True       True       False        True                 False       False                  4           22.2603    0.782985   0.690793    0.670536 │
│ hyperband_train_a1135_01742   TERMINATED   True       True       True            False      True       True         True                 True        False                  4           22.8089    0.884977   0.7164      0.600016 │
│ hyperband_train_a1135_01743   TERMINATED   False      False      True            False      False      False        False                False       False                  4           10.0568    0.661183   0.789594    0.704268 │
│ hyperband_train_a1135_01744   TERMINATED   True       False      True            True       False      True         False                True        False                  4           20.9832    0.614865   0.778345    0.728164 │
│ hyperband_train_a1135_01745   TERMINATED   True       False      True            False      False      True         True                 False       True                   2            7.84456   1.09843    0.658304    0.333333 │
│ hyperband_train_a1135_01746   TERMINATED   True       True       True            True       False      False        True                 True        True                   4           27.0064    0.621804   0.749704    0.727399 │
│ hyperband_train_a1135_01747   TERMINATED   False      True       False           False      False      False        True                 True        False                  1            3.41495   0.837193   0.78138     0.624569 │
│ hyperband_train_a1135_01748   TERMINATED   True       True       False           False      False      True         False                True        False                  1            3.6189    0.773157   0.761027    0.646049 │
│ hyperband_train_a1135_01749   TERMINATED   False      False      True            True       False      False        True                 True        False                  2            7.38993   0.710967   0.663632    0.685574 │
│ hyperband_train_a1135_01750   TERMINATED   True       True       False           True       False      False        True                 False       False                  4           19.9806    0.599211   0.776199    0.739937 │
│ hyperband_train_a1135_01751   TERMINATED   False      True       True            False      False      False        False                True        False                  4           12.263     1.09846    0.658304    0.333333 │
│ hyperband_train_a1135_01752   TERMINATED   True       True       True            False      False      True         True                 True        True                   4           17.6374    0.907638   0.710406    0.552189 │
│ hyperband_train_a1135_01753   TERMINATED   True       True       True            True       True       False        False                True        False                  4           30.8669    0.78523    0.707963    0.665272 │
│ hyperband_train_a1135_01754   TERMINATED   False      True       True            False      True       False        True                 True        False                  2            8.14833   0.843004   0.68206     0.624628 │
│ hyperband_train_a1135_01755   TERMINATED   True       True       True            True       False      True         False                False       True                   4           20.5707    0.622447   0.767688    0.738593 │
│ hyperband_train_a1135_01756   TERMINATED   False      False      False           False      True       False        False                True        True                   2            5.56608   0.722767   0.743783    0.664376 │
│ hyperband_train_a1135_01757   TERMINATED   True       True       True            True       False      True         True                 True        True                   1            6.2562    0.906588   0.59029     0.608258 │
│ hyperband_train_a1135_01758   TERMINATED   True       True       False           True       True       True         True                 True        False                  4           30.6774    0.700335   0.737863    0.686924 │
│ hyperband_train_a1135_01759   TERMINATED   True       True       True            False      True       True         True                 True        True                   1            5.35915   0.888712   0.659636    0.55956  │
│ hyperband_train_a1135_01760   TERMINATED   False      True       False           True       True       True         False                False       False                  4           17.8449    0.850354   0.598727    0.604124 │
│ hyperband_train_a1135_01761   TERMINATED   True       True       True            True       True       True         True                 False       True                   4           25.72      1.09781    0.53693     0.354434 │
│ hyperband_train_a1135_01762   TERMINATED   True       True       True            True       True       False        True                 True        True                   4           27.9551    0.833566   0.681838    0.640449 │
│ hyperband_train_a1135_01763   TERMINATED   False      True       True            False      True       False        False                False       True                   2            7.82735   0.901447   0.67984     0.580009 │
│ hyperband_train_a1135_01764   TERMINATED   False      True       False           True       False      True         False                True        False                  4           19.9431    0.652439   0.745115    0.718967 │
│ hyperband_train_a1135_01765   TERMINATED   False      True       True            True       True       False        True                 True        False                  4           22.6843    0.668562   0.743191    0.720045 │
│ hyperband_train_a1135_01766   TERMINATED   False      True       False           True       False      False        False                True        True                   4           19.9882    0.610617   0.761175    0.731479 │
│ hyperband_train_a1135_01767   TERMINATED   False      False      False           False      True       False        True                 False       True                   1            2.61839   0.799359   0.71085     0.63919  │
│ hyperband_train_a1135_01768   TERMINATED   True       False      True            False      False      True         True                 True        False                  1            3.0368    0.743033   0.749926    0.655071 │
│ hyperband_train_a1135_01769   TERMINATED   True       True       True            True       True       True         False                False       False                  2           12.7903    0.695507   0.746522    0.685031 │
│ hyperband_train_a1135_01770   TERMINATED   True       True       True            False      True       False        True                 True        True                   4           20.8635    0.78149    0.699896    0.653788 │
│ hyperband_train_a1135_01771   TERMINATED   False      True       True            False      False      False        False                True        True                   4           11.7782    0.677104   0.751554    0.706806 │
│ hyperband_train_a1135_01772   TERMINATED   True       True       True            False      True       True         True                 True        True                   4           21.536     0.764455   0.76421     0.659216 │
│ hyperband_train_a1135_01773   TERMINATED   False      False      False           False      False      True         True                 False       True                   4           10.6952    0.68157    0.78767     0.71289  │
│ hyperband_train_a1135_01774   TERMINATED   True       False      False           False      True       True         True                 True        False                  4           17.753     0.657895   0.80151     0.704253 │
│ hyperband_train_a1135_01775   TERMINATED   False      False      True            False      True       True         False                False       True                   2            5.71003   0.762013   0.780343    0.634574 │
│ hyperband_train_a1135_01776   TERMINATED   True       False      True            False      False      True         False                True        True                   1            3.68112   1.09849    0.658304    0.333333 │
│ hyperband_train_a1135_01777   TERMINATED   False      False      False           False      False      True         False                False       True                   4            9.75594   0.688328   0.817422    0.7115   │
│ hyperband_train_a1135_01778   TERMINATED   True       False      False           True       True       False        True                 True        True                   1            6.12577   0.925062   0.674364    0.547991 │
│ hyperband_train_a1135_01779   TERMINATED   False      True       False           False      True       False        False                False       True                   2            8.69677   0.796027   0.662448    0.640768 │
│ hyperband_train_a1135_01780   TERMINATED   False      True       True            False      False      True         True                 False       False                  4           12.4675    0.843524   0.71862     0.678164 │
│ hyperband_train_a1135_01781   TERMINATED   False      True       True            False      False      False        False                True        False                  4           12.5202    1.09849    0.658304    0.333333 │
│ hyperband_train_a1135_01782   TERMINATED   True       True       False           False      True       False        True                 True        True                   4           21.4585    0.868049   0.697454    0.596672 │
│ hyperband_train_a1135_01783   TERMINATED   False      False      True            False      False      True         True                 True        False                  4            9.46918   1.01662    0.688425    0.706542 │
│ hyperband_train_a1135_01784   TERMINATED   False      False      False           True       False      False        False                False       True                   4           11.9372    0.599185   0.783378    0.744311 │
│ hyperband_train_a1135_01785   TERMINATED   True       False      True            True       False      True         True                 True        True                   2           10.748     0.978962   0.709813    0.574741 │
│ hyperband_train_a1135_01786   TERMINATED   False      True       True            True       False      True         True                 False       True                   2           10.6088    0.834395   0.525459    0.607048 │
│ hyperband_train_a1135_01787   TERMINATED   True       False      True            False      False      True         True                 True        False                  1            3.98293   0.877249   0.768798    0.605743 │
│ hyperband_train_a1135_01788   TERMINATED   False      True       False           True       False      False        False                False       True                   4           17.4965    0.772141   0.680506    0.683036 │
│ hyperband_train_a1135_01789   TERMINATED   True       False      False           True       False      False        False                False       False                  1            4.62834   0.862766   0.67577     0.597377 │
│ hyperband_train_a1135_01790   TERMINATED   False      True       True            True       False      False        False                True        True                   4           20.6979    0.628349   0.737197    0.724716 │
│ hyperband_train_a1135_01791   TERMINATED   False      False      True            False      True       True         True                 False       True                   4           10.1926    1.00785    0.749038    0.671781 │
│ hyperband_train_a1135_01792   TERMINATED   True       True       False           False      False      True         False                True        False                  4           15.0789    0.654183   0.797365    0.704    │
│ hyperband_train_a1135_01793   TERMINATED   True       True       False           True       True       False        False                True        True                   2           14.6748    1.09629    0.447084    0.395568 │
│ hyperband_train_a1135_01794   TERMINATED   True       True       False           True       False      False        False                True        True                   4           25.5793    0.639988   0.77124     0.712234 │
│ hyperband_train_a1135_01795   TERMINATED   True       False      True            False      False      False        False                True        False                  4           13.121     0.661165   0.76791     0.712925 │
│ hyperband_train_a1135_01796   TERMINATED   False      False      False           False      False      True         False                True        True                   2            4.34467   0.840548   0.768502    0.690485 │
│ hyperband_train_a1135_01797   TERMINATED   True       False      False           False      True       False        False                True        False                  1            4.46322   1.09845    0.658304    0.333333 │
│ hyperband_train_a1135_01798   TERMINATED   True       False      True            True       False      False        False                True        True                   4           20.9728    0.625643   0.766948    0.726756 │
│ hyperband_train_a1135_01799   TERMINATED   False      True       False           True       True       False        True                 True        False                  1            6.43153   0.92489    0.621152    0.550053 │
│ hyperband_train_a1135_01800   TERMINATED   False      True       True            False      False      False        False                False       True                   4           12.9551    0.620909   0.806616    0.73162  │
│ hyperband_train_a1135_01801   TERMINATED   False      True       False           False      False      True         False                False       True                   4           11.597     0.994196   0.767392    0.71407  │
│ hyperband_train_a1135_01802   TERMINATED   False      False      False           True       True       False        False                False       False                  4           11.8333    0.648256   0.778123    0.725203 │
│ hyperband_train_a1135_01803   TERMINATED   True       True       False           True       True       True         False                False       True                   2           14.0615    0.819206   0.722617    0.617618 │
│ hyperband_train_a1135_01804   TERMINATED   True       True       False           False      False      False        False                True        True                   4           14.7943    0.653218   0.799512    0.710832 │
│ hyperband_train_a1135_01805   TERMINATED   True       False      True            True       True       True         True                 True        True                   4           27.0473    0.801135   0.726317    0.674325 │
│ hyperband_train_a1135_01806   TERMINATED   False      False      False           False      True       True         True                 True        True                   1            2.38219   0.876577   0.738381    0.58612  │
│ hyperband_train_a1135_01807   TERMINATED   False      True       False           False      True       False        False                True        False                  2            9.44126   0.874829   0.683245    0.602323 │
│ hyperband_train_a1135_01808   TERMINATED   True       False      False           False      False      False        False                False       True                   4           11.5688    0.598466   0.809651    0.742401 │
│ hyperband_train_a1135_01809   TERMINATED   False      False      False           True       True       True         False                True        True                   1            3.51484   0.951581   0.483644    0.533692 │
│ hyperband_train_a1135_01810   TERMINATED   True       False      True            False      False      True         True                 False       False                  4           12.3552    0.671982   0.814757    0.697805 │
│ hyperband_train_a1135_01811   TERMINATED   True       True       False           False      True       True         True                 False       False                  4           20.145     0.741626   0.766948    0.661956 │
│ hyperband_train_a1135_01812   TERMINATED   False      False      True            False      True       False        False                False       False                  4           10.8235    0.723762   0.80336     0.663875 │
│ hyperband_train_a1135_01813   TERMINATED   False      True       True            False      True       True         False                False       True                   4           18.2331    0.965209   0.774423    0.692556 │
│ hyperband_train_a1135_01814   TERMINATED   False      False      True            True       True       True         True                 False       True                   4           13.98      1.29323    0.327487    0.287796 │
│ hyperband_train_a1135_01815   TERMINATED   True       True       False           False      False      False        False                True        True                   2            7.29629   1.09844    0.658304    0.333333 │
│ hyperband_train_a1135_01816   TERMINATED   True       False      False           True       True       False        False                False       True                   1            5.24903   1.09763    0.539594    0.341648 │
│ hyperband_train_a1135_01817   TERMINATED   False      False      True            False      True       False        True                 True        False                  1            3.54486   0.829562   0.629515    0.61358  │
│ hyperband_train_a1135_01818   TERMINATED   True       True       True            True       True       True         True                 False       False                  2           14.5637    0.700237   0.731572    0.685033 │
│ hyperband_train_a1135_01819   TERMINATED   False      False      True            True       False      True         False                False       True                   4           13.3438    0.596185   0.816681    0.747811 │
│ hyperband_train_a1135_01820   TERMINATED   True       False      False           False      False      False        False                True        False                  4           10.5221    1.09847    0.658304    0.333333 │
│ hyperband_train_a1135_01821   TERMINATED   True       False      False           True       True       False        False                True        False                  4           22.053     0.624661   0.761545    0.729196 │
│ hyperband_train_a1135_01822   TERMINATED   False      True       False           False      True       True         False                False       True                   4           16.2777    0.590442   0.800326    0.742369 │
│ hyperband_train_a1135_01823   TERMINATED   False      False      True            False      False      False        False                True        True                   4            9.73131   0.643864   0.765246    0.720641 │
│ hyperband_train_a1135_01824   TERMINATED   False      False      False           True       True       True         False                False       False                  4           14.1615    0.687256   0.812463    0.720991 │
│ hyperband_train_a1135_01825   TERMINATED   True       True       True            True       False      False        False                True        False                  2           12.2581    1.04518    0.69775     0.468497 │
│ hyperband_train_a1135_01826   TERMINATED   True       False      True            False      False      True         False                True        True                   1            3.09263   0.779583   0.756513    0.627225 │
│ hyperband_train_a1135_01827   TERMINATED   False      False      False           False      True       False        True                 False       False                  1            3.44167   0.948539   0.71344     0.551855 │
│ hyperband_train_a1135_01828   TERMINATED   False      False      True            True       False      False        True                 False       True                   2            7.96087   0.754567   0.670811    0.671439 │
│ hyperband_train_a1135_01829   TERMINATED   False      False      False           False      False      False        False                False       True                   4            9.59351   0.634674   0.820678    0.723785 │
│ hyperband_train_a1135_01830   TERMINATED   True       False      True            False      True       True         True                 False       False                  4           15.8774    0.702888   0.789372    0.665036 │
│ hyperband_train_a1135_01831   TERMINATED   True       True       False           False      True       False        False                True        False                  4           19.6465    1.09844    0.658304    0.333333 │
│ hyperband_train_a1135_01832   TERMINATED   True       True       True            False      False      False        True                 False       True                   4           15.1522    1.09845    0.658304    0.333333 │
│ hyperband_train_a1135_01833   TERMINATED   True       False      False           False      True       False        True                 True        False                  2            7.52087   1.09844    0.658304    0.333333 │
│ hyperband_train_a1135_01834   TERMINATED   False      False      False           False      False      True         True                 False       False                  4            9.67285   0.649614   0.792407    0.711128 │
│ hyperband_train_a1135_01835   TERMINATED   False      True       False           True       False      False        False                True        False                  4           18.3972    0.779817   0.661856    0.630859 │
│ hyperband_train_a1135_01836   TERMINATED   True       True       True            False      False      False        True                 False       True                   1            4.4948    1.09849    0.658304    0.333333 │
│ hyperband_train_a1135_01837   TERMINATED   True       True       True            False      False      False        False                True        True                   1            4.44661   1.09843    0.658304    0.333333 │
│ hyperband_train_a1135_01838   TERMINATED   True       True       True            True       False      True         False                False       True                   2           12.1813    1.02156    0.687241    0.517703 │
│ hyperband_train_a1135_01839   TERMINATED   True       False      False           True       True       False        False                False       False                  4           20.6974    0.708818   0.727798    0.694524 │
│ hyperband_train_a1135_01840   TERMINATED   True       True       False           False      True       False        False                False       False                  4           19.1642    0.731967   0.721211    0.679627 │
│ hyperband_train_a1135_01841   TERMINATED   False      True       True            True       True       False        False                True        True                   4           23.8746    0.657243   0.741859    0.718125 │
│ hyperband_train_a1135_01842   TERMINATED   False      False      True            False      True       True         False                False       False                  4            9.88401   0.986936   0.601687    0.592435 │
│ hyperband_train_a1135_01843   TERMINATED   False      True       False           False      False      False        False                True        True                   4           13.0596    0.664544   0.776569    0.704474 │
│ hyperband_train_a1135_01844   TERMINATED   False      True       True            False      True       False        False                True        True                   2            8.41257   0.783211   0.761619    0.638949 │
│ hyperband_train_a1135_01845   TERMINATED   False      True       True            True       True       False        False                False       False                  4           21.1776    0.685187   0.734902    0.700252 │
│ hyperband_train_a1135_01846   TERMINATED   False      True       True            True       False      False        False                False       True                   2           10.0369    0.664776   0.732238    0.710836 │
│ hyperband_train_a1135_01847   TERMINATED   False      True       True            True       False      False        True                 False       True                   4           19.9695    0.584148   0.770944    0.742337 │
│ hyperband_train_a1135_01848   TERMINATED   False      True       True            False      False      True         True                 True        False                  1            3.61065   0.845408   0.749112    0.579431 │
│ hyperband_train_a1135_01849   TERMINATED   False      True       True            True       False      False        True                 True        False                  1            5.68163   0.714419   0.704707    0.677074 │
│ hyperband_train_a1135_01850   TERMINATED   True       True       True            False      True       False        True                 True        True                   4           21.8094    1.09852    0.658304    0.333333 │
│ hyperband_train_a1135_01851   TERMINATED   False      True       False           True       True       False        True                 False       True                   4           21.2783    0.68829    0.762655    0.719334 │
│ hyperband_train_a1135_01852   TERMINATED   False      False      True            True       True       False        True                 True        False                  4           17.7642    0.742166   0.695974    0.683705 │
│ hyperband_train_a1135_01853   TERMINATED   False      False      False           False      True       True         True                 False       False                  2            5.21947   0.770679   0.80225     0.638934 │
│ hyperband_train_a1135_01854   TERMINATED   False      False      False           False      True       True         False                False       True                   4           11.7327    0.677097   0.815497    0.724371 │
│ hyperband_train_a1135_01855   TERMINATED   True       False      False           True       False      False        True                 True        False                  4           19.0224    0.710051   0.745856    0.714641 │
│ hyperband_train_a1135_01856   TERMINATED   True       False      False           False      True       False        False                True        True                   4           16.3757    0.762623   0.728612    0.660299 │
│ hyperband_train_a1135_01857   TERMINATED   False      True       True            False      True       True         False                True        False                  2            9.99976   0.973521   0.615231    0.518487 │
│ hyperband_train_a1135_01858   TERMINATED   True       False      False           False      False      True         True                 True        False                  1            3.83237   1.09847    0.658304    0.333333 │
│ hyperband_train_a1135_01859   TERMINATED   True       True       True            False      False      False        False                False       True                   1            4.09929   1.09844    0.658304    0.333333 │
│ hyperband_train_a1135_01860   TERMINATED   False      False      True            False      True       False        False                True        True                   4           10.9702    0.707991   0.775459    0.684041 │
│ hyperband_train_a1135_01861   TERMINATED   False      False      True            True       True       False        True                 False       True                   4           13.9369    0.616247   0.78767     0.732857 │
│ hyperband_train_a1135_01862   TERMINATED   True       True       False           False      False      False        True                 True        False                  4           14.9349    1.09845    0.658304    0.333333 │
│ hyperband_train_a1135_01863   TERMINATED   True       False      False           False      False      True         False                False       False                  2            6.35771   0.766178   0.733422    0.637819 │
│ hyperband_train_a1135_01864   TERMINATED   False      False      False           False      True       True         True                 False       True                   4           12.7365    0.587055   0.789742    0.742832 │
│ hyperband_train_a1135_01865   TERMINATED   False      True       True            False      False      False        False                True        False                  4           13.6521    0.675529   0.732534    0.715133 │
│ hyperband_train_a1135_01866   TERMINATED   False      False      False           True       True       True         False                True        False                  2            7.64863   0.742022   0.674438    0.673333 │
│ hyperband_train_a1135_01867   TERMINATED   False      False      True            False      False      True         True                 False       True                   1            2.96744   0.778697   0.742081    0.627844 │
│ hyperband_train_a1135_01868   TERMINATED   False      True       True            False      True       True         True                 False       True                   4           18.9727    0.61181    0.794775    0.722571 │
│ hyperband_train_a1135_01869   TERMINATED   True       True       True            False      False      True         False                True        False                  1            4.52999   0.979207   0.708481    0.55016  │
│ hyperband_train_a1135_01870   TERMINATED   False      False      True            True       False      False        True                 True        False                  4           14.2462    0.68043    0.743931    0.724355 │
│ hyperband_train_a1135_01871   TERMINATED   False      False      True            True       False      False        False                False       False                  4           11.3038    0.587325   0.772499    0.748624 │
│ hyperband_train_a1135_01872   TERMINATED   True       False      False           True       False      False        True                 True        True                   4           19.3514    0.637087   0.777383    0.741064 │
│ hyperband_train_a1135_01873   TERMINATED   False      False      False           True       False      False        False                True        True                   4           14.1252    0.583542   0.771832    0.745975 │
│ hyperband_train_a1135_01874   TERMINATED   True       True       True            False      True       False        True                 False       True                   2           11.1377    1.09846    0.658304    0.333333 │
│ hyperband_train_a1135_01875   TERMINATED   False      True       True            False      False      False        False                False       False                  4           13.4837    0.671737   0.775385    0.703337 │
│ hyperband_train_a1135_01876   TERMINATED   False      False      True            True       False      True         True                 True        False                  2            9.08628   0.708073   0.750592    0.677878 │
│ hyperband_train_a1135_01877   TERMINATED   True       False      False           False      True       True         False                True        True                   1            3.67841   0.728353   0.71751     0.657198 │
│ hyperband_train_a1135_01878   TERMINATED   False      True       False           False      True       False        True                 True        True                   1            3.85396   0.803656   0.686945    0.620656 │
│ hyperband_train_a1135_01879   TERMINATED   False      False      True            True       True       False        False                True        True                   4           17.8156    0.68183    0.736604    0.714679 │
│ hyperband_train_a1135_01880   TERMINATED   False      True       False           False      True       False        True                 False       False                  4           16.407     0.727302   0.762729    0.656767 │
│ hyperband_train_a1135_01881   TERMINATED   False      True       True            True       True       False        False                False       False                  4           21.2672    0.687837   0.756883    0.696309 │
│ hyperband_train_a1135_01882   TERMINATED   False      False      False           False      False      True         False                False       True                   4            9.22811   0.635563   0.82201     0.735493 │
│ hyperband_train_a1135_01883   TERMINATED   False      True       True            False      True       False        False                False       True                   4           18.6545    0.727121   0.798697    0.676618 │
│ hyperband_train_a1135_01884   TERMINATED   True       True       True            False      False      True         True                 False       False                  4           16.4199    0.669006   0.794701    0.694548 │
│ hyperband_train_a1135_01885   TERMINATED   False      True       True            False      True       False        False                False       True                   2            9.16029   0.891027   0.738381    0.52899  │
│ hyperband_train_a1135_01886   TERMINATED   True       True       True            True       False      True         False                False       False                  2           12.2872    0.659426   0.715882    0.699628 │
│ hyperband_train_a1135_01887   TERMINATED   True       False      True            False      True       True         True                 True        False                  1            3.87861   0.849821   0.779455    0.601912 │
│ hyperband_train_a1135_01888   TERMINATED   False      False      True            True       False      False        True                 True        False                  1            3.80104   0.818598   0.561205    0.624064 │
│ hyperband_train_a1135_01889   TERMINATED   False      False      False           True       False      True         False                False       True                   4           12.4103    0.643625   0.811353    0.745818 │
│ hyperband_train_a1135_01890   TERMINATED   True       False      True            False      True       False        False                False       False                  4           14.8555    1.09853    0.658304    0.333333 │
│ hyperband_train_a1135_01891   TERMINATED   True       True       True            True       True       False        True                 True        False                  4           31.5476    0.73275    0.722913    0.696566 │
│ hyperband_train_a1135_01892   TERMINATED   True       True       False           False      False      True         False                True        False                  4           15.1087    1.09847    0.658304    0.333333 │
│ hyperband_train_a1135_01893   TERMINATED   False      False      False           True       True       False        False                True        False                  4           16.5076    0.618504   0.772647    0.73584  │
│ hyperband_train_a1135_01894   TERMINATED   False      False      True            False      True       False        True                 False       False                  2            6.47115   0.904007   0.64587     0.541583 │
│ hyperband_train_a1135_01895   TERMINATED   False      True       True            False      True       False        True                 True        False                  4           16.4589    0.822851   0.64513     0.627418 │
│ hyperband_train_a1135_01896   TERMINATED   True       False      True            True       True       True         True                 True        True                   1            6.72564   0.904607   0.685465    0.557773 │
│ hyperband_train_a1135_01897   TERMINATED   False      False      True            False      False      False        False                True        False                  4           10.0359    0.646309   0.745115    0.714402 │
│ hyperband_train_a1135_01898   TERMINATED   True       False      False           True       False      False        False                True        True                   2            9.57459   0.788152   0.728686    0.629463 │
│ hyperband_train_a1135_01899   TERMINATED   True       True       True            True       True       True         False                True        True                   1            7.59693   1.03672    0.694494    0.468185 │
│ hyperband_train_a1135_01900   TERMINATED   False      True       True            True       True       False        False                False       True                   4           20.7581    0.647641   0.754144    0.717831 │
│ hyperband_train_a1135_01901   TERMINATED   True       False      True            True       False      False        False                True        True                   4           20.0155    0.623632   0.743857    0.728759 │
│ hyperband_train_a1135_01902   TERMINATED   True       False      False           False      False      False        False                False       False                  4           10.8549    1.09849    0.658304    0.333333 │
│ hyperband_train_a1135_01903   TERMINATED   True       True       True            True       True       True         True                 True        True                   4           33.8157    0.747299   0.72987     0.681188 │
│ hyperband_train_a1135_01904   TERMINATED   False      False      False           False      False      False        False                True        True                   4            9.79951   0.626703   0.79929     0.725408 │
│ hyperband_train_a1135_01905   TERMINATED   True       False      False           True       True       False        False                True        False                  2           11.4523    0.80494    0.74667     0.633524 │
│ hyperband_train_a1135_01906   TERMINATED   False      True       False           False      False      False        False                True        False                  1            3.5183    0.837193   0.78138     0.624569 │
│ hyperband_train_a1135_01907   TERMINATED   False      True       False           True       False      False        False                False       False                  4           17.7035    0.598871   0.775755    0.742697 │
│ hyperband_train_a1135_01908   TERMINATED   True       False      True            False      False      False        True                 False       True                   1            2.9325    1.09849    0.658304    0.333333 │
│ hyperband_train_a1135_01909   TERMINATED   False      False      True            False      False      True         True                 True        False                  2            5.2845    0.685753   0.783896    0.686471 │
│ hyperband_train_a1135_01910   TERMINATED   False      True       False           True       True       False        True                 False       True                   4           20.8147    0.627212   0.790557    0.731617 │
│ hyperband_train_a1135_01911   TERMINATED   True       True       False           False      True       True         True                 False       True                   4           21.5332    1.01974    0.68169     0.604476 │
│ hyperband_train_a1135_01912   TERMINATED   True       False      True            True       True       True         True                 True        False                  4           23.1845    0.899633   0.669775    0.664801 │
│ hyperband_train_a1135_01913   TERMINATED   True       True       False           False      False      True         True                 False       True                   2            7.9927    1.055      0.743635    0.549097 │
│ hyperband_train_a1135_01914   TERMINATED   False      True       True            False      True       False        False                False       True                   4           17.043     0.776493   0.760139    0.662015 │
│ hyperband_train_a1135_01915   TERMINATED   False      False      True            True       False      True         False                False       False                  4           11.7265    0.635699   0.771758    0.710281 │
│ hyperband_train_a1135_01916   TERMINATED   False      True       False           False      False      False        False                True        True                   1            4.16492   1.09844    0.658304    0.333333 │
│ hyperband_train_a1135_01917   TERMINATED   False      False      False           False      True       True         True                 True        False                  2            6.39614   0.836736   0.798475    0.647903 │
│ hyperband_train_a1135_01918   TERMINATED   True       False      True            True       False      False        False                True        False                  1            5.27222   1.09516    0.665335    0.392836 │
│ hyperband_train_a1135_01919   TERMINATED   False      False      True            True       False      True         False                True        True                   4           15.6887    0.659927   0.769316    0.701129 │
│ hyperband_train_a1135_01920   TERMINATED   True       True       True            False      False      True         False                True        True                   4           16.1054    0.730026   0.755181    0.674028 │
│ hyperband_train_a1135_01921   TERMINATED   True       False      True            False      False      False        True                 False       True                   4           11.9769    1.09847    0.658304    0.333333 │
│ hyperband_train_a1135_01922   TERMINATED   True       False      True            True       False      False        True                 True        False                  4           18.9946    0.630959   0.74704     0.725477 │
│ hyperband_train_a1135_01923   TERMINATED   False      True       False           True       True       True         True                 False       True                   4           22.9852    0.646798   0.809207    0.732518 │
│ hyperband_train_a1135_01924   TERMINATED   False      True       False           True       False      False        True                 False       True                   4           18.2664    0.617437   0.768502    0.733742 │
│ hyperband_train_a1135_01925   TERMINATED   True       True       False           True       False      True         True                 True        True                   2           12.8339    0.972155   0.670663    0.53839  │
│ hyperband_train_a1135_01926   TERMINATED   False      False      False           False      False      True         False                False       True                   4           11.2613    0.635563   0.82201     0.735493 │
│ hyperband_train_a1135_01927   TERMINATED   False      True       True            True       False      False        True                 True        False                  1            5.66311   0.725199   0.684873    0.670324 │
│ hyperband_train_a1135_01928   TERMINATED   False      False      False           True       True       True         True                 False       True                   2            7.93736   0.709862   0.820086    0.686185 │
│ hyperband_train_a1135_01929   TERMINATED   True       False      False           False      True       False        True                 True        True                   1            4.74494   0.824301   0.706335    0.611157 │
│ hyperband_train_a1135_01930   TERMINATED   True       True       True            True       False      False        True                 True        False                  4           25.9279    0.883741   0.695234    0.643383 │
│ hyperband_train_a1135_01931   TERMINATED   True       False      False           False      False      False        False                True        True                   4           11.7273    0.652638   0.751924    0.714334 │
│ hyperband_train_a1135_01932   TERMINATED   True       False      False           True       False      True         False                True        True                   4           19.0543    0.943775   0.649719    0.630375 │
│ hyperband_train_a1135_01933   TERMINATED   False      True       True            True       False      True         True                 False       True                   4           19.7962    0.876957   0.690423    0.622178 │
│ hyperband_train_a1135_01934   TERMINATED   False      False      False           False      True       True         True                 True        True                   2            5.40524   1.00545    0.751924    0.579836 │
│ hyperband_train_a1135_01935   TERMINATED   False      True       False           True       False      True         False                True        True                   4           19.901     0.734331   0.759769    0.681955 │
│ hyperband_train_a1135_01936   TERMINATED   False      False      False           True       False      True         False                True        False                  4           16.5246    0.63189    0.785228    0.72615  │
│ hyperband_train_a1135_01937   TERMINATED   True       False      False           False      True       True         True                 False       True                   1            4.27625   1.01791    0.652087    0.520153 │
│ hyperband_train_a1135_01938   TERMINATED   True       False      False           True       True       True         False                True        False                  1            6.07591   0.853093   0.681394    0.592485 │
│ hyperband_train_a1135_01939   TERMINATED   False      True       True            True       True       True         False                True        False                  2           12.8616    0.642217   0.793073    0.713864 │
│ hyperband_train_a1135_01940   TERMINATED   False      False      True            False      False      False        False                True        True                   4            8.54786   0.707111   0.690719    0.702958 │
│ hyperband_train_a1135_01941   TERMINATED   True       False      True            True       False      False        True                 True        True                   4           19.1999    0.697499   0.670293    0.696175 │
│ hyperband_train_a1135_01942   TERMINATED   False      False      True            True       False      False        True                 True        False                  4           15.0402    0.67852    0.733866    0.716833 │
│ hyperband_train_a1135_01943   TERMINATED   True       False      False           True       True       False        False                False       False                  4           20.9337    0.74334    0.729056    0.666987 │
│ hyperband_train_a1135_01944   TERMINATED   True       True       False           True       True       False        True                 True        False                  2           14.5217    1.07826    0.512729    0.407517 │
│ hyperband_train_a1135_01945   TERMINATED   False      False      True            True       False      True         False                False       True                   4           11.7923    0.628963   0.767318    0.726892 │
│ hyperband_train_a1135_01946   TERMINATED   False      True       False           False      False      False        False                False       True                   2            6.82111   0.734872   0.784266    0.677537 │
│ hyperband_train_a1135_01947   TERMINATED   False      True       True            False      True       False        True                 True        False                  1            4.10647   0.916362   0.725133    0.536391 │
│ hyperband_train_a1135_01948   TERMINATED   False      False      False           True       False      True         True                 False       False                  4           12.4183    0.617268   0.789594    0.731684 │
│ hyperband_train_a1135_01949   TERMINATED   True       True       True            False      True       True         True                 True        False                  1            5.80913   0.92527    0.742599    0.517054 │
│ hyperband_train_a1135_01950   TERMINATED   False      True       False           True       False      False        True                 False       False                  4           16.4548    0.630121   0.741119    0.722981 │
│ hyperband_train_a1135_01951   TERMINATED   False      False      False           True       False      False        False                False       False                  4           10.5045    0.605127   0.777235    0.746434 │
│ hyperband_train_a1135_01952   TERMINATED   True       True       True            True       False      False        False                True        True                   4           24.6669    0.68829    0.756143    0.686582 │
│ hyperband_train_a1135_01953   TERMINATED   False      True       True            True       True       False        False                True        True                   4           26.2586    0.62853    0.752886    0.727604 │
│ hyperband_train_a1135_01954   TERMINATED   True       True       True            True       True       False        False                True        True                   4           30.046     0.761976   0.706557    0.674054 │
│ hyperband_train_a1135_01955   TERMINATED   False      True       True            False      True       False        True                 True        True                   2            9.64153   0.977144   0.636619    0.514014 │
│ hyperband_train_a1135_01956   TERMINATED   True       False      False           True       True       False        True                 True        False                  1            6.04261   1.09394    0.472987    0.396288 │
│ hyperband_train_a1135_01957   TERMINATED   True       True       True            False      False      True         False                False       True                   1            4.0213    0.886002   0.707593    0.552539 │
│ hyperband_train_a1135_01958   TERMINATED   False      True       False           True       False      True         False                True        True                   4           22.2413    0.619138   0.765986    0.73272  │
│ hyperband_train_a1135_01959   TERMINATED   False      True       False           True       True       True         False                True        False                  2           11.6667    0.884008   0.545219    0.60078  │
│ hyperband_train_a1135_01960   TERMINATED   True       False      True            True       True       False        False                False       True                   4           20.0248    0.685536   0.740971    0.701867 │
│ hyperband_train_a1135_01961   TERMINATED   True       False      True            True       True       True         False                True        False                  4           22.335     0.821185   0.662596    0.649178 │
│ hyperband_train_a1135_01962   TERMINATED   False      True       True            False      False      True         True                 False       True                   4           11.8468    0.665984   0.768206    0.701728 │
│ hyperband_train_a1135_01963   TERMINATED   True       True       False           True       True       True         True                 True        False                  2           15.1321    0.834153   0.662892    0.639097 │
│ hyperband_train_a1135_01964   TERMINATED   False      False      True            True       True       False        False                False       False                  4           13.1916    0.671446   0.769538    0.713172 │
│ hyperband_train_a1135_01965   TERMINATED   False      False      True            True       True       False        True                 False       False                  4           13.8701    0.765757   0.698342    0.664478 │
│ hyperband_train_a1135_01966   TERMINATED   True       False      False           True       True       False        True                 False       True                   1            4.88294   0.842136   0.689609    0.612239 │
│ hyperband_train_a1135_01967   TERMINATED   True       False      False           True       True       False        False                False       False                  4           20.8226    0.643147   0.763618    0.726149 │
│ hyperband_train_a1135_01968   TERMINATED   False      True       True            True       False      True         False                True        False                  2           10.8516    0.771244   0.658674    0.688028 │
│ hyperband_train_a1135_01969   TERMINATED   True       True       True            True       True       True         True                 True        False                  1            7.51719   0.928188   0.653271    0.542076 │
│ hyperband_train_a1135_01970   TERMINATED   False      True       False           True       True       False        True                 False       False                  4           19.7571    0.85033    0.683689    0.604279 │
│ hyperband_train_a1135_01971   TERMINATED   True       True       True            True       True       False        False                False       False                  4           24.641     0.661523   0.733496    0.708267 │
│ hyperband_train_a1135_01972   TERMINATED   False      True       True            True       False      True         True                 True        False                  4           18.9461    0.752181   0.721433    0.698193 │
│ hyperband_train_a1135_01973   TERMINATED   True       False      False           True       True       True         False                True        False                  4           22.3506    0.628443   0.741045    0.726445 │
│ hyperband_train_a1135_01974   TERMINATED   True       True       True            False      False      True         False                False       False                  4           16.3345    0.793926   0.701303    0.634571 │
│ hyperband_train_a1135_01975   TERMINATED   True       True       False           False      False      False        False                True        True                   2            6.74341   1.0985     0.658304    0.333333 │
│ hyperband_train_a1135_01976   TERMINATED   False      False      False           False      False      True         True                 False       False                  1            2.65115   0.771666   0.783156    0.627482 │
│ hyperband_train_a1135_01977   TERMINATED   True       False      False           True       False      True         False                False       False                  2            9.20124   0.713578   0.715586    0.679312 │
│ hyperband_train_a1135_01978   TERMINATED   False      True       False           True       False      True         True                 True        True                   4           21.0731    0.585541   0.794257    0.735779 │
│ hyperband_train_a1135_01979   TERMINATED   False      True       False           False      False      True         False                True        True                   1            3.26049   0.780972   0.683763    0.628466 │
│ hyperband_train_a1135_01980   TERMINATED   False      False      False           False      False      False        False                True        True                   4            7.78811   0.630769   0.793295    0.723482 │
│ hyperband_train_a1135_01981   TERMINATED   False      False      True            False      True       True         False                False       True                   4           10.3904    0.705      0.80151     0.67735  │
│ hyperband_train_a1135_01982   TERMINATED   True       True       False           False      False      True         True                 False       True                   4           13.8941    1.09849    0.658304    0.333333 │
│ hyperband_train_a1135_01983   TERMINATED   True       False      True            True       True       False        True                 True        False                  4           23.9387    0.747034   0.738381    0.681271 │
│ hyperband_train_a1135_01984   TERMINATED   False      False      False           False      True       False        True                 True        True                   2            4.40495   0.724437   0.746226    0.664917 │
│ hyperband_train_a1135_01985   TERMINATED   False      True       True            True       False      True         True                 True        False                  4           20.6013    0.739168   0.712404    0.675874 │
│ hyperband_train_a1135_01986   TERMINATED   False      True       True            False      False      True         False                False       False                  1            3.91965   0.791395   0.747632    0.617323 │
│ hyperband_train_a1135_01987   TERMINATED   False      True       True            True       False      False        False                True        False                  4           21.3045    0.672316   0.689535    0.704988 │
│ hyperband_train_a1135_01988   TERMINATED   True       False      True            True       False      True         False                False       False                  2            9.07122   0.705033   0.704337    0.672386 │
│ hyperband_train_a1135_01989   TERMINATED   True       False      False           False      True       False        True                 False       True                   1            4.15342   0.867704   0.719731    0.554203 │
│ hyperband_train_a1135_01990   TERMINATED   True       False      True            True       False      True         False                True        False                  4           20.5574    0.700591   0.71307     0.675219 │
│ hyperband_train_a1135_01991   TERMINATED   False      True       True            False      False      False        True                 True        True                   4           12.2683    0.69991    0.693458    0.707242 │
│ hyperband_train_a1135_01992   TERMINATED   False      False      False           True       False      True         True                 False       False                  4           11.1972    0.666734   0.738233    0.721141 │
│ hyperband_train_a1135_01993   TERMINATED   True       True       False           False      True       True         False                True        False                  2           10.469     0.745844   0.748742    0.64823  │
│ hyperband_train_a1135_01994   TERMINATED   False      False      False           False      True       True         False                True        False                  4           11.3943    0.646216   0.803064    0.712115 │
│ hyperband_train_a1135_01995   TERMINATED   True       True       False           True       True       True         True                 False       True                   4           27.2746    0.646727   0.796107    0.71778  │
│ hyperband_train_a1135_01996   TERMINATED   True       True       False           False      False      True         True                 False       True                   1            4.70262   0.768279   0.743043    0.634543 │
│ hyperband_train_a1135_01997   TERMINATED   False      True       True            True       False      False        False                False       False                  4           19.2392    0.59823    0.765024    0.73121  │
│ hyperband_train_a1135_01998   TERMINATED   True       False      False           True       True       True         False                False       True                   2           10.8641    0.692811   0.743635    0.675705 │
│ hyperband_train_a1135_01999   TERMINATED   True       False      True            True       True       True         True                 True        True                   1            6.09676   0.945332   0.495263    0.512124 │
╰────────────────────────────────────────────────────────────────────────────────────────────────────────────────────────────────────────────────────────────────────────────────────────────────────────────────────────────────────╯

总时间：10044.806283473969 s
最佳配置：{'loss': 0.5722762229588797, 'acc': 0.783303730017762, 'bacc': 0.7585561871528625, 'training_iteration': 4, 'trial_id': 'a1135_00335', 'date': '2025-11-18_19-41-42', 'time_this_iter_s': 3.629098892211914, 'time_total_s': 16.259690284729004, 'config': {'use_l1': True, 'l1_lambda': 1e-06, 'use_l2': False, 'l2_lambda': 0.0, 'use_dropout': True, 'drop_rate': 0.1, 'use_bn': True, 'use_ln': False, 'use_skip': False, 'skip_type': 'None', 'skip_step': 1, 'skip_drop_prob': 0.0, 'use_data_augment': False, 'da_type': 'None', 'cutout_ratio': 0.0, 'cutout_prob': 0.0, 'mixup_alpha': 0.0, 'mixup_prob': 0.0, 'cutmix_alpha': 0.0, 'cutmix_prob': 0.0, 'fgsm_epsilon': 0.0, 'fgsm_prob': 0.0, 'use_swa': False, 'use_lookahead': True}}
✅ 字典已保存到: /data/ruipeng/workdir/autoreg/.exp_results/20251118/hyperband_220810.json
(hyperband_train pid=2108311) Visible GPUs: 1
(hyperband_train pid=2108311) Checkpoint successfully created at: Checkpoint(filesystem=local, path=/data/ruipeng/ray_results/hyperband/hyperband_train_a1135_01997_1997_use_bn=True,use_data_augment=False,use_dropout=True,use_l1=False,use_l2=True,use_ln=False,use_loo_2025-11-18_21-11-22/checkpoint_000003)
