Trial status: 2000 TERMINATED
Current time: 2025-11-17 05:59:08. Total running time: 4hr 31min 9s
Logical resource usage: 2.0/10 CPUs, 1.0/4 GPUs (0.0/1.0 accelerator_type:G)
╭───────────────────────────────────────────────────────────────────────────────────────────────────────────────────────────────────────────────────────────────────────────────────────────────────────────────────────────────────────╮
│ Trial name                    status       use_l1     use_l2     use_dropout     use_bn     use_ln     use_skip     use_data_augment     use_swa     use_lookahead       iter     total time (s)         loss          acc       bacc │
├───────────────────────────────────────────────────────────────────────────────────────────────────────────────────────────────────────────────────────────────────────────────────────────────────────────────────────────────────────┤
│ hyperband_train_98d25_00000   TERMINATED   True       False      True            True       True       False        True                 True        True                   4           47.8373     0.0597163   0.987413     0.942763 │
│ hyperband_train_98d25_00001   TERMINATED   False      False      False           True       False      True         False                False       False                  4           21.3214     0.0513357   0.998947     0.91798  │
│ hyperband_train_98d25_00002   TERMINATED   False      False      True            True       False      False        False                True        False                  4           28.9839     0.0698169   0.993469     0.940703 │
│ hyperband_train_98d25_00003   TERMINATED   True       True       True            True       False      False        False                False       False                  4           42.4022     0.0538696   0.997788     0.93268  │
│ hyperband_train_98d25_00004   TERMINATED   False      True       True            True       True       True         True                 True        True                   4           51.4792     0.0497022   0.994558     0.946342 │
│ hyperband_train_98d25_00005   TERMINATED   False      True       False           True       False      False        False                True        False                  2           19.5058     0.106323    0.98348      0.92042  │
│ hyperband_train_98d25_00006   TERMINATED   False      True       False           True       True       False        True                 False       False                  1           11.3169     0.120297    0.996138     0.498927 │
│ hyperband_train_98d25_00007   TERMINATED   False      False      False           False      True       True         False                False       False                  4           22.0925     0.047329    0.995242     0.946685 │
│ hyperband_train_98d25_00008   TERMINATED   False      False      False           True       False      True         False                False       True                   2           12.2753     0.0572104   0.997999     0.937879 │
│ hyperband_train_98d25_00009   TERMINATED   False      False      True            False      True       False        True                 True        False                  1            7.23077    0.0625054   0.99928      0.907961 │
│ hyperband_train_98d25_00010   TERMINATED   True       True       True            True       True       True         True                 False       True                   4           55.1334     0.0490872   0.99928      0.907961 │
│ hyperband_train_98d25_00011   TERMINATED   True       True       True            False      True       False        True                 False       True                   4           40.8118     0.0807982   0.998402     0.907521 │
│ hyperband_train_98d25_00012   TERMINATED   True       False      False           True       True       False        False                False       True                   4           37.4234     0.0557448   0.993504     0.930534 │
│ hyperband_train_98d25_00013   TERMINATED   True       True       True            True       False      True         True                 True        False                  2           26.0285     0.0671982   0.997893     0.922546 │
│ hyperband_train_98d25_00014   TERMINATED   False      True       True            True       False      True         True                 False       True                   4           36.0941     0.0507989   0.998262     0.932917 │
│ hyperband_train_98d25_00015   TERMINATED   True       True       False           False      False      False        True                 False       True                   4           32.0469     0.0485822   0.998736     0.938248 │
│ hyperband_train_98d25_00016   TERMINATED   False      False      True            False      False      True         False                True        True                   2           10.4696     0.12257     0.971823     0.945141 │
│ hyperband_train_98d25_00017   TERMINATED   True       True       False           True       False      True         True                 True        True                   1           12.2342     0.0629914   0.997261     0.932416 │
│ hyperband_train_98d25_00018   TERMINATED   True       False      False           False      True       True         False                False       False                  4           32.109      0.0544129   0.995172     0.941556 │
│ hyperband_train_98d25_00019   TERMINATED   False      True       False           True       False      False        False                False       True                   1            8.6321     0.0685697   0.993346     0.935549 │
│ hyperband_train_98d25_00020   TERMINATED   True       True       True            True       False      True         True                 True        False                  4           49.9454     0.0725925   0.995014     0.931291 │
│ hyperband_train_98d25_00021   TERMINATED   True       False      False           False      False      False        True                 False       True                   4           23.5126     0.250267    0.99828      0.5      │
│ hyperband_train_98d25_00022   TERMINATED   False      True       False           False      False      False        True                 True        False                  4           27.6005     1.59276     0.645676     0.80216  │
│ hyperband_train_98d25_00023   TERMINATED   False      True       True            False      False      True         False                True        False                  4           25.6173     2.97446     0.06557      0.53198  │
│ hyperband_train_98d25_00024   TERMINATED   True       True       False           False      True       False        False                True        True                   2           19.575      0.0755581   0.99921      0.907926 │
│ hyperband_train_98d25_00025   TERMINATED   False      True       True            False      False      True         True                 False       False                  4           26.6358     0.054145    0.999017     0.923109 │
│ hyperband_train_98d25_00026   TERMINATED   True       False      True            True       True       True         True                 True        False                  1           12.8889     0.0739744   0.998894     0.907768 │
│ hyperband_train_98d25_00027   TERMINATED   False      False      False           False      False      False        True                 False       False                  4           24.5673     0.0832341   0.998771     0.917893 │
│ hyperband_train_98d25_00028   TERMINATED   True       False      False           False      False      False        False                True        False                  1            6.10129    0.257608    0.99828      0.5      │
│ hyperband_train_98d25_00029   TERMINATED   False      True       False           True       False      True         False                False       False                  2           16.321      0.0567933   0.996366     0.921781 │
│ hyperband_train_98d25_00030   TERMINATED   True       True       False           True       False      False        True                 True        False                  4           45.9512     0.0859229   0.995225     0.926303 │
│ hyperband_train_98d25_00031   TERMINATED   True       True       False           False      True       True         False                True        False                  4           38.799      0.0572731   0.989291     0.948797 │
│ hyperband_train_98d25_00032   TERMINATED   False      True       False           True       False      True         False                True        False                  4           38.1938     0.081434    0.998982     0.78048  │
│ hyperband_train_98d25_00033   TERMINATED   False      True       False           True       False      True         False                True        True                   4           41.7959     0.0731071   0.990432     0.939182 │
│ hyperband_train_98d25_00034   TERMINATED   True       False      True            True       True       False        True                 False       True                   2           21.0538     0.0880714   0.996489     0.906563 │
│ hyperband_train_98d25_00035   TERMINATED   True       False      True            False      False      True         False                False       False                  4           26.0598     0.23127     0.997823     0.937791 │
│ hyperband_train_98d25_00036   TERMINATED   True       False      False           False      True       False        True                 True        True                   1            9.62426    0.249281    0.99828      0.5      │
│ hyperband_train_98d25_00037   TERMINATED   True       False      True            False      True       False        True                 False       False                  1            8.82323    0.071775    0.99928      0.907961 │
│ hyperband_train_98d25_00038   TERMINATED   True       False      False           False      False      False        False                True        True                   4           24.3661     0.505957    0.899038     0.929059 │
│ hyperband_train_98d25_00039   TERMINATED   False      False      True            True       False      True         True                 False       True                   2           11.7601     0.0607409   0.999157     0.918086 │
│ hyperband_train_98d25_00040   TERMINATED   False      False      False           True       False      True         False                True        True                   4           26.9473     0.0992296   0.999034     0.795786 │
│ hyperband_train_98d25_00041   TERMINATED   False      False      False           True       True       False        False                True        False                  4           30.2798     0.0568072   0.989783     0.94395  │
│ hyperband_train_98d25_00042   TERMINATED   False      False      True            True       True       False        False                False       True                   4           25.8244     0.0563139   0.994189     0.946157 │
│ hyperband_train_98d25_00043   TERMINATED   False      False      False           True       True       False        True                 True        False                  4           32.6813     0.0542273   0.997103     0.947617 │
│ hyperband_train_98d25_00044   TERMINATED   True       False      True            False      True       True         True                 False       True                   4           35.4999     0.0427552   0.997332     0.942638 │
│ hyperband_train_98d25_00045   TERMINATED   False      True       False           True       True       True         False                True        True                   2           23.0595     0.651778    0.501387     0.745171 │
│ hyperband_train_98d25_00046   TERMINATED   True       True       False           False      False      True         True                 False       True                   1            9.28875    0.166122    0.997472     0.932522 │
│ hyperband_train_98d25_00047   TERMINATED   False      False      True            True       False      True         False                False       True                   1            5.67942    0.0880311   0.999192     0.856985 │
│ hyperband_train_98d25_00048   TERMINATED   False      False      False           True       False      False        True                 False       False                  2           13.0529     0.0679652   0.991661     0.939798 │
│ hyperband_train_98d25_00049   TERMINATED   False      False      False           True       False      True         False                False       False                  4           23.419      0.0763887   0.995523     0.936639 │
│ hyperband_train_98d25_00050   TERMINATED   False      False      False           False      True       False        True                 True        True                   4           20.8528     0.0631828   0.994856     0.946491 │
│ hyperband_train_98d25_00051   TERMINATED   True       True       False           False      True       False        True                 True        False                  4           39.9039     0.0827247   0.99928      0.907961 │
│ hyperband_train_98d25_00052   TERMINATED   True       False      False           True       False      False        False                False       False                  4           30.0684     0.063089    0.997156     0.917084 │
│ hyperband_train_98d25_00053   TERMINATED   True       True       False           False      True       False        True                 True        True                   2           22.8411     0.076931    0.99928      0.907961 │
│ hyperband_train_98d25_00054   TERMINATED   False      False      True            True       False      False        True                 True        True                   4           33.0747     0.0661521   0.996313     0.942128 │
│ hyperband_train_98d25_00055   TERMINATED   False      False      True            False      False      True         False                True        True                   4           19.2309     4.9706      0.00172045   0.5      │
│ hyperband_train_98d25_00056   TERMINATED   True       True       True            False      True       True         False                False       False                  2           21.989      0.0578845   0.998648     0.922924 │
│ hyperband_train_98d25_00057   TERMINATED   True       True       False           False      True       True         True                 False       True                   4           42.9402     0.0493618   0.99533      0.946729 │
│ hyperband_train_98d25_00058   TERMINATED   True       False      True            False      True       True         False                True        True                   1            8.48977    0.0548962   0.999052     0.923126 │
│ hyperband_train_98d25_00059   TERMINATED   False      False      True            False      True       False        True                 True        True                   1            6.50633    0.0542332   0.999087     0.918051 │
│ hyperband_train_98d25_00060   TERMINATED   False      False      False           True       True       False        True                 False       True                   4           33.1355     0.0572431   0.995506     0.941723 │
│ hyperband_train_98d25_00061   TERMINATED   False      True       False           False      True       True         True                 False       True                   4           30.8857     0.24756     0.99928      0.907961 │
│ hyperband_train_98d25_00062   TERMINATED   True       True       True            True       False      False        False                False       True                   4           41.7724     0.0558873   0.997349     0.937553 │
│ hyperband_train_98d25_00063   TERMINATED   False      False      True            True       False      True         True                 True        False                  2           19.2613     0.0620225   0.998683     0.917849 │
│ hyperband_train_98d25_00064   TERMINATED   True       True       True            True       True       True         True                 False       False                  4           54.309      0.0720256   0.993856     0.94599  │
│ hyperband_train_98d25_00065   TERMINATED   False      False      True            False      True       True         True                 True        False                  4           27.0635     0.0580486   0.99117      0.944645 │
│ hyperband_train_98d25_00066   TERMINATED   True       True       False           True       False      True         True                 True        False                  1           14.5011     0.0633855   0.999157     0.89262  │
│ hyperband_train_98d25_00067   TERMINATED   False      False      False           False      False      False        False                True        False                  1            4.69915    0.276441    0.99914      0.907891 │
│ hyperband_train_98d25_00068   TERMINATED   False      False      False           False      False      False        False                False       False                  2            9.77741    0.101567    0.999263     0.907952 │
│ hyperband_train_98d25_00069   TERMINATED   False      True       True            False      False      True         False                True        True                   4           27.0996     0.0594288   0.994523     0.941231 │
│ hyperband_train_98d25_00070   TERMINATED   False      True       False           False      True       True         False                True        True                   4           30.6989     0.162272    0.974983     0.946724 │
│ hyperband_train_98d25_00071   TERMINATED   False      True       True            True       False      False        False                False       False                  4           33.3971     0.0541523   0.994189     0.941064 │
│ hyperband_train_98d25_00072   TERMINATED   False      True       False           False      True       True         True                 True        False                  4           30.823      0.136179    0.997226     0.937492 │
│ hyperband_train_98d25_00073   TERMINATED   False      True       True            True       True       True         False                True        False                  4           50.643      0.109148    0.992908     0.945515 │
│ hyperband_train_98d25_00074   TERMINATED   True       False      True            True       True       True         True                 True        False                  4           47.2373     0.0603832   0.992188     0.945155 │
│ hyperband_train_98d25_00075   TERMINATED   True       True       True            False      False      True         True                 False       False                  2           15.2885     0.0698118   0.999368     0.908005 │
│ hyperband_train_98d25_00076   TERMINATED   True       False      False           True       False      False        True                 False       False                  1            8.92974    0.119053    0.99828      0.5      │
│ hyperband_train_98d25_00077   TERMINATED   False      False      True            True       True       False        False                False       False                  1            6.61264    0.0670509   0.994452     0.905543 │
│ hyperband_train_98d25_00078   TERMINATED   False      False      False           True       True       True         True                 False       False                  4           28.7067     0.0550583   0.994909     0.946518 │
│ hyperband_train_98d25_00079   TERMINATED   True       False      False           True       False      True         True                 True        True                   2           19.428      0.101976    0.988396     0.922882 │
│ hyperband_train_98d25_00080   TERMINATED   False      True       False           False      True       False        True                 False       True                   4           32.1083     0.0543968   0.996682     0.947406 │
│ hyperband_train_98d25_00081   TERMINATED   True       False      True            True       False      False        False                False       False                  4           32.1588     0.0777018   0.995313     0.905974 │
│ hyperband_train_98d25_00082   TERMINATED   True       False      True            True       True       False        False                True        False                  4           45.7583     0.0818245   0.972473     0.940373 │
│ hyperband_train_98d25_00083   TERMINATED   True       True       False           False      False      True         False                True        False                  4           29.2616     0.598981    0.80724      0.883081 │
│ hyperband_train_98d25_00084   TERMINATED   False      False      False           False      True       False        False                True        True                   4           21.163      0.0597116   0.994312     0.946219 │
│ hyperband_train_98d25_00085   TERMINATED   True       False      True            True       True       False        True                 False       False                  2           23.3915     0.0526516   0.998894     0.917954 │
│ hyperband_train_98d25_00086   TERMINATED   True       True       True            False      True       True         True                 False       False                  1           10.6143     0.0501584   0.999017     0.923109 │
│ hyperband_train_98d25_00087   TERMINATED   True       True       True            True       False      True         True                 False       True                   2           23.0314     0.0686297   0.993224     0.935487 │
│ hyperband_train_98d25_00088   TERMINATED   True       False      False           True       True       True         True                 False       False                  4           47.6876     0.0522565   0.998718     0.933146 │
│ hyperband_train_98d25_00089   TERMINATED   False      False      True            True       True       False        True                 False       True                   1            7.4059     0.0590804   0.999034     0.907838 │
│ hyperband_train_98d25_00090   TERMINATED   True       False      True            False      True       True         False                False       False                  4           30.7396     0.0578082   0.99928      0.907961 │
│ hyperband_train_98d25_00091   TERMINATED   True       False      True            True       True       True         False                True        False                  4           46.3701     0.0950231   0.999228     0.902841 │
│ hyperband_train_98d25_00092   TERMINATED   False      False      False           True       False      True         True                 True        True                   4           29.3029     0.058012    0.995049     0.941495 │
│ hyperband_train_98d25_00093   TERMINATED   False      False      True            False      False      False        False                True        False                  2            9.33967    1.88398     0.881237     0.91505  │
│ hyperband_train_98d25_00094   TERMINATED   False      False      False           True       False      True         False                True        True                   4           28.7952     0.0506856   0.998718     0.933146 │
│ hyperband_train_98d25_00095   TERMINATED   True       True       False           True       False      False        False                False       True                   4           39.8662     0.08974     0.990906     0.934326 │
│ hyperband_train_98d25_00096   TERMINATED   False      True       False           True       True       False        False                False       False                  1           10.1484     0.091633    0.984779     0.905791 │
│ hyperband_train_98d25_00097   TERMINATED   False      True       True            False      True       True         True                 True        False                  4           36.0177     0.0600777   0.989133     0.953811 │
│ hyperband_train_98d25_00098   TERMINATED   True       False      False           False      True       True         True                 True        True                   2           17.0818     0.0495858   0.998666     0.93312  │
│ hyperband_train_98d25_00099   TERMINATED   True       True       False           True       True       True         False                False       False                  1           12.7212     0.136021    0.984218     0.90551  │
│ hyperband_train_98d25_00100   TERMINATED   True       False      False           True       True       True         False                False       False                  4           37.4289     0.0518011   0.996331     0.93195  │
│ hyperband_train_98d25_00101   TERMINATED   True       True       False           False      False      True         True                 True        True                   4           35.9747     0.160271    0.959447     0.938942 │
│ hyperband_train_98d25_00102   TERMINATED   False      False      False           True       False      False        False                True        True                   4           26.9322     0.0765238   0.991802     0.939868 │
│ hyperband_train_98d25_00103   TERMINATED   False      True       True            True       True       True         True                 True        True                   2           28.032      0.696314    0.415242     0.702024 │
│ hyperband_train_98d25_00104   TERMINATED   True       False      False           True       True       True         False                False       False                  4           40.0487     0.0509353   0.998157     0.937958 │
│ hyperband_train_98d25_00105   TERMINATED   True       True       True            False      False      True         True                 False       True                   4           35.6613     0.0496673   0.999034     0.928211 │
│ hyperband_train_98d25_00106   TERMINATED   True       False      False           False      False      False        True                 True        False                  4           24.7542     0.775136    0.878428     0.918736 │
│ hyperband_train_98d25_00107   TERMINATED   True       False      False           False      True       True         False                True        True                   1            7.94274    0.177962    0.99828      0.5      │
│ hyperband_train_98d25_00108   TERMINATED   False      True       True            True       True       False        False                False       True                   2           21.8457     0.0979525   0.99928      0.907961 │
│ hyperband_train_98d25_00109   TERMINATED   True       False      False           False      False      False        False                True        True                   1            6.08954    0.256516    0.99828      0.5      │
│ hyperband_train_98d25_00110   TERMINATED   False      False      True            True       True       False        False                True        False                  4           32.9788     0.0617367   0.988238     0.943176 │
│ hyperband_train_98d25_00111   TERMINATED   False      False      False           True       False      True         False                True        False                  4           28.4106     0.074625    0.995488     0.941715 │
│ hyperband_train_98d25_00112   TERMINATED   False      True       False           True       False      True         True                 False       False                  4           33.2752     0.0957675   0.999175     0.877349 │
│ hyperband_train_98d25_00113   TERMINATED   True       False      False           False      False      True         True                 True        True                   4           25.1437     0.0526662   0.998578     0.938169 │
│ hyperband_train_98d25_00114   TERMINATED   True       True       True            True       False      False        True                 True        False                  2           26.5757     0.083323    0.998508     0.907574 │
│ hyperband_train_98d25_00115   TERMINATED   False      True       False           True       False      True         True                 False       True                   4           36.6863     0.046572    0.997068     0.942506 │
│ hyperband_train_98d25_00116   TERMINATED   True       False      True            True       True       True         True                 False       False                  2           22.02       0.164629    0.99928      0.907961 │
│ hyperband_train_98d25_00117   TERMINATED   True       True       False           False      False      False        True                 True        False                  4           34.7445     0.346135    0.990151     0.933948 │
│ hyperband_train_98d25_00118   TERMINATED   True       True       False           True       False      False        False                True        True                   1           11.9526     0.123687    0.988448     0.902536 │
│ hyperband_train_98d25_00119   TERMINATED   False      True       False           True       True       False        False                False       False                  1            9.88084    0.0657465   0.99921      0.897739 │
│ hyperband_train_98d25_00120   TERMINATED   False      False      False           True       True       False        True                 False       True                   4           25.2782     0.0442881   0.994488     0.946307 │
│ hyperband_train_98d25_00121   TERMINATED   False      False      False           True       False      False        False                True        True                   4           27.8355     0.0765238   0.991802     0.939868 │
│ hyperband_train_98d25_00122   TERMINATED   True       False      False           False      True       True         False                True        True                   4           30.6089     0.0533892   0.992644     0.950477 │
│ hyperband_train_98d25_00123   TERMINATED   False      True       True            True       True       False        False                True        True                   4           50.3989     0.0609569   0.992872     0.940404 │
│ hyperband_train_98d25_00124   TERMINATED   True       True       False           True       False      False        True                 False       False                  2           22.1347     0.0524089   0.998876     0.923039 │
│ hyperband_train_98d25_00125   TERMINATED   True       False      True            True       False      False        True                 False       True                   4           33.7905     0.0606848   0.997595     0.932583 │
│ hyperband_train_98d25_00126   TERMINATED   True       False      False           False      True       True         True                 False       True                   2           17.1077     0.0465281   0.997086     0.942515 │
│ hyperband_train_98d25_00127   TERMINATED   True       True       False           False      False      True         False                True        False                  1            7.55587    0.088882    0.999245     0.892664 │
│ hyperband_train_98d25_00128   TERMINATED   False      True       False           False      False      True         False                True        False                  4           25.4476     0.156599    0.990204     0.944161 │
│ hyperband_train_98d25_00129   TERMINATED   True       False      True            False      False      True         True                 True        True                   1            6.53272    0.260426    0.999105     0.806008 │
│ hyperband_train_98d25_00130   TERMINATED   True       True       True            False      False      False        True                 False       False                  4           35.9931     0.251321    0.99828      0.5      │
│ hyperband_train_98d25_00131   TERMINATED   False      False      False           True       True       False        False                True        True                   4           30.9028     0.0549623   0.993101     0.945612 │
│ hyperband_train_98d25_00132   TERMINATED   True       True       False           True       False      False        False                True        True                   4           46.4244     0.176077    0.949896     0.934159 │
│ hyperband_train_98d25_00133   TERMINATED   False      True       True            False      True       False        False                False       False                  4           33.359      0.0691947   0.997735     0.94284  │
│ hyperband_train_98d25_00134   TERMINATED   False      True       True            True       True       False        True                 False       True                   2           23.0727     0.0552687   0.99928      0.907961 │
│ hyperband_train_98d25_00135   TERMINATED   True       True       True            False      True       False        False                True        True                   4           40.8239     0.0753265   0.99928      0.907961 │
│ hyperband_train_98d25_00136   TERMINATED   False      True       False           False      True       False        True                 True        False                  1            7.92927    0.0732941   0.99928      0.907961 │
│ hyperband_train_98d25_00137   TERMINATED   False      False      True            True       True       False        True                 True        True                   4           38.8194     0.0784677   0.98664      0.937283 │
│ hyperband_train_98d25_00138   TERMINATED   True       True       True            True       False      True         False                False       True                   2           22.9475     0.0671994   0.998122     0.932847 │
│ hyperband_train_98d25_00139   TERMINATED   True       False      True            True       True       True         True                 False       True                   1           12.8631     0.065386    0.99928      0.907961 │
│ hyperband_train_98d25_00140   TERMINATED   True       False      True            True       True       True         True                 False       False                  4           51.4077     0.057192    0.997577     0.922388 │
│ hyperband_train_98d25_00141   TERMINATED   True       True       False           True       False      False        False                True        True                   4           45.781      0.267925    0.970489     0.934287 │
│ hyperband_train_98d25_00142   TERMINATED   False      False      True            False      True       True         True                 True        True                   4           22.5448     0.055867    0.991714     0.944917 │
│ hyperband_train_98d25_00143   TERMINATED   True       True       False           True       False      True         True                 False       True                   2           21.3787     0.150095    0.998982     0.770294 │
│ hyperband_train_98d25_00144   TERMINATED   True       True       False           False      True       True         False                True        True                   4           40.3791     0.445301    0.992469     0.945295 │
│ hyperband_train_98d25_00145   TERMINATED   False      True       True            False      True       False        True                 False       False                  4           33.1612     0.0556324   0.993522     0.945823 │
│ hyperband_train_98d25_00146   TERMINATED   True       True       False           False      False      True         True                 True        False                  4           31.7787     0.0687326   0.988185     0.938057 │
│ hyperband_train_98d25_00147   TERMINATED   False      False      False           True       True       False        False                True        True                   2           16.9569     0.0546739   0.996945     0.932258 │
│ hyperband_train_98d25_00148   TERMINATED   True       False      True            True       False      True         True                 True        False                  1           10.4831     0.102259    0.99856      0.902507 │
│ hyperband_train_98d25_00149   TERMINATED   False      True       True            False      True       True         True                 True        True                   1            8.58087    0.0949463   0.999245     0.897757 │
│ hyperband_train_98d25_00150   TERMINATED   True       False      False           True       False      True         False                False       True                   4           31.51       0.0626213   0.996489     0.942216 │
│ hyperband_train_98d25_00151   TERMINATED   True       False      False           True       False      False        True                 True        False                  4           36.9362     0.189213    0.975949     0.931928 │
│ hyperband_train_98d25_00152   TERMINATED   True       False      True            True       False      True         False                False       True                   4           32.9315     0.0665966   0.993522     0.94073  │
│ hyperband_train_98d25_00153   TERMINATED   True       False      False           True       True       True         False                True        False                  4           46.9416     0.0560772   0.994242     0.946183 │
│ hyperband_train_98d25_00154   TERMINATED   False      True       False           True       False      True         False                True        True                   2           20.1567     0.0561638   0.997174     0.932372 │
│ hyperband_train_98d25_00155   TERMINATED   False      False      True            False      True       True         False                True        True                   4           23.8862     0.0527638   0.995049     0.946588 │
│ hyperband_train_98d25_00156   TERMINATED   True       True       True            False      False      False        True                 True        False                  1            8.5661     0.258096    0.99828      0.5      │
│ hyperband_train_98d25_00157   TERMINATED   False      True       False           False      True       True         False                False       False                  4           33.9933     0.0511336   0.993487     0.940712 │
│ hyperband_train_98d25_00158   TERMINATED   False      False      True            False      True       True         True                 False       False                  1            5.76257    0.128292    0.99828      0.5      │
│ hyperband_train_98d25_00159   TERMINATED   False      False      False           False      True       True         True                 True        False                  2           10.5278     0.143627    0.997612     0.942778 │
│ hyperband_train_98d25_00160   TERMINATED   True       True       False           True       True       True         True                 True        True                   4           59.579      0.285065    0.99828      0.5      │
│ hyperband_train_98d25_00161   TERMINATED   True       True       True            False      False      False        True                 True        False                  4           29.5325     0.251469    0.99828      0.5      │
│ hyperband_train_98d25_00162   TERMINATED   False      True       False           True       True       True         True                 False       True                   4           39.7593     1.01177     0.145799     0.572163 │
│ hyperband_train_98d25_00163   TERMINATED   False      True       False           True       False      False        True                 False       False                  4           36.5714     0.058014    0.998806     0.923003 │
│ hyperband_train_98d25_00164   TERMINATED   False      False      False           False      True       False        True                 False       False                  2           12.3245     0.0726685   0.99928      0.907961 │
│ hyperband_train_98d25_00165   TERMINATED   True       False      False           False      True       False        False                False       False                  4           29.1917     0.0707721   0.999263     0.907952 │
│ hyperband_train_98d25_00166   TERMINATED   True       True       False           True       False      True         True                 True        True                   1           12.2592     0.0550455   0.998806     0.91791  │
│ hyperband_train_98d25_00167   TERMINATED   False      False      False           True       False      True         True                 True        True                   4           31.6865     0.0572361   0.994926     0.941433 │
│ hyperband_train_98d25_00168   TERMINATED   False      False      True            False      False      False        True                 True        True                   2           10.7574     0.287656    0.929093     0.933926 │
│ hyperband_train_98d25_00169   TERMINATED   True       False      True            True       False      False        True                 True        True                   1           11.2052     0.0862276   0.993224     0.915114 │
│ hyperband_train_98d25_00170   TERMINATED   True       False      True            True       False      True         True                 False       False                  4           41.0786     0.0624555   0.999386     0.908014 │
│ hyperband_train_98d25_00171   TERMINATED   True       True       True            False      True       True         False                False       False                  4           39.818      0.368644    0.99928      0.907961 │
│ hyperband_train_98d25_00172   TERMINATED   True       False      False           False      True       False        False                True        True                   4           29.8447     0.0713959   0.990731     0.944425 │
│ hyperband_train_98d25_00173   TERMINATED   True       False      False           False      False      True         False                False       True                   2           11.2931     0.360065    0.998438     0.545918 │
│ hyperband_train_98d25_00174   TERMINATED   True       False      False           False      True       False        True                 True        False                  4           31.7736     0.071134    0.99928      0.907961 │
│ hyperband_train_98d25_00175   TERMINATED   False      True       True            True       True       False        False                True        False                  4           47.3111     0.0604564   0.991345     0.944733 │
│ hyperband_train_98d25_00176   TERMINATED   False      True       True            False      True       False        False                True        False                  1            8.56423    0.0700994   0.99928      0.907961 │
│ hyperband_train_98d25_00177   TERMINATED   False      True       False           False      False      False        False                True        False                  2           12.4844     0.43923     0.929637     0.939292 │
│ hyperband_train_98d25_00178   TERMINATED   True       True       True            False      True       True         False                False       False                  1           10.3158     0.0814763   0.99928      0.907961 │
│ hyperband_train_98d25_00179   TERMINATED   False      True       False           False      True       False        True                 False       True                   4           34.6955     0.0528823   0.995787     0.946957 │
│ hyperband_train_98d25_00180   TERMINATED   False      True       True            True       False      True         False                False       False                  4           32.5116     0.145182    0.998841     0.724384 │
│ hyperband_train_98d25_00181   TERMINATED   False      True       True            True       True       True         False                False       False                  4           40.0304     0.089119    0.997349     0.942647 │
│ hyperband_train_98d25_00182   TERMINATED   True       True       True            True       False      False        False                True        False                  4           46.3826     0.08195     0.985446     0.941778 │
│ hyperband_train_98d25_00183   TERMINATED   True       True       True            True       False      True         True                 False       False                  2           21.9395     0.0696871   0.998438     0.917725 │
│ hyperband_train_98d25_00184   TERMINATED   False      False      True            False      True       False        False                True        True                   4           23.01       0.0777655   0.986886     0.942499 │
│ hyperband_train_98d25_00185   TERMINATED   False      False      True            True       True       True         False                True        True                   4           33.6827     0.0645755   0.989748     0.943932 │
│ hyperband_train_98d25_00186   TERMINATED   False      True       False           True       True       False        True                 False       False                  1           10.8846     0.0670271   0.99928      0.907961 │
│ hyperband_train_98d25_00187   TERMINATED   False      False      False           True       True       False        True                 False       False                  1            6.83677    0.0589106   0.993329     0.93554  │
│ hyperband_train_98d25_00188   TERMINATED   False      True       False           False      False      True         False                True        True                   4           26.2193     0.110787    0.970823     0.94464  │
│ hyperband_train_98d25_00189   TERMINATED   False      True       True            False      False      True         True                 True        True                   2           13.3391     0.0919691   0.997174     0.942559 │
│ hyperband_train_98d25_00190   TERMINATED   True       True       True            False      True       True         False                False       False                  4           39.854      0.129436    0.998876     0.917945 │
│ hyperband_train_98d25_00191   TERMINATED   True       False      True            True       True       True         False                False       True                   4           39.4837     0.05734     0.995839     0.931704 │
│ hyperband_train_98d25_00192   TERMINATED   True       False      False           False      False      True         True                 True        True                   4           29.4432     0.177303    0.986149     0.937037 │
│ hyperband_train_98d25_00193   TERMINATED   True       True       False           False      True       False        True                 True        False                  2           20.8185     0.0807008   0.999263     0.907952 │
│ hyperband_train_98d25_00194   TERMINATED   True       True       False           True       True       True         False                False       False                  4           50.5378     0.0742911   0.998841     0.917928 │
│ hyperband_train_98d25_00195   TERMINATED   True       True       True            False      False      True         True                 True        True                   4           32.9277     0.050831    0.994207     0.941073 │
│ hyperband_train_98d25_00196   TERMINATED   True       False      False           False      False      True         False                False       True                   4           25.6395     0.0674509   0.994523     0.946324 │
│ hyperband_train_98d25_00197   TERMINATED   False      True       True            True       True       False        True                 True        False                  1           12.9514     0.0552444   0.998754     0.907697 │
│ hyperband_train_98d25_00198   TERMINATED   False      False      True            False      False      False        False                False       True                   2           10.4422     0.450572    0.997016     0.932293 │
│ hyperband_train_98d25_00199   TERMINATED   True       True       True            False      True       False        False                True        True                   1           10.599      0.0703683   0.99928      0.907961 │
│ hyperband_train_98d25_00200   TERMINATED   True       True       False           True       False      False        False                False       True                   4           40.159      0.0562822   0.99856      0.92288  │
│ hyperband_train_98d25_00201   TERMINATED   True       False      True            False      True       False        False                True        True                   4           31.0212     0.104468    0.999192     0.918104 │
│ hyperband_train_98d25_00202   TERMINATED   False      True       True            False      False      False        False                False       False                  4           24.8939     0.068313    0.997735     0.947933 │
│ hyperband_train_98d25_00203   TERMINATED   True       True       True            False      True       True         True                 True        True                   4           43.3715     0.0489947   0.997964     0.942954 │
│ hyperband_train_98d25_00204   TERMINATED   True       False      False           False      True       True         True                 True        True                   4           40.2176     0.0493546   0.994505     0.941222 │
│ hyperband_train_98d25_00205   TERMINATED   True       True       True            True       False      True         True                 True        True                   2           25.7961     0.0547984   0.998859     0.92303  │
│ hyperband_train_98d25_00206   TERMINATED   False      False      False           False      False      True         True                 True        False                  4           19.4121     0.184106    0.983814     0.946054 │
│ hyperband_train_98d25_00207   TERMINATED   True       False      True            False      False      True         True                 False       False                  1            6.96533    0.177212    0.999403     0.902929 │
│ hyperband_train_98d25_00208   TERMINATED   True       True       False           True       True       False        True                 True        False                  2           32.7397     0.0897942   0.973895     0.935992 │
│ hyperband_train_98d25_00209   TERMINATED   True       False      False           True       False      False        True                 False       False                  1            8.65341    0.0645153   0.994172     0.935962 │
│ hyperband_train_98d25_00210   TERMINATED   False      False      False           True       True       False        False                True        False                  4           30.3039     0.0568072   0.989783     0.94395  │
│ hyperband_train_98d25_00211   TERMINATED   True       True       True            False      False      True         True                 True        True                   4           30.9298     0.0505193   0.998947     0.928167 │
│ hyperband_train_98d25_00212   TERMINATED   False      False      False           True       False      True         False                False       True                   4           21.4065     0.0521618   0.998876     0.917945 │
│ hyperband_train_98d25_00213   TERMINATED   True       True       False           False      True       False        False                True        False                  2           19.8648     0.248394    0.99828      0.5      │
│ hyperband_train_98d25_00214   TERMINATED   False      True       True            False      False      False        False                True        False                  4           25.1851     0.870468    0.00172045   0.5      │
│ hyperband_train_98d25_00215   TERMINATED   False      False      True            False      False      True         False                True        False                  4           19.4997     0.23788     0.980777     0.949626 │
│ hyperband_train_98d25_00216   TERMINATED   True       True       False           True       True       True         True                 False       False                  1           13.5448     0.0555118   0.99928      0.907961 │
│ hyperband_train_98d25_00217   TERMINATED   False      True       False           True       False      True         False                True        True                   4           42.1868     0.0659821   0.992434     0.940185 │
│ hyperband_train_98d25_00218   TERMINATED   False      False      True            True       True       False        True                 False       False                  2           14.3675     0.130019    0.99928      0.907961 │
│ hyperband_train_98d25_00219   TERMINATED   True       True       False           False      False      True         False                False       False                  1            7.33154    0.320837    0.99828      0.5      │
│ hyperband_train_98d25_00220   TERMINATED   True       False      True            True       False      True         True                 False       True                   4           34.8554     0.0681482   0.995962     0.931765 │
│ hyperband_train_98d25_00221   TERMINATED   False      True       False           True       False      True         False                False       False                  4           32.4402     0.0662771   0.994768     0.941354 │
│ hyperband_train_98d25_00222   TERMINATED   False      False      True            False      True       False        False                False       True                   4           21.1682     0.0585363   0.993188     0.945656 │
│ hyperband_train_98d25_00223   TERMINATED   False      False      True            True       False      True         False                False       False                  2           11.3536     0.0848954   0.999333     0.897801 │
│ hyperband_train_98d25_00224   TERMINATED   True       True       True            True       True       True         True                 False       False                  4           61.598      0.0511531   0.998754     0.922977 │
│ hyperband_train_98d25_00225   TERMINATED   False      True       False           False      True       True         False                True        False                  4           33.3914     0.0533695   0.99145      0.949879 │
│ hyperband_train_98d25_00226   TERMINATED   False      False      False           False      True       True         False                True        False                  2           11.2342     0.0567267   0.995032     0.946579 │
│ hyperband_train_98d25_00227   TERMINATED   False      True       False           True       True       False        False                False       False                  4           42.1151     0.0644529   0.98908      0.943598 │
│ hyperband_train_98d25_00228   TERMINATED   True       False      False           True       True       False        True                 False       True                   1           10.2703     0.0775409   0.998718     0.872027 │
│ hyperband_train_98d25_00229   TERMINATED   True       True       True            False      False      True         False                False       False                  1            7.79973    0.139182    0.999263     0.867206 │
│ hyperband_train_98d25_00230   TERMINATED   True       False      False           True       False      False        False                True        True                   4           36.7799     0.521165    0.939749     0.923983 │
│ hyperband_train_98d25_00231   TERMINATED   False      True       True            False      False      False        False                False       False                  4           24.555      0.094268    0.997349     0.93246  │
│ hyperband_train_98d25_00232   TERMINATED   False      True       True            True       True       False        True                 False       True                   4           41.7974     0.0538699   0.998841     0.912834 │
│ hyperband_train_98d25_00233   TERMINATED   False      True       True            False      True       False        True                 False       True                   4           36.3468     0.0717014   0.99928      0.907961 │
│ hyperband_train_98d25_00234   TERMINATED   True       False      True            True       True       False        False                True        False                  2           23.2096     0.124759    0.99828      0.5      │
│ hyperband_train_98d25_00235   TERMINATED   True       False      True            False      False      False        False                False       False                  4           25.5675     0.0807985   0.992328     0.940132 │
│ hyperband_train_98d25_00236   TERMINATED   True       False      True            False      False      True         True                 False       False                  2           13.8826     0.052738    0.992679     0.940308 │
│ hyperband_train_98d25_00237   TERMINATED   False      False      True            False      False      True         False                True        True                   4           20.706      0.953961    0.620203     0.799588 │
│ hyperband_train_98d25_00238   TERMINATED   True       True       True            True       True       False        False                False       True                   1           13.4137     0.110741    0.998157     0.499938 │
│ hyperband_train_98d25_00239   TERMINATED   False      True       False           True       True       True         False                False       True                   1           10.1251     0.268137    0.989783     0.903204 │
│ hyperband_train_98d25_00240   TERMINATED   False      True       False           True       True       False        True                 False       False                  4           40.1094     0.0642807   0.992855     0.940396 │
│ hyperband_train_98d25_00241   TERMINATED   True       True       False           True       False      True         False                False       True                   4           39.7779     0.216272    0.99828      0.5      │
│ hyperband_train_98d25_00242   TERMINATED   False      True       False           False      True       True         True                 True        True                   4           33.0324     0.0621435   0.987799     0.942956 │
│ hyperband_train_98d25_00243   TERMINATED   True       True       False           False      True       True         True                 False       True                   2           19.4657     0.202715    0.99828      0.5      │
│ hyperband_train_98d25_00244   TERMINATED   False      False      False           False      False      True         True                 True        False                  4           19.5916     0.175882    0.946877     0.942833 │
│ hyperband_train_98d25_00245   TERMINATED   False      True       True            True       False      True         False                True        True                   4           39.9485     0.100247    0.998999     0.800862 │
│ hyperband_train_98d25_00246   TERMINATED   True       False      False           False      False      False        False                True        False                  1            5.93415    0.249514    0.99828      0.5      │
│ hyperband_train_98d25_00247   TERMINATED   False      False      True            False      False      True         True                 True        False                  4           21.5696    11.9467      0.00172045   0.5      │
│ hyperband_train_98d25_00248   TERMINATED   True       True       False           True       False      True         True                 True        True                   2           27.5486     0.0603383   0.995804     0.9215   │
│ hyperband_train_98d25_00249   TERMINATED   False      True       False           False      True       False        False                True        False                  1            7.80036    0.0618049   0.99928      0.907961 │
│ hyperband_train_98d25_00250   TERMINATED   True       True       False           True       True       False        True                 True        False                  4           62.5812     0.0864461   0.983919     0.946106 │
│ hyperband_train_98d25_00251   TERMINATED   True       False      False           False      True       True         False                False       False                  4           29.5641     0.0613407   0.999192     0.907917 │
│ hyperband_train_98d25_00252   TERMINATED   False      True       False           True       True       False        False                False       False                  4           38.1395     0.0609407   0.992802     0.940369 │
│ hyperband_train_98d25_00253   TERMINATED   True       True       False           True       False      True         False                False       True                   2           19.8342     0.094113    0.998824     0.816054 │
│ hyperband_train_98d25_00254   TERMINATED   True       False      True            False      False      False        False                False       True                   4           25.8186     0.25537     0.994294     0.94621  │
│ hyperband_train_98d25_00255   TERMINATED   True       True       True            False      True       False        False                False       True                   4           40.5648     0.070085    0.99928      0.907961 │
│ hyperband_train_98d25_00256   TERMINATED   False      False      True            False      False      True         False                True        False                  4           20.8267     2.57734     0.0831783    0.540799 │
│ hyperband_train_98d25_00257   TERMINATED   False      False      False           True       True       True         False                True        True                   2           16.066      0.717315    0.46301      0.720856 │
│ hyperband_train_98d25_00258   TERMINATED   True       False      True            False      False      False        False                False       True                   1            6.42854    0.249403    0.99828      0.5      │
│ hyperband_train_98d25_00259   TERMINATED   False      True       False           False      False      True         True                 False       False                  1            6.42641    0.59683     0.999175     0.841696 │
│ hyperband_train_98d25_00260   TERMINATED   True       True       True            True       False      False        True                 False       True                   4           42.1936     0.086534    0.990274     0.939103 │
│ hyperband_train_98d25_00261   TERMINATED   True       True       False           True       False      True         True                 False       True                   4           43.4288     0.053994    0.998508     0.922854 │
│ hyperband_train_98d25_00262   TERMINATED   True       False      False           True       False      False        False                False       True                   4           30.5605     0.0543546   0.998438     0.922819 │
│ hyperband_train_98d25_00263   TERMINATED   False      True       False           False      True       True         True                 False       True                   2           16.2033     0.177603    0.99928      0.907961 │
│ hyperband_train_98d25_00264   TERMINATED   False      False      False           True       False      False        True                 False       True                   4           25.2275     0.0614186   0.99203      0.950169 │
│ hyperband_train_98d25_00265   TERMINATED   True       True       False           False      True       True         False                False       True                   4           39.5339     0.122152    0.997612     0.942778 │
│ hyperband_train_98d25_00266   TERMINATED   False      True       False           True       False      False        True                 True        False                  2           21.0876     0.0946497   0.983744     0.946019 │
│ hyperband_train_98d25_00267   TERMINATED   True       False      True            True       True       False        True                 False       True                   1           11.9719     0.205872    0.99828      0.5      │
│ hyperband_train_98d25_00268   TERMINATED   False      False      False           False      False      False        False                False       True                   4           18.6814     0.192496    0.99224      0.945181 │
│ hyperband_train_98d25_00269   TERMINATED   True       False      False           True       True       True         False                True        False                  1           11.9555     0.0641286   0.996155     0.911489 │
│ hyperband_train_98d25_00270   TERMINATED   False      False      False           False      True       True         False                False       True                   4           18.6453     0.460179    0.914715     0.936911 │
│ hyperband_train_98d25_00271   TERMINATED   False      False      True            True       True       True         False                True        False                  4           33.6552     0.0731853   0.99052      0.944319 │
│ hyperband_train_98d25_00272   TERMINATED   False      True       True            True       True       False        False                True        True                   4           48.7098     0.0595887   0.990309     0.944214 │
│ hyperband_train_98d25_00273   TERMINATED   False      False      True            True       True       False        True                 False       False                  2           13.614      0.0591214   0.999263     0.907952 │
│ hyperband_train_98d25_00274   TERMINATED   False      True       True            False      True       False        False                True        True                   4           33.9937     0.0520672   0.995032     0.946579 │
│ hyperband_train_98d25_00275   TERMINATED   False      True       True            True       True       True         True                 False       True                   4           46.4115     0.05866     0.998578     0.922889 │
│ hyperband_train_98d25_00276   TERMINATED   True       True       False           False      True       False        False                False       False                  1            9.84821    0.263237    0.99828      0.5      │
│ hyperband_train_98d25_00277   TERMINATED   False      True       True            False      True       False        False                True        False                  1            8.19877    0.0723436   0.99928      0.907961 │
│ hyperband_train_98d25_00278   TERMINATED   False      True       False           True       False      False        False                False       False                  4           33.9847     0.0890277   0.988993     0.918088 │
│ hyperband_train_98d25_00279   TERMINATED   False      True       True            True       False      False        False                False       False                  2           17.0602     0.0571465   0.997858     0.922529 │
│ hyperband_train_98d25_00280   TERMINATED   True       True       False           False      True       True         False                False       True                   4           39.0683     0.112292    0.998104     0.937931 │
│ hyperband_train_98d25_00281   TERMINATED   True       True       False           False      True       True         True                 False       True                   4           47.6212     0.05265     0.99928      0.907961 │
│ hyperband_train_98d25_00282   TERMINATED   False      False      False           False      False      True         True                 False       True                   4           17.4993     0.355744    0.99828      0.5      │
│ hyperband_train_98d25_00283   TERMINATED   True       False      True            True       True       True         True                 False       False                  2           21.5082     0.0576162   0.998824     0.907732 │
│ hyperband_train_98d25_00284   TERMINATED   False      True       False           True       True       False        True                 True        True                   4           50.1764     0.164148    0.979425     0.943855 │
│ hyperband_train_98d25_00285   TERMINATED   False      False      True            True       True       False        True                 True        False                  4           36.7493     0.0649012   0.992539     0.945331 │
│ hyperband_train_98d25_00286   TERMINATED   True       False      False           False      True       False        False                False       False                  1            7.62125    0.0734806   0.99928      0.907961 │
│ hyperband_train_98d25_00287   TERMINATED   True       True       False           False      False      True         False                False       False                  4           30.579      0.0925328   0.996787     0.947458 │
│ hyperband_train_98d25_00288   TERMINATED   True       False      False           True       True       False        False                True        False                  1           11.2965     0.159449    0.989537     0.862335 │
│ hyperband_train_98d25_00289   TERMINATED   False      True       False           False      True       True         False                False       False                  2           16.553      0.0785327   0.999263     0.913046 │
│ hyperband_train_98d25_00290   TERMINATED   False      False      True            True       False      True         False                False       True                   4           23.8095     0.0524508   0.99763      0.942787 │
│ hyperband_train_98d25_00291   TERMINATED   False      False      True            False      True       False        True                 True        True                   4           22.7062     0.0740604   0.992908     0.945515 │
│ hyperband_train_98d25_00292   TERMINATED   True       True       False           False      False      False        False                False       False                  4           28.0847     0.250148    0.99828      0.5      │
│ hyperband_train_98d25_00293   TERMINATED   True       True       False           True       True       True         True                 False       False                  2           25.9671     0.389964    0.998736     0.749798 │
│ hyperband_train_98d25_00294   TERMINATED   True       False      True            True       True       True         False                True        False                  4           49.2755     0.0763839   0.991415     0.939674 │
│ hyperband_train_98d25_00295   TERMINATED   True       False      False           True       False      False        False                True        True                   4           36.1632     0.115592    0.98176      0.939932 │
│ hyperband_train_98d25_00296   TERMINATED   False      False      False           False      True       False        True                 False       True                   4           22.2721     0.056006    0.99749      0.942717 │
│ hyperband_train_98d25_00297   TERMINATED   True       True       True            True       True       False        True                 False       False                  1           13.8853     0.0878361   0.995418     0.890747 │
│ hyperband_train_98d25_00298   TERMINATED   True       False      True            False      False      False        False                False       True                   1            6.79362    0.132632    0.999192     0.918104 │
│ hyperband_train_98d25_00299   TERMINATED   False      True       True            False      False      False        False                True        False                  2           12.389      0.124839    0.998473     0.938116 │
│ hyperband_train_98d25_00300   TERMINATED   False      True       False           False      True       True         False                False       False                  4           30.4042     0.132605    0.998086     0.943016 │
│ hyperband_train_98d25_00301   TERMINATED   False      False      False           True       False      False        False                False       True                   4           20.9554     0.0637226   0.994839     0.941389 │
│ hyperband_train_98d25_00302   TERMINATED   True       True       False           False      True       True         True                 False       False                  4           41.2004     0.0875437   0.996366     0.942154 │
│ hyperband_train_98d25_00303   TERMINATED   True       False      True            False      False      False        True                 False       False                  2           12.4046     0.248996    0.99828      0.5      │
│ hyperband_train_98d25_00304   TERMINATED   False      True       True            False      True       True         False                False       True                   4           35.1106     0.054213    0.998139     0.943042 │
│ hyperband_train_98d25_00305   TERMINATED   True       True       True            False      False      False        False                False       True                   4           29.9609     0.252328    0.99828      0.5      │
│ hyperband_train_98d25_00306   TERMINATED   False      True       True            False      True       True         False                True        True                   2           18.1033     0.0488575   0.996366     0.937061 │
│ hyperband_train_98d25_00307   TERMINATED   False      False      False           False      False      False        True                 False       False                  4           19.5929     0.0939734   0.991521     0.944821 │
│ hyperband_train_98d25_00308   TERMINATED   True       True       False           False      False      False        False                True        False                  1            7.41195    0.257615    0.99828      0.5      │
│ hyperband_train_98d25_00309   TERMINATED   False      True       True            False      True       True         False                False       True                   1            8.67367    0.0482657   0.997542     0.932557 │
│ hyperband_train_98d25_00310   TERMINATED   False      True       True            False      True       True         False                False       False                  4           32.9831     0.0527777   0.993206     0.945665 │
│ hyperband_train_98d25_00311   TERMINATED   False      False      True            False      True       False        True                 False       False                  4           20.6476     0.0586431   0.992346     0.945234 │
│ hyperband_train_98d25_00312   TERMINATED   True       True       False           False      True       False        True                 False       False                  4           42.6933     0.0737799   0.995207     0.926294 │
│ hyperband_train_98d25_00313   TERMINATED   True       False      True            True       True       False        True                 False       True                   2           20.4964     0.0514056   0.99928      0.907961 │
│ hyperband_train_98d25_00314   TERMINATED   True       True       True            True       False      False        True                 True        False                  4           55.018      0.0640514   0.997806     0.932689 │
│ hyperband_train_98d25_00315   TERMINATED   False      True       True            False      False      False        True                 False       True                   4           26.5104     0.0586958   0.996787     0.942365 │
│ hyperband_train_98d25_00316   TERMINATED   False      False      True            False      False      True         True                 False       False                  4           21.6562     0.0499493   0.995453     0.941697 │
│ hyperband_train_98d25_00317   TERMINATED   True       False      False           False      False      False        True                 True        False                  1            7.26983    0.0846249   0.999333     0.892708 │
│ hyperband_train_98d25_00318   TERMINATED   True       True       False           True       False      False        False                True        False                  1           11.9756     0.0627898   0.996015     0.926699 │
│ hyperband_train_98d25_00319   TERMINATED   False      True       False           True       False      False        True                 True        True                   2           19.7282     0.0591024   0.996348     0.942145 │
│ hyperband_train_98d25_00320   TERMINATED   False      True       False           False      True       True         True                 False       True                   4           31.8935     0.118217    0.994979     0.946553 │
│ hyperband_train_98d25_00321   TERMINATED   False      True       True            True       True       False        False                False       True                   4           40.7012     0.0508137   0.998929     0.923065 │
│ hyperband_train_98d25_00322   TERMINATED   True       False      True            True       True       True         False                True        True                   4           48.146      0.0540675   0.999192     0.907917 │
│ hyperband_train_98d25_00323   TERMINATED   True       False      True            False      True       True         True                 True        False                  2           18.0154     0.0463306   0.996261     0.942101 │
│ hyperband_train_98d25_00324   TERMINATED   True       False      True            False      True       True         False                True        False                  4           33.5137     0.052115    0.993452     0.945788 │
│ hyperband_train_98d25_00325   TERMINATED   False      True       False           True       True       True         True                 True        False                  4           46.416      0.0504872   0.996155     0.942049 │
│ hyperband_train_98d25_00326   TERMINATED   True       False      False           True       True       True         False                False       False                  4           40.6791     0.0822842   0.996752     0.942348 │
│ hyperband_train_98d25_00327   TERMINATED   False      False      True            True       True       True         False                True        True                   1            8.73128    0.0772415   0.985043     0.91611  │
│ hyperband_train_98d25_00328   TERMINATED   True       True       True            False      False      False        True                 False       True                   1            8.25754    0.26489     0.99828      0.5      │
│ hyperband_train_98d25_00329   TERMINATED   True       True       False           True       False      True         False                False       False                  2           20.175      0.0716502   0.993504     0.940721 │
│ hyperband_train_98d25_00330   TERMINATED   False      False      True            True       True       True         True                 True        False                  4           34.7582     0.0724983   0.987852     0.942983 │
│ hyperband_train_98d25_00331   TERMINATED   True       False      True            False      False      True         False                True        False                  4           25.4253     4.44803     0.001738     0.500009 │
│ hyperband_train_98d25_00332   TERMINATED   True       True       True            False      False      False        False                False       False                  4           28.8502     0.135497    0.997665     0.932618 │
│ hyperband_train_98d25_00333   TERMINATED   False      True       True            True       True       False        True                 False       False                  2           24.7192     0.0657967   0.995278     0.941609 │
│ hyperband_train_98d25_00334   TERMINATED   True       False      False           False      True       True         False                True        False                  4           31.225      0.0584708   0.98894      0.948621 │
│ hyperband_train_98d25_00335   TERMINATED   True       False      True            True       False      False        False                False       True                   4           34.3575     0.0673817   0.991679     0.939806 │
│ hyperband_train_98d25_00336   TERMINATED   False      False      True            False      False      False        False                False       False                  2           10.1691     0.220283    0.997964     0.922581 │
│ hyperband_train_98d25_00337   TERMINATED   True       False      True            True       False      True         False                False       False                  4           35.2978     0.0776367   0.991521     0.939727 │
│ hyperband_train_98d25_00338   TERMINATED   False      False      True            False      False      True         False                True        False                  1            4.94973    0.408635    0.99928      0.913054 │
│ hyperband_train_98d25_00339   TERMINATED   True       True       True            False      False      True         False                True        True                   1            7.85418    0.0963181   0.99928      0.877402 │
│ hyperband_train_98d25_00340   TERMINATED   True       True       True            True       True       True         False                False       True                   4           53.7495     0.0501746   0.998964     0.907803 │
│ hyperband_train_98d25_00341   TERMINATED   True       True       True            False      True       False        True                 True        True                   4           41.5212     0.0595332   0.990011     0.944064 │
│ hyperband_train_98d25_00342   TERMINATED   True       True       False           True       False      True         False                True        True                   4           47.8289     0.0908961   0.992416     0.935082 │
│ hyperband_train_98d25_00343   TERMINATED   False      True       False           True       True       True         True                 False       True                   4           43.9052     0.0695648   0.987887     0.943    │
│ hyperband_train_98d25_00344   TERMINATED   False      False      False           False      True       False        False                True        True                   4           21.3231     0.0597116   0.994312     0.946219 │
│ hyperband_train_98d25_00345   TERMINATED   True       True       False           False      True       True         True                 False       False                  2           20.2286     0.14176     0.999263     0.918139 │
│ hyperband_train_98d25_00346   TERMINATED   False      True       True            False      True       True         False                False       True                   4           36.2967     0.0482308   0.993575     0.945849 │
│ hyperband_train_98d25_00347   TERMINATED   True       False      False           False      False      False        False                False       True                   1            6.01112    0.249695    0.99828      0.5      │
│ hyperband_train_98d25_00348   TERMINATED   False      False      False           True       True       False        False                True        True                   2           17.7664     0.0546739   0.996945     0.932258 │
│ hyperband_train_98d25_00349   TERMINATED   True       True       False           True       True       False        True                 True        True                   1           15.0492     0.0635808   0.996717     0.906677 │
│ hyperband_train_98d25_00350   TERMINATED   True       True       False           True       True       False        False                True        True                   4           57.9706     0.0520909   0.992943     0.945533 │
│ hyperband_train_98d25_00351   TERMINATED   True       False      False           True       True       False        True                 True        True                   4           49.9915     0.0724916   0.996594     0.916802 │
│ hyperband_train_98d25_00352   TERMINATED   True       False      True            True       False      False        False                False       False                  4           31.5193     0.0611324   0.999315     0.907979 │
│ hyperband_train_98d25_00353   TERMINATED   False      True       False           True       False      False        True                 False       True                   4           35.4046     0.052481    0.998648     0.933111 │
│ hyperband_train_98d25_00354   TERMINATED   False      True       False           True       False      True         True                 True        False                  2           22.8928     0.0707487   0.994874     0.936314 │
│ hyperband_train_98d25_00355   TERMINATED   False      True       False           False      True       True         True                 False       True                   4           35.1975     0.0538858   0.992802     0.945462 │
│ hyperband_train_98d25_00356   TERMINATED   False      False      False           False      False      True         False                True        True                   4           18.5584     0.431726    0.879042     0.913951 │
│ hyperband_train_98d25_00357   TERMINATED   False      False      True            True       False      False        True                 True        True                   1            8.00765    0.0532176   0.998982     0.917998 │
│ hyperband_train_98d25_00358   TERMINATED   True       True       False           False      False      False        False                False       False                  1            7.23727    0.0619718   0.998613     0.938186 │
│ hyperband_train_98d25_00359   TERMINATED   True       True       False           False      True       True         False                True        False                  2           19.9205     0.0531699   0.995014     0.941477 │
│ hyperband_train_98d25_00360   TERMINATED   False      True       True            True       True       True         True                 True        False                  4           49.7161     0.0599121   0.990081     0.939006 │
│ hyperband_train_98d25_00361   TERMINATED   True       True       False           True       True       True         True                 False       False                  4           52.742      0.341307    0.99907      0.82127  │
│ hyperband_train_98d25_00362   TERMINATED   False      False      False           True       False      True         False                False       True                   4           19.9429     0.139972    0.998947     0.790649 │
│ hyperband_train_98d25_00363   TERMINATED   True       True       False           False      False      True         True                 False       False                  2           14.3651     0.0960654   0.999333     0.882521 │
│ hyperband_train_98d25_00364   TERMINATED   True       True       True            True       False      True         False                False       False                  4           43.3271     0.0550904   0.996208     0.942075 │
│ hyperband_train_98d25_00365   TERMINATED   False      False      False           True       False      True         False                True        False                  4           27.767      0.074625    0.995488     0.941715 │
│ hyperband_train_98d25_00366   TERMINATED   False      True       True            True       True       True         True                 True        False                  1           12.5108     0.0736924   0.998683     0.907662 │
│ hyperband_train_98d25_00367   TERMINATED   False      False      False           False      True       True         True                 False       True                   2           14.0701     0.288814    0.997156     0.917084 │
│ hyperband_train_98d25_00368   TERMINATED   False      True       False           True       True       True         True                 True        True                   1           12.4508     0.0524139   0.998596     0.912711 │
│ hyperband_train_98d25_00369   TERMINATED   False      True       True            False      True       True         False                True        True                   4           36.3082     0.056085    0.990573     0.949439 │
│ hyperband_train_98d25_00370   TERMINATED   True       False      False           True       False      False        True                 True        True                   4           39.5555     0.0683978   0.994382     0.941161 │
│ hyperband_train_98d25_00371   TERMINATED   False      True       False           True       True       True         False                True        True                   4           47.7023     0.0559503   0.996243     0.942093 │
│ hyperband_train_98d25_00372   TERMINATED   False      False      True            True       False      True         False                False       False                  4           20.8362     0.151174    0.999105     0.800915 │
│ hyperband_train_98d25_00373   TERMINATED   True       True       True            False      True       False        False                True        False                  2           20.0283     0.0922821   0.99928      0.907961 │
│ hyperband_train_98d25_00374   TERMINATED   False      False      False           True       False      False        False                False       True                   4           23.0767     0.0637226   0.994839     0.941389 │
│ hyperband_train_98d25_00375   TERMINATED   False      True       False           True       True       True         True                 True        False                  4           55.5129     0.401634    0.997349     0.91718  │
│ hyperband_train_98d25_00376   TERMINATED   False      True       True            False      False      False        False                True        False                  4           27.3514     0.744439    0.857589     0.908299 │
│ hyperband_train_98d25_00377   TERMINATED   True       True       False           True       False      False        False                False       True                   2           21.5862     0.0754822   0.994417     0.941178 │
│ hyperband_train_98d25_00378   TERMINATED   False      False      False           False      True       False        True                 False       False                  1            5.51296    0.0736946   0.99928      0.907961 │
│ hyperband_train_98d25_00379   TERMINATED   False      False      False           True       False      True         False                True        True                   1            7.23107    0.0560166   0.997138     0.922168 │
│ hyperband_train_98d25_00380   TERMINATED   False      True       False           True       False      False        True                 True        True                   4           37.4219     0.148445    0.971683     0.929791 │
│ hyperband_train_98d25_00381   TERMINATED   True       False      False           False      False      True         True                 False       True                   4           27.8682     0.18099     0.999315     0.907979 │
│ hyperband_train_98d25_00382   TERMINATED   True       True       True            False      False      True         False                True        False                  4           29.585      0.0538129   0.998859     0.92303  │
│ hyperband_train_98d25_00383   TERMINATED   True       False      False           False      True       True         False                True        False                  4           31.1814     0.0488744   0.996945     0.947538 │
│ hyperband_train_98d25_00384   TERMINATED   True       True       False           False      False      False        True                 True        False                  2           17.5834     0.253612    0.99828      0.5      │
│ hyperband_train_98d25_00385   TERMINATED   False      True       False           True       False      True         False                True        True                   4           38.6096     0.0632692   0.995558     0.94175  │
│ hyperband_train_98d25_00386   TERMINATED   True       True       False           False      False      True         True                 False       True                   2           17.8149     0.0499382   0.998999     0.93838  │
│ hyperband_train_98d25_00387   TERMINATED   False      False      True            True       True       True         False                False       False                  1            6.24237    0.508004    0.798251     0.807273 │
│ hyperband_train_98d25_00388   TERMINATED   False      False      True            True       False      False        True                 False       False                  4           25.3545     0.0644975   0.994558     0.941248 │
│ hyperband_train_98d25_00389   TERMINATED   False      True       False           False      False      False        False                False       False                  1            5.99734    0.110824    0.99914      0.907891 │
│ hyperband_train_98d25_00390   TERMINATED   False      False      True            False      False      True         True                 False       True                   4           22.2802     0.0670223   0.999017     0.918016 │
│ hyperband_train_98d25_00391   TERMINATED   True       False      False           True       False      False        False                False       True                   4           30.6483     0.0543546   0.998438     0.922819 │
│ hyperband_train_98d25_00392   TERMINATED   False      True       True            True       False      True         True                 True        False                  4           42.2482     0.059643    0.997788     0.9174   │
│ hyperband_train_98d25_00393   TERMINATED   True       True       True            True       False      False        False                True        False                  2           24.2276     0.0776245   0.997542     0.912184 │
│ hyperband_train_98d25_00394   TERMINATED   True       True       True            True       False      False        False                False       True                   4           43.2637     0.0642051   0.998806     0.91791  │
│ hyperband_train_98d25_00395   TERMINATED   False      False      True            False      False      False        False                True        True                   4           18.7415     1.1436      0.00172045   0.5      │
│ hyperband_train_98d25_00396   TERMINATED   False      False      False           False      False      True         False                False       True                   2            8.77444    0.166548    0.998069     0.927727 │
│ hyperband_train_98d25_00397   TERMINATED   True       True       True            True       False      True         True                 False       False                  1           12.5161     0.166133    0.998859     0.770232 │
│ hyperband_train_98d25_00398   TERMINATED   True       True       False           False      True       False        True                 True        True                   4           42.2725     0.0710877   0.99928      0.907961 │
│ hyperband_train_98d25_00399   TERMINATED   True       True       False           False      True       False        True                 False       False                  1           10.7121     0.127056    0.998999     0.811049 │
│ hyperband_train_98d25_00400   TERMINATED   True       True       False           True       True       False        False                False       True                   4           51.4635     0.0882849   0.995488     0.895875 │
│ hyperband_train_98d25_00401   TERMINATED   True       False      True            False      True       True         True                 False       False                  4           37.9283     0.0472782   0.998016     0.942981 │
│ hyperband_train_98d25_00402   TERMINATED   True       True       False           False      True       False        False                True        False                  4           38.7263     0.249868    0.99828      0.5      │
│ hyperband_train_98d25_00403   TERMINATED   True       False      True            False      True       False        False                False       True                   2           15.8524     0.0672704   0.99928      0.907961 │
│ hyperband_train_98d25_00404   TERMINATED   True       True       True            True       True       True         False                True        False                  4           62.6185     0.0618993   0.990766     0.944442 │
│ hyperband_train_98d25_00405   TERMINATED   False      True       False           True       True       True         True                 False       False                  4           46.4994     0.0532455   0.996208     0.942075 │
│ hyperband_train_98d25_00406   TERMINATED   True       True       True            False      False      False        True                 True        False                  1            8.24575    0.253578    0.99828      0.5      │
│ hyperband_train_98d25_00407   TERMINATED   False      True       False           True       False      False        False                False       True                   4           34.976      0.0547259   0.997068     0.942506 │
│ hyperband_train_98d25_00408   TERMINATED   True       True       True            True       True       False        False                False       False                  2           27.5144     0.0874173   0.983831     0.935876 │
│ hyperband_train_98d25_00409   TERMINATED   True       False      True            False      False      True         True                 False       False                  1            7.7994     0.317109    0.99828      0.5      │
│ hyperband_train_98d25_00410   TERMINATED   True       False      False           False      True       False        True                 False       True                   4           30.7506     0.0554664   0.99598      0.947054 │
│ hyperband_train_98d25_00411   TERMINATED   True       True       False           False      False      True         True                 True        True                   4           31.042      0.0507186   0.996313     0.942128 │
│ hyperband_train_98d25_00412   TERMINATED   False      True       True            True       False      False        False                True        False                  4           40.0021     0.100048    0.982638     0.935278 │
│ hyperband_train_98d25_00413   TERMINATED   False      True       True            True       False      True         True                 False       True                   4           42.9838     0.119718    0.987658     0.937793 │
│ hyperband_train_98d25_00414   TERMINATED   True       False      False           False      False      True         True                 True        True                   2           11.7194     0.0949705   0.998912     0.928149 │
│ hyperband_train_98d25_00415   TERMINATED   True       False      True            False      False      False        False                False       False                  4           24.5589     0.139596    0.997595     0.937676 │
│ hyperband_train_98d25_00416   TERMINATED   True       False      True            False      False      False        True                 False       False                  1            7.14503    0.248968    0.99828      0.5      │
│ hyperband_train_98d25_00417   TERMINATED   False      True       True            True       False      True         True                 True        True                   2           22.6279     0.0804577   0.99921      0.877366 │
│ hyperband_train_98d25_00418   TERMINATED   False      True       False           False      True       False        False                False       True                   1            8.46515    0.249219    0.99828      0.5      │
│ hyperband_train_98d25_00419   TERMINATED   True       False      True            False      False      True         True                 False       False                  4           26.8679     0.0503802   0.998209     0.943077 │
│ hyperband_train_98d25_00420   TERMINATED   False      True       True            False      False      True         True                 True        True                   4           29.3644     0.605666    0.788578     0.873734 │
│ hyperband_train_98d25_00421   TERMINATED   False      False      True            True       False      False        False                True        True                   4           29.6664     0.0596514   0.997525     0.937641 │
│ hyperband_train_98d25_00422   TERMINATED   True       False      False           True       True       False        True                 True        False                  4           45.3224     0.0888705   0.995611     0.936683 │
│ hyperband_train_98d25_00423   TERMINATED   True       False      False           True       False      False        True                 False       False                  4           39.2649     0.0541737   0.998455     0.938107 │
│ hyperband_train_98d25_00424   TERMINATED   True       False      False           False      True       False        False                True        True                   2           15.2471     0.074392    0.99928      0.907961 │
│ hyperband_train_98d25_00425   TERMINATED   False      False      True            True       True       True         False                True        True                   4           33.7726     0.0991829   0.9605       0.944563 │
│ hyperband_train_98d25_00426   TERMINATED   True       True       False           False      False      False        False                False       False                  1            7.24818    0.249823    0.99828      0.5      │
│ hyperband_train_98d25_00427   TERMINATED   True       True       True            False      False      True         True                 False       False                  4           32.0018     0.106335    0.993768     0.940853 │
│ hyperband_train_98d25_00428   TERMINATED   False      True       False           True       True       False        True                 True        False                  2           24.1946     0.0913568   0.975492     0.936793 │
│ hyperband_train_98d25_00429   TERMINATED   True       False      False           True       False      True         True                 False       True                   1            8.62804    0.0992625   0.999192     0.892637 │
│ hyperband_train_98d25_00430   TERMINATED   False      True       True            False      False      False        False                False       True                   4           25.117      0.133346    0.993785     0.945955 │
│ hyperband_train_98d25_00431   TERMINATED   True       False      True            True       True       False        True                 True        False                  4           50.9252     0.0820719   0.98197      0.934944 │
│ hyperband_train_98d25_00432   TERMINATED   False      False      True            False      False      True         False                False       True                   4           19.3865     0.135705    0.996928     0.937342 │
│ hyperband_train_98d25_00433   TERMINATED   True       True       True            False      True       True         False                True        True                   4           43.4567     0.0550668   0.992837     0.940387 │
│ hyperband_train_98d25_00434   TERMINATED   True       True       True            False      False      False        True                 False       True                   2           16.0958     0.0628676   0.999175     0.918095 │
│ hyperband_train_98d25_00435   TERMINATED   False      True       True            False      False      False        True                 True        False                  4           26.4495     0.618517    0.938836     0.933713 │
│ hyperband_train_98d25_00436   TERMINATED   False      False      True            False      False      False        True                 True        False                  1            5.17564    0.0746906   0.99928      0.907961 │
│ hyperband_train_98d25_00437   TERMINATED   False      False      True            True       False      True         False                False       True                   4           26.4777     0.0628992   0.99691      0.937333 │
│ hyperband_train_98d25_00438   TERMINATED   True       True       False           True       True       True         True                 False       False                  2           30.6317     0.0579732   0.992346     0.940141 │
│ hyperband_train_98d25_00439   TERMINATED   True       True       False           True       False      True         True                 False       False                  1           10.2259     0.148821    0.998806     0.719273 │
│ hyperband_train_98d25_00440   TERMINATED   False      True       False           False      True       False        True                 True        False                  4           34.7843     0.0725233   0.99928      0.907961 │
│ hyperband_train_98d25_00441   TERMINATED   False      False      False           True       True       True         True                 False       False                  4           28.4403     0.0523917   0.996664     0.93721  │
│ hyperband_train_98d25_00442   TERMINATED   True       False      False           True       False      True         True                 True        True                   4           40.2344     0.0808123   0.991837     0.934792 │
│ hyperband_train_98d25_00443   TERMINATED   True       False      False           False      True       False        False                True        True                   4           31.282      0.0635587   0.995594     0.941767 │
│ hyperband_train_98d25_00444   TERMINATED   True       True       False           False      False      True         True                 True        False                  4           36.6817     0.0735967   0.999157     0.918086 │
│ hyperband_train_98d25_00445   TERMINATED   True       False      True            True       True       True         True                 False       True                   2           19.4311     0.325328    0.987939     0.866628 │
│ hyperband_train_98d25_00446   TERMINATED   False      True       False           True       False      True         True                 False       True                   4           41.1723     0.0870927   0.987623     0.937775 │
│ hyperband_train_98d25_00447   TERMINATED   True       True       True            False      True       False        True                 False       False                  2           22.6677     0.0752769   0.999263     0.902859 │
│ hyperband_train_98d25_00448   TERMINATED   True       False      False           False      True       False        True                 False       False                  1            7.62729    0.248069    0.99828      0.5      │
│ hyperband_train_98d25_00449   TERMINATED   True       False      True            True       False      True         False                False       False                  1            8.90251    0.082127    0.996226     0.906431 │
│ hyperband_train_98d25_00450   TERMINATED   True       True       True            False      True       True         True                 False       False                  4           42.3611     0.0555713   0.990696     0.954594 │
│ hyperband_train_98d25_00451   TERMINATED   True       False      True            True       False      True         True                 False       True                   4           35.3874     0.0657138   0.995611     0.941776 │
│ hyperband_train_98d25_00452   TERMINATED   True       True       True            False      True       True         True                 True        True                   4           42.726      0.0517011   0.994488     0.941213 │
│ hyperband_train_98d25_00453   TERMINATED   False      False      True            False      False      True         False                False       True                   4           20.6677     0.150287    0.998508     0.93304  │
│ hyperband_train_98d25_00454   TERMINATED   False      False      True            True       False      True         False                True        True                   2           15.4431     0.0644151   0.99835      0.938055 │
│ hyperband_train_98d25_00455   TERMINATED   True       False      True            True       True       True         True                 True        False                  4           55.7115     0.0693116   0.982304     0.945297 │
│ hyperband_train_98d25_00456   TERMINATED   False      False      False           True       True       False        False                True        False                  1            8.24258    0.0555512   0.999263     0.907952 │
│ hyperband_train_98d25_00457   TERMINATED   False      True       True            True       False      False        True                 True        False                  1           10.6754     0.058484    0.999087     0.918051 │
│ hyperband_train_98d25_00458   TERMINATED   True       True       False           False      False      False        True                 True        False                  4           30.1404     0.144488    0.994716     0.941328 │
│ hyperband_train_98d25_00459   TERMINATED   False      False      True            True       False      True         False                False       True                   2           11.8832     0.0509799   0.998947     0.93326  │
│ hyperband_train_98d25_00460   TERMINATED   False      False      True            False      True       False        True                 False       False                  4           24.3706     0.0596862   0.99368      0.945902 │
│ hyperband_train_98d25_00461   TERMINATED   True       False      False           True       True       True         False                True        True                   4           45.3349     0.0548275   0.999192     0.907917 │
│ hyperband_train_98d25_00462   TERMINATED   False      True       False           True       True       True         True                 False       False                  4           45.1871     0.515443    0.899091     0.918899 │
│ hyperband_train_98d25_00463   TERMINATED   True       True       True            False      False      False        False                True        True                   2           15.3065     0.258761    0.99828      0.5      │
│ hyperband_train_98d25_00464   TERMINATED   False      False      True            True       False      True         False                False       False                  4           24.3512     0.106753    0.995155     0.941547 │
│ hyperband_train_98d25_00465   TERMINATED   False      True       False           False      False      True         False                False       False                  4           23.999      0.0515719   0.995611     0.941776 │
│ hyperband_train_98d25_00466   TERMINATED   True       False      True            False      True       True         False                True        False                  1            7.91609    0.179628    0.99828      0.5      │
│ hyperband_train_98d25_00467   TERMINATED   True       False      True            False      False      True         True                 True        True                   2           13.9171     0.0732799   0.999245     0.892664 │
│ hyperband_train_98d25_00468   TERMINATED   False      False      True            True       True       False        False                True        True                   4           36.8058     0.0595273   0.991152     0.944636 │
│ hyperband_train_98d25_00469   TERMINATED   True       True       False           False      False      False        False                False       True                   1            7.59748    0.259309    0.99828      0.5      │
│ hyperband_train_98d25_00470   TERMINATED   False      True       True            True       False      True         False                False       False                  4           34.057      0.0530359   0.998016     0.922608 │
│ hyperband_train_98d25_00471   TERMINATED   False      True       False           False      False      True         False                False       True                   4           24.1926     0.0693768   0.988571     0.95353  │
│ hyperband_train_98d25_00472   TERMINATED   True       True       True            True       False      True         True                 True        True                   4           49.7647     0.0679082   0.994979     0.921087 │
│ hyperband_train_98d25_00473   TERMINATED   False      False      True            False      False      False        True                 False       False                  2            9.35795    0.0940738   0.998543     0.922871 │
│ hyperband_train_98d25_00474   TERMINATED   False      True       True            True       False      True         True                 False       True                   4           43.2563     0.0829102   0.99928      0.907961 │
│ hyperband_train_98d25_00475   TERMINATED   False      False      True            True       False      True         False                False       True                   4           23.5055     0.0524508   0.99763      0.942787 │
│ hyperband_train_98d25_00476   TERMINATED   True       True       True            True       True       False        False                False       False                  1           13.1351     0.0542043   0.99835      0.917682 │
│ hyperband_train_98d25_00477   TERMINATED   False      True       False           True       True       False        True                 True        False                  1           12.737      0.0544056   0.99928      0.907961 │
│ hyperband_train_98d25_00478   TERMINATED   False      True       True            True       True       True         True                 True        False                  4           53.0523     0.0486064   0.996436     0.942189 │
│ hyperband_train_98d25_00479   TERMINATED   True       False      False           False      False      False        True                 True        True                   2           13.3786     0.411118    0.91784      0.92829  │
│ hyperband_train_98d25_00480   TERMINATED   True       True       True            True       False      False        False                False       False                  4           41.075      0.073037    0.992767     0.935258 │
│ hyperband_train_98d25_00481   TERMINATED   False      False      False           True       True       False        True                 True        False                  4           31.4771     0.0532707   0.993908     0.946016 │
│ hyperband_train_98d25_00482   TERMINATED   False      True       False           False      False      True         False                False       False                  4           23.6081     0.0520147   0.998543     0.933058 │
│ hyperband_train_98d25_00483   TERMINATED   False      False      False           True       False      False        False                True        True                   4           29.2018     0.0748714   0.991433     0.939683 │
│ hyperband_train_98d25_00484   TERMINATED   False      True       True            True       False      False        True                 True        True                   4           41.6344     0.0874375   0.982883     0.935401 │
│ hyperband_train_98d25_00485   TERMINATED   True       False      True            True       True       True         True                 False       True                   2           19.5048     0.147663    0.998139     0.49993  │
│ hyperband_train_98d25_00486   TERMINATED   False      False      False           True       True       False        True                 False       False                  1            6.36544    0.0688837   0.991819     0.934784 │
│ hyperband_train_98d25_00487   TERMINATED   True       False      False           False      False      False        False                False       True                   2           12.0617     0.0530688   0.995611     0.941776 │
│ hyperband_train_98d25_00488   TERMINATED   False      True       True            False      True       False        False                False       False                  1            8.44094    0.0711337   0.99928      0.907961 │
│ hyperband_train_98d25_00489   TERMINATED   False      False      False           True       False      False        False                False       True                   4           23.1971     0.0637226   0.994839     0.941389 │
│ hyperband_train_98d25_00490   TERMINATED   False      True       False           True       True       False        False                True        False                  4           45.5888     0.0935095   0.972315     0.935201 │
│ hyperband_train_98d25_00491   TERMINATED   False      True       False           False      False      True         False                True        False                  4           23.5829     0.108398    0.994277     0.941108 │
│ hyperband_train_98d25_00492   TERMINATED   True       True       True            False      False      False        False                True        False                  4           29.1751     0.0804733   0.996384     0.942163 │
│ hyperband_train_98d25_00493   TERMINATED   False      False      False           False      True       True         True                 True        True                   4           23.3052     0.0483249   0.994593     0.946359 │
│ hyperband_train_98d25_00494   TERMINATED   False      True       False           False      True       False        True                 True        False                  4           32.5718     0.08288     0.99928      0.907961 │
│ hyperband_train_98d25_00495   TERMINATED   True       False      True            True       True       True         True                 True        True                   2           27.6193     0.246354    0.99921      0.877366 │
│ hyperband_train_98d25_00496   TERMINATED   True       False      False           False      True       False        True                 True        True                   1            9.45655    0.0768239   0.999228     0.892655 │
│ hyperband_train_98d25_00497   TERMINATED   False      False      False           True       True       True         True                 True        False                  2           21.1782     0.081671    0.998578     0.927982 │
│ hyperband_train_98d25_00498   TERMINATED   False      True       False           False      False      True         False                True        True                   4           25.6497     0.110787    0.970823     0.94464  │
│ hyperband_train_98d25_00499   TERMINATED   False      False      False           True       False      True         False                True        True                   1            7.52727    0.0690573   0.995681     0.916345 │
│ hyperband_train_98d25_00500   TERMINATED   False      False      False           True       False      False        True                 False       False                  4           27.835      0.0724961   0.996893     0.932231 │
│ hyperband_train_98d25_00501   TERMINATED   True       False      True            False      True       True         True                 True        True                   4           33.0252     0.0476036   0.996735     0.942339 │
│ hyperband_train_98d25_00502   TERMINATED   False      False      True            True       False      False        True                 True        True                   4           29.8083     0.0588789   0.995453     0.936604 │
│ hyperband_train_98d25_00503   TERMINATED   False      True       True            False      False      True         True                 True        True                   4           28.2048     0.244066    0.983638     0.935779 │
│ hyperband_train_98d25_00504   TERMINATED   False      True       False           True       True       True         True                 True        True                   2           27.1662     0.0637036   0.999228     0.887562 │
│ hyperband_train_98d25_00505   TERMINATED   False      True       True            False      True       True         False                False       True                   4           35.2025     0.0692775   0.998596     0.948364 │
│ hyperband_train_98d25_00506   TERMINATED   True       False      True            False      True       True         False                True        False                  2           16.6266     0.424712    0.99928      0.907961 │
│ hyperband_train_98d25_00507   TERMINATED   True       True       True            False      False      False        True                 True        False                  1            8.02605    0.257923    0.99828      0.5      │
│ hyperband_train_98d25_00508   TERMINATED   False      True       False           True       False      True         True                 False       True                   1            8.61171    0.0687008   0.999228     0.877375 │
│ hyperband_train_98d25_00509   TERMINATED   False      False      True            True       True       True         True                 True        True                   4           43.6346     0.0786428   0.987009     0.942561 │
│ hyperband_train_98d25_00510   TERMINATED   True       False      False           False      False      False        True                 True        False                  4           23.0746     0.403727    0.955198     0.947001 │
│ hyperband_train_98d25_00511   TERMINATED   True       True       True            True       False      True         True                 True        False                  4           55.2448     0.0891363   0.992047     0.934898 │
│ hyperband_train_98d25_00512   TERMINATED   False      False      False           False      True       True         True                 False       False                  4           22.5856     0.135489    0.984867     0.951675 │
│ hyperband_train_98d25_00513   TERMINATED   False      True       False           False      False      True         True                 False       True                   4           26.5416     0.190166    0.999315     0.897792 │
│ hyperband_train_98d25_00514   TERMINATED   True       False      True            False      False      False        False                True        True                   2           12.2884     0.258908    0.99828      0.5      │
│ hyperband_train_98d25_00515   TERMINATED   False      False      False           True       True       True         False                False       False                  4           25.0976     0.0741521   0.99512      0.94153  │
│ hyperband_train_98d25_00516   TERMINATED   False      True       False           True       True       True         False                True        False                  1           12.1724     0.089605    0.99914      0.897704 │
│ hyperband_train_98d25_00517   TERMINATED   True       False      False           False      False      False        True                 True        False                  2           12.3192     0.0560167   0.998034     0.937896 │
│ hyperband_train_98d25_00518   TERMINATED   True       True       False           True       True       False        False                True        False                  1           14.6175     0.0882623   0.997788     0.907214 │
│ hyperband_train_98d25_00519   TERMINATED   False      False      True            False      True       False        True                 False       True                   4           25.1003     0.053087    0.994523     0.946324 │
│ hyperband_train_98d25_00520   TERMINATED   True       True       False           True       False      False        True                 False       True                   4           41.4061     0.0546257   0.99512      0.94153  │
│ hyperband_train_98d25_00521   TERMINATED   False      False      True            False      True       True         False                True        False                  4           21.4638     0.0563216   0.992153     0.945137 │
│ hyperband_train_98d25_00522   TERMINATED   True       False      False           True       True       False        True                 False       True                   4           38.6118     0.0697189   0.985341     0.946819 │
│ hyperband_train_98d25_00523   TERMINATED   False      True       False           False      False      True         False                True        False                  4           24.8986     0.14867     0.967399     0.942926 │
│ hyperband_train_98d25_00524   TERMINATED   True       False      True            False      True       True         True                 True        False                  4           34.6907     0.0482618   0.998122     0.93794  │
│ hyperband_train_98d25_00525   TERMINATED   True       False      False           True       False      True         False                False       False                  2           15.4162     0.0999392   0.99763      0.896948 │
│ hyperband_train_98d25_00526   TERMINATED   True       False      True            False      True       True         False                False       False                  1            8.47476    0.0541688   0.999157     0.907899 │
│ hyperband_train_98d25_00527   TERMINATED   False      True       False           True       True       False        True                 False       True                   2           21.7754     0.0710252   0.998894     0.907768 │
│ hyperband_train_98d25_00528   TERMINATED   True       True       True            True       True       False        False                False       True                   1           13.8018     0.0570641   0.999122     0.907882 │
│ hyperband_train_98d25_00529   TERMINATED   True       False      False           False      True       True         True                 False       False                  4           37.3961     0.0514476   0.99828      0.943113 │
│ hyperband_train_98d25_00530   TERMINATED   True       False      False           True       False      True         True                 False       True                   4           36.3619     0.0717274   0.994962     0.941451 │
│ hyperband_train_98d25_00531   TERMINATED   True       False      False           True       True       True         False                False       True                   4           36.9826     0.211523    0.916681     0.942989 │
│ hyperband_train_98d25_00532   TERMINATED   False      False      True            False      False      False        False                True        True                   4           18.23       1.1436      0.00172045   0.5      │
│ hyperband_train_98d25_00533   TERMINATED   True       False      False           True       True       True         True                 True        True                   4           48.7299     0.0503439   0.994505     0.946315 │
│ hyperband_train_98d25_00534   TERMINATED   False      True       False           False      False      False        False                False       True                   4           25.1119     0.122432    0.988203     0.948252 │
│ hyperband_train_98d25_00535   TERMINATED   True       True       False           True       True       False        False                True        False                  2           28.6964     0.125971    0.998244     0.499982 │
│ hyperband_train_98d25_00536   TERMINATED   False      True       False           False      False      False        False                True        False                  4           24.7901     1.76875     0.717373     0.843163 │
│ hyperband_train_98d25_00537   TERMINATED   True       True       False           False      False      True         True                 True        True                   1            7.62047    0.337606    0.998824     0.724375 │
│ hyperband_train_98d25_00538   TERMINATED   True       True       False           True       False      False        False                False       False                  1           10.3148     0.529648    0.99828      0.5      │
│ hyperband_train_98d25_00539   TERMINATED   True       True       False           False      True       False        True                 True        True                   2           20.323      0.075373    0.997876     0.907258 │
│ hyperband_train_98d25_00540   TERMINATED   False      False      False           False      True       False        False                False       True                   4           20.1374     0.0591932   0.998069     0.9481   │
│ hyperband_train_98d25_00541   TERMINATED   True       False      False           False      False      False        True                 True        True                   4           24.8164     0.615296    0.859292     0.909152 │
│ hyperband_train_98d25_00542   TERMINATED   True       True       True            True       False      False        False                False       True                   4           42.2357     0.0996395   0.977546     0.942915 │
│ hyperband_train_98d25_00543   TERMINATED   False      False      True            True       True       True         False                True        True                   4           37.5594     0.0647993   0.991784     0.944952 │
│ hyperband_train_98d25_00544   TERMINATED   False      True       True            True       True       True         False                True        True                   2           24.8111     0.0629946   0.988448     0.948375 │
│ hyperband_train_98d25_00545   TERMINATED   False      False      True            False      False      True         True                 False       False                  4           20.3721     0.0684852   0.99361      0.945867 │
│ hyperband_train_98d25_00546   TERMINATED   True       True       True            False      True       False        False                False       False                  1           10.2262     0.0703906   0.99928      0.907961 │
│ hyperband_train_98d25_00547   TERMINATED   False      True       True            True       True       False        False                False       False                  1           10.5166     0.127793    0.99828      0.5      │
│ hyperband_train_98d25_00548   TERMINATED   False      False      True            True       False      True         True                 False       True                   2           13.5613     0.0806504   0.998771     0.933172 │
│ hyperband_train_98d25_00549   TERMINATED   False      True       True            True       False      False        False                False       True                   4           35.0621     0.0595917   0.992416     0.940176 │
│ hyperband_train_98d25_00550   TERMINATED   False      True       True            True       True       True         False                True        True                   4           47.8633     1.0334      0.0739967    0.5362   │
│ hyperband_train_98d25_00551   TERMINATED   False      True       True            True       True       True         False                False       True                   4           40.044      0.219329    0.999175     0.918095 │
│ hyperband_train_98d25_00552   TERMINATED   False      False      True            True       False      True         False                True        False                  4           30.2006     0.0712657   0.992908     0.940422 │
│ hyperband_train_98d25_00553   TERMINATED   True       False      False           True       True       True         True                 True        False                  4           50.3733     0.0548124   0.996752     0.947441 │
│ hyperband_train_98d25_00554   TERMINATED   False      True       True            True       False      True         False                True        False                  2           20.3814     0.0589468   0.998982     0.917998 │
│ hyperband_train_98d25_00555   TERMINATED   True       False      False           False      True       True         True                 False       True                   4           33.6992     0.0471401   0.997946     0.937852 │
│ hyperband_train_98d25_00556   TERMINATED   False      True       False           True       True       True         True                 False       False                  2           21.9973     0.0648153   0.989958     0.938945 │
│ hyperband_train_98d25_00557   TERMINATED   True       False      False           False      False      True         False                True        False                  4           24.6268     0.0618738   0.996822     0.942383 │
│ hyperband_train_98d25_00558   TERMINATED   False      True       False           False      True       False        True                 False       True                   1            9.72581    0.250434    0.99828      0.5      │
│ hyperband_train_98d25_00559   TERMINATED   False      True       False           True       True       True         True                 True        True                   1           12.5595     0.0890838   0.986517     0.921942 │
│ hyperband_train_98d25_00560   TERMINATED   False      False      False           False      True       False        False                False       False                  4           19.9825     0.0745473   0.99928      0.907961 │
│ hyperband_train_98d25_00561   TERMINATED   True       True       True            True       False      True         True                 True        True                   4           50.2392     0.110811    0.985464     0.936694 │
│ hyperband_train_98d25_00562   TERMINATED   True       False      False           True       True       False        True                 False       True                   4           37.818      0.0642297   0.99282      0.940378 │
│ hyperband_train_98d25_00563   TERMINATED   False      True       False           True       False      False        True                 True        True                   4           47.8726     0.0561685   0.99526      0.9416   │
│ hyperband_train_98d25_00564   TERMINATED   True       True       False           False      True       False        False                False       False                  2           19.2258     0.282393    0.998297     0.505102 │
│ hyperband_train_98d25_00565   TERMINATED   False      True       False           True       False      False        False                False       True                   4           32.2375     0.0512852   0.998402     0.922801 │
│ hyperband_train_98d25_00566   TERMINATED   True       False      False           True       True       False        False                True        False                  1           11.7158     0.114364    0.99828      0.5      │
│ hyperband_train_98d25_00567   TERMINATED   False      False      True            True       True       False        False                False       False                  1            6.95479    0.0593205   0.999228     0.892655 │
│ hyperband_train_98d25_00568   TERMINATED   False      False      False           True       False      False        True                 False       False                  4           25.8768     0.0694889   0.991977     0.945049 │
│ hyperband_train_98d25_00569   TERMINATED   True       False      False           True       True       False        False                False       False                  2           18.5978     0.0581323   0.995611     0.936683 │
│ hyperband_train_98d25_00570   TERMINATED   True       True       False           False      True       True         False                True        False                  4           37.9679     0.289699    0.980162     0.949318 │
│ hyperband_train_98d25_00571   TERMINATED   False      False      False           True       False      False        False                False       False                  4           20.6808     0.0628731   0.995453     0.941697 │
│ hyperband_train_98d25_00572   TERMINATED   False      False      False           False      False      False        True                 False       False                  4           17.2502     0.0564467   0.992837     0.96076  │
│ hyperband_train_98d25_00573   TERMINATED   True       False      True            True       False      False        False                False       True                   2           16.5408     0.0708375   0.998578     0.907609 │
│ hyperband_train_98d25_00574   TERMINATED   True       False      True            True       False      True         False                True        False                  4           42.2251     0.0969594   0.982638     0.945465 │
│ hyperband_train_98d25_00575   TERMINATED   True       True       False           True       True       False        False                True        False                  4           56.0977     0.0839645   0.99454      0.915773 │
│ hyperband_train_98d25_00576   TERMINATED   False      True       False           False      True       True         True                 False       True                   1            8.28338    0.115976    0.999263     0.897766 │
│ hyperband_train_98d25_00577   TERMINATED   True       True       True            False      True       False        False                False       True                   1           10.5489     0.0713174   0.99928      0.907961 │
│ hyperband_train_98d25_00578   TERMINATED   True       True       True            False      True       True         True                 False       False                  2           20.6479     0.23049     0.99928      0.907961 │
│ hyperband_train_98d25_00579   TERMINATED   False      True       True            False      False      False        True                 False       False                  4           27.022      0.0546006   0.99928      0.907961 │
│ hyperband_train_98d25_00580   TERMINATED   True       True       True            False      True       False        False                False       True                   4           39.5557     0.0515038   0.996454     0.942198 │
│ hyperband_train_98d25_00581   TERMINATED   False      True       True            True       False      False        False                True        False                  4           40.2089     0.0627884   0.998613     0.922907 │
│ hyperband_train_98d25_00582   TERMINATED   True       False      True            False      True       True         True                 True        True                   4           32.64       0.293912    0.99526      0.9416   │
│ hyperband_train_98d25_00583   TERMINATED   False      False      False           False      False      False        True                 False       True                   4           18.6281     0.0589512   0.994224     0.941081 │
│ hyperband_train_98d25_00584   TERMINATED   False      True       False           True       True       False        True                 True        True                   2           24.0151     0.063259    0.995523     0.926452 │
│ hyperband_train_98d25_00585   TERMINATED   False      False      False           True       False      False        True                 True        False                  4           31.1221     0.064968    0.99354      0.940738 │
│ hyperband_train_98d25_00586   TERMINATED   False      True       False           True       True       True         True                 False       True                   2           21.571      0.216189    0.98801      0.922689 │
│ hyperband_train_98d25_00587   TERMINATED   True       False      True            False      False      True         True                 True        True                   1            6.75139    0.294126    0.999175     0.836603 │
│ hyperband_train_98d25_00588   TERMINATED   False      False      True            False      False      True         True                 True        True                   1            5.3776     0.168286    0.999034     0.918024 │
│ hyperband_train_98d25_00589   TERMINATED   True       False      True            True       True       False        False                False       True                   4           40.8482     0.0672846   0.996226     0.942084 │
│ hyperband_train_98d25_00590   TERMINATED   False      False      False           False      True       True         True                 False       False                  4           21.0424     0.0488878   0.995945     0.941943 │
│ hyperband_train_98d25_00591   TERMINATED   True       True       True            False      False      False        False                False       False                  4           28.1018     0.251481    0.99828      0.5      │
│ hyperband_train_98d25_00592   TERMINATED   True       False      True            False      True       True         False                False       True                   4           30.1735     0.153823    0.99928      0.907961 │
│ hyperband_train_98d25_00593   TERMINATED   False      True       True            False      True       False        False                False       True                   4           34.3596     0.0617801   0.996963     0.947546 │
│ hyperband_train_98d25_00594   TERMINATED   False      False      False           True       True       False        False                True        True                   4           32.5575     0.0576887   0.990134     0.944126 │
│ hyperband_train_98d25_00595   TERMINATED   True       False      True            False      True       False        False                False       True                   2           15.8812     0.103284    0.999157     0.856967 │
│ hyperband_train_98d25_00596   TERMINATED   False      False      True            False      True       True         True                 True        True                   2           14.8284     0.0554421   0.99447      0.941205 │
│ hyperband_train_98d25_00597   TERMINATED   True       False      False           False      False      True         False                False       False                  4           25.1754     0.0626299   0.990818     0.934282 │
│ hyperband_train_98d25_00598   TERMINATED   True       True       True            True       True       True         False                False       True                   1           13.9785     0.17973     0.99828      0.5      │
│ hyperband_train_98d25_00599   TERMINATED   True       False      True            False      True       False        True                 False       True                   1            8.27284    0.0707008   0.99928      0.907961 │
│ hyperband_train_98d25_00600   TERMINATED   False      True       False           True       True       True         True                 False       True                   4           40.7802     0.974313    0.335013     0.66184  │
│ hyperband_train_98d25_00601   TERMINATED   True       True       True            False      False      False        True                 False       True                   4           35.6654     0.105548    0.99928      0.907961 │
│ hyperband_train_98d25_00602   TERMINATED   False      False      False           True       False      False        True                 True        True                   4           32.9891     0.0620307   0.996577     0.937166 │
│ hyperband_train_98d25_00603   TERMINATED   False      False      False           True       True       True         True                 False       True                   2           12.2257     0.215301    0.999122     0.882416 │
│ hyperband_train_98d25_00604   TERMINATED   True       False      True            False      True       True         False                True        True                   4           32.6178     0.118299    0.994452     0.941196 │
│ hyperband_train_98d25_00605   TERMINATED   True       True       True            False      False      True         False                True        True                   4           30.4273     0.529205    0.918788     0.923671 │
│ hyperband_train_98d25_00606   TERMINATED   True       True       True            True       False      True         False                True        True                   1           12.806      0.0816028   0.99928      0.907961 │
│ hyperband_train_98d25_00607   TERMINATED   True       True       False           False      True       False        False                True        True                   1            9.87077    0.0710774   0.99928      0.907961 │
│ hyperband_train_98d25_00608   TERMINATED   False      True       True            False      False      True         True                 False       False                  2           14.2787     0.0547452   0.998666     0.91784  │
│ hyperband_train_98d25_00609   TERMINATED   True       True       False           False      True       True         False                False       False                  4           40.9371     0.354663    0.996366     0.926874 │
│ hyperband_train_98d25_00610   TERMINATED   False      True       True            False      False      False        False                True        False                  4           24.7448     0.126831    0.998806     0.923003 │
│ hyperband_train_98d25_00611   TERMINATED   False      True       False           False      False      False        False                False       True                   4           23.7251     0.126221    0.982041     0.950259 │
│ hyperband_train_98d25_00612   TERMINATED   True       False      False           False      True       False        False                False       True                   4           29.68       0.0797943   0.999315     0.892699 │
│ hyperband_train_98d25_00613   TERMINATED   True       True       False           True       True       False        True                 True        True                   4           61.6242     0.074944    0.980426     0.94945  │
│ hyperband_train_98d25_00614   TERMINATED   False      False      False           True       False      False        True                 True        True                   4           30.4306     0.0570871   0.995471     0.941706 │
│ hyperband_train_98d25_00615   TERMINATED   True       False      False           True       False      False        True                 False       False                  2           16.2549     0.0571656   0.996524     0.92186  │
│ hyperband_train_98d25_00616   TERMINATED   True       False      True            False      True       True         False                False       False                  1            8.08609    0.152238    0.99828      0.5      │
│ hyperband_train_98d25_00617   TERMINATED   False      True       False           True       False      False        False                True        True                   1            9.96902    0.213052    0.97005      0.903507 │
│ hyperband_train_98d25_00618   TERMINATED   True       False      False           True       True       True         True                 False       True                   4           41.4122     0.114736    0.985499     0.941805 │
│ hyperband_train_98d25_00619   TERMINATED   True       True       True            True       True       True         True                 True        True                   2           36.4636     0.0546974   0.99928      0.907961 │
│ hyperband_train_98d25_00620   TERMINATED   True       False      False           False      True       False        True                 True        True                   4           31.1735     0.0558242   0.998824     0.938292 │
│ hyperband_train_98d25_00621   TERMINATED   False      False      True            True       True       True         False                True        False                  4           33.3738     0.0591626   0.992539     0.945331 │
│ hyperband_train_98d25_00622   TERMINATED   False      True       False           True       False      False        True                 False       True                   4           33.7884     0.0582583   0.998701     0.922951 │
│ hyperband_train_98d25_00623   TERMINATED   False      True       True            True       True       True         False                True        False                  4           50.9718     0.0998224   0.992714     0.945418 │
│ hyperband_train_98d25_00624   TERMINATED   False      True       True            False      True       False        True                 True        True                   4           36.0043     0.0562616   0.994944     0.946535 │
│ hyperband_train_98d25_00625   TERMINATED   True       True       True            False      False      True         True                 True        False                  2           15.8407     0.138435    0.998315     0.932944 │
│ hyperband_train_98d25_00626   TERMINATED   True       True       True            False      True       False        False                False       True                   1           10.235      0.0718854   0.99928      0.907961 │
│ hyperband_train_98d25_00627   TERMINATED   False      False      False           False      True       True         True                 True        False                  4           30.2068     0.0601744   0.988519     0.94841  │
│ hyperband_train_98d25_00628   TERMINATED   False      False      True            False      True       True         True                 False       True                   2           12.3802     0.0688344   0.999245     0.892664 │
│ hyperband_train_98d25_00629   TERMINATED   False      True       False           True       True       True         False                True        False                  1           11.6004     0.219657    0.99828      0.5      │
│ hyperband_train_98d25_00630   TERMINATED   True       True       True            True       False      True         False                False       True                   4           42.4635     0.0688011   0.999122     0.918068 │
│ hyperband_train_98d25_00631   TERMINATED   False      False      False           True       True       False        False                True        True                   4           31.2383     0.0549623   0.993101     0.945612 │
│ hyperband_train_98d25_00632   TERMINATED   True       True       False           False      True       True         True                 True        True                   4           46.1069     0.0715342   0.993575     0.940756 │
│ hyperband_train_98d25_00633   TERMINATED   True       False      True            False      False      True         False                True        False                  2           12.6819     3.395       0.00172045   0.5      │
│ hyperband_train_98d25_00634   TERMINATED   False      False      False           True       True       False        True                 False       True                   4           27.3463     0.057071    0.995014     0.941477 │
│ hyperband_train_98d25_00635   TERMINATED   False      True       True            False      True       True         True                 False       True                   4           33.6677     0.050706    0.994452     0.946289 │
│ hyperband_train_98d25_00636   TERMINATED   True       False      True            False      False      True         False                False       False                  2           12.9561     0.139487    0.998736     0.938248 │
│ hyperband_train_98d25_00637   TERMINATED   True       True       True            True       True       False        False                False       True                   1           13.2268     0.144936    0.99828      0.5      │
│ hyperband_train_98d25_00638   TERMINATED   True       False      True            False      True       True         True                 False       False                  1            8.05838    0.115268    0.99928      0.907961 │
│ hyperband_train_98d25_00639   TERMINATED   False      False      True            False      False      True         False                True        False                  4           19.5147     0.429148    0.972596     0.950621 │
│ hyperband_train_98d25_00640   TERMINATED   True       True       True            True       True       True         False                False       False                  4           52.6686     0.0626115   0.9977       0.90717  │
│ hyperband_train_98d25_00641   TERMINATED   False      True       False           True       True       True         True                 False       False                  4           40.7168     0.0661994   0.992872     0.940404 │
│ hyperband_train_98d25_00642   TERMINATED   True       False      True            False      True       True         True                 True        True                   4           34.3099     0.095204    0.99907      0.918042 │
│ hyperband_train_98d25_00643   TERMINATED   False      False      True            False      True       True         True                 True        True                   4           23.0198     0.171402    0.990836     0.949571 │
│ hyperband_train_98d25_00644   TERMINATED   False      False      False           True       True       False        True                 True        False                  2           19.8162     0.0613549   0.999245     0.907943 │
│ hyperband_train_98d25_00645   TERMINATED   False      False      False           False      True       False        False                False       False                  4           19.4481     0.0745473   0.99928      0.907961 │
│ hyperband_train_98d25_00646   TERMINATED   True       True       True            False      False      True         False                False       True                   1            7.96948    0.122018    0.99921      0.918112 │
│ hyperband_train_98d25_00647   TERMINATED   True       False      True            True       False      False        False                True        False                  1           10.1155     0.0638819   0.995032     0.931299 │
│ hyperband_train_98d25_00648   TERMINATED   True       False      True            False      False      True         False                True        True                   2           13.8779     0.0622024   0.991696     0.939815 │
│ hyperband_train_98d25_00649   TERMINATED   False      False      False           False      True       True         True                 False       False                  4           22.8524     0.046494    0.99296      0.945542 │
│ hyperband_train_98d25_00650   TERMINATED   True       False      False           False      True       True         True                 True        True                   4           35.8947     0.351705    0.994435     0.941187 │
│ hyperband_train_98d25_00651   TERMINATED   True       True       False           True       False      True         True                 False       False                  4           39.4935     0.2029      0.99828      0.5      │
│ hyperband_train_98d25_00652   TERMINATED   True       True       True            True       True       False        False                False       True                   4           52.1997     0.0519851   0.996103     0.942022 │
│ hyperband_train_98d25_00653   TERMINATED   False      True       True            False      False      False        False                False       False                  4           26.3545     0.0851838   0.998631     0.922915 │
│ hyperband_train_98d25_00654   TERMINATED   False      False      False           True       True       False        False                False       True                   4           26.5289     0.0608948   0.991433     0.944777 │
│ hyperband_train_98d25_00655   TERMINATED   True       True       True            True       True       False        True                 True        False                  2           30.5649     0.0856675   0.987553     0.902087 │
│ hyperband_train_98d25_00656   TERMINATED   False      False      True            True       False      False        False                True        False                  1            7.90778    0.0615852   0.994839     0.936296 │
│ hyperband_train_98d25_00657   TERMINATED   True       False      False           True       False      False        True                 True        True                   2           20.6534     0.174244    0.998543     0.62237  │
│ hyperband_train_98d25_00658   TERMINATED   False      True       False           False      False      False        True                 False       False                  4           25.4221     0.185341    0.98492      0.951701 │
│ hyperband_train_98d25_00659   TERMINATED   False      False      True            True       True       False        True                 True        True                   1            8.90017    0.0574431   0.994786     0.926083 │
│ hyperband_train_98d25_00660   TERMINATED   False      True       True            True       False      False        True                 True        False                  4           45.3647     0.0622047   0.993715     0.940826 │
│ hyperband_train_98d25_00661   TERMINATED   False      True       False           True       True       True         False                False       True                   4           39.4452     0.0710513   0.99612      0.947124 │
│ hyperband_train_98d25_00662   TERMINATED   True       False      True            True       False      True         True                 True        True                   4           40.2884     0.0786324   0.996735     0.88122  │
│ hyperband_train_98d25_00663   TERMINATED   False      False      False           True       False      False        False                True        True                   4           29.3122     0.0748714   0.991433     0.939683 │
│ hyperband_train_98d25_00664   TERMINATED   True       True       True            True       False      True         True                 False       True                   2           21.8424     0.0516696   0.999087     0.918051 │
│ hyperband_train_98d25_00665   TERMINATED   False      False      False           False      True       False        True                 False       True                   4           24.2403     0.0550459   0.99698      0.947555 │
│ hyperband_train_98d25_00666   TERMINATED   True       False      False           True       True       True         True                 False       True                   1           12.6933     0.0798578   0.999175     0.867162 │
│ hyperband_train_98d25_00667   TERMINATED   True       True       False           True       True       False        True                 True        True                   4           62.7324     0.0537307   0.997454     0.92742  │
│ hyperband_train_98d25_00668   TERMINATED   False      True       False           False      True       False        True                 True        True                   2           17.2933     0.450651    0.99828      0.5      │
│ hyperband_train_98d25_00669   TERMINATED   True       True       True            True       True       False        False                True        False                  1           15.2332     0.108351    0.99828      0.5      │
│ hyperband_train_98d25_00670   TERMINATED   True       False      False           False      False      True         False                True        False                  4           22.2581     0.24339     0.994435     0.941187 │
│ hyperband_train_98d25_00671   TERMINATED   True       False      False           True       True       False        True                 True        True                   4           51.9765     0.0577093   0.994558     0.941248 │
│ hyperband_train_98d25_00672   TERMINATED   False      True       False           True       False      True         False                True        False                  4           39.0022     0.0522788   0.998929     0.928158 │
│ hyperband_train_98d25_00673   TERMINATED   True       False      False           True       True       True         True                 True        False                  4           53.5689     0.0907398   0.99684      0.932205 │
│ hyperband_train_98d25_00674   TERMINATED   True       True       False           True       True       False        True                 True        False                  2           31.0849     0.114988    0.99828      0.5      │
│ hyperband_train_98d25_00675   TERMINATED   True       True       False           False      True       False        False                False       True                   4           39.0595     0.0512854   0.997296     0.94262  │
│ hyperband_train_98d25_00676   TERMINATED   True       True       False           False      False      False        False                True        True                   2           14.9944     0.0539716   0.996489     0.942216 │
│ hyperband_train_98d25_00677   TERMINATED   True       True       False           False      True       True         False                False       False                  4           41.0395     0.0474785   0.994119     0.946122 │
│ hyperband_train_98d25_00678   TERMINATED   False      True       True            False      True       True         True                 False       False                  1            9.28713    0.0492882   0.998402     0.938081 │
│ hyperband_train_98d25_00679   TERMINATED   True       True       False           False      False      True         False                False       False                  1            7.20242    0.267361    0.999087     0.923144 │
│ hyperband_train_98d25_00680   TERMINATED   True       False      True            False      True       True         False                True        False                  4           30.9754     0.0832268   0.978968     0.953813 │
│ hyperband_train_98d25_00681   TERMINATED   True       True       False           True       False      False        False                True        False                  4           45.2336     0.0955878   0.988097     0.938013 │
│ hyperband_train_98d25_00682   TERMINATED   False      False      True            False      False      True         True                 True        False                  4           18.3674     0.144521    0.998947     0.91798  │
│ hyperband_train_98d25_00683   TERMINATED   False      True       True            False      True       False        False                False       True                   4           34.0918     0.0532656   0.996717     0.94233  │
│ hyperband_train_98d25_00684   TERMINATED   True       True       False           True       True       False        False                True        False                  2           28.9359     0.0927952   0.97321      0.930556 │
│ hyperband_train_98d25_00685   TERMINATED   False      False      False           True       True       False        False                False       False                  4           26.1662     0.0599658   0.988431     0.95346  │
│ hyperband_train_98d25_00686   TERMINATED   False      False      True            False      False      False        False                False       False                  1            5.03146    0.197696    0.992995     0.915    │
│ hyperband_train_98d25_00687   TERMINATED   True       True       True            True       True       False        False                False       False                  2           26.2824     0.0650377   0.999157     0.89262  │
│ hyperband_train_98d25_00688   TERMINATED   False      True       True            False      False      False        False                False       False                  4           26.2615     0.108415    0.998894     0.923047 │
│ hyperband_train_98d25_00689   TERMINATED   False      True       False           False      True       False        False                False       False                  1            8.20986    0.0733171   0.99928      0.907961 │
│ hyperband_train_98d25_00690   TERMINATED   True       False      False           True       True       False        True                 False       False                  4           37.5569     0.088513    0.983744     0.905273 │
│ hyperband_train_98d25_00691   TERMINATED   True       True       False           True       True       True         True                 True        False                  4           65.0207     0.0600379   0.99928      0.907961 │
│ hyperband_train_98d25_00692   TERMINATED   True       True       True            False      True       False        True                 False       True                   4           42.3695     0.0739117   0.999263     0.907952 │
│ hyperband_train_98d25_00693   TERMINATED   True       False      True            False      False      False        False                False       True                   4           25.7143     0.138796    0.99677      0.937263 │
│ hyperband_train_98d25_00694   TERMINATED   False      False      True            True       True       False        True                 True        True                   4           37.4806     0.0601455   0.989326     0.938628 │
│ hyperband_train_98d25_00695   TERMINATED   True       False      False           True       False      True         False                False       True                   2           15.7542     0.0905024   0.998929     0.765174 │
│ hyperband_train_98d25_00696   TERMINATED   True       False      False           False      False      True         True                 True        True                   2           13.9356     0.0543025   0.99907      0.923135 │
│ hyperband_train_98d25_00697   TERMINATED   False      False      True            False      True       False        False                True        False                  4           23.5728     0.160026    0.943576     0.936087 │
│ hyperband_train_98d25_00698   TERMINATED   True       False      False           True       False      False        False                False       True                   1            8.25644    0.161584    0.998789     0.698892 │
│ hyperband_train_98d25_00699   TERMINATED   True       False      False           False      True       False        False                True        True                   1            7.69418    0.248244    0.99828      0.5      │
│ hyperband_train_98d25_00700   TERMINATED   True       False      False           False      False      True         False                False       False                  4           23.1911     0.0657367   0.999105     0.923153 │
│ hyperband_train_98d25_00701   TERMINATED   False      True       True            False      False      False        True                 False       False                  4           28.2272     0.276429    0.999228     0.892655 │
│ hyperband_train_98d25_00702   TERMINATED   True       False      True            False      True       True         False                False       False                  4           30.6613     0.34114     0.99928      0.892681 │
│ hyperband_train_98d25_00703   TERMINATED   False      False      True            False      False      True         False                False       False                  4           19.5904     0.189545    0.998789     0.933181 │
│ hyperband_train_98d25_00704   TERMINATED   True       True       False           True       False      False        False                True        True                   4           47.8103     0.125451    0.974738     0.931321 │
│ hyperband_train_98d25_00705   TERMINATED   True       True       False           False      True       True         True                 False       False                  2           19.7009     0.164463    0.99828      0.5      │
│ hyperband_train_98d25_00706   TERMINATED   False      True       False           False      True       False        True                 False       True                   4           34.2417     0.0506059   0.996822     0.942383 │
│ hyperband_train_98d25_00707   TERMINATED   True       True       True            False      True       False        False                True        False                  1           10.6546     0.0725577   0.99928      0.907961 │
│ hyperband_train_98d25_00708   TERMINATED   True       True       False           False      True       False        False                False       True                   1           10.1349     0.107895    0.988115     0.902369 │
│ hyperband_train_98d25_00709   TERMINATED   False      True       False           True       False      False        False                True        True                   2           20.6907     0.0644923   0.991731     0.939833 │
│ hyperband_train_98d25_00710   TERMINATED   False      False      True            False      False      True         False                False       True                   4           19.1695     0.380301    0.999175     0.907908 │
│ hyperband_train_98d25_00711   TERMINATED   True       True       False           False      False      True         True                 True        False                  4           31.5966     0.241529    0.998754     0.703967 │
│ hyperband_train_98d25_00712   TERMINATED   True       False      False           True       True       True         False                False       True                   4           38.7551     0.0570318   0.998631     0.917822 │
│ hyperband_train_98d25_00713   TERMINATED   True       False      False           False      True       True         True                 False       False                  4           40.0903     0.0493609   0.998367     0.927877 │
│ hyperband_train_98d25_00714   TERMINATED   True       True       True            True       True       False        True                 True        True                   2           30.5456     0.168809    0.99828      0.5      │
│ hyperband_train_98d25_00715   TERMINATED   False      True       True            False      True       False        False                False       True                   4           34.2128     0.0594575   0.994628     0.941284 │
│ hyperband_train_98d25_00716   TERMINATED   True       False      True            False      False      False        False                False       True                   2           13.1248     0.0648895   0.99828      0.932926 │
│ hyperband_train_98d25_00717   TERMINATED   False      False      True            True       False      True         False                False       False                  1            6.15305    0.0992261   0.99907      0.795804 │
│ hyperband_train_98d25_00718   TERMINATED   True       True       True            False      True       False        True                 False       True                   1           11.3677     0.0834005   0.999228     0.907935 │
│ hyperband_train_98d25_00719   TERMINATED   True       False      False           False      False      True         False                False       False                  4           24.7672     0.063221    0.988238     0.948269 │
│ hyperband_train_98d25_00720   TERMINATED   True       False      False           False      True       True         True                 True        True                   4           31.6527     0.0509453   0.995681     0.941811 │
│ hyperband_train_98d25_00721   TERMINATED   False      True       False           False      True       True         True                 True        False                  4           31.9638     0.0627355   0.986412     0.952448 │
│ hyperband_train_98d25_00722   TERMINATED   True       False      False           True       False      True         True                 False       True                   4           33.4918     0.0612484   0.99619      0.921693 │
│ hyperband_train_98d25_00723   TERMINATED   True       False      False           True       True       True         False                True        True                   4           47.1578     0.0543916   0.995769     0.946948 │
│ hyperband_train_98d25_00724   TERMINATED   False      False      True            False      True       True         True                 True        False                  4           24.2965     0.0639492   0.988238     0.943176 │
│ hyperband_train_98d25_00725   TERMINATED   True       False      False           False      True       True         True                 True        True                   2           15.5889     0.327032    0.99921      0.918112 │
│ hyperband_train_98d25_00726   TERMINATED   False      True       False           False      True       False        True                 False       True                   1           10.0904     0.0718392   0.99928      0.907961 │
│ hyperband_train_98d25_00727   TERMINATED   True       False      True            False      True       True         False                False       True                   1            7.81224    0.190848    0.99828      0.5      │
│ hyperband_train_98d25_00728   TERMINATED   True       True       False           True       False      False        False                False       False                  4           42.1043     0.0625654   0.997577     0.917295 │
│ hyperband_train_98d25_00729   TERMINATED   True       True       False           True       True       False        True                 False       True                   2           28.9652     0.0555012   0.999245     0.907943 │
│ hyperband_train_98d25_00730   TERMINATED   True       True       True            True       False      False        False                False       True                   4           41.5222     0.0661788   0.99368      0.935716 │
│ hyperband_train_98d25_00731   TERMINATED   False      True       True            False      True       False        True                 True        True                   4           32.703      0.074835    0.984797     0.941453 │
│ hyperband_train_98d25_00732   TERMINATED   True       False      False           True       True       True         False                False       True                   4           38.6303     0.0570318   0.998631     0.917822 │
│ hyperband_train_98d25_00733   TERMINATED   False      True       True            True       False      False        False                False       True                   4           35.9585     0.0553921   0.995804     0.931686 │
│ hyperband_train_98d25_00734   TERMINATED   True       True       False           True       True       False        True                 False       False                  2           28.6234     0.0655889   0.999175     0.907908 │
│ hyperband_train_98d25_00735   TERMINATED   True       False      True            False      True       False        True                 False       True                   4           35.2163     0.0711228   0.99928      0.907961 │
│ hyperband_train_98d25_00736   TERMINATED   False      True       True            True       False      True         True                 True        True                   2           23.1914     0.0701415   0.998982     0.928185 │
│ hyperband_train_98d25_00737   TERMINATED   True       False      True            False      True       False        True                 True        True                   1            8.19824    0.0543494   0.999298     0.918156 │
│ hyperband_train_98d25_00738   TERMINATED   True       True       False           True       False      True         False                False       True                   1           10.6988     0.0552789   0.999105     0.90278  │
│ hyperband_train_98d25_00739   TERMINATED   True       True       False           True       False      False        True                 True        True                   4           52.5795     0.140181    0.981444     0.93468  │
│ hyperband_train_98d25_00740   TERMINATED   True       True       False           False      True       False        False                True        True                   4           39.151      0.0706417   0.99928      0.907961 │
│ hyperband_train_98d25_00741   TERMINATED   True       True       False           True       False      False        True                 False       False                  4           40.3895     0.0555216   0.998771     0.922986 │
│ hyperband_train_98d25_00742   TERMINATED   False      False      True            True       True       True         True                 True        False                  4           34.6776     0.0707035   0.986447     0.942279 │
│ hyperband_train_98d25_00743   TERMINATED   False      True       True            True       False      False        True                 True        True                   4           43.2558     0.0569821   0.99526      0.9416   │
│ hyperband_train_98d25_00744   TERMINATED   False      False      False           False      True       False        False                True        True                   4           21.5539     0.0597116   0.994312     0.946219 │
│ hyperband_train_98d25_00745   TERMINATED   True       True       False           False      False      False        True                 False       False                  2           14.6434     0.249245    0.99828      0.5      │
│ hyperband_train_98d25_00746   TERMINATED   True       True       False           False      True       True         True                 False       True                   1           10.924      0.053294    0.99928      0.907961 │
│ hyperband_train_98d25_00747   TERMINATED   True       False      False           True       True       False        False                True        False                  1           11.232      0.153631    0.99828      0.5      │
│ hyperband_train_98d25_00748   TERMINATED   False      True       False           True       True       True         True                 True        False                  4           50.1954     0.0673207   0.995997     0.94197  │
│ hyperband_train_98d25_00749   TERMINATED   False      False      False           True       False      False        False                True        False                  2           13.3195     0.0573678   0.997033     0.942488 │
│ hyperband_train_98d25_00750   TERMINATED   True       False      True            True       True       False        True                 True        True                   4           47.1883     0.0981571   0.959991     0.923935 │
│ hyperband_train_98d25_00751   TERMINATED   True       False      True            False      False      False        True                 False       False                  4           23.6991     0.121368    0.999333     0.913081 │
│ hyperband_train_98d25_00752   TERMINATED   False      False      False           True       True       True         False                True        False                  4           31.2866     0.0694735   0.994751     0.946438 │
│ hyperband_train_98d25_00753   TERMINATED   True       True       False           False      False      False        True                 False       True                   4           30.1295     0.0526293   0.997525     0.942734 │
│ hyperband_train_98d25_00754   TERMINATED   True       True       True            True       True       False        False                False       False                  2           26.5529     0.0546322   0.998876     0.917945 │
│ hyperband_train_98d25_00755   TERMINATED   True       True       False           False      False      True         True                 False       False                  4           33.416      0.0494178   0.998894     0.933234 │
│ hyperband_train_98d25_00756   TERMINATED   True       False      False           True       True       True         True                 False       True                   1           12.705      0.0908601   0.999263     0.882486 │
│ hyperband_train_98d25_00757   TERMINATED   False      True       True            True       True       True         False                False       False                  1           10.4135     0.174156    0.99828      0.5      │
│ hyperband_train_98d25_00758   TERMINATED   True       True       True            True       False      True         False                False       True                   2           21.7128     0.117097    0.99907      0.907856 │
│ hyperband_train_98d25_00759   TERMINATED   True       False      True            False      True       False        True                 True        False                  4           33.9585     0.0760813   0.99928      0.907961 │
│ hyperband_train_98d25_00760   TERMINATED   True       False      False           True       True       False        False                True        False                  4           42.6687     0.0863353   0.974141     0.941209 │
│ hyperband_train_98d25_00761   TERMINATED   False      True       False           True       True       True         True                 True        False                  4           46.9542     0.0532949   0.991644     0.944882 │
│ hyperband_train_98d25_00762   TERMINATED   False      False      False           False      True       True         False                True        True                   4           18.6915     0.670585    0.531302     0.75506  │
│ hyperband_train_98d25_00763   TERMINATED   True       False      True            False      False      True         True                 True        False                  4           25.9142     0.0568153   0.994066     0.941002 │
│ hyperband_train_98d25_00764   TERMINATED   True       False      True            False      False      False        True                 True        False                  2           12.5041     0.0623531   0.990976     0.939455 │
│ hyperband_train_98d25_00765   TERMINATED   False      True       True            True       False      True         True                 True        False                  4           43.4058     0.0826843   0.984498     0.941303 │
│ hyperband_train_98d25_00766   TERMINATED   False      True       False           True       True       True         False                True        True                   1           12.4554     0.0567536   0.997138     0.911982 │
│ hyperband_train_98d25_00767   TERMINATED   True       False      False           False      True       True         True                 False       True                   2           16.6039     0.0502701   0.995664     0.941802 │
│ hyperband_train_98d25_00768   TERMINATED   False      False      True            False      False      True         False                True        True                   4           20.0689     1.41051     0.261315     0.624928 │
│ hyperband_train_98d25_00769   TERMINATED   True       True       True            True       True       False        False                False       True                   1           13.2564     0.0546098   0.999034     0.907838 │
│ hyperband_train_98d25_00770   TERMINATED   True       True       True            True       True       False        True                 True        True                   4           61.3964     0.0712657   0.998086     0.90227  │
│ hyperband_train_98d25_00771   TERMINATED   False      False      False           True       False      False        True                 True        False                  4           27.7996     0.050548    0.998666     0.922933 │
│ hyperband_train_98d25_00772   TERMINATED   False      False      False           False      True       True         True                 False       False                  4           21.8252     0.051845    0.993382     0.940659 │
│ hyperband_train_98d25_00773   TERMINATED   False      False      True            True       True       False        False                True        False                  2           16.6575     0.0521505   0.998174     0.907407 │
│ hyperband_train_98d25_00774   TERMINATED   False      True       False           True       True       False        True                 False       True                   4           47.1425     0.055418    0.99928      0.907961 │
│ hyperband_train_98d25_00775   TERMINATED   False      True       True            True       False      False        True                 False       False                  4           36.079      0.070371    0.991714     0.939824 │
│ hyperband_train_98d25_00776   TERMINATED   True       True       True            False      False      True         False                True        False                  4           30.5615     0.123105    0.994294     0.941117 │
│ hyperband_train_98d25_00777   TERMINATED   False      True       False           True       True       False        True                 True        False                  1           12.6483     0.05778     0.999245     0.897757 │
│ hyperband_train_98d25_00778   TERMINATED   True       False      True            False      True       True         True                 False       True                   1            9.83256    0.165739    0.99828      0.5      │
│ hyperband_train_98d25_00779   TERMINATED   True       True       True            False      True       False        True                 True        True                   2           22.9711     0.0629461   0.998999     0.928193 │
│ hyperband_train_98d25_00780   TERMINATED   False      False      True            True       False      False        False                True        True                   4           29.462      0.0596514   0.997525     0.937641 │
│ hyperband_train_98d25_00781   TERMINATED   True       True       True            False      False      False        True                 False       True                   4           30.1807     0.0681744   0.995084     0.951699 │
│ hyperband_train_98d25_00782   TERMINATED   False      False      False           False      True       False        False                False       True                   4           19.7244     0.0591932   0.998069     0.9481   │
│ hyperband_train_98d25_00783   TERMINATED   False      True       False           False      False      True         True                 True        True                   4           31.0359     0.217642    0.956427     0.93743  │
│ hyperband_train_98d25_00784   TERMINATED   True       True       False           True       True       False        False                False       False                  2           25.4182     0.0612855   0.999245     0.90285  │
│ hyperband_train_98d25_00785   TERMINATED   True       False      True            False      False      False        False                False       False                  4           24.8673     0.415622    0.998894     0.923047 │
│ hyperband_train_98d25_00786   TERMINATED   False      True       False           True       True       False        True                 True        True                   1           13.2556     0.055611    0.99928      0.907961 │
│ hyperband_train_98d25_00787   TERMINATED   True       True       False           True       False      False        True                 True        False                  4           48.1603     0.120108    0.97853      0.933221 │
│ hyperband_train_98d25_00788   TERMINATED   False      True       True            False      True       True         False                True        False                  1            8.27543    0.0949688   0.99928      0.907961 │
│ hyperband_train_98d25_00789   TERMINATED   True       False      False           False      True       True         False                False       True                   2           15.0717     0.0505626   0.998543     0.933058 │
│ hyperband_train_98d25_00790   TERMINATED   True       True       False           False      True       True         True                 False       True                   4           42.7674     0.0525205   0.996366     0.937061 │
│ hyperband_train_98d25_00791   TERMINATED   True       False      False           False      False      False        True                 False       False                  4           21.7824     0.250042    0.99828      0.5      │
│ hyperband_train_98d25_00792   TERMINATED   True       False      False           False      True       True         True                 True        False                  4           31.4503     0.0507635   0.99368      0.945902 │
│ hyperband_train_98d25_00793   TERMINATED   True       True       False           True       True       False        False                False       False                  4           51.3914     0.0514073   0.996261     0.931915 │
│ hyperband_train_98d25_00794   TERMINATED   False      True       False           True       True       False        False                True        True                   4           47.3828     0.0559565   0.992276     0.945199 │
│ hyperband_train_98d25_00795   TERMINATED   True       True       False           False      False      False        True                 True        False                  2           17.2792     0.250787    0.99828      0.5      │
│ hyperband_train_98d25_00796   TERMINATED   False      False      False           True       True       True         True                 False       True                   2           15.1039     0.0587299   0.994733     0.936243 │
│ hyperband_train_98d25_00797   TERMINATED   False      True       False           True       True       True         False                False       True                   4           43.1911     0.0941671   0.983217     0.945755 │
│ hyperband_train_98d25_00798   TERMINATED   True       True       True            False      False      False        True                 True        False                  1            8.0571     0.249472    0.99828      0.5      │
│ hyperband_train_98d25_00799   TERMINATED   True       False      False           False      True       False        False                False       True                   1            7.98178    0.248244    0.99828      0.5      │
│ hyperband_train_98d25_00800   TERMINATED   False      True       False           True       False      True         False                False       True                   4           32.8185     0.0612029   0.998841     0.917928 │
│ hyperband_train_98d25_00801   TERMINATED   False      True       False           True       True       True         True                 False       False                  4           40.1486     0.131899    0.982322     0.945306 │
│ hyperband_train_98d25_00802   TERMINATED   False      True       True            False      True       False        False                False       True                   4           32.5076     0.0612796   0.997226     0.947678 │
│ hyperband_train_98d25_00803   TERMINATED   True       True       True            False      True       True         True                 True        False                  4           41.7308     0.163775    0.998297     0.932935 │
│ hyperband_train_98d25_00804   TERMINATED   True       False      True            False      False      False        False                False       False                  2           12.3977     0.253038    0.99828      0.5      │
│ hyperband_train_98d25_00805   TERMINATED   True       False      True            True       False      False        True                 True        True                   4           44.6289     0.0701763   0.994575     0.941257 │
│ hyperband_train_98d25_00806   TERMINATED   True       False      False           True       False      False        True                 False       False                  1            8.25898    0.0880524   0.983586     0.910287 │
│ hyperband_train_98d25_00807   TERMINATED   True       False      False           False      False      False        False                True        True                   4           24.0148     0.505957    0.899038     0.929059 │
│ hyperband_train_98d25_00808   TERMINATED   True       True       True            False      False      False        False                True        True                   1            7.59091    0.264709    0.99828      0.5      │
│ hyperband_train_98d25_00809   TERMINATED   False      True       True            True       True       True         False                False       True                   2           20.7987     0.0789724   0.994926     0.93634  │
│ hyperband_train_98d25_00810   TERMINATED   True       False      True            False      False      False        True                 True        False                  4           24.8968     0.259681    0.99828      0.5      │
│ hyperband_train_98d25_00811   TERMINATED   True       True       False           True       True       False        False                False       False                  4           50.8001     0.0593954   0.99921      0.897739 │
│ hyperband_train_98d25_00812   TERMINATED   True       True       False           True       False      True         True                 False       True                   4           41.9943     0.0564952   0.997928     0.91747  │
│ hyperband_train_98d25_00813   TERMINATED   False      False      False           True       True       True         False                False       True                   4           27.3284     0.0688139   0.997086     0.942515 │
│ hyperband_train_98d25_00814   TERMINATED   False      False      True            False      False      False        False                False       False                  4           19.0676     0.115902    0.990625     0.949465 │
│ hyperband_train_98d25_00815   TERMINATED   True       True       False           False      False      True         True                 False       True                   2           15.1357     0.10103     0.999298     0.913063 │
│ hyperband_train_98d25_00816   TERMINATED   True       True       False           True       False      False        True                 True        True                   2           25.2222     0.114411    0.992381     0.940158 │
│ hyperband_train_98d25_00817   TERMINATED   False      True       True            False      True       False        False                True        False                  1            8.68785    0.0568094   0.99928      0.907961 │
│ hyperband_train_98d25_00818   TERMINATED   False      True       False           True       False      False        True                 True        True                   4           41.1697     0.0647284   0.993434     0.940686 │
│ hyperband_train_98d25_00819   TERMINATED   False      True       True            True       True       False        False                True        True                   1           12.9305     0.0632683   0.993136     0.91507  │
│ hyperband_train_98d25_00820   TERMINATED   True       True       False           True       True       False        False                False       True                   4           50.4975     0.0533343   0.999052     0.907847 │
│ hyperband_train_98d25_00821   TERMINATED   True       True       False           False      True       True         False                False       True                   4           39.4584     0.31389     0.998841     0.928114 │
│ hyperband_train_98d25_00822   TERMINATED   False      False      True            False      False      True         True                 False       False                  4           18.8037     0.181749    0.997928     0.93275  │
│ hyperband_train_98d25_00823   TERMINATED   True       True       False           False      False      True         False                True        True                   4           29.9695     0.0526385   0.999017     0.928202 │
│ hyperband_train_98d25_00824   TERMINATED   True       False      True            False      True       False        False                False       False                  4           30.6986     0.067631    0.995892     0.936823 │
│ hyperband_train_98d25_00825   TERMINATED   False      False      False           True       False      True         False                False       False                  2            9.96435    0.136769    0.998508     0.632539 │
│ hyperband_train_98d25_00826   TERMINATED   True       True       True            True       True       True         True                 False       False                  1           15.4437     0.0580333   0.999192     0.907917 │
│ hyperband_train_98d25_00827   TERMINATED   True       False      False           True       True       True         False                True        True                   1           11.3118     0.238659    0.965767     0.488809 │
│ hyperband_train_98d25_00828   TERMINATED   False      True       True            True       False      True         True                 False       False                  4           43.3845     0.0535066   0.99835      0.938055 │
│ hyperband_train_98d25_00829   TERMINATED   True       True       True            True       True       True         True                 True        True                   2           33.3151     0.251713    0.973333     0.940804 │
│ hyperband_train_98d25_00830   TERMINATED   False      False      True            True       True       True         False                True        False                  4           31.2337     0.954389    0.191882     0.590152 │
│ hyperband_train_98d25_00831   TERMINATED   False      False      False           True       False      False        False                False       False                  4           20.9477     0.0628731   0.995453     0.941697 │
│ hyperband_train_98d25_00832   TERMINATED   False      False      False           False      True       True         False                True        True                   4           19.2519     0.396163    0.935167     0.931875 │
│ hyperband_train_98d25_00833   TERMINATED   True       False      False           True       False      False        True                 False       True                   4           32.8998     0.0614779   0.996068     0.942005 │
│ hyperband_train_98d25_00834   TERMINATED   True       True       False           False      True       False        False                False       True                   2           19.9667     0.0580307   0.99928      0.907961 │
│ hyperband_train_98d25_00835   TERMINATED   False      False      True            False      True       False        True                 False       False                  4           22.9263     0.0547727   0.995962     0.941952 │
│ hyperband_train_98d25_00836   TERMINATED   True       True       True            True       True       True         True                 True        False                  4           65.884      0.0610204   0.997226     0.942585 │
│ hyperband_train_98d25_00837   TERMINATED   True       False      False           True       True       False        False                True        True                   1           11.4944     0.189103    0.998262     0.499991 │
│ hyperband_train_98d25_00838   TERMINATED   True       True       True            False      True       False        True                 False       False                  2           21.6462     0.105071    0.994839     0.905736 │
│ hyperband_train_98d25_00839   TERMINATED   True       True       False           False      True       True         False                True        True                   1           10.1215     0.143786    0.99828      0.5      │
│ hyperband_train_98d25_00840   TERMINATED   True       True       True            False      True       False        False                True        False                  4           39.4033     0.0987221   0.998455     0.938107 │
│ hyperband_train_98d25_00841   TERMINATED   False      True       False           True       False      True         True                 False       True                   4           33.9945     0.0535154   0.997402     0.927393 │
│ hyperband_train_98d25_00842   TERMINATED   False      True       False           True       True       True         False                True        False                  4           45.6192     0.053361    0.993926     0.940932 │
│ hyperband_train_98d25_00843   TERMINATED   False      True       False           True       False      True         True                 True        False                  2           22.7777     0.0843098   0.999087     0.800906 │
│ hyperband_train_98d25_00844   TERMINATED   True       True       False           True       True       True         False                False       False                  4           51.1977     0.0512765   0.993294     0.945709 │
│ hyperband_train_98d25_00845   TERMINATED   False      True       False           False      False      False        False                False       True                   4           24.7568     0.126221    0.982041     0.950259 │
│ hyperband_train_98d25_00846   TERMINATED   False      True       True            True       True       True         True                 False       True                   1           10.8336     0.0932963   0.9977       0.90717  │
│ hyperband_train_98d25_00847   TERMINATED   True       False      False           False      False      True         False                False       False                  4           24.7982     0.0554411   0.99828      0.938019 │
│ hyperband_train_98d25_00848   TERMINATED   False      True       True            False      False      False        True                 False       True                   2           14.456      0.0652963   0.992521     0.940228 │
│ hyperband_train_98d25_00849   TERMINATED   False      True       True            True       True       True         False                False       True                   1           11.3746     0.0614953   0.992732     0.930148 │
│ hyperband_train_98d25_00850   TERMINATED   True       True       True            False      True       True         True                 False       False                  4           41.8477     0.11455     0.99914      0.918077 │
│ hyperband_train_98d25_00851   TERMINATED   False      False      False           True       True       True         True                 True        True                   4           32.6935     0.0720514   0.980513     0.954587 │
│ hyperband_train_98d25_00852   TERMINATED   False      True       True            True       False      False        False                False       True                   4           33.9971     0.0552434   0.997595     0.937676 │
│ hyperband_train_98d25_00853   TERMINATED   True       False      False           True       True       True         True                 False       True                   2           20.0958     0.087456    0.999017     0.907829 │
│ hyperband_train_98d25_00854   TERMINATED   False      True       False           False      False      False        False                True        True                   4           25.0875     0.523975    0.941084     0.934838 │
│ hyperband_train_98d25_00855   TERMINATED   False      False      True            False      False      False        True                 True        False                  4           19.6527     0.332545    0.998402     0.938081 │
│ hyperband_train_98d25_00856   TERMINATED   False      True       False           False      True       False        True                 False       False                  2           17.0752     0.0726446   0.99928      0.907961 │
│ hyperband_train_98d25_00857   TERMINATED   False      False      False           True       True       False        False                True        False                  1            8.36299    0.0555512   0.999263     0.907952 │
│ hyperband_train_98d25_00858   TERMINATED   True       True       True            False      False      False        True                 True        True                   1            8.00373    0.263585    0.99828      0.5      │
│ hyperband_train_98d25_00859   TERMINATED   False      True       False           True       False      True         False                False       False                  4           34.7138     0.0675935   0.998841     0.938301 │
│ hyperband_train_98d25_00860   TERMINATED   True       False      False           True       True       False        True                 True        False                  4           44.9761     0.107298    0.971806     0.929853 │
│ hyperband_train_98d25_00861   TERMINATED   True       True       True            True       True       False        False                False       True                   4           52.2626     0.131832    0.99828      0.5      │
│ hyperband_train_98d25_00862   TERMINATED   True       False      True            False      True       False        False                False       True                   4           30.661      0.0515612   0.996454     0.947291 │
│ hyperband_train_98d25_00863   TERMINATED   False      False      True            False      True       True         True                 False       True                   4           24.812      0.0596515   0.997964     0.942954 │
│ hyperband_train_98d25_00864   TERMINATED   True       False      False           True       True       True         False                True        False                  4           46.3623     0.10729     0.980671     0.94448  │
│ hyperband_train_98d25_00865   TERMINATED   True       False      False           True       True       False        False                True        True                   2           22.2408     0.0534612   0.998631     0.922915 │
│ hyperband_train_98d25_00866   TERMINATED   True       True       False           False      False      True         False                True        False                  2           14.8263     0.168793    0.999087     0.918051 │
│ hyperband_train_98d25_00867   TERMINATED   True       False      True            True       True       False        True                 False       False                  1           10.3331     0.077177    0.999228     0.907935 │
│ hyperband_train_98d25_00868   TERMINATED   False      False      True            False      True       True         False                True        True                   1            5.61532    0.0965762   0.998947     0.749903 │
│ hyperband_train_98d25_00869   TERMINATED   False      True       True            False      False      True         False                False       False                  4           27.1163     0.059197    0.999175     0.918095 │
│ hyperband_train_98d25_00870   TERMINATED   True       True       False           False      False      False        True                 True        False                  4           28.669      0.256678    0.99828      0.5      │
│ hyperband_train_98d25_00871   TERMINATED   True       True       False           False      False      False        True                 True        True                   4           28.8478     0.502505    0.931762     0.940356 │
│ hyperband_train_98d25_00872   TERMINATED   False      False      False           True       True       True         True                 False       True                   4           25.7632     0.048643    0.993698     0.945911 │
│ hyperband_train_98d25_00873   TERMINATED   True       True       True            True       True       False        False                True        True                   4           61.6452     0.153622    0.986904     0.937415 │
│ hyperband_train_98d25_00874   TERMINATED   False      False      False           True       True       False        False                True        False                  2           15.6335     0.0518561   0.997156     0.922177 │
│ hyperband_train_98d25_00875   TERMINATED   False      True       False           False      False      True         False                False       False                  4           25.0802     0.152568    0.976932     0.952793 │
│ hyperband_train_98d25_00876   TERMINATED   False      True       False           True       True       False        False                False       True                   1           10.253      0.0645895   0.999228     0.897748 │
│ hyperband_train_98d25_00877   TERMINATED   True       True       False           True       False      True         False                True        True                   2           24.7753     0.0874648   0.987395     0.927474 │
│ hyperband_train_98d25_00878   TERMINATED   False      False      False           False      False      True         True                 False       True                   4           20.3211     0.0569722   0.991749     0.944935 │
│ hyperband_train_98d25_00879   TERMINATED   True       False      False           True       False      True         True                 True        False                  1           11.7273     0.0851078   0.998876     0.917945 │
│ hyperband_train_98d25_00880   TERMINATED   False      True       True            True       False      False        False                False       True                   4           33.6836     0.0630931   0.998964     0.907803 │
│ hyperband_train_98d25_00881   TERMINATED   True       True       True            True       True       False        False                True        False                  4           58.0737     0.076098    0.988448     0.943282 │
│ hyperband_train_98d25_00882   TERMINATED   True       True       True            True       False      False        True                 False       True                   4           41.623      0.0594986   0.995804     0.9215   │
│ hyperband_train_98d25_00883   TERMINATED   False      True       True            False      True       False        False                False       False                  2           15.9613     0.070176    0.99928      0.907961 │
│ hyperband_train_98d25_00884   TERMINATED   False      True       True            False      True       False        True                 False       False                  4           38.7238     0.0519573   0.99928      0.907961 │
│ hyperband_train_98d25_00885   TERMINATED   True       True       True            False      False      True         False                False       False                  4           30.5829     0.0483125   0.998069     0.943007 │
│ hyperband_train_98d25_00886   TERMINATED   False      False      False           False      True       True         False                True        False                  4           22.354      0.0582967   0.991907     0.950107 │
│ hyperband_train_98d25_00887   TERMINATED   False      True       False           True       False      False        False                False       True                   1            8.63663    0.0602709   0.99698      0.922089 │
│ hyperband_train_98d25_00888   TERMINATED   False      False      False           True       False      False        False                False       False                  2           11.8281     0.0701403   0.994488     0.941213 │
│ hyperband_train_98d25_00889   TERMINATED   True       True       False           False      True       False        True                 False       False                  1           10.6401     0.249338    0.99828      0.5      │
│ hyperband_train_98d25_00890   TERMINATED   True       True       False           False      False      False        False                False       True                   4           27.9594     0.0606336   0.986816     0.947557 │
│ hyperband_train_98d25_00891   TERMINATED   False      True       True            False      False      True         False                False       True                   4           25.6258     0.113911    0.999298     0.918156 │
│ hyperband_train_98d25_00892   TERMINATED   True       False      True            False      False      True         False                False       True                   4           25.0699     0.0460698   0.997999     0.937879 │
│ hyperband_train_98d25_00893   TERMINATED   True       True       False           False      False      True         False                False       False                  4           29.4078     0.0886442   0.994874     0.941407 │
│ hyperband_train_98d25_00894   TERMINATED   True       False      True            True       False      True         True                 False       True                   2           17.7073     0.092435    0.999228     0.877375 │
│ hyperband_train_98d25_00895   TERMINATED   False      True       False           False      True       True         False                False       False                  4           31.999      0.0529771   0.993733     0.945928 │
│ hyperband_train_98d25_00896   TERMINATED   True       False      True            True       False      True         True                 False       False                  1            8.37401    0.140728    0.998789     0.703985 │
│ hyperband_train_98d25_00897   TERMINATED   False      True       False           True       False      True         True                 True        False                  2           23.5561     0.0668757   0.995348     0.941644 │
│ hyperband_train_98d25_00898   TERMINATED   True       False      True            True       False      True         True                 True        False                  1           11.2649     0.0759573   0.998402     0.907521 │
│ hyperband_train_98d25_00899   TERMINATED   False      False      True            True       True       True         False                True        True                   4           35.7944     0.0882114   0.968628     0.948634 │
│ hyperband_train_98d25_00900   TERMINATED   True       True       True            True       False      False        True                 True        False                  4           48.9877     0.0701283   0.997648     0.922423 │
│ hyperband_train_98d25_00901   TERMINATED   True       True       False           True       False      True         True                 True        True                   4           48.0862     0.139136    0.981496     0.934707 │
│ hyperband_train_98d25_00902   TERMINATED   False      True       False           True       False      False        True                 False       True                   4           32.965      0.0585091   0.998789     0.922995 │
│ hyperband_train_98d25_00903   TERMINATED   True       True       True            True       False      True         False                False       False                  4           43.9017     0.0546204   0.998209     0.922704 │
│ hyperband_train_98d25_00904   TERMINATED   False      False      True            True       True       True         True                 True        True                   4           34.2704     0.747614    0.528317     0.753566 │
│ hyperband_train_98d25_00905   TERMINATED   True       True       False           True       False      True         False                True        False                  2           23.2249     0.0844487   0.997964     0.81053  │
│ hyperband_train_98d25_00906   TERMINATED   False      True       False           True       True       False        True                 True        False                  2           24.5694     0.0686561   0.9954       0.900925 │
│ hyperband_train_98d25_00907   TERMINATED   False      False      False           True       True       False        True                 True        True                   1            8.25028    0.0610372   0.998244     0.907442 │
│ hyperband_train_98d25_00908   TERMINATED   False      True       False           False      False      True         True                 False       False                  1            7.62893    0.284924    0.99842      0.540816 │
│ hyperband_train_98d25_00909   TERMINATED   True       True       False           True       False      False        False                False       False                  4           41.4578     0.0558077   0.996577     0.937166 │
│ hyperband_train_98d25_00910   TERMINATED   True       False      True            True       True       False        False                False       True                   4           38.9486     0.0484864   0.995506     0.946817 │
│ hyperband_train_98d25_00911   TERMINATED   False      True       False           True       False      False        False                False       True                   4           32.1056     0.0653405   0.991802     0.950054 │
│ hyperband_train_98d25_00912   TERMINATED   False      True       True            True       True       False        False                True        True                   4           48.5876     0.158832    0.986693     0.937309 │
│ hyperband_train_98d25_00913   TERMINATED   False      False      True            False      False      False        False                False       True                   4           19.7593     0.457424    0.997525     0.932548 │
│ hyperband_train_98d25_00914   TERMINATED   False      True       True            True       False      True         False                False       False                  2           17.2721     0.0565218   0.99763      0.917321 │
│ hyperband_train_98d25_00915   TERMINATED   True       False      False           True       False      False        False                True        False                  4           36.7464     0.433552    0.965767     0.942108 │
│ hyperband_train_98d25_00916   TERMINATED   True       False      True            False      False      False        False                False       False                  2           13.1796     0.299396    0.998824     0.923012 │
│ hyperband_train_98d25_00917   TERMINATED   False      False      True            True       True       False        True                 False       False                  1            8.93451    0.0651946   0.99928      0.907961 │
│ hyperband_train_98d25_00918   TERMINATED   False      False      False           False      True       True         True                 True        False                  4           25.8119     0.0575558   0.99059      0.944355 │
│ hyperband_train_98d25_00919   TERMINATED   False      False      False           True       True       False        False                True        True                   1            8.44875    0.0611413   0.998385     0.917699 │
│ hyperband_train_98d25_00920   TERMINATED   False      False      False           True       False      False        False                False       False                  4           20.5279     0.0628731   0.995453     0.941697 │
│ hyperband_train_98d25_00921   TERMINATED   True       False      True            False      False      False        True                 True        True                   4           25.467      0.488158    0.967347     0.947992 │
│ hyperband_train_98d25_00922   TERMINATED   False      True       True            True       False      False        True                 False       False                  4           38.8731     0.0644818   0.995629     0.936692 │
│ hyperband_train_98d25_00923   TERMINATED   False      False      True            True       False      False        True                 True        True                   2           19.4179     0.0574968   0.999034     0.923118 │
│ hyperband_train_98d25_00924   TERMINATED   False      False      False           False      True       True         True                 True        True                   4           23.5863     0.0516298   0.994926     0.941433 │
│ hyperband_train_98d25_00925   TERMINATED   False      False      True            False      False      True         True                 True        False                  4           19.8219     0.619652    0.760665     0.859753 │
│ hyperband_train_98d25_00926   TERMINATED   False      False      True            True       False      True         False                False       False                  1            5.87285    0.0736804   0.999315     0.907979 │
│ hyperband_train_98d25_00927   TERMINATED   True       True       False           False      False      True         True                 True        False                  4           32.5253     0.177393    0.99914      0.826399 │
│ hyperband_train_98d25_00928   TERMINATED   True       True       False           False      False      False        False                True        True                   1            7.52301    0.262949    0.99828      0.5      │
│ hyperband_train_98d25_00929   TERMINATED   True       False      False           True       True       False        True                 False       True                   2           21.1112     0.0637798   0.999263     0.907952 │
│ hyperband_train_98d25_00930   TERMINATED   True       True       True            False      False      False        False                False       True                   4           29.8461     0.186006    0.998718     0.933146 │
│ hyperband_train_98d25_00931   TERMINATED   False      False      True            True       False      False        False                False       True                   4           22.5653     0.0595887   0.995278     0.941609 │
│ hyperband_train_98d25_00932   TERMINATED   True       True       True            False      True       True         False                False       False                  4           39.7843     0.0539402   0.998578     0.933076 │
│ hyperband_train_98d25_00933   TERMINATED   True       True       True            False      True       False        True                 True        False                  2           22.2573     0.0745066   0.999228     0.907935 │
│ hyperband_train_98d25_00934   TERMINATED   False      True       True            True       False      True         False                True        True                   4           43.6637     0.0708936   0.989502     0.938716 │
│ hyperband_train_98d25_00935   TERMINATED   True       False      True            True       True       True         False                False       True                   4           38.5761     0.728075    0.523876     0.751341 │
│ hyperband_train_98d25_00936   TERMINATED   False      False      False           False      True       True         False                False       False                  1            5.06072    0.163412    0.99828      0.5      │
│ hyperband_train_98d25_00937   TERMINATED   False      False      False           False      False      False        False                True        False                  4           18.6969     0.394862    0.970559     0.949602 │
│ hyperband_train_98d25_00938   TERMINATED   False      False      True            True       True       False        False                False       True                   2           14.5674     0.0670453   0.997683     0.922441 │
│ hyperband_train_98d25_00939   TERMINATED   True       True       True            True       True       False        False                True        False                  1           15.1846     0.111963    0.99828      0.5      │
│ hyperband_train_98d25_00940   TERMINATED   False      False      False           True       False      True         True                 False       False                  4           25.3544     0.0649236   0.997174     0.942559 │
│ hyperband_train_98d25_00941   TERMINATED   False      True       True            False      True       True         False                True        True                   4           31.775      0.686012    0.484797     0.731768 │
│ hyperband_train_98d25_00942   TERMINATED   False      True       False           False      False      True         True                 True        False                  4           29.747      1.09485     0.475194     0.721865 │
│ hyperband_train_98d25_00943   TERMINATED   True       True       True            False      True       False        False                True        True                   2           20.6683     0.0713879   0.99928      0.907961 │
│ hyperband_train_98d25_00944   TERMINATED   True       True       False           False      False      False        True                 True        True                   4           30.6335     0.0614744   0.998069     0.943007 │
│ hyperband_train_98d25_00945   TERMINATED   True       False      False           False      False      False        False                False       False                  4           22.4164     0.122212    0.982743     0.955704 │
│ hyperband_train_98d25_00946   TERMINATED   True       False      False           False      True       True         True                 False       False                  1            8.12134    0.154662    0.99928      0.907961 │
│ hyperband_train_98d25_00947   TERMINATED   True       False      False           True       False      True         False                False       False                  1            8.12189    0.159173    0.998771     0.744722 │
│ hyperband_train_98d25_00948   TERMINATED   True       False      True            False      True       True         False                False       False                  4           34.0209     0.0531501   0.993294     0.945709 │
│ hyperband_train_98d25_00949   TERMINATED   True       True       True            False      True       True         True                 False       False                  2           24.6902     0.113831    0.99928      0.907961 │
│ hyperband_train_98d25_00950   TERMINATED   True       True       False           False      True       False        True                 True        True                   4           39.2966     0.0650569   0.99928      0.913054 │
│ hyperband_train_98d25_00951   TERMINATED   True       True       True            True       False      False        False                False       True                   4           41.9327     0.0635027   0.998525     0.927956 │
│ hyperband_train_98d25_00952   TERMINATED   False      True       True            True       True       False        True                 False       True                   4           43.9442     0.0523744   0.997577     0.922388 │
│ hyperband_train_98d25_00953   TERMINATED   False      True       True            True       True       True         False                False       True                   4           44.3668     0.110978    0.962572     0.945601 │
│ hyperband_train_98d25_00954   TERMINATED   False      False      False           False      False      False        True                 True        True                   4           19.7948     0.277687    0.985552     0.936738 │
│ hyperband_train_98d25_00955   TERMINATED   True       True       True            False      True       False        True                 False       True                   2           22.3161     0.0721912   0.99928      0.907961 │
│ hyperband_train_98d25_00956   TERMINATED   True       True       True            False      True       False        False                False       True                   1           10.6021     0.0720714   0.999192     0.907917 │
│ hyperband_train_98d25_00957   TERMINATED   False      False      True            True       False      False        False                False       True                   4           25.7112     0.0498697   0.998771     0.933172 │
│ hyperband_train_98d25_00958   TERMINATED   True       True       False           False      True       True         False                False       False                  2           21.1861     0.0807124   0.99914      0.912984 │
│ hyperband_train_98d25_00959   TERMINATED   True       False      True            True       True       True         False                False       True                   1            9.89283    1.35879     0.019908     0.509109 │
│ hyperband_train_98d25_00960   TERMINATED   False      True       True            False      True       False        False                True        False                  4           31.8637     0.0721336   0.991872     0.944996 │
│ hyperband_train_98d25_00961   TERMINATED   False      False      False           True       False      True         True                 False       False                  4           29.1466     0.0543799   0.996243     0.942093 │
│ hyperband_train_98d25_00962   TERMINATED   False      True       True            False      False      False        False                False       True                   4           25.538      0.0950856   0.99856      0.933067 │
│ hyperband_train_98d25_00963   TERMINATED   True       False      True            True       True       False        True                 False       True                   4           41.2709     0.0845114   0.999175     0.913002 │
│ hyperband_train_98d25_00964   TERMINATED   True       False      True            True       True       False        False                False       False                  4           38.2435     0.0578269   0.998455     0.912641 │
│ hyperband_train_98d25_00965   TERMINATED   False      False      True            True       True       False        True                 False       False                  2           13.4376     0.0627754   0.999228     0.907935 │
│ hyperband_train_98d25_00966   TERMINATED   False      True       False           True       False      True         False                True        True                   4           42.8555     0.0627523   0.994786     0.941363 │
│ hyperband_train_98d25_00967   TERMINATED   True       True       False           False      False      False        True                 False       True                   2           15.7541     0.0550724   0.997525     0.937641 │
│ hyperband_train_98d25_00968   TERMINATED   False      False      False           True       True       False        True                 False       True                   1            6.99359    0.0613909   0.998841     0.892461 │
│ hyperband_train_98d25_00969   TERMINATED   True       True       True            True       True       True         True                 False       True                   1           14.7415     0.322601    0.912556     0.849244 │
│ hyperband_train_98d25_00970   TERMINATED   False      True       True            False      False      True         True                 True        True                   4           25.5797     0.130257    0.998947     0.91798  │
│ hyperband_train_98d25_00971   TERMINATED   False      False      True            False      True       True         True                 True        False                  4           22.5166     0.113623    0.964871     0.946753 │
│ hyperband_train_98d25_00972   TERMINATED   False      False      True            False      True       False        False                False       False                  4           21.2317     0.0637534   0.992609     0.945366 │
│ hyperband_train_98d25_00973   TERMINATED   True       False      True            False      False      False        False                False       False                  4           25.753      0.06355     0.999105     0.912966 │
│ hyperband_train_98d25_00974   TERMINATED   True       False      True            True       True       False        True                 False       False                  2           20.009      0.186834    0.99828      0.5      │
│ hyperband_train_98d25_00975   TERMINATED   True       True       True            False      True       True         True                 True        True                   4           42.4609     0.0518779   0.995734     0.941838 │
│ hyperband_train_98d25_00976   TERMINATED   False      True       False           True       False      True         False                False       False                  2           17.6476     0.0567933   0.996366     0.921781 │
│ hyperband_train_98d25_00977   TERMINATED   True       True       True            False      False      False        True                 False       True                   1            8.0364     0.249417    0.99828      0.5      │
│ hyperband_train_98d25_00978   TERMINATED   False      True       True            False      False      True         False                True        True                   4           27.3213     4.24123     0.00172045   0.5      │
│ hyperband_train_98d25_00979   TERMINATED   True       False      False           False      True       False        True                 False       True                   1            8.48831    0.0896804   0.999228     0.897748 │
│ hyperband_train_98d25_00980   TERMINATED   True       False      True            False      False      False        True                 True        True                   4           24.9718     0.0656953   0.994189     0.941064 │
│ hyperband_train_98d25_00981   TERMINATED   True       False      False           False      True       False        False                True        False                  4           29.1567     0.0629127   0.993382     0.940659 │
│ hyperband_train_98d25_00982   TERMINATED   False      True       True            True       False      True         False                False       False                  4           32.8065     0.163768    0.998473     0.561216 │
│ hyperband_train_98d25_00983   TERMINATED   True       True       False           True       True       True         False                True        False                  4           59.3015     0.0760262   0.983234     0.945764 │
│ hyperband_train_98d25_00984   TERMINATED   False      True       False           True       True       True         True                 False       False                  2           19.7664     0.135186    0.99928      0.897775 │
│ hyperband_train_98d25_00985   TERMINATED   False      False      True            True       False      False        True                 False       True                   4           24.2402     0.0514754   0.996401     0.942172 │
│ hyperband_train_98d25_00986   TERMINATED   False      True       True            False      False      False        True                 True        True                   2           15.1284     0.0671843   0.998806     0.923003 │
│ hyperband_train_98d25_00987   TERMINATED   True       True       True            False      True       False        False                False       True                   1           10.6345     0.0702923   0.99928      0.907961 │
│ hyperband_train_98d25_00988   TERMINATED   True       True       False           False      True       True         False                True        True                   4           41.6319     0.181331    0.992398     0.94526  │
│ hyperband_train_98d25_00989   TERMINATED   True       False      True            False      False      True         True                 False       False                  1            8.10696    0.191377    0.999105     0.806008 │
│ hyperband_train_98d25_00990   TERMINATED   False      True       True            False      True       False        False                False       False                  4           31.8407     0.0720058   0.99928      0.907961 │
│ hyperband_train_98d25_00991   TERMINATED   True       True       False           True       True       True         True                 False       True                   4           50.1914     0.191356    0.99828      0.5      │
│ hyperband_train_98d25_00992   TERMINATED   False      False      True            True       True       True         False                False       True                   4           26.2814     0.057486    0.99677      0.937263 │
│ hyperband_train_98d25_00993   TERMINATED   False      True       True            True       False      False        False                True        True                   4           42.565      0.0892122   0.98039      0.939246 │
│ hyperband_train_98d25_00994   TERMINATED   False      True       True            False      True       True         True                 False       True                   4           36.3838     0.0441781   0.998315     0.94313  │
│ hyperband_train_98d25_00995   TERMINATED   True       False      True            False      True       False        False                False       True                   2           15.4247     0.0764548   0.999263     0.907952 │
│ hyperband_train_98d25_00996   TERMINATED   False      True       True            True       True       True         True                 False       False                  1           10.5869     0.0566903   0.998683     0.907662 │
│ hyperband_train_98d25_00997   TERMINATED   False      True       False           True       True       True         True                 True        False                  2           23.991      0.0532024   0.993856     0.935804 │
│ hyperband_train_98d25_00998   TERMINATED   False      False      False           True       True       False        False                True        False                  1            7.75027    0.0555512   0.999263     0.907952 │
│ hyperband_train_98d25_00999   TERMINATED   False      False      True            False      True       True         True                 False       False                  4           24.3125     0.0499834   0.99447      0.946298 │
│ hyperband_train_98d25_01000   TERMINATED   False      True       False           False      True       True         False                False       False                  4           30.4201     0.0584787   0.99914      0.928264 │
│ hyperband_train_98d25_01001   TERMINATED   False      True       True            False      False      True         True                 True        True                   4           26.7889     4.57219     0.00172045   0.5      │
│ hyperband_train_98d25_01002   TERMINATED   False      False      True            False      True       False        True                 False       False                  4           27.7431     0.0568531   0.99928      0.907961 │
│ hyperband_train_98d25_01003   TERMINATED   True       True       False           True       False      False        True                 False       False                  4           42.7034     0.0805822   0.986851     0.947575 │
│ hyperband_train_98d25_01004   TERMINATED   False      False      True            False      True       False        False                False       False                  4           22.736      0.067273    0.983691     0.945992 │
│ hyperband_train_98d25_01005   TERMINATED   False      False      False           True       False      True         False                True        True                   2           15.1115     0.0632693   0.994751     0.936252 │
│ hyperband_train_98d25_01006   TERMINATED   True       True       False           True       False      True         True                 False       True                   1           11.9641     0.136201    0.998789     0.698892 │
│ hyperband_train_98d25_01007   TERMINATED   True       False      True            False      False      False        True                 True        True                   2           13.278      0.628423    0.837084     0.898029 │
│ hyperband_train_98d25_01008   TERMINATED   True       False      True            True       False      False        True                 False       True                   4           37.987      0.0524073   0.998543     0.933058 │
│ hyperband_train_98d25_01009   TERMINATED   False      True       True            True       False      False        True                 False       True                   1            9.10437    0.0567184   0.998841     0.923021 │
│ hyperband_train_98d25_01010   TERMINATED   False      True       False           False      False      False        False                True        False                  4           23.0776     0.102716    0.99828      0.943113 │
│ hyperband_train_98d25_01011   TERMINATED   True       False      False           True       False      True         False                True        True                   4           37.4523     0.0676945   0.99433      0.941134 │
│ hyperband_train_98d25_01012   TERMINATED   False      False      True            False      True       True         False                False       True                   4           22.1424     0.0514729   0.993399     0.950855 │
│ hyperband_train_98d25_01013   TERMINATED   True       True       True            True       False      True         False                False       True                   4           44.5652     0.0598484   0.996858     0.937307 │
│ hyperband_train_98d25_01014   TERMINATED   True       False      False           False      False      False        True                 True        True                   4           26.7328     0.648619    0.913486     0.931202 │
│ hyperband_train_98d25_01015   TERMINATED   True       True       False           True       True       False        False                False       True                   2           26.1567     0.124454    0.99828      0.5      │
│ hyperband_train_98d25_01016   TERMINATED   True       False      True            True       False      False        True                 False       True                   1            9.34407    0.141192    0.998789     0.693798 │
│ hyperband_train_98d25_01017   TERMINATED   True       True       False           True       False      False        True                 True        True                   2           25.4844     0.105436    0.97558      0.931743 │
│ hyperband_train_98d25_01018   TERMINATED   True       True       False           True       False      False        True                 True        True                   4           52.8274     0.0719889   0.993364     0.940651 │
│ hyperband_train_98d25_01019   TERMINATED   False      False      False           True       True       True         False                False       True                   1            6.70788    0.05732     0.997964     0.912395 │
│ hyperband_train_98d25_01020   TERMINATED   False      False      True            False      True       True         False                False       False                  4           22.1958     0.0576288   0.991924     0.945023 │
│ hyperband_train_98d25_01021   TERMINATED   True       False      True            True       True       False        False                True        True                   4           47.2975     0.187359    0.99828      0.5      │
│ hyperband_train_98d25_01022   TERMINATED   True       True       False           True       False      False        False                True        True                   4           46.3174     0.150839    0.964397     0.926142 │
│ hyperband_train_98d25_01023   TERMINATED   True       False      False           True       True       True         True                 False       False                  2           21.4464     0.0527407   0.997858     0.917435 │
│ hyperband_train_98d25_01024   TERMINATED   True       True       False           False      True       False        True                 True        True                   4           44.2677     0.065758    0.992363     0.945243 │
│ hyperband_train_98d25_01025   TERMINATED   False      True       True            False      True       True         False                True        False                  4           32.909      0.0537234   0.991802     0.950054 │
│ hyperband_train_98d25_01026   TERMINATED   True       False      True            False      True       True         False                True        True                   1            8.08659    0.0526411   0.998438     0.933005 │
│ hyperband_train_98d25_01027   TERMINATED   True       True       True            False      True       True         False                False       False                  2           21.8753     0.0661377   0.998701     0.933137 │
│ hyperband_train_98d25_01028   TERMINATED   False      False      True            True       True       True         True                 False       True                   1            7.38463    0.0561767   0.998718     0.90768  │
│ hyperband_train_98d25_01029   TERMINATED   True       False      True            False      False      True         True                 True        True                   4           30.6198     0.0492159   0.998789     0.938274 │
│ hyperband_train_98d25_01030   TERMINATED   True       False      True            False      False      True         True                 True        False                  4           28.9505     6.37037     0.0243671    0.511343 │
│ hyperband_train_98d25_01031   TERMINATED   True       True       True            True       True       False        True                 False       True                   4           60.6486     0.250205    0.99828      0.5      │
│ hyperband_train_98d25_01032   TERMINATED   False      True       True            True       True       True         False                False       False                  4           41.2985     0.0674656   0.994452     0.941196 │
│ hyperband_train_98d25_01033   TERMINATED   True       True       False           True       True       False        True                 False       True                   2           28.2094     0.109172    0.99828      0.5      │
│ hyperband_train_98d25_01034   TERMINATED   False      True       False           True       True       True         False                False       False                  4           41.945      0.0554395   0.997051     0.937404 │
│ hyperband_train_98d25_01035   TERMINATED   True       True       True            True       False      True         False                True        False                  4           49.1516     0.13159     0.989677     0.938804 │
│ hyperband_train_98d25_01036   TERMINATED   True       True       False           False      False      False        True                 False       True                   4           32.9736     0.0533196   0.994084     0.941011 │
│ hyperband_train_98d25_01037   TERMINATED   True       True       False           True       False      True         False                False       True                   1           10.7097     0.0952259   0.9888       0.917991 │
│ hyperband_train_98d25_01038   TERMINATED   True       False      True            False      True       False        True                 False       False                  1            8.42687    0.0701987   0.99928      0.907961 │
│ hyperband_train_98d25_01039   TERMINATED   False      False      True            True       False      True         False                True        True                   2           15.5409     0.0770425   0.994382     0.936067 │
│ hyperband_train_98d25_01040   TERMINATED   True       False      True            True       False      False        False                True        True                   4           38.8044     0.084094    0.988554     0.938241 │
│ hyperband_train_98d25_01041   TERMINATED   True       True       True            True       True       False        True                 False       False                  4           57.703      0.249084    0.99828      0.5      │
│ hyperband_train_98d25_01042   TERMINATED   False      False      False           True       True       True         False                False       False                  4           24.2241     0.0566615   0.995787     0.941864 │
│ hyperband_train_98d25_01043   TERMINATED   True       True       True            True       True       True         True                 False       False                  4           54.6997     0.0824231   0.999087     0.918051 │
│ hyperband_train_98d25_01044   TERMINATED   False      False      True            False      False      False        False                True        False                  2            9.33477    0.368444    0.721657     0.845309 │
│ hyperband_train_98d25_01045   TERMINATED   False      False      True            False      False      False        False                False       False                  4           19.1741     0.376162    0.998244     0.927815 │
│ hyperband_train_98d25_01046   TERMINATED   False      True       True            False      True       False        True                 False       True                   1            8.59741    0.0518663   0.999052     0.923126 │
│ hyperband_train_98d25_01047   TERMINATED   False      True       True            False      False      False        True                 True        True                   4           27.6852     0.696568    0.773358     0.861017 │
│ hyperband_train_98d25_01048   TERMINATED   True       True       False           False      True       False        True                 True        False                  1           10.2315     0.247864    0.99828      0.5      │
│ hyperband_train_98d25_01049   TERMINATED   True       True       False           True       False      False        True                 True        True                   2           24.0738     0.12916     0.986096     0.93701  │
│ hyperband_train_98d25_01050   TERMINATED   True       False      True            True       True       False        True                 False       False                  4           39.3627     0.0637152   0.99928      0.907961 │
│ hyperband_train_98d25_01051   TERMINATED   True       False      True            True       True       False        False                True        False                  4           46.2643     0.196316    0.99828      0.5      │
│ hyperband_train_98d25_01052   TERMINATED   True       True       True            False      False      False        False                True        True                   4           29.5017     0.537349    0.632896     0.805945 │
│ hyperband_train_98d25_01053   TERMINATED   True       True       False           True       True       False        False                False       True                   4           52.5955     0.0636848   0.990766     0.949536 │
│ hyperband_train_98d25_01054   TERMINATED   True       True       False           False      True       True         True                 True        False                  4           43.3433     0.626034    0.989625     0.938778 │
│ hyperband_train_98d25_01055   TERMINATED   False      False      True            True       False      False        False                False       False                  2           11.4102     0.0554697   0.998982     0.923091 │
│ hyperband_train_98d25_01056   TERMINATED   True       False      True            True       False      True         True                 True        False                  4           44.0668     0.0784977   0.992381     0.940158 │
│ hyperband_train_98d25_01057   TERMINATED   True       False      True            True       True       True         False                True        False                  1           11.7466     0.378361    0.99828      0.5      │
│ hyperband_train_98d25_01058   TERMINATED   False      False      False           True       True       True         True                 False       True                   1            7.3213     0.0615337   0.997806     0.912316 │
│ hyperband_train_98d25_01059   TERMINATED   False      False      False           False      True       True         True                 True        True                   2           10.9771     0.0458886   0.997876     0.937817 │
│ hyperband_train_98d25_01060   TERMINATED   True       True       False           True       True       False        True                 True        False                  4           58.0303     0.0737401   0.996384     0.911603 │
│ hyperband_train_98d25_01061   TERMINATED   False      True       True            False      False      True         True                 True        True                   4           28.2794     3.83491     0.00172045   0.5      │
│ hyperband_train_98d25_01062   TERMINATED   True       False      False           False      True       False        True                 True        True                   4           30.0812     0.0556659   0.993188     0.945656 │
│ hyperband_train_98d25_01063   TERMINATED   False      True       False           True       True       False        False                False       True                   2           19.7601     0.0906817   0.988712     0.928134 │
│ hyperband_train_98d25_01064   TERMINATED   True       True       False           True       False      False        False                False       False                  4           39.9807     0.0532333   0.998069     0.943007 │
│ hyperband_train_98d25_01065   TERMINATED   True       False      False           False      True       True         True                 True        False                  4           33.7716     0.0514455   0.994119     0.946122 │
│ hyperband_train_98d25_01066   TERMINATED   False      False      False           True       True       True         True                 True        True                   1            8.59669    0.19106     0.994014     0.920603 │
│ hyperband_train_98d25_01067   TERMINATED   False      False      False           True       False      True         True                 False       True                   4           31.7753     0.0542354   0.997876     0.94291  │
│ hyperband_train_98d25_01068   TERMINATED   False      False      True            False      False      True         False                True        False                  2           10.2406     0.477286    0.855412     0.907209 │
│ hyperband_train_98d25_01069   TERMINATED   False      True       False           False      True       False        False                True        False                  1            8.32854    0.24902     0.99828      0.5      │
│ hyperband_train_98d25_01070   TERMINATED   False      True       False           True       True       False        False                True        False                  4           45.585      0.0935095   0.972315     0.935201 │
│ hyperband_train_98d25_01071   TERMINATED   True       True       False           False      False      False        False                True        False                  4           28.0468     0.257073    0.99828      0.5      │
│ hyperband_train_98d25_01072   TERMINATED   True       False      True            True       True       True         False                False       False                  4           39.0005     0.0507911   0.998209     0.922704 │
│ hyperband_train_98d25_01073   TERMINATED   True       True       True            False      False      True         False                True        True                   4           31.9651     0.0554561   0.99282      0.940378 │
│ hyperband_train_98d25_01074   TERMINATED   True       True       False           True       True       True         False                False       False                  2           25.6356     0.0512523   0.996313     0.916662 │
│ hyperband_train_98d25_01075   TERMINATED   False      False      True            False      True       False        True                 True        False                  4           22.9985     0.110633    0.982638     0.940371 │
│ hyperband_train_98d25_01076   TERMINATED   True       True       True            False      True       False        False                True        True                   1           10.2342     0.0721277   0.999105     0.907873 │
│ hyperband_train_98d25_01077   TERMINATED   False      False      False           True       True       False        True                 False       True                   1            8.51245    0.0629949   0.999228     0.892655 │
│ hyperband_train_98d25_01078   TERMINATED   False      True       True            False      True       True         True                 False       False                  2           18.3694     0.0524348   0.997665     0.937712 │
│ hyperband_train_98d25_01079   TERMINATED   True       True       True            False      False      True         True                 False       True                   4           33.1801     0.0538695   0.997068     0.942506 │
│ hyperband_train_98d25_01080   TERMINATED   True       False      True            True       False      False        True                 True        False                  4           46.3655     0.0741373   0.993698     0.940818 │
│ hyperband_train_98d25_01081   TERMINATED   False      True       False           False      False      False        True                 False       False                  4           25.41       0.066303    0.993083     0.945603 │
│ hyperband_train_98d25_01082   TERMINATED   True       False      False           False      True       False        False                True        False                  4           29.2692     0.249774    0.99828      0.5      │
│ hyperband_train_98d25_01083   TERMINATED   False      True       True            True       False      False        True                 True        False                  2           20.7661     0.0625844   0.997138     0.932355 │
│ hyperband_train_98d25_01084   TERMINATED   False      False      True            True       True       False        False                True        True                   4           36.4104     0.0835596   0.986535     0.942323 │
│ hyperband_train_98d25_01085   TERMINATED   False      False      False           True       True       False        True                 True        True                   4           33.0624     0.0511878   0.996542     0.942242 │
│ hyperband_train_98d25_01086   TERMINATED   True       False      False           True       False      False        False                False       False                  4           33.3898     0.0566195   0.998157     0.937958 │
│ hyperband_train_98d25_01087   TERMINATED   False      False      True            True       True       False        False                False       True                   2           14.5198     0.0606164   0.994347     0.941143 │
│ hyperband_train_98d25_01088   TERMINATED   False      True       True            False      True       False        True                 False       False                  1            9.70418    0.0708242   0.99928      0.907961 │
│ hyperband_train_98d25_01089   TERMINATED   False      False      True            False      True       False        False                True        True                   1            5.71345    0.0591259   0.99928      0.897775 │
│ hyperband_train_98d25_01090   TERMINATED   False      True       False           True       True       False        True                 True        False                  4           50.8001     0.053222    0.992065     0.94     │
│ hyperband_train_98d25_01091   TERMINATED   True       False      True            False      True       False        True                 True        False                  4           31.6497     0.215114    0.99828      0.5      │
│ hyperband_train_98d25_01092   TERMINATED   True       False      True            True       True       True         True                 True        True                   4           55.663      0.059637    0.991995     0.945058 │
│ hyperband_train_98d25_01093   TERMINATED   True       False      True            False      True       False        False                True        True                   4           32.4553     0.0705534   0.985218     0.941664 │
│ hyperband_train_98d25_01094   TERMINATED   True       False      True            True       False      True         True                 True        True                   2           21.9064     0.112711    0.986254     0.916716 │
│ hyperband_train_98d25_01095   TERMINATED   True       True       True            False      True       True         False                True        True                   4           40.7593     0.23369     0.988431     0.93818  │
│ hyperband_train_98d25_01096   TERMINATED   True       True       True            False      False      True         False                True        True                   4           32.3703     0.093938    0.982023     0.945157 │
│ hyperband_train_98d25_01097   TERMINATED   True       True       True            True       False      False        True                 False       False                  1           10.8737     0.0598137   0.997911     0.927648 │
│ hyperband_train_98d25_01098   TERMINATED   True       False      True            True       False      False        True                 False       True                   2           18.3082     0.0824754   0.99907      0.918042 │
│ hyperband_train_98d25_01099   TERMINATED   False      True       False           False      True       False        False                True        False                  1            8.30525    0.0731092   0.99928      0.907961 │
│ hyperband_train_98d25_01100   TERMINATED   True       True       False           False      True       False        True                 False       True                   4           39.5639     0.0534321   0.996155     0.947142 │
│ hyperband_train_98d25_01101   TERMINATED   True       True       True            True       True       True         True                 True        False                  4           62.8499     0.0574562   0.994066     0.941002 │
│ hyperband_train_98d25_01102   TERMINATED   False      False      True            True       True       True         True                 False       False                  4           27.964      0.0635606   0.996858     0.9424   │
│ hyperband_train_98d25_01103   TERMINATED   False      True       False           False      True       False        True                 False       True                   2           15.759      0.248463    0.99828      0.5      │
│ hyperband_train_98d25_01104   TERMINATED   False      False      False           True       True       True         False                False       True                   4           27.4949     0.0688139   0.997086     0.942515 │
│ hyperband_train_98d25_01105   TERMINATED   False      False      False           False      True       False        False                True        True                   4           20.2061     0.0629453   0.993785     0.945955 │
│ hyperband_train_98d25_01106   TERMINATED   False      True       False           False      True       True         False                True        False                  4           33.6341     0.0722061   0.985534     0.952009 │
│ hyperband_train_98d25_01107   TERMINATED   False      True       False           False      False      True         False                False       True                   1            6.45249    0.103251    0.999263     0.85702  │
│ hyperband_train_98d25_01108   TERMINATED   False      True       True            False      True       False        False                True        False                  1            8.31033    0.0711337   0.99928      0.907961 │
│ hyperband_train_98d25_01109   TERMINATED   False      False      False           True       False      True         True                 True        True                   2           14.7588     0.0643364   0.993662     0.9408   │
│ hyperband_train_98d25_01110   TERMINATED   False      True       False           False      True       False        True                 True        True                   4           31.1504     0.0583899   0.994944     0.946535 │
│ hyperband_train_98d25_01111   TERMINATED   False      True       True            True       True       True         False                False       True                   4           42.1738     0.0474723   0.994786     0.941363 │
│ hyperband_train_98d25_01112   TERMINATED   True       True       False           True       False      True         True                 False       True                   4           44.3514     0.0742096   0.99756      0.907099 │
│ hyperband_train_98d25_01113   TERMINATED   False      True       True            False      False      False        False                True        True                   4           26.6202     0.179227    0.946227     0.937415 │
│ hyperband_train_98d25_01114   TERMINATED   False      True       False           True       True       True         False                True        False                  2           23.2256     0.110908    0.998929     0.912878 │
│ hyperband_train_98d25_01115   TERMINATED   False      True       False           False      True       True         True                 True        False                  4           34.4245     0.191348    0.993592     0.945858 │
│ hyperband_train_98d25_01116   TERMINATED   True       True       True            False      True       False        False                True        False                  1           10.5468     0.0721314   0.999263     0.907952 │
│ hyperband_train_98d25_01117   TERMINATED   True       True       False           False      False      False        False                False       True                   4           30.4367     0.0539013   0.992328     0.940132 │
│ hyperband_train_98d25_01118   TERMINATED   False      True       False           True       True       False        False                True        False                  1           12.1165     0.0654931   0.999228     0.897748 │
│ hyperband_train_98d25_01119   TERMINATED   False      True       False           False      False      False        True                 False       True                   2           13.639      0.0860557   0.995278     0.936516 │
│ hyperband_train_98d25_01120   TERMINATED   True       False      False           False      False      True         False                False       False                  4           23.1937     0.046861    0.996805     0.937281 │
│ hyperband_train_98d25_01121   TERMINATED   False      True       False           False      False      True         False                True        True                   4           24.5482     0.151813    0.966188     0.942319 │
│ hyperband_train_98d25_01122   TERMINATED   False      False      True            True       True       True         True                 True        False                  4           44.4764     0.0489289   0.998701     0.912764 │
│ hyperband_train_98d25_01123   TERMINATED   True       True       False           True       False      True         False                False       False                  2           20.089      0.077639    0.998174     0.907407 │
│ hyperband_train_98d25_01124   TERMINATED   True       False      True            True       True       False        True                 False       False                  4           39.5379     0.054044    0.998982     0.928185 │
│ hyperband_train_98d25_01125   TERMINATED   False      False      True            True       False      True         True                 True        True                   4           33.1634     0.0515139   0.997525     0.942734 │
│ hyperband_train_98d25_01126   TERMINATED   True       False      False           False      True       False        True                 False       False                  1            7.68065    0.0741861   0.999263     0.902859 │
│ hyperband_train_98d25_01127   TERMINATED   False      True       True            True       True       True         True                 False       True                   2           22.6253     0.207151    0.945771     0.921906 │
│ hyperband_train_98d25_01128   TERMINATED   False      False      False           False      False      True         True                 True        False                  4           19.9056     0.922259    0.579755     0.784422 │
│ hyperband_train_98d25_01129   TERMINATED   True       True       True            True       False      True         True                 True        False                  1           13.1687     0.129442    0.997665     0.907152 │
│ hyperband_train_98d25_01130   TERMINATED   False      True       True            True       True       False        False                False       True                   4           40.5448     0.0508137   0.998929     0.923065 │
│ hyperband_train_98d25_01131   TERMINATED   False      True       False           False      False      True         False                False       False                  4           23.7653     0.058439    0.99275      0.940343 │
│ hyperband_train_98d25_01132   TERMINATED   True       False      False           False      True       False        False                True        True                   4           29.487      0.0997446   0.988958     0.943537 │
│ hyperband_train_98d25_01133   TERMINATED   False      True       True            False      True       False        False                True        False                  2           15.9843     0.0771294   0.998876     0.923039 │
│ hyperband_train_98d25_01134   TERMINATED   False      True       False           False      False      True         False                False       True                   4           24.6243     0.0663099   0.996664     0.942304 │
│ hyperband_train_98d25_01135   TERMINATED   False      False      True            False      True       False        True                 False       True                   4           26.7745     0.0557858   0.995927     0.947028 │
│ hyperband_train_98d25_01136   TERMINATED   True       True       True            True       False      True         True                 False       True                   1           12.5618     0.076111    0.996173     0.921684 │
│ hyperband_train_98d25_01137   TERMINATED   True       True       True            False      False      False        False                True        True                   2           15.8357     0.0547456   0.992398     0.940167 │
│ hyperband_train_98d25_01138   TERMINATED   True       True       False           False      False      False        False                True        False                  4           29.5273     0.0613446   0.993803     0.94087  │
│ hyperband_train_98d25_01139   TERMINATED   True       True       True            True       True       True         True                 False       True                   1           15.9144     0.0555063   0.997542     0.92237  │
│ hyperband_train_98d25_01140   TERMINATED   True       False      True            True       False      False        True                 False       False                  4           32.7353     0.0679041   0.997384     0.917198 │
│ hyperband_train_98d25_01141   TERMINATED   False      True       True            False      False      False        False                True        True                   4           25.4191     0.169184    0.998789     0.922995 │
│ hyperband_train_98d25_01142   TERMINATED   False      False      True            False      True       True         True                 True        True                   4           28.679      0.0555157   0.99196      0.94504  │
│ hyperband_train_98d25_01143   TERMINATED   False      True       True            False      False      True         True                 True        False                  4           32.4923     0.285544    0.982058     0.934988 │
│ hyperband_train_98d25_01144   TERMINATED   True       True       True            False      False      False        True                 True        False                  4           34.8523     0.0687208   0.998367     0.938063 │
│ hyperband_train_98d25_01145   TERMINATED   False      True       False           False      False      True         True                 False       True                   2           12.5387     0.0744979   0.999298     0.90797  │
│ hyperband_train_98d25_01146   TERMINATED   True       False      True            False      False      True         False                False       True                   2           13.4781     0.0466013   0.998754     0.922977 │
│ hyperband_train_98d25_01147   TERMINATED   True       True       False           False      True       True         False                True        True                   1           10.3938     0.0530973   0.997753     0.922476 │
│ hyperband_train_98d25_01148   TERMINATED   False      True       False           True       True       True         False                False       False                  1            9.90472    0.348587    0.991222     0.898832 │
│ hyperband_train_98d25_01149   TERMINATED   False      True       True            False      False      True         True                 False       False                  4           27.8719     0.0577511   0.99598      0.941961 │
│ hyperband_train_98d25_01150   TERMINATED   False      True       False           False      True       True         False                True        False                  4           31.2848     0.0601754   0.987852     0.953169 │
│ hyperband_train_98d25_01151   TERMINATED   True       False      True            False      False      False        True                 False       False                  4           30.3259     0.0589805   0.999315     0.913072 │
│ hyperband_train_98d25_01152   TERMINATED   False      True       False           False      False      True         True                 True        True                   4           30.3447     0.143604    0.960237     0.944431 │
│ hyperband_train_98d25_01153   TERMINATED   True       False      False           False      False      True         True                 False       False                  4           29.2103     0.0462186   0.998192     0.943069 │
│ hyperband_train_98d25_01154   TERMINATED   False      True       True            True       False      True         False                True        True                   2           21.4235     0.0574083   0.998701     0.922951 │
│ hyperband_train_98d25_01155   TERMINATED   False      True       True            False      True       True         False                True        False                  4           34.47       0.0593087   0.988852     0.948577 │
│ hyperband_train_98d25_01156   TERMINATED   False      True       False           True       False      False        False                False       False                  4           35.0207     0.05604     0.998876     0.923039 │
│ hyperband_train_98d25_01157   TERMINATED   False      True       False           True       True       False        False                True        True                   2           24.397      0.0547327   0.997595     0.91221  │
│ hyperband_train_98d25_01158   TERMINATED   True       True       False           True       False      False        False                True        True                   1           12.008      0.0881013   0.992293     0.904462 │
│ hyperband_train_98d25_01159   TERMINATED   True       False      False           True       True       True         False                False       True                   1            9.34101    0.340998    0.984182     0.492939 │
│ hyperband_train_98d25_01160   TERMINATED   True       False      True            False      False      True         True                 False       True                   4           30.4808     0.0548047   0.999105     0.933339 │
│ hyperband_train_98d25_01161   TERMINATED   False      True       False           True       True       False        True                 False       False                  4           39.5147     0.058362    0.99684      0.932205 │
│ hyperband_train_98d25_01162   TERMINATED   False      True       True            True       True       False        False                True        True                   4           48.6669     0.0561921   0.995348     0.936551 │
│ hyperband_train_98d25_01163   TERMINATED   True       False      True            False      False      False        False                False       True                   4           25.9417     0.176911    0.998262     0.938011 │
│ hyperband_train_98d25_01164   TERMINATED   False      True       True            False      True       True         False                True        True                   4           34.7964     0.0518442   0.99145      0.949879 │
│ hyperband_train_98d25_01165   TERMINATED   False      True       False           False      True       False        False                False       False                  2           15.2825     0.0732189   0.99928      0.907961 │
│ hyperband_train_98d25_01166   TERMINATED   False      False      True            True       False      True         True                 True        True                   4           43.9209     0.0816356   0.999052     0.923126 │
│ hyperband_train_98d25_01167   TERMINATED   True       False      True            False      False      True         True                 True        True                   1            7.94003    0.255949    0.998859     0.73458  │
│ hyperband_train_98d25_01168   TERMINATED   True       True       True            False      True       False        True                 True        False                  2           25.3909     0.0745154   0.99928      0.907961 │
│ hyperband_train_98d25_01169   TERMINATED   False      True       False           True       True       True         True                 False       True                   1           10.8186     0.102635    0.999263     0.892672 │
│ hyperband_train_98d25_01170   TERMINATED   True       False      True            True       False      False        False                False       False                  4           31.8212     0.05859     0.99907      0.923135 │
│ hyperband_train_98d25_01171   TERMINATED   False      True       True            False      True       True         False                False       False                  4           32.7534     0.0516246   0.997033     0.942488 │
│ hyperband_train_98d25_01172   TERMINATED   True       True       True            True       False      True         True                 True        False                  4           53.7926     0.0885647   0.99066      0.939296 │
│ hyperband_train_98d25_01173   TERMINATED   False      True       True            True       True       False        True                 False       True                   4           52.4645     0.0708273   0.99928      0.907961 │
│ hyperband_train_98d25_01174   TERMINATED   True       False      True            False      True       True         True                 True        False                  4           33.8956     0.0488542   0.999052     0.933313 │
│ hyperband_train_98d25_01175   TERMINATED   False      False      False           True       True       False        True                 True        True                   2           19.6184     0.0492237   0.999263     0.907952 │
│ hyperband_train_98d25_01176   TERMINATED   True       True       True            True       True       True         True                 True        False                  1           15.7187     0.176483    0.998754     0.861858 │
│ hyperband_train_98d25_01177   TERMINATED   False      False      False           True       False      True         False                False       False                  1            5.45728    0.0691685   0.999087     0.892585 │
│ hyperband_train_98d25_01178   TERMINATED   True       False      False           True       True       True         True                 False       True                   4           42.3854     0.0429733   0.998209     0.917611 │
│ hyperband_train_98d25_01179   TERMINATED   True       False      True            True       True       True         True                 False       True                   2           24.036      0.0749982   0.999263     0.902859 │
│ hyperband_train_98d25_01180   TERMINATED   True       False      False           True       True       True         True                 True        False                  4           44.579      0.504698    0.991573     0.939754 │
│ hyperband_train_98d25_01181   TERMINATED   False      True       False           True       True       False        False                True        True                   4           45.9821     0.0492177   0.997349     0.93246  │
│ hyperband_train_98d25_01182   TERMINATED   False      False      False           True       True       True         False                False       True                   4           25.0183     0.0688139   0.997086     0.942515 │
│ hyperband_train_98d25_01183   TERMINATED   True       True       True            True       False      True         True                 True        True                   2           25.7607     0.0553107   0.997191     0.937474 │
│ hyperband_train_98d25_01184   TERMINATED   True       True       True            True       True       True         True                 True        True                   4           62.0181     0.0481334   0.998771     0.933172 │
│ hyperband_train_98d25_01185   TERMINATED   True       False      True            False      False      False        False                True        False                  4           25.5135     0.0659745   0.992539     0.940237 │
│ hyperband_train_98d25_01186   TERMINATED   True       False      True            False      False      True         True                 True        True                   1            6.80329    0.115843    0.999263     0.918139 │
│ hyperband_train_98d25_01187   TERMINATED   False      False      True            True       True       False        True                 True        True                   2           19.0838     0.0586998   0.99849      0.912659 │
│ hyperband_train_98d25_01188   TERMINATED   True       False      False           False      False      False        True                 True        False                  1            7.0394     0.249516    0.99828      0.5      │
│ hyperband_train_98d25_01189   TERMINATED   True       False      False           True       True       False        False                True        False                  4           45.5825     0.078004    0.983919     0.946106 │
│ hyperband_train_98d25_01190   TERMINATED   True       False      True            True       False      True         True                 True        True                   4           47.077      0.120858    0.998894     0.795716 │
│ hyperband_train_98d25_01191   TERMINATED   True       True       False           False      True       False        True                 True        False                  4           38.0156     0.0715556   0.999263     0.907952 │
│ hyperband_train_98d25_01192   TERMINATED   True       True       False           False      False      True         False                False       False                  4           27.9898     0.0853497   0.9898       0.959239 │
│ hyperband_train_98d25_01193   TERMINATED   False      True       True            True       False      True         False                False       False                  4           35.5254     0.0927302   0.997542     0.942743 │
│ hyperband_train_98d25_01194   TERMINATED   True       True       False           False      True       False        False                False       True                   2           19.6287     0.0706903   0.999122     0.907882 │
│ hyperband_train_98d25_01195   TERMINATED   False      True       True            True       False      True         False                True        False                  4           40.507      0.0734887   0.994716     0.941328 │
│ hyperband_train_98d25_01196   TERMINATED   True       True       False           True       True       True         True                 False       True                   1           13.0366     0.203135    0.995734     0.906185 │
│ hyperband_train_98d25_01197   TERMINATED   False      True       True            True       False      True         False                False       False                  2           18.0134     0.0919436   0.999298     0.90797  │
│ hyperband_train_98d25_01198   TERMINATED   False      False      False           True       False      True         True                 False       False                  1            5.46873    0.0675916   0.999298     0.887597 │
│ hyperband_train_98d25_01199   TERMINATED   False      False      False           False      True       True         False                False       True                   4           22.8017     0.0535829   0.993645     0.945884 │
│ hyperband_train_98d25_01200   TERMINATED   True       False      True            False      False      True         False                True        False                  4           23.8382     0.882392    0.522682     0.71509  │
│ hyperband_train_98d25_01201   TERMINATED   True       False      True            False      True       True         False                True        False                  4           31.5656     0.0472427   0.997911     0.937835 │
│ hyperband_train_98d25_01202   TERMINATED   False      True       False           True       False      True         False                False       False                  4           32.8427     0.0779878   0.994716     0.941328 │
│ hyperband_train_98d25_01203   TERMINATED   True       False      False           False      False      False        True                 True        True                   2           11.756      0.259128    0.99828      0.5      │
│ hyperband_train_98d25_01204   TERMINATED   False      True       True            False      False      False        True                 True        False                  4           26.6173     0.608403    0.920947     0.934939 │
│ hyperband_train_98d25_01205   TERMINATED   True       True       False           False      True       False        False                True        True                   4           39.0457     0.182077    0.998631     0.642787 │
│ hyperband_train_98d25_01206   TERMINATED   True       True       False           False      True       False        False                True        False                  1            9.81585    0.0706097   0.99928      0.907961 │
│ hyperband_train_98d25_01207   TERMINATED   False      False      False           True       True       False        False                True        True                   2           16.7698     0.0546739   0.996945     0.932258 │
│ hyperband_train_98d25_01208   TERMINATED   False      True       False           False      True       True         False                False       True                   4           33.7441     0.0491121   0.996313     0.942128 │
│ hyperband_train_98d25_01209   TERMINATED   True       True       True            True       False      True         True                 True        True                   1           13.3551     0.27855     0.99828      0.5      │
│ hyperband_train_98d25_01210   TERMINATED   True       False      False           False      False      True         False                False       False                  4           21.8434     0.117576    0.999122     0.933348 │
│ hyperband_train_98d25_01211   TERMINATED   True       True       True            True       False      True         True                 False       True                   4           47.8045     0.0637569   0.993978     0.935865 │
│ hyperband_train_98d25_01212   TERMINATED   False      False      False           False      False      False        False                False       False                  4           16.7144     0.0920746   0.993978     0.951145 │
│ hyperband_train_98d25_01213   TERMINATED   True       False      True            False      True       True         True                 False       False                  4           34.5256     0.0509099   0.995102     0.941521 │
│ hyperband_train_98d25_01214   TERMINATED   False      False      False           False      True       True         False                False       False                  2            9.60791    0.277864    0.99914      0.928264 │
│ hyperband_train_98d25_01215   TERMINATED   True       False      True            True       False      False        False                True        True                   4           39.3681     0.0899218   0.993206     0.940571 │
│ hyperband_train_98d25_01216   TERMINATED   True       False      True            False      False      True         True                 True        False                  1            7.40325    0.202097    0.99935      0.887623 │
│ hyperband_train_98d25_01217   TERMINATED   False      True       True            False      True       False        False                True        False                  2           17.4407     0.0507329   0.999298     0.913063 │
│ hyperband_train_98d25_01218   TERMINATED   True       False      True            True       True       False        False                True        True                   1           11.7219     0.188553    0.99828      0.5      │
│ hyperband_train_98d25_01219   TERMINATED   True       False      False           False      True       True         False                False       False                  4           32.0381     0.0518617   0.994962     0.946544 │
│ hyperband_train_98d25_01220   TERMINATED   True       False      False           False      True       False        True                 False       True                   4           29.7447     0.0653108   0.99375      0.945937 │
│ hyperband_train_98d25_01221   TERMINATED   True       False      False           False      False      False        True                 True        True                   4           23.942      0.264756    0.99828      0.5      │
│ hyperband_train_98d25_01222   TERMINATED   False      False      False           False      False      False        True                 False       True                   4           17.5799     0.0604697   0.988958     0.943537 │
│ hyperband_train_98d25_01223   TERMINATED   False      True       True            True       False      True         True                 True        False                  4           45.8691     0.0612139   0.997823     0.942884 │
│ hyperband_train_98d25_01224   TERMINATED   True       True       True            True       False      True         True                 False       True                   2           23.9527     0.0815854   0.999298     0.887597 │
│ hyperband_train_98d25_01225   TERMINATED   False      False      False           False      True       True         False                False       False                  4           22.0628     0.0552468   0.993908     0.946016 │
│ hyperband_train_98d25_01226   TERMINATED   False      True       True            True       False      False        True                 True        True                   1           11.3887     0.058626    0.998964     0.923082 │
│ hyperband_train_98d25_01227   TERMINATED   False      False      True            False      True       False        False                True        False                  4           24.1175     0.116375    0.973228     0.940752 │
│ hyperband_train_98d25_01228   TERMINATED   True       False      False           False      False      True         False                False       False                  2           12.9642     0.0545894   0.998543     0.927965 │
│ hyperband_train_98d25_01229   TERMINATED   True       True       False           False      True       True         True                 False       False                  1           11.4453     0.0577852   0.999245     0.907943 │
│ hyperband_train_98d25_01230   TERMINATED   True       True       False           True       False      False        True                 True        False                  4           46.1263     0.153397    0.976546     0.932227 │
│ hyperband_train_98d25_01231   TERMINATED   False      False      False           False      False      False        True                 False       False                  4           20.0101     0.2093      0.986201     0.957436 │
│ hyperband_train_98d25_01232   TERMINATED   False      True       True            False      False      True         False                True        True                   4           26.1189     6.78888     0.00172045   0.5      │
│ hyperband_train_98d25_01233   TERMINATED   True       False      False           False      True       False        False                True        True                   2           14.9595     0.0715257   0.999228     0.907935 │
│ hyperband_train_98d25_01234   TERMINATED   False      True       False           True       True       False        False                False       False                  4           41.7669     0.0664549   0.997191     0.922194 │
│ hyperband_train_98d25_01235   TERMINATED   False      False      False           True       False      False        True                 True        True                   4           35.2792     0.0603284   0.995014     0.941477 │
│ hyperband_train_98d25_01236   TERMINATED   True       True       True            True       True       True         True                 True        False                  1           15.6084     0.0562021   0.998736     0.907688 │
│ hyperband_train_98d25_01237   TERMINATED   False      False      True            False      True       True         False                False       False                  2           12.4994     0.0954319   0.998876     0.928132 │
│ hyperband_train_98d25_01238   TERMINATED   False      False      True            True       True       True         False                False       False                  1            6.75177    0.0603099   0.994136     0.930851 │
│ hyperband_train_98d25_01239   TERMINATED   False      False      False           True       False      True         False                False       False                  4           23.4344     0.0763887   0.995523     0.936639 │
│ hyperband_train_98d25_01240   TERMINATED   True       True       True            True       True       False        True                 False       True                   4           55.7675     0.0601395   0.996594     0.942268 │
│ hyperband_train_98d25_01241   TERMINATED   False      False      True            False      True       False        True                 True        True                   4           21.565      0.0718764   0.987571     0.942842 │
│ hyperband_train_98d25_01242   TERMINATED   True       False      True            True       True       True         True                 False       False                  4           43.7756     0.0518194   0.994435     0.94628  │
│ hyperband_train_98d25_01243   TERMINATED   True       False      True            False      False      True         True                 False       True                   4           33.2015     0.0710875   0.999333     0.897801 │
│ hyperband_train_98d25_01244   TERMINATED   True       True       False           False      False      False        False                True        False                  2           14.2451     0.250787    0.99828      0.5      │
│ hyperband_train_98d25_01245   TERMINATED   False      False      False           False      True       True         True                 False       False                  4           22.026      0.0565587   0.991714     0.950011 │
│ hyperband_train_98d25_01246   TERMINATED   False      True       False           False      True       False        False                False       True                   2           16.5549     0.0702206   0.99928      0.907961 │
│ hyperband_train_98d25_01247   TERMINATED   False      False      False           False      True       True         False                False       True                   1            5.12514    0.138622    0.99928      0.872308 │
│ hyperband_train_98d25_01248   TERMINATED   False      False      False           False      False      False        True                 True        False                  4           19.4964     0.693171    0.84746      0.903225 │
│ hyperband_train_98d25_01249   TERMINATED   True       True       True            False      False      False        True                 False       False                  1            8.98266    0.248809    0.99828      0.5      │
│ hyperband_train_98d25_01250   TERMINATED   True       False      False           False      True       False        True                 True        True                   4           33.4713     0.0798835   0.99928      0.907961 │
│ hyperband_train_98d25_01251   TERMINATED   True       False      True            False      False      True         False                False       False                  4           24.6223     0.0489746   0.997683     0.942814 │
│ hyperband_train_98d25_01252   TERMINATED   True       True       False           False      True       False        True                 True        True                   4           40.9755     0.248569    0.99828      0.5      │
│ hyperband_train_98d25_01253   TERMINATED   True       False      False           False      False      True         False                False       False                  4           24.3924     0.047437    0.998596     0.938178 │
│ hyperband_train_98d25_01254   TERMINATED   True       True       False           False      True       True         False                True        False                  4           39.9475     0.238321    0.996945     0.942444 │
│ hyperband_train_98d25_01255   TERMINATED   True       True       True            False      True       False        False                False       False                  2           20.2175     0.052146    0.99928      0.907961 │
│ hyperband_train_98d25_01256   TERMINATED   True       True       False           True       False      True         False                True        True                   1           12.3848     0.0584721   0.996542     0.937149 │
│ hyperband_train_98d25_01257   TERMINATED   False      False      False           False      True       True         False                True        False                  4           23.2089     0.0667736   0.984885     0.956777 │
│ hyperband_train_98d25_01258   TERMINATED   False      True       False           False      True       True         True                 False       True                   2           17.7965     0.0531781   0.994856     0.941398 │
│ hyperband_train_98d25_01259   TERMINATED   False      True       False           True       True       False        True                 False       True                   1           10.6681     0.0566918   0.999157     0.907899 │
│ hyperband_train_98d25_01260   TERMINATED   True       False      False           True       True       False        False                False       False                  4           37.0138     0.0790305   0.995681     0.946904 │
│ hyperband_train_98d25_01261   TERMINATED   False      False      True            False      False      True         False                True        False                  4           19.0812     0.542937    0.844317     0.901652 │
│ hyperband_train_98d25_01262   TERMINATED   True       False      False           True       True       False        False                False       False                  4           37.3406     0.0596275   0.997893     0.907266 │
│ hyperband_train_98d25_01263   TERMINATED   True       False      True            False      True       True         False                True        True                   4           32.6513     0.520961    0.957516     0.937975 │
│ hyperband_train_98d25_01264   TERMINATED   False      True       False           False      False      True         False                False       True                   4           25.4479     0.0693768   0.988571     0.95353  │
│ hyperband_train_98d25_01265   TERMINATED   False      True       True            True       False      True         True                 True        False                  2           21.1139     0.0615909   0.999157     0.918086 │
│ hyperband_train_98d25_01266   TERMINATED   False      True       True            False      True       True         False                False       True                   4           36.1237     0.050223    0.993382     0.950846 │
│ hyperband_train_98d25_01267   TERMINATED   True       True       False           False      True       False        False                True        False                  1           10.1482     0.247856    0.99828      0.5      │
│ hyperband_train_98d25_01268   TERMINATED   True       True       True            True       True       True         False                True        False                  1           15.4303     0.0660512   0.991872     0.91953  │
│ hyperband_train_98d25_01269   TERMINATED   False      False      True            False      False      False        False                False       True                   2           10.4431     0.412255    0.995769     0.936762 │
│ hyperband_train_98d25_01270   TERMINATED   False      True       True            True       False      False        False                False       False                  4           33.3762     0.0622692   0.994347     0.941143 │
│ hyperband_train_98d25_01271   TERMINATED   True       False      False           True       False      False        True                 True        False                  4           43.2632     0.375374    0.957006     0.93772  │
│ hyperband_train_98d25_01272   TERMINATED   True       True       False           True       True       False        True                 False       False                  4           52.3794     0.278319    0.99828      0.5      │
│ hyperband_train_98d25_01273   TERMINATED   False      True       False           False      False      True         False                True        True                   4           24.9081     0.0999973   0.998912     0.917963 │
│ hyperband_train_98d25_01274   TERMINATED   True       True       False           True       False      False        False                True        True                   4           47.6963     0.0784007   0.998086     0.922643 │
│ hyperband_train_98d25_01275   TERMINATED   True       False      False           True       False      True         False                False       True                   2           15.8415     0.141199    0.998964     0.790658 │
│ hyperband_train_98d25_01276   TERMINATED   True       False      False           True       True       False        False                False       True                   1            9.89895    0.186941    0.99828      0.5      │
│ hyperband_train_98d25_01277   TERMINATED   True       True       False           False      True       False        False                True        False                  1           10.1906     0.0762026   0.999228     0.897748 │
│ hyperband_train_98d25_01278   TERMINATED   False      True       True            False      False      False        True                 True        True                   2           14.7153     0.250328    0.957937     0.943279 │
│ hyperband_train_98d25_01279   TERMINATED   True       True       False           False      False      True         True                 True        True                   4           34.0274     0.0602183   0.998683     0.943315 │
│ hyperband_train_98d25_01280   TERMINATED   True       False      False           False      False      False        False                True        True                   4           22.9723     0.251318    0.99828      0.5      │
│ hyperband_train_98d25_01281   TERMINATED   False      True       False           True       False      False        False                False       True                   4           32.4537     0.0547259   0.997068     0.942506 │
│ hyperband_train_98d25_01282   TERMINATED   False      False      True            False      False      True         False                False       True                   4           19.3671     0.0875804   0.990099     0.954295 │
│ hyperband_train_98d25_01283   TERMINATED   False      True       False           False      False      False        False                True        False                  4           24.696      1.07612     0.823672     0.891311 │
│ hyperband_train_98d25_01284   TERMINATED   True       True       False           True       False      True         True                 False       True                   4           45.7033     0.054139    0.998789     0.922995 │
│ hyperband_train_98d25_01285   TERMINATED   True       False      True            True       True       True         True                 False       False                  2           19.7073     0.124847    0.99828      0.5      │
│ hyperband_train_98d25_01286   TERMINATED   True       False      False           True       False      False        True                 True        True                   2           22.9085     0.0871882   0.988308     0.938118 │
│ hyperband_train_98d25_01287   TERMINATED   True       True       False           True       True       True         False                False       True                   1           13.2344     0.0777383   0.999298     0.897783 │
│ hyperband_train_98d25_01288   TERMINATED   False      True       True            False      True       False        False                True        True                   4           35.1132     0.0586649   0.990696     0.944407 │
│ hyperband_train_98d25_01289   TERMINATED   True       True       True            False      True       True         True                 True        False                  1           12.5605     0.147043    0.99928      0.892681 │
│ hyperband_train_98d25_01290   TERMINATED   True       False      True            False      False      True         True                 False       False                  4           25.7716     0.063703    0.995523     0.941732 │
│ hyperband_train_98d25_01291   TERMINATED   False      True       True            True       False      False        True                 False       True                   4           38.6864     0.059216    0.995084     0.941512 │
│ hyperband_train_98d25_01292   TERMINATED   True       True       False           True       False      False        False                False       True                   4           39.9144     0.0613619   0.993557     0.940747 │
│ hyperband_train_98d25_01293   TERMINATED   False      True       False           False      False      False        False                True        False                  2           11.8309     0.0729098   0.998543     0.933058 │
│ hyperband_train_98d25_01294   TERMINATED   True       False      False           True       False      False        True                 True        False                  4           39.2304     0.0842543   0.988852     0.938391 │
│ hyperband_train_98d25_01295   TERMINATED   True       True       True            True       True       True         True                 False       True                   4           54.594      0.0499903   0.995646     0.941794 │
│ hyperband_train_98d25_01296   TERMINATED   True       True       False           True       True       True         True                 True        False                  1           15.23       0.0628222   0.997174     0.911999 │
│ hyperband_train_98d25_01297   TERMINATED   False      False      True            False      True       False        True                 True        True                   4           25.0063     0.0679604   0.996577     0.94226  │
│ hyperband_train_98d25_01298   TERMINATED   True       False      False           False      True       True         False                True        True                   2           17.0801     0.0545854   0.99856      0.927974 │
│ hyperband_train_98d25_01299   TERMINATED   False      True       False           True       True       False        True                 True        False                  1           11.9482     0.0569043   0.999157     0.907899 │
│ hyperband_train_98d25_01300   TERMINATED   True       True       True            False      True       False        True                 False       True                   4           42.1629     0.0898672   0.99928      0.907961 │
│ hyperband_train_98d25_01301   TERMINATED   False      False      True            False      False      True         True                 True        True                   4           23.5003     1.58327     0.00684667   0.502568 │
│ hyperband_train_98d25_01302   TERMINATED   True       False      False           False      False      False        False                False       False                  4           22.4847     0.050517    0.993785     0.940862 │
│ hyperband_train_98d25_01303   TERMINATED   False      True       False           False      True       False        False                True        True                   2           16.1367     0.248622    0.99828      0.5      │
│ hyperband_train_98d25_01304   TERMINATED   False      False      False           True       False      False        True                 False       False                  4           26.8871     0.0514135   0.997946     0.942945 │
│ hyperband_train_98d25_01305   TERMINATED   False      True       False           False      True       False        False                True        True                   4           31.1194     0.0622799   0.997033     0.942488 │
│ hyperband_train_98d25_01306   TERMINATED   True       True       True            True       False      False        False                True        False                  4           50.2366     0.0731095   0.992346     0.940141 │
│ hyperband_train_98d25_01307   TERMINATED   False      False      True            True       False      True         True                 False       True                   1            6.44355    0.0644901   0.998315     0.922757 │
│ hyperband_train_98d25_01308   TERMINATED   False      False      False           True       True       False        False                True        False                  1            8.15512    0.0555512   0.999263     0.907952 │
│ hyperband_train_98d25_01309   TERMINATED   True       False      True            True       True       True         False                True        False                  2           23.81       0.0595529   0.991661     0.939798 │
│ hyperband_train_98d25_01310   TERMINATED   True       False      True            False      True       True         True                 False       True                   4           31.9326     0.191153    0.99828      0.5      │
│ hyperband_train_98d25_01311   TERMINATED   True       True       True            False      False      True         False                True        True                   4           30.6368     0.0492349   0.99849      0.938125 │
│ hyperband_train_98d25_01312   TERMINATED   True       False      True            False      True       True         False                False       False                  4           30.7713     0.0642724   0.99928      0.882495 │
│ hyperband_train_98d25_01313   TERMINATED   True       False      True            True       False      True         True                 True        False                  4           44.5788     0.0732052   0.996524     0.942233 │
│ hyperband_train_98d25_01314   TERMINATED   False      True       False           False      True       False        False                False       False                  2           15.4447     0.071114    0.999245     0.907943 │
│ hyperband_train_98d25_01315   TERMINATED   False      True       False           True       False      False        True                 False       False                  4           38.6083     0.0651127   0.993575     0.940756 │
│ hyperband_train_98d25_01316   TERMINATED   False      True       False           False      False      True         True                 True        True                   2           14.2293     0.079576    0.987097     0.937511 │
│ hyperband_train_98d25_01317   TERMINATED   True       False      True            True       True       False        False                True        True                   1           11.9727     0.0744062   0.986746     0.932242 │
│ hyperband_train_98d25_01318   TERMINATED   True       True       True            True       False      False        False                False       False                  1           10.9631     0.0702233   0.993891     0.920541 │
│ hyperband_train_98d25_01319   TERMINATED   True       False      False           False      False      False        True                 True        True                   4           24.7383     0.111356    0.987483     0.947891 │
│ hyperband_train_98d25_01320   TERMINATED   False      True       False           True       False      False        True                 True        False                  4           38.3589     0.061716    0.993153     0.940545 │
│ hyperband_train_98d25_01321   TERMINATED   False      False      False           False      True       True         True                 False       True                   4           21.0862     0.0513358   0.994681     0.94131  │
│ hyperband_train_98d25_01322   TERMINATED   True       False      False           False      False      False        False                True        True                   4           22.7743     0.319179    0.928233     0.938588 │
│ hyperband_train_98d25_01323   TERMINATED   False      False      True            False      False      True         True                 True        True                   4           20.6058     0.144412    0.983322     0.950901 │
│ hyperband_train_98d25_01324   TERMINATED   False      False      False           False      True       False        False                False       False                  2            9.90557    0.0734976   0.99928      0.907961 │
│ hyperband_train_98d25_01325   TERMINATED   False      False      True            False      True       True         False                False       False                  4           21.2404     0.0461271   0.998982     0.928185 │
│ hyperband_train_98d25_01326   TERMINATED   False      True       True            False      True       False        True                 False       True                   4           36.4722     0.0533144   0.999315     0.918165 │
│ hyperband_train_98d25_01327   TERMINATED   True       False      False           True       False      False        True                 False       False                  2           18.8151     0.0720646   0.99619      0.936973 │
│ hyperband_train_98d25_01328   TERMINATED   True       True       True            False      True       True         False                False       False                  1           10.8552     0.0539103   0.99928      0.907961 │
│ hyperband_train_98d25_01329   TERMINATED   False      True       True            False      True       True         True                 True        False                  1            9.20217    0.054614    0.99928      0.907961 │
│ hyperband_train_98d25_01330   TERMINATED   True       False      True            False      True       False        True                 True        True                   4           32.6448     0.0696355   0.996032     0.941987 │
│ hyperband_train_98d25_01331   TERMINATED   True       False      False           True       False      False        True                 False       False                  4           32.5847     0.0670707   0.998297     0.922748 │
│ hyperband_train_98d25_01332   TERMINATED   True       True       False           True       True       True         True                 True        True                   4           68.6764     0.0658985   0.999245     0.897757 │
│ hyperband_train_98d25_01333   TERMINATED   True       True       False           False      True       False        True                 False       True                   4           41.6677     0.050374    0.995822     0.946975 │
│ hyperband_train_98d25_01334   TERMINATED   False      False      True            True       True       False        False                True        False                  2           16.6866     0.0521505   0.998174     0.907407 │
│ hyperband_train_98d25_01335   TERMINATED   True       False      True            True       False      False        True                 True        True                   4           41.3438     0.145077    0.983533     0.915354 │
│ hyperband_train_98d25_01336   TERMINATED   True       False      False           False      True       False        False                True        True                   1            7.66267    0.0791055   0.999228     0.892655 │
│ hyperband_train_98d25_01337   TERMINATED   False      True       True            True       True       False        True                 False       False                  2           22.0418     0.0599303   0.998051     0.922625 │
│ hyperband_train_98d25_01338   TERMINATED   True       False      False           True       True       False        True                 True        True                   1           11.6183     0.059667    0.999228     0.907935 │
│ hyperband_train_98d25_01339   TERMINATED   True       True       False           False      False      True         True                 True        False                  4           35.053      0.117458    0.987149     0.937538 │
│ hyperband_train_98d25_01340   TERMINATED   True       True       True            False      False      False        False                False       True                   4           29.6588     0.250473    0.99828      0.5      │
│ hyperband_train_98d25_01341   TERMINATED   True       False      False           False      False      True         False                True        False                  4           23.0936     0.0541429   0.990941     0.939437 │
│ hyperband_train_98d25_01342   TERMINATED   False      True       False           True       True       False        False                True        True                   4           46.0611     0.060969    0.989203     0.94366  │
│ hyperband_train_98d25_01343   TERMINATED   False      True       False           False      True       False        False                False       False                  2           15.1005     0.250084    0.99828      0.5      │
│ hyperband_train_98d25_01344   TERMINATED   False      False      False           False      False      False        True                 True        True                   4           20.6686     0.398592    0.953443     0.935935 │
│ hyperband_train_98d25_01345   TERMINATED   False      True       False           False      True       True         True                 True        True                   4           38.7113     0.416784    0.992293     0.945207 │
│ hyperband_train_98d25_01346   TERMINATED   True       False      True            False      False      False        False                True        True                   1            6.442      0.264701    0.99828      0.5      │
│ hyperband_train_98d25_01347   TERMINATED   True       False      False           False      True       False        False                True        False                  2           15.9672     0.0581694   0.998613     0.933093 │
│ hyperband_train_98d25_01348   TERMINATED   False      True       False           False      True       True         False                True        True                   4           34.3984     0.056775    0.989221     0.943669 │
│ hyperband_train_98d25_01349   TERMINATED   True       True       True            False      True       True         True                 False       True                   1           10.7967     0.117861    0.99928      0.907961 │
│ hyperband_train_98d25_01350   TERMINATED   True       False      True            True       True       False        True                 True        True                   4           49.403      0.0568671   0.99138      0.94475  │
│ hyperband_train_98d25_01351   TERMINATED   True       True       False           True       False      False        True                 True        False                  4           48.3962     0.0740103   0.993013     0.940475 │
│ hyperband_train_98d25_01352   TERMINATED   True       False      False           True       True       True         True                 False       True                   4           40.7434     0.797991    0.309101     0.648862 │
│ hyperband_train_98d25_01353   TERMINATED   False      True       False           True       True       True         True                 False       True                   2           19.7442     0.17734     0.99828      0.5      │
│ hyperband_train_98d25_01354   TERMINATED   True       False      True            True       True       False        True                 False       False                  4           42.6691     0.251267    0.99828      0.5      │
│ hyperband_train_98d25_01355   TERMINATED   False      False      True            False      False      True         True                 True        False                  4           19.9084     0.225035    0.934009     0.941481 │
│ hyperband_train_98d25_01356   TERMINATED   False      True       False           True       False      True         False                False       False                  4           35.4095     0.0779878   0.994716     0.941328 │
│ hyperband_train_98d25_01357   TERMINATED   False      True       False           False      False      True         False                True        False                  1            6.14376    0.254294    0.999263     0.897766 │
│ hyperband_train_98d25_01358   TERMINATED   True       True       False           False      True       False        False                True        True                   2           19.8784     0.0773699   0.99928      0.907961 │
│ hyperband_train_98d25_01359   TERMINATED   False      False      False           False      True       True         False                False       False                  1            5.0462     0.163412    0.99828      0.5      │
│ hyperband_train_98d25_01360   TERMINATED   True       False      False           True       True       True         True                 False       True                   4           39.9682     0.0473082   0.994681     0.936217 │
│ hyperband_train_98d25_01361   TERMINATED   False      False      True            False      True       False        True                 True        False                  4           21.8138     0.16664     0.970349     0.93931  │
│ hyperband_train_98d25_01362   TERMINATED   True       True       True            False      True       True         True                 True        False                  4           46.0389     0.0724155   0.991099     0.939516 │
│ hyperband_train_98d25_01363   TERMINATED   True       True       True            False      True       False        False                False       True                   4           41.8369     0.0510031   0.99928      0.918148 │
│ hyperband_train_98d25_01364   TERMINATED   False      True       True            True       False      False        True                 True        False                  4           46.2144     0.0572022   0.994505     0.941222 │
│ hyperband_train_98d25_01365   TERMINATED   True       False      True            False      False      True         False                True        False                  2           12.4371     0.921808    0.474457     0.726589 │
│ hyperband_train_98d25_01366   TERMINATED   True       False      False           False      False      False        True                 False       True                   1            5.92424    0.262586    0.99828      0.5      │
│ hyperband_train_98d25_01367   TERMINATED   True       True       False           True       False      True         False                True        False                  2           23.7574     0.163834    0.976985     0.912074 │
│ hyperband_train_98d25_01368   TERMINATED   False      False      False           False      False      False        False                True        True                   4           18.4885     0.382366    0.872125     0.915579 │
│ hyperband_train_98d25_01369   TERMINATED   False      False      False           True       False      True         False                False       False                  1            5.30393    0.0691685   0.999087     0.892585 │
│ hyperband_train_98d25_01370   TERMINATED   True       False      True            True       False      False        False                True        True                   4           39.257      0.0610502   0.993645     0.940791 │
│ hyperband_train_98d25_01371   TERMINATED   True       True       False           True       True       False        False                False       True                   4           50.6667     0.062383    0.999315     0.907979 │
│ hyperband_train_98d25_01372   TERMINATED   False      True       False           False      True       True         True                 False       False                  4           31.453      0.0823934   0.998069     0.937914 │
│ hyperband_train_98d25_01373   TERMINATED   False      True       False           True       False      True         False                False       False                  2           16.4559     0.0649438   0.993171     0.940554 │
│ hyperband_train_98d25_01374   TERMINATED   False      False      True            False      True       False        False                False       False                  4           22.73       0.067273    0.983691     0.945992 │
│ hyperband_train_98d25_01375   TERMINATED   False      True       True            False      False      True         True                 False       False                  4           26.6545     0.0526367   0.998209     0.937984 │
│ hyperband_train_98d25_01376   TERMINATED   True       True       False           True       True       False        True                 True        False                  1           14.8891     0.061219    0.998947     0.907794 │
│ hyperband_train_98d25_01377   TERMINATED   True       False      True            False      True       False        True                 False       True                   1            8.63595    0.0583709   0.999263     0.902859 │
│ hyperband_train_98d25_01378   TERMINATED   True       False      True            False      True       True         True                 True        False                  4           40.1449     0.0503327   0.999017     0.923109 │
│ hyperband_train_98d25_01379   TERMINATED   True       True       False           False      True       False        True                 False       True                   2           20.7439     0.0730697   0.999245     0.90285  │
│ hyperband_train_98d25_01380   TERMINATED   True       True       False           False      True       True         False                False       True                   4           39.9544     0.0493225   0.994856     0.946491 │
│ hyperband_train_98d25_01381   TERMINATED   True       False      True            True       False      False        False                True        False                  4           39.4386     0.0843265   0.993627     0.940782 │
│ hyperband_train_98d25_01382   TERMINATED   False      True       True            False      False      False        True                 True        False                  4           25.918      0.938593    0.55379      0.735765 │
│ hyperband_train_98d25_01383   TERMINATED   True       True       True            False      False      False        False                True        True                   2           14.9255     0.259496    0.99828      0.5      │
│ hyperband_train_98d25_01384   TERMINATED   False      True       False           True       True       False        True                 True        True                   4           47.7353     0.0527705   0.996647     0.942295 │
│ hyperband_train_98d25_01385   TERMINATED   True       False      False           True       False      True         False                False       True                   4           33.8915     0.0601371   0.996366     0.937061 │
│ hyperband_train_98d25_01386   TERMINATED   False      False      True            False      False      True         True                 False       True                   4           21.571      0.103905    0.995594     0.941767 │
│ hyperband_train_98d25_01387   TERMINATED   True       True       True            False      True       False        True                 False       True                   1           10.8027     0.0602871   0.999105     0.91806  │
│ hyperband_train_98d25_01388   TERMINATED   False      False      False           False      True       False        False                False       False                  1            5.01053    0.0733065   0.99928      0.907961 │
│ hyperband_train_98d25_01389   TERMINATED   True       True       True            True       False      False        True                 True        False                  2           25.0277     0.0667305   0.99763      0.932601 │
│ hyperband_train_98d25_01390   TERMINATED   True       True       True            True       True       True         False                False       False                  4           51.5825     0.0493464   0.995839     0.94189  │
│ hyperband_train_98d25_01391   TERMINATED   True       False      False           True       True       True         True                 True        False                  4           45.2062     0.0666373   0.995453     0.93151  │
│ hyperband_train_98d25_01392   TERMINATED   False      True       False           False      True       False        False                False       False                  4           29.7375     0.24936     0.99828      0.5      │
│ hyperband_train_98d25_01393   TERMINATED   True       False      False           True       True       False        True                 True        True                   4           48.3376     0.0519662   0.993575     0.945849 │
│ hyperband_train_98d25_01394   TERMINATED   False      True       False           False      True       True         True                 False       False                  2           15.7229     0.254843    0.99928      0.907961 │
│ hyperband_train_98d25_01395   TERMINATED   True       False      True            False      True       True         True                 False       True                   4           35.5649     0.0518646   0.997946     0.937852 │
│ hyperband_train_98d25_01396   TERMINATED   True       False      True            False      False      True         False                True        False                  4           26.8256     0.0475235   0.998297     0.938028 │
│ hyperband_train_98d25_01397   TERMINATED   True       True       False           False      False      False        False                False       True                   1            7.24583    0.249695    0.99828      0.5      │
│ hyperband_train_98d25_01398   TERMINATED   False      False      True            True       False      True         False                False       False                  2           12.1945     0.0803444   0.999105     0.816195 │
│ hyperband_train_98d25_01399   TERMINATED   False      False      True            False      True       False        True                 False       False                  1            6.01129    0.0665103   0.99928      0.907961 │
│ hyperband_train_98d25_01400   TERMINATED   False      False      False           False      True       False        True                 False       False                  4           24.6653     0.0773165   0.999245     0.897757 │
│ hyperband_train_98d25_01401   TERMINATED   True       True       False           False      False      False        False                False       True                   4           27.1117     0.0488542   0.995734     0.941838 │
│ hyperband_train_98d25_01402   TERMINATED   True       True       True            True       False      True         True                 False       False                  4           43.7428     0.0551434   0.996155     0.931862 │
│ hyperband_train_98d25_01403   TERMINATED   False      False      False           True       False      False        True                 True        True                   4           32.5334     0.0612098   0.995874     0.936815 │
│ hyperband_train_98d25_01404   TERMINATED   True       False      True            False      True       False        False                False       False                  2           15.0586     0.0542908   0.99928      0.907961 │
│ hyperband_train_98d25_01405   TERMINATED   False      True       True            False      False      True         False                True        True                   4           26.4545     0.540756    0.810909     0.884919 │
│ hyperband_train_98d25_01406   TERMINATED   True       False      True            False      True       False        False                False       False                  1            8.15578    0.0713739   0.99928      0.907961 │
│ hyperband_train_98d25_01407   TERMINATED   False      True       True            True       True       True         True                 True        False                  4           55.9217     0.084406    0.995102     0.946614 │
│ hyperband_train_98d25_01408   TERMINATED   False      False      True            False      True       False        True                 False       True                   2           14.8126     0.0633069   0.999315     0.918165 │
│ hyperband_train_98d25_01409   TERMINATED   True       False      True            False      True       False        False                True        False                  1            7.83977    0.070032    0.99928      0.907961 │
│ hyperband_train_98d25_01410   TERMINATED   False      True       True            False      True       True         False                True        True                   4           31.839      0.381088    0.956655     0.932451 │
│ hyperband_train_98d25_01411   TERMINATED   True       False      False           True       True       False        True                 True        True                   4           47.2275     0.0595437   0.989256     0.943686 │
│ hyperband_train_98d25_01412   TERMINATED   False      True       True            False      True       True         True                 True        False                  4           37.6569     0.0844817   0.987816     0.942965 │
│ hyperband_train_98d25_01413   TERMINATED   False      False      True            True       False      True         False                True        False                  4           31.7357     0.0685344   0.994277     0.941108 │
│ hyperband_train_98d25_01414   TERMINATED   True       False      False           True       True       True         True                 False       False                  2           22.6088     0.0737267   0.986974     0.93745  │
│ hyperband_train_98d25_01415   TERMINATED   False      False      True            False      True       False        False                False       False                  4           22.0652     0.0518961   0.998613     0.938186 │
│ hyperband_train_98d25_01416   TERMINATED   True       True       True            False      True       True         False                True        True                   4           44.4201     0.0532887   0.996471     0.9473   │
│ hyperband_train_98d25_01417   TERMINATED   False      True       True            True       False      False        False                False       False                  1            9.03176    0.0534757   0.998683     0.922942 │
│ hyperband_train_98d25_01418   TERMINATED   False      True       True            True       False      False        True                 False       True                   2           18.9715     0.0618761   0.991433     0.939683 │
│ hyperband_train_98d25_01419   TERMINATED   True       True       True            False      False      True         True                 True        True                   1            8.15409    0.22911     0.998666     0.647898 │
│ hyperband_train_98d25_01420   TERMINATED   False      True       True            True       False      True         False                False       False                  4           33.9163     0.0709936   0.999087     0.923144 │
│ hyperband_train_98d25_01421   TERMINATED   False      False      False           False      True       False        True                 False       True                   4           26.7543     0.0712589   0.99928      0.907961 │
│ hyperband_train_98d25_01422   TERMINATED   False      False      False           True       True       True         False                True        True                   4           31.8207     0.173105    0.912942     0.936023 │
│ hyperband_train_98d25_01423   TERMINATED   False      False      False           False      True       True         True                 True        True                   2           11.9095     0.263336    0.99928      0.907961 │
│ hyperband_train_98d25_01424   TERMINATED   False      False      True            False      False      True         False                True        True                   4           20.0197     1.3191      0.407377     0.698085 │
│ hyperband_train_98d25_01425   TERMINATED   False      False      False           False      True       False        False                False       True                   4           20.1623     0.0591932   0.998069     0.9481   │
│ hyperband_train_98d25_01426   TERMINATED   True       False      True            True       False      False        False                False       False                  2           16.9387     0.0840337   0.986465     0.932102 │
│ hyperband_train_98d25_01427   TERMINATED   False      True       False           True       False      False        False                True        False                  1            9.73404    0.0752831   0.992837     0.914921 │
│ hyperband_train_98d25_01428   TERMINATED   False      False      False           False      True       False        False                False       True                   4           22.0293     0.0591932   0.998069     0.9481   │
│ hyperband_train_98d25_01429   TERMINATED   True       False      True            False      False      True         False                True        True                   1            6.60611    0.107105    0.998876     0.729495 │
│ hyperband_train_98d25_01430   TERMINATED   True       False      False           False      True       True         True                 False       True                   4           33.184      0.106806    0.986781     0.937353 │
│ hyperband_train_98d25_01431   TERMINATED   False      False      False           True       False      True         True                 False       True                   4           23.3215     0.058801    0.996612     0.942277 │
│ hyperband_train_98d25_01432   TERMINATED   False      False      True            False      False      True         False                False       True                   4           18.7876     0.108668    0.99907      0.928228 │
│ hyperband_train_98d25_01433   TERMINATED   False      False      True            True       True       True         True                 False       False                  2           15.8958     0.0688699   0.999245     0.91813  │
│ hyperband_train_98d25_01434   TERMINATED   True       True       True            True       False      True         False                False       False                  4           41.9896     0.0684553   0.993417     0.940677 │
│ hyperband_train_98d25_01435   TERMINATED   False      False      False           False      False      False        True                 False       False                  4           17.799      0.526565    0.997735     0.917374 │
│ hyperband_train_98d25_01436   TERMINATED   False      True       True            False      True       False        False                True        False                  1            8.59654    0.0726666   0.999228     0.907935 │
│ hyperband_train_98d25_01437   TERMINATED   True       True       False           True       True       True         False                False       False                  4           53.361      0.0500842   0.993487     0.945805 │
│ hyperband_train_98d25_01438   TERMINATED   False      False      False           True       True       False        True                 False       True                   1            6.51896    0.0518407   0.999245     0.907943 │
│ hyperband_train_98d25_01439   TERMINATED   False      False      False           True       True       False        False                True        False                  2           15.4134     0.0518561   0.997156     0.922177 │
│ hyperband_train_98d25_01440   TERMINATED   True       True       True            False      False      True         False                False       True                   4           30.5301     0.0560738   0.998929     0.928158 │
│ hyperband_train_98d25_01441   TERMINATED   False      True       False           True       True       False        False                False       True                   4           39.6537     0.0566414   0.99203      0.945076 │
│ hyperband_train_98d25_01442   TERMINATED   False      False      False           False      True       True         True                 True        False                  4           21.3598     0.0894106   0.991012     0.944566 │
│ hyperband_train_98d25_01443   TERMINATED   False      False      True            True       True       True         True                 False       False                  4           25.7751     0.58756     0.668604     0.757618 │
│ hyperband_train_98d25_01444   TERMINATED   True       True       True            True       True       False        True                 True        False                  2           31.3604     0.131503    0.99828      0.5      │
│ hyperband_train_98d25_01445   TERMINATED   True       False      True            True       False      False        False                False       True                   4           33.5544     0.0599091   0.997033     0.922115 │
│ hyperband_train_98d25_01446   TERMINATED   True       False      True            False      True       False        True                 False       False                  1            9.72021    0.0761927   0.999263     0.897766 │
│ hyperband_train_98d25_01447   TERMINATED   True       True       True            True       True       True         True                 True        False                  1           18.8518     0.108497    0.999245     0.897757 │
│ hyperband_train_98d25_01448   TERMINATED   False      False      True            False      True       False        False                True        True                   2           12.0505     0.0586805   0.992995     0.945559 │
│ hyperband_train_98d25_01449   TERMINATED   True       False      False           False      True       False        False                True        True                   4           31.0542     0.0840888   0.991187     0.944654 │
│ hyperband_train_98d25_01450   TERMINATED   False      True       False           True       True       True         True                 False       True                   4           46.4199     0.0542773   0.994839     0.936296 │
│ hyperband_train_98d25_01451   TERMINATED   True       True       True            False      True       True         True                 True        True                   4           46.0755     0.0491499   0.996471     0.942207 │
│ hyperband_train_98d25_01452   TERMINATED   False      True       False           False      False      True         False                True        False                  4           24.3896     0.581597    0.816105     0.887521 │
│ hyperband_train_98d25_01453   TERMINATED   True       False      False           False      True       True         False                False       True                   2           14.884      0.189471    0.99828      0.5      │
│ hyperband_train_98d25_01454   TERMINATED   False      True       False           False      False      True         False                False       True                   4           24.1294     0.160526    0.998999     0.9231   │
│ hyperband_train_98d25_01455   TERMINATED   True       True       True            False      True       True         True                 False       False                  4           43.3523     0.0512363   0.993926     0.951118 │
│ hyperband_train_98d25_01456   TERMINATED   True       True       True            True       True       False        True                 True        True                   2           32.1653     0.0522316   0.996366     0.942154 │
│ hyperband_train_98d25_01457   TERMINATED   False      True       True            False      False      True         False                True        False                  4           27.2153     1.37775     0.263246     0.620801 │
│ hyperband_train_98d25_01458   TERMINATED   True       False      True            False      False      True         True                 True        False                  1            6.60267    0.169262    0.999052     0.790702 │
│ hyperband_train_98d25_01459   TERMINATED   False      False      True            False      False      True         False                False       False                  1            4.93444    1.31964     0.999245     0.872291 │
│ hyperband_train_98d25_01460   TERMINATED   True       True       False           True       False      True         False                True        False                  4           47.4442     0.141722    0.982848     0.935384 │
│ hyperband_train_98d25_01461   TERMINATED   False      True       False           True       True       False        False                False       True                   4           39.187      0.0554514   0.990573     0.949439 │
│ hyperband_train_98d25_01462   TERMINATED   True       False      True            True       False      True         True                 False       False                  4           41.8093     0.0646428   0.997226     0.917119 │
│ hyperband_train_98d25_01463   TERMINATED   False      True       False           True       True       False        True                 False       False                  4           41.9551     0.0514716   0.999175     0.913002 │
│ hyperband_train_98d25_01464   TERMINATED   True       True       True            True       True       False        False                True        False                  4           58.6184     0.0511464   0.997174     0.947652 │
│ hyperband_train_98d25_01465   TERMINATED   True       True       False           False      True       False        False                False       False                  2           19.5143     0.248245    0.99828      0.5      │
│ hyperband_train_98d25_01466   TERMINATED   False      True       False           False      False      False        False                False       False                  2           12.5119     0.0594793   0.99835      0.938055 │
│ hyperband_train_98d25_01467   TERMINATED   False      True       False           True       True       False        True                 False       False                  1           12.1412     0.0573623   0.999245     0.897757 │
│ hyperband_train_98d25_01468   TERMINATED   False      True       True            True       False      True         True                 True        False                  1           11.3111     0.151188    0.982216     0.929974 │
│ hyperband_train_98d25_01469   TERMINATED   False      True       False           True       True       False        True                 True        True                   4           49.5257     0.0557933   0.99361      0.945867 │
│ hyperband_train_98d25_01470   TERMINATED   True       False      True            True       False      False        False                True        False                  4           38.6841     0.0640477   0.997753     0.937756 │
│ hyperband_train_98d25_01471   TERMINATED   True       False      False           False      False      False        True                 True        False                  4           27.0993     0.493995    0.952249     0.935337 │
│ hyperband_train_98d25_01472   TERMINATED   True       False      False           False      False      True         False                True        True                   4           23.7293     0.0522232   0.999017     0.928202 │
│ hyperband_train_98d25_01473   TERMINATED   False      True       True            False      True       True         False                True        False                  4           34.6501     0.0550699   0.992802     0.945462 │
│ hyperband_train_98d25_01474   TERMINATED   True       True       True            True       False      False        True                 True        False                  4           54.9429     0.135227    0.978793     0.938446 │
│ hyperband_train_98d25_01475   TERMINATED   False      False      False           False      False      False        False                True        False                  2            8.34017    0.770915    0.965819     0.916668 │
│ hyperband_train_98d25_01476   TERMINATED   False      True       True            True       False      False        False                False       True                   2           18.2192     0.0597492   0.997419     0.922309 │
│ hyperband_train_98d25_01477   TERMINATED   False      False      False           True       True       True         True                 False       False                  1            6.09739    0.197417    0.998578     0.637667 │
│ hyperband_train_98d25_01478   TERMINATED   True       True       False           False      False      True         True                 True        True                   1            7.62036    0.0707097   0.999087     0.918051 │
│ hyperband_train_98d25_01479   TERMINATED   False      False      True            True       False      False        False                False       True                   4           24.763      0.0695789   0.998701     0.943324 │
│ hyperband_train_98d25_01480   TERMINATED   True       False      False           False      True       False        False                True        False                  4           28.8068     0.261254    0.99828      0.5      │
│ hyperband_train_98d25_01481   TERMINATED   True       True       True            False      True       True         False                True        False                  4           40.6654     0.0521956   0.993557     0.940747 │
│ hyperband_train_98d25_01482   TERMINATED   True       True       False           False      True       False        True                 True        True                   4           40.0832     0.0687663   0.993698     0.945911 │
│ hyperband_train_98d25_01483   TERMINATED   True       False      True            False      False      False        True                 False       True                   4           31.972      0.0523845   0.998947     0.928167 │
│ hyperband_train_98d25_01484   TERMINATED   False      False      False           False      True       False        True                 True        False                  4           22.2218     0.0783112   0.99928      0.907961 │
│ hyperband_train_98d25_01485   TERMINATED   True       True       True            False      False      True         True                 True        False                  2           17.3558     1.98503     0.2584       0.623468 │
│ hyperband_train_98d25_01486   TERMINATED   True       False      False           False      True       False        True                 False       False                  1            8.29998    0.0680272   0.99914      0.918077 │
│ hyperband_train_98d25_01487   TERMINATED   False      False      False           True       True       True         False                False       True                   4           26.9973     0.109136    0.960324     0.939382 │
│ hyperband_train_98d25_01488   TERMINATED   False      True       False           False      True       True         True                 True        True                   1            8.4674     0.0972494   0.999245     0.897757 │
│ hyperband_train_98d25_01489   TERMINATED   True       True       False           False      True       True         True                 True        False                  2           23.6945     0.0602989   0.994663     0.936208 │
│ hyperband_train_98d25_01490   TERMINATED   True       False      False           False      True       False        False                True        True                   4           29.4544     0.0952199   0.99921      0.88246  │
│ hyperband_train_98d25_01491   TERMINATED   False      True       False           False      False      True         False                True        True                   4           23.6845     0.198892    0.996858     0.937307 │
│ hyperband_train_98d25_01492   TERMINATED   True       False      False           False      True       False        False                True        True                   4           29.9458     0.0988722   0.999245     0.913037 │
│ hyperband_train_98d25_01493   TERMINATED   True       True       False           True       False      True         True                 False       True                   2           20.7356     0.118506    0.998841     0.744757 │
│ hyperband_train_98d25_01494   TERMINATED   False      True       False           False      False      True         False                False       False                  4           25.1462     0.0510915   0.998701     0.933137 │
│ hyperband_train_98d25_01495   TERMINATED   True       True       True            False      True       True         False                True        True                   4           41.4722     0.0461137   0.997454     0.942699 │
│ hyperband_train_98d25_01496   TERMINATED   True       True       False           False      True       True         False                False       False                  2           20.9595     0.0925347   0.999157     0.907899 │
│ hyperband_train_98d25_01497   TERMINATED   True       True       True            False      False      False        False                True        True                   1            7.70274    0.0781469   0.997595     0.922397 │
│ hyperband_train_98d25_01498   TERMINATED   True       False      True            False      True       True         False                True        True                   1            8.03462    0.122765    0.999157     0.907899 │
│ hyperband_train_98d25_01499   TERMINATED   True       True       True            False      False      False        True                 True        False                  4           35.4729     0.0537589   0.996401     0.942172 │
│ hyperband_train_98d25_01500   TERMINATED   True       False      False           True       True       False        True                 False       True                   4           47.4194     0.101373    0.997437     0.891758 │
│ hyperband_train_98d25_01501   TERMINATED   False      False      True            True       True       False        False                False       True                   4           26.3213     0.0546383   0.993294     0.945709 │
│ hyperband_train_98d25_01502   TERMINATED   True       True       True            False      True       False        False                False       True                   4           40.9064     0.0494614   0.997209     0.947669 │
│ hyperband_train_98d25_01503   TERMINATED   True       False      False           False      False      False        True                 False       True                   2           11.6578     0.0642821   0.992574     0.940255 │
│ hyperband_train_98d25_01504   TERMINATED   False      True       False           False      True       True         False                False       False                  4           32.0743     0.142336    0.994066     0.941002 │
│ hyperband_train_98d25_01505   TERMINATED   True       True       True            False      False      False        True                 True        True                   4           30.091      0.126364    0.992785     0.94036  │
│ hyperband_train_98d25_01506   TERMINATED   False      False      False           False      True       True         False                True        False                  4           23.2305     0.0667736   0.984885     0.956777 │
│ hyperband_train_98d25_01507   TERMINATED   True       True       True            True       True       True         False                False       False                  1           13.3191     0.264939    0.99828      0.5      │
│ hyperband_train_98d25_01508   TERMINATED   False      False      True            False      False      False        False                True        False                  2            9.89162    0.341813    0.844668     0.901827 │
│ hyperband_train_98d25_01509   TERMINATED   False      False      False           True       False      False        True                 False       True                   1            6.65082    0.0609736   0.994575     0.941257 │
│ hyperband_train_98d25_01510   TERMINATED   False      True       False           True       True       False        True                 False       True                   4           46.0049     0.0525212   0.99677      0.91689  │
│ hyperband_train_98d25_01511   TERMINATED   False      True       False           False      False      False        False                False       True                   4           23.589      0.126221    0.982041     0.950259 │
│ hyperband_train_98d25_01512   TERMINATED   False      True       True            True       False      True         True                 False       True                   4           35.0734     0.0557913   0.994277     0.941108 │
│ hyperband_train_98d25_01513   TERMINATED   False      True       True            True       False      True         True                 True        False                  2           21.9199     0.0624332   0.998754     0.922977 │
│ hyperband_train_98d25_01514   TERMINATED   False      False      True            True       False      False        False                False       False                  4           23.9771     0.0660868   0.99461      0.936182 │
│ hyperband_train_98d25_01515   TERMINATED   False      False      True            False      False      False        True                 True        False                  4           19.7654     0.417508    0.989186     0.948744 │
│ hyperband_train_98d25_01516   TERMINATED   False      False      False           False      False      False        True                 False       False                  2           12.1586     0.0596791   0.999298     0.90797  │
│ hyperband_train_98d25_01517   TERMINATED   False      False      False           True       True       False        False                True        False                  1            8.58606    0.0555512   0.999263     0.907952 │
│ hyperband_train_98d25_01518   TERMINATED   False      True       False           False      False      True         True                 False       True                   4           26.3897     0.049306    0.996594     0.942268 │
│ hyperband_train_98d25_01519   TERMINATED   True       False      True            True       False      True         True                 True        False                  1           11.892      0.0674814   0.998912     0.907776 │
│ hyperband_train_98d25_01520   TERMINATED   False      True       True            True       False      True         False                True        True                   4           41.4622     0.0546984   0.998385     0.922792 │
│ hyperband_train_98d25_01521   TERMINATED   False      True       True            False      False      True         False                False       True                   4           26.229      0.0555008   0.993961     0.940949 │
│ hyperband_train_98d25_01522   TERMINATED   True       False      False           True       False      False        False                True        True                   4           36.4164     0.210192    0.959587     0.933919 │
│ hyperband_train_98d25_01523   TERMINATED   False      True       True            False      False      True         False                True        True                   4           26.7566     0.353809    0.915259     0.93209  │
│ hyperband_train_98d25_01524   TERMINATED   True       True       True            False      True       True         False                True        True                   2           20.3332     0.142875    0.999157     0.831501 │
│ hyperband_train_98d25_01525   TERMINATED   False      False      True            False      False      False        False                False       False                  4           19.3568     0.204948    0.999192     0.851891 │
│ hyperband_train_98d25_01526   TERMINATED   False      True       False           True       False      False        False                True        True                   1           10.162      0.0600571   0.996717     0.921957 │
│ hyperband_train_98d25_01527   TERMINATED   True       False      True            True       True       False        True                 True        False                  1           12.6921     0.125453    0.99828      0.5      │
│ hyperband_train_98d25_01528   TERMINATED   False      False      True            False      False      False        False                True        True                   4           20.3176     2.31954     0.00172045   0.5      │
│ hyperband_train_98d25_01529   TERMINATED   False      False      True            True       True       True         False                False       True                   2           14.0262     0.0562352   0.99749      0.93253  │
│ hyperband_train_98d25_01530   TERMINATED   False      False      True            True       True       True         False                False       True                   4           24.0138     0.723599    0.505126     0.736857 │
│ hyperband_train_98d25_01531   TERMINATED   False      False      True            False      False      False        False                True        False                  4           17.8274     0.672189    0.926495     0.937718 │
│ hyperband_train_98d25_01532   TERMINATED   False      True       True            True       False      True         True                 True        False                  4           42.0627     0.0552678   0.996243     0.942093 │
│ hyperband_train_98d25_01533   TERMINATED   True       True       False           False      True       False        True                 False       True                   4           45.7118     0.0846652   0.999157     0.887527 │
│ hyperband_train_98d25_01534   TERMINATED   True       False      True            False      False      True         True                 True        True                   2           12.834      0.405057    0.99828      0.5      │
│ hyperband_train_98d25_01535   TERMINATED   False      False      False           False      False      True         True                 True        False                  4           19.12       0.171488    0.956023     0.942321 │
│ hyperband_train_98d25_01536   TERMINATED   False      False      False           True       False      False        True                 False       True                   2           13.8314     0.0539408   0.998016     0.942981 │
│ hyperband_train_98d25_01537   TERMINATED   False      True       False           True       False      False        True                 False       False                  1            9.56706    0.0591959   0.998736     0.922968 │
│ hyperband_train_98d25_01538   TERMINATED   True       False      True            True       False      True         True                 True        False                  1           11.9613     0.124954    0.987553     0.932647 │
│ hyperband_train_98d25_01539   TERMINATED   True       False      False           False      True       True         False                False       False                  4           31.737      0.0511617   0.993294     0.950802 │
│ hyperband_train_98d25_01540   TERMINATED   False      True       False           False      True       False        False                False       False                  4           30.5189     0.0905624   0.992047     0.904338 │
│ hyperband_train_98d25_01541   TERMINATED   False      False      True            False      True       False        False                False       True                   4           21.6726     0.0618254   0.991837     0.944979 │
│ hyperband_train_98d25_01542   TERMINATED   False      True       False           True       False      True         True                 True        True                   4           41.7842     0.0614122   0.994733     0.941336 │
│ hyperband_train_98d25_01543   TERMINATED   False      False      True            True       True       True         True                 False       True                   2           15.4063     0.0513335   0.99928      0.907961 │
│ hyperband_train_98d25_01544   TERMINATED   False      False      False           False      False      False        True                 True        True                   4           18.3848     0.388313    0.963888     0.941167 │
│ hyperband_train_98d25_01545   TERMINATED   False      True       True            False      False      False        False                False       False                  4           24.7453     0.159808    0.999315     0.902885 │
│ hyperband_train_98d25_01546   TERMINATED   True       True       False           True       True       True         False                True        True                   1           15.0357     0.152754    0.99828      0.5      │
│ hyperband_train_98d25_01547   TERMINATED   True       False      False           False      False      True         True                 False       False                  4           28.4729     0.0541399   0.994558     0.946342 │
│ hyperband_train_98d25_01548   TERMINATED   True       False      True            True       True       False        False                True        False                  1           11.8063     0.0576687   0.998806     0.897537 │
│ hyperband_train_98d25_01549   TERMINATED   True       True       False           True       False      False        False                True        True                   2           23.5325     0.192334    0.965784     0.906464 │
│ hyperband_train_98d25_01550   TERMINATED   True       True       True            False      False      False        True                 False       False                  4           30.3632     0.105975    0.999245     0.913037 │
│ hyperband_train_98d25_01551   TERMINATED   True       False      True            False      False      False        True                 True        True                   4           24.9508     0.653076    0.921755     0.940437 │
│ hyperband_train_98d25_01552   TERMINATED   False      False      True            False      False      True         False                True        False                  4           18.9685     8.06869     0.001738     0.500009 │
│ hyperband_train_98d25_01553   TERMINATED   True       False      False           True       True       True         True                 True        True                   4           48.837      0.0476722   0.997367     0.942655 │
│ hyperband_train_98d25_01554   TERMINATED   False      False      True            False      True       False        True                 True        False                  4           27.0823     0.0809696   0.985903     0.942007 │
│ hyperband_train_98d25_01555   TERMINATED   True       True       True            True       False      False        False                False       True                   2           21.1995     0.0761445   0.996419     0.921808 │
│ hyperband_train_98d25_01556   TERMINATED   False      True       True            True       False      True         True                 True        False                  2           22.9336     0.074692    0.997209     0.922203 │
│ hyperband_train_98d25_01557   TERMINATED   False      True       True            False      True       False        True                 False       True                   1            8.71408    0.0612448   0.99928      0.907961 │
│ hyperband_train_98d25_01558   TERMINATED   True       True       True            True       True       True         True                 False       True                   1           14.1286     0.0680823   0.999298     0.90797  │
│ hyperband_train_98d25_01559   TERMINATED   True       False      False           False      False      True         False                False       False                  4           25.3055     0.0476328   0.998982     0.928185 │
│ hyperband_train_98d25_01560   TERMINATED   False      True       True            False      False      True         True                 False       True                   4           27.0313     0.0531791   0.997753     0.942849 │
│ hyperband_train_98d25_01561   TERMINATED   True       False      False           False      False      False        False                False       False                  4           22.2693     0.23896     0.997174     0.937465 │
│ hyperband_train_98d25_01562   TERMINATED   False      False      False           True       False      True         False                False       True                   4           20.182      0.139972    0.998947     0.790649 │
│ hyperband_train_98d25_01563   TERMINATED   True       False      False           True       True       False        False                False       True                   2           18.9378     0.0675745   0.999087     0.907864 │
│ hyperband_train_98d25_01564   TERMINATED   True       False      True            True       False      True         True                 True        True                   4           43.6256     0.0550732   0.996893     0.937325 │
│ hyperband_train_98d25_01565   TERMINATED   True       False      False           True       True       True         True                 True        False                  4           47.385      0.0576      0.993785     0.940862 │
│ hyperband_train_98d25_01566   TERMINATED   True       True       True            False      False      False        False                False       True                   2           15.8284     0.0491529   0.998402     0.927894 │
│ hyperband_train_98d25_01567   TERMINATED   False      False      False           True       False      True         True                 True        True                   1            8.73826    0.066874    0.994681     0.920937 │
│ hyperband_train_98d25_01568   TERMINATED   True       True       False           True       False      False        True                 True        True                   4           50.0741     0.0885722   0.983568     0.940837 │
│ hyperband_train_98d25_01569   TERMINATED   False      False      True            False      False      False        True                 True        False                  1            5.14581    0.090813    0.99928      0.907961 │
│ hyperband_train_98d25_01570   TERMINATED   True       False      False           True       True       True         False                False       False                  4           36.9174     0.0795883   0.998455     0.927921 │
│ hyperband_train_98d25_01571   TERMINATED   True       False      False           False      False      True         False                False       True                   4           22.9672     0.176691    0.999087     0.923144 │
│ hyperband_train_98d25_01572   TERMINATED   False      False      True            True       False      False        False                True        False                  4           29.9463     0.0608023   0.995769     0.941855 │
│ hyperband_train_98d25_01573   TERMINATED   True       False      True            False      True       False        False                True        True                   4           32.7728     0.05866     0.987887     0.943    │
│ hyperband_train_98d25_01574   TERMINATED   True       False      False           True       True       True         False                False       True                   4           40.412      0.047434    0.995523     0.946825 │
│ hyperband_train_98d25_01575   TERMINATED   True       False      True            True       False      True         True                 False       True                   2           17.5081     0.0594162   0.998964     0.912896 │
│ hyperband_train_98d25_01576   TERMINATED   False      True       True            False      True       True         True                 False       False                  4           41.0991     0.0553896   0.996858     0.9424   │
│ hyperband_train_98d25_01577   TERMINATED   True       True       True            True       True       False        False                True        True                   1           15.5327     0.0714568   0.993452     0.889762 │
│ hyperband_train_98d25_01578   TERMINATED   False      False      False           True       True       False        True                 True        False                  1            8.52365    0.0581246   0.998315     0.917664 │
│ hyperband_train_98d25_01579   TERMINATED   False      False      False           False      True       True         True                 False       True                   2           13.0555     0.0566436   0.998174     0.932873 │
│ hyperband_train_98d25_01580   TERMINATED   False      True       False           True       False      True         True                 False       True                   4           33.6785     0.065309    0.996032     0.941987 │
│ hyperband_train_98d25_01581   TERMINATED   True       True       True            True       False      True         True                 True        False                  4           53.7502     0.0850854   0.985359     0.941734 │
│ hyperband_train_98d25_01582   TERMINATED   False      False      False           False      False      False        True                 True        True                   4           22.449      0.273364    0.968435     0.943444 │
│ hyperband_train_98d25_01583   TERMINATED   False      True       False           False      True       True         True                 True        True                   4           33.3408     0.166695    0.985166     0.951824 │
│ hyperband_train_98d25_01584   TERMINATED   False      True       True            True       False      True         False                False       False                  2           16.8385     0.102286    0.999315     0.887606 │
│ hyperband_train_98d25_01585   TERMINATED   False      True       True            False      False      True         False                True        True                   4           26.3854     0.140279    0.973948     0.946205 │
│ hyperband_train_98d25_01586   TERMINATED   False      False      True            False      False      True         False                True        False                  4           20.6925     2.57734     0.0831783    0.540799 │
│ hyperband_train_98d25_01587   TERMINATED   True       True       False           True       False      True         False                True        False                  1           11.6771     0.152416    0.998631     0.642787 │
│ hyperband_train_98d25_01588   TERMINATED   True       True       True            False      False      True         False                True        False                  2           15.8341     0.0542958   0.998508     0.927947 │
│ hyperband_train_98d25_01589   TERMINATED   True       True       True            True       True       False        False                False       True                   1           13.7212     0.0602209   0.997806     0.912316 │
│ hyperband_train_98d25_01590   TERMINATED   True       True       True            False      True       True         True                 True        False                  4           41.1426     0.0897802   0.998139     0.937949 │
│ hyperband_train_98d25_01591   TERMINATED   False      False      False           True       False      False        True                 False       True                   4           28.648      0.0578422   0.997999     0.932785 │
│ hyperband_train_98d25_01592   TERMINATED   False      False      False           True       False      True         False                True        False                  4           26.0067     0.0732255   0.999122     0.836576 │
│ hyperband_train_98d25_01593   TERMINATED   False      False      True            False      False      False        True                 False       True                   4           20.9044     0.0528401   0.997068     0.942506 │
│ hyperband_train_98d25_01594   TERMINATED   True       False      True            False      False      True         False                True        True                   4           26.943      0.0718874   0.987553     0.947927 │
│ hyperband_train_98d25_01595   TERMINATED   True       False      True            True       True       True         False                False       False                  2           20.3903     0.0543464   0.996296     0.921746 │
│ hyperband_train_98d25_01596   TERMINATED   True       False      True            True       False      False        False                True        True                   1           10.5365     0.125468    0.989291     0.902958 │
│ hyperband_train_98d25_01597   TERMINATED   True       True       False           True       False      False        False                True        True                   4           49.2357     0.0954136   0.987588     0.932664 │
│ hyperband_train_98d25_01598   TERMINATED   False      True       True            True       True       False        False                True        True                   1           12.9957     0.0531305   0.998315     0.907477 │
│ hyperband_train_98d25_01599   TERMINATED   True       False      True            False      True       False        True                 True        False                  2           19.4737     0.0791976   0.99928      0.907961 │
│ hyperband_train_98d25_01600   TERMINATED   True       True       True            True       True       False        True                 True        False                  4           63.0673     0.0867498   0.976774     0.942528 │
│ hyperband_train_98d25_01601   TERMINATED   False      True       True            True       False      False        False                True        False                  4           38.9468     0.0586907   0.996542     0.942242 │
│ hyperband_train_98d25_01602   TERMINATED   False      True       False           True       True       True         False                True        True                   4           46.4887     0.0559503   0.996243     0.942093 │
│ hyperband_train_98d25_01603   TERMINATED   True       True       True            False      True       True         False                True        True                   4           41.8649     0.146504    0.996015     0.947072 │
│ hyperband_train_98d25_01604   TERMINATED   False      False      True            False      False      False        True                 False       False                  4           20.1213     0.0757516   0.997296     0.94262  │
│ hyperband_train_98d25_01605   TERMINATED   False      True       False           True       False      True         False                True        False                  2           18.6583     0.0768693   0.99907      0.795804 │
│ hyperband_train_98d25_01606   TERMINATED   False      False      False           False      False      False        True                 False       True                   4           18.8972     0.0593712   0.99138      0.94475  │
│ hyperband_train_98d25_01607   TERMINATED   False      False      True            False      True       True         False                False       False                  1            5.54738    0.0467156   0.999298     0.918156 │
│ hyperband_train_98d25_01608   TERMINATED   True       True       True            False      False      True         False                False       True                   1            7.90612    0.0710998   0.999245     0.90285  │
│ hyperband_train_98d25_01609   TERMINATED   False      False      True            False      True       False        True                 True        True                   2           11.7981     0.0653571   0.99533      0.946729 │
│ hyperband_train_98d25_01610   TERMINATED   True       False      False           True       True       False        True                 False       True                   4           38.4251     0.0536672   0.999192     0.907917 │
│ hyperband_train_98d25_01611   TERMINATED   True       True       True            True       False      True         True                 True        True                   4           50.1761     0.0686291   0.993434     0.925406 │
│ hyperband_train_98d25_01612   TERMINATED   True       True       True            False      False      True         True                 False       False                  4           30.6527     0.0621651   0.999034     0.923118 │
│ hyperband_train_98d25_01613   TERMINATED   False      False      True            True       True       False        False                False       True                   4           28.0074     0.145431    0.99928      0.907961 │
│ hyperband_train_98d25_01614   TERMINATED   False      True       False           False      False      False        True                 True        True                   4           27.7635     0.517903    0.88559      0.922324 │
│ hyperband_train_98d25_01615   TERMINATED   False      True       True            True       False      False        True                 True        True                   2           21.9697     0.0573989   0.999052     0.918033 │
│ hyperband_train_98d25_01616   TERMINATED   False      True       True            False      False      False        True                 True        False                  2           14.1448     0.3262      0.7979       0.878403 │
│ hyperband_train_98d25_01617   TERMINATED   True       True       False           False      True       True         True                 False       False                  1           10.2886     0.136557    0.99828      0.5      │
│ hyperband_train_98d25_01618   TERMINATED   True       True       True            True       False      True         False                True        False                  4           51.7009     0.127088    0.979881     0.944084 │
│ hyperband_train_98d25_01619   TERMINATED   True       False      True            True       False      True         False                False       True                   1            8.49739    0.157312    0.998438     0.591758 │
│ hyperband_train_98d25_01620   TERMINATED   False      True       True            True       False      True         False                True        False                  4           41.5607     0.0579259   0.999192     0.918104 │
│ hyperband_train_98d25_01621   TERMINATED   True       False      True            False      True       False        False                True        False                  4           30.8332     0.0766496   0.99928      0.907961 │
│ hyperband_train_98d25_01622   TERMINATED   True       True       True            True       True       False        False                False       True                   4           52.2328     0.0625592   0.999175     0.902815 │
│ hyperband_train_98d25_01623   TERMINATED   False      True       True            False      True       True         True                 True        False                  4           34.6204     0.131366    0.996085     0.947107 │
│ hyperband_train_98d25_01624   TERMINATED   True       True       False           True       False      False        False                False       True                   4           40.1237     0.0575385   0.995787     0.936771 │
│ hyperband_train_98d25_01625   TERMINATED   False      False      True            False      False      False        True                 False       True                   2           12.7331     0.077745    0.999052     0.92822  │
│ hyperband_train_98d25_01626   TERMINATED   True       False      False           True       False      False        False                False       False                  1            7.84333    0.0658952   0.995067     0.92113  │
│ hyperband_train_98d25_01627   TERMINATED   True       True       True            False      False      True         True                 True        True                   2           16.6069     0.217852    0.938661     0.933625 │
│ hyperband_train_98d25_01628   TERMINATED   False      False      False           True       False      False        True                 False       False                  4           25.2658     0.0508068   0.997472     0.937615 │
│ hyperband_train_98d25_01629   TERMINATED   False      True       False           False      True       True         True                 False       True                   1            9.0522     0.0955199   0.997156     0.937457 │
│ hyperband_train_98d25_01630   TERMINATED   True       False      False           False      True       False        False                False       True                   4           29.7558     0.0492651   0.997279     0.947705 │
│ hyperband_train_98d25_01631   TERMINATED   False      True       True            True       True       True         True                 False       False                  4           40.9086     0.102309    0.998525     0.917769 │
│ hyperband_train_98d25_01632   TERMINATED   False      False      True            False      False      True         True                 True        True                   4           20.0034     2.48867     0.00172045   0.5      │
│ hyperband_train_98d25_01633   TERMINATED   False      True       True            True       False      True         False                True        False                  4           43.3143     0.0678931   0.994382     0.941161 │
│ hyperband_train_98d25_01634   TERMINATED   False      True       False           False      True       False        True                 False       False                  2           17.6899     0.0790122   0.99928      0.907961 │
│ hyperband_train_98d25_01635   TERMINATED   False      False      True            True       True       True         False                False       False                  4           28.7874     0.142713    0.999175     0.923188 │
│ hyperband_train_98d25_01636   TERMINATED   False      False      False           True       False      False        True                 True        False                  4           33.2446     0.0604962   0.995488     0.941715 │
│ hyperband_train_98d25_01637   TERMINATED   False      True       True            True       False      False        False                True        True                   2           21.7878     0.0667344   0.995225     0.936489 │
│ hyperband_train_98d25_01638   TERMINATED   True       False      True            False      True       False        False                True        False                  1            8.06797    0.0705425   0.99928      0.907961 │
│ hyperband_train_98d25_01639   TERMINATED   False      True       False           True       True       True         True                 True        False                  1           12.2175     0.0576803   0.996173     0.921684 │
│ hyperband_train_98d25_01640   TERMINATED   True       True       False           True       True       False        True                 True        True                   4           60.0578     0.054796    0.998859     0.90775  │
│ hyperband_train_98d25_01641   TERMINATED   False      False      True            False      True       False        True                 False       True                   4           28.5222     0.0538637   0.999034     0.918024 │
│ hyperband_train_98d25_01642   TERMINATED   True       True       True            True       False      False        False                True        True                   4           48.4126     0.082138    0.992627     0.935188 │
│ hyperband_train_98d25_01643   TERMINATED   False      True       False           False      False      False        False                True        True                   4           25.1561     0.509381    0.866911     0.912968 │
│ hyperband_train_98d25_01644   TERMINATED   False      True       False           True       False      False        True                 False       True                   4           41.1575     0.0753847   0.990608     0.93927  │
│ hyperband_train_98d25_01645   TERMINATED   True       True       False           False      True       False        True                 False       False                  2           20.8521     0.24851     0.99828      0.5      │
│ hyperband_train_98d25_01646   TERMINATED   False      False      False           True       True       False        False                False       False                  1            6.37818    0.055844    0.999192     0.907917 │
│ hyperband_train_98d25_01647   TERMINATED   False      False      True            True       True       True         False                False       False                  2           13.7445     0.0733343   0.997384     0.896825 │
│ hyperband_train_98d25_01648   TERMINATED   True       False      False           False      True       False        False                False       True                   1            7.92254    0.0814444   0.99928      0.887588 │
│ hyperband_train_98d25_01649   TERMINATED   True       False      True            False      False      True         False                False       True                   4           26.9535     0.133173    0.998016     0.932794 │
│ hyperband_train_98d25_01650   TERMINATED   True       True       True            True       True       False        True                 False       True                   4           53.1545     0.10445     0.996805     0.886348 │
│ hyperband_train_98d25_01651   TERMINATED   True       False      False           True       True       True         False                True        True                   4           44.3374     0.0807471   0.976282     0.947375 │
│ hyperband_train_98d25_01652   TERMINATED   False      True       True            False      True       True         True                 False       True                   4           37.0382     0.0476255   0.99928      0.907961 │
│ hyperband_train_98d25_01653   TERMINATED   True       False      True            False      True       True         True                 True        False                  4           37.6175     0.0574692   0.993996     0.940967 │
│ hyperband_train_98d25_01654   TERMINATED   False      True       False           False      False      False        True                 False       False                  2           14.0734     0.107147    0.998736     0.907688 │
│ hyperband_train_98d25_01655   TERMINATED   False      True       True            True       True       True         False                True        False                  4           48.5078     0.101868    0.96194      0.940191 │
│ hyperband_train_98d25_01656   TERMINATED   False      False      False           True       True       True         True                 True        True                   4           34.7533     0.0786208   0.977072     0.94777  │
│ hyperband_train_98d25_01657   TERMINATED   True       True       False           True       True       True         False                False       False                  1           12.9704     0.0565515   0.997753     0.907196 │
│ hyperband_train_98d25_01658   TERMINATED   False      False      True            True       True       False        True                 False       True                   2           14.9011     0.103022    0.99928      0.907961 │
│ hyperband_train_98d25_01659   TERMINATED   False      True       True            False      False      True         False                True        True                   1            6.60035    0.139371    0.999298     0.90797  │
│ hyperband_train_98d25_01660   TERMINATED   True       False      False           True       False      True         False                False       True                   4           31.1915     0.0779538   0.998824     0.917919 │
│ hyperband_train_98d25_01661   TERMINATED   True       False      True            False      False      True         False                True        False                  4           23.7226     0.227395    0.994084     0.941011 │
│ hyperband_train_98d25_01662   TERMINATED   True       True       False           False      True       True         False                False       False                  4           38.5696     0.361795    0.998596     0.938178 │
│ hyperband_train_98d25_01663   TERMINATED   False      True       False           False      True       False        False                False       False                  2           15.3809     0.0721635   0.999122     0.907882 │
│ hyperband_train_98d25_01664   TERMINATED   True       False      True            True       True       True         True                 False       True                   4           43.2068     0.0588515   0.996858     0.937307 │
│ hyperband_train_98d25_01665   TERMINATED   True       True       True            True       True       True         False                False       False                  4           53.0912     0.0510673   0.997244     0.937501 │
│ hyperband_train_98d25_01666   TERMINATED   False      False      False           True       True       True         True                 False       False                  4           26.7873     0.074541    0.980812     0.954737 │
│ hyperband_train_98d25_01667   TERMINATED   True       True       False           True       False      True         True                 False       False                  1           10.5392     0.102052    0.986166     0.911579 │
│ hyperband_train_98d25_01668   TERMINATED   True       True       True            False      True       False        False                True        False                  1           10.4533     0.0699551   0.99928      0.907961 │
│ hyperband_train_98d25_01669   TERMINATED   False      True       False           False      False      True         True                 False       False                  2           13.9649     0.0624542   0.993996     0.940967 │
│ hyperband_train_98d25_01670   TERMINATED   True       False      False           False      True       False        True                 False       True                   4           37.6261     0.081749    0.99921      0.887553 │
│ hyperband_train_98d25_01671   TERMINATED   False      False      True            False      False      False        True                 False       False                  4           18.0874     0.502023    0.999315     0.913072 │
│ hyperband_train_98d25_01672   TERMINATED   True       True       False           False      True       False        False                True        True                   4           39.3614     0.0635455   0.988852     0.948577 │
│ hyperband_train_98d25_01673   TERMINATED   False      False      False           False      False      False        True                 False       False                  4           20.8842     0.125867    0.98176      0.950118 │
│ hyperband_train_98d25_01674   TERMINATED   True       True       False           False      False      True         True                 False       True                   2           17.9553     0.116107    0.999263     0.851927 │
│ hyperband_train_98d25_01675   TERMINATED   True       True       True            True       True       True         False                False       True                   4           53.9683     0.0575288   0.99928      0.907961 │
│ hyperband_train_98d25_01676   TERMINATED   False      True       True            True       True       True         False                True        False                  1           12.4464     0.069029    0.998754     0.912791 │
│ hyperband_train_98d25_01677   TERMINATED   False      True       True            False      False      False        False                False       False                  1            6.71514    0.150926    0.996419     0.926901 │
│ hyperband_train_98d25_01678   TERMINATED   False      False      False           True       False      True         False                False       False                  4           23.6197     0.0763887   0.995523     0.936639 │
│ hyperband_train_98d25_01679   TERMINATED   False      True       False           False      False      False        True                 False       True                   2           14.8152     0.0568951   0.998666     0.938213 │
│ hyperband_train_98d25_01680   TERMINATED   True       True       False           True       False      True         True                 True        True                   4           46.8323     0.0852121   0.996717     0.94233  │
│ hyperband_train_98d25_01681   TERMINATED   True       False      True            True       True       True         True                 True        True                   4           48.8431     0.0519277   0.994558     0.946342 │
│ hyperband_train_98d25_01682   TERMINATED   True       False      False           True       False      True         True                 False       False                  4           31.2989     0.221197    0.99828      0.5      │
│ hyperband_train_98d25_01683   TERMINATED   True       False      False           True       True       True         True                 False       True                   2           20.64       0.0590551   0.998929     0.917972 │
│ hyperband_train_98d25_01684   TERMINATED   False      True       False           True       False      True         True                 True        False                  4           41.6241     0.057071    0.996208     0.942075 │
│ hyperband_train_98d25_01685   TERMINATED   False      True       False           False      False      True         False                True        False                  4           25.5083     0.0762247   0.998034     0.932803 │
│ hyperband_train_98d25_01686   TERMINATED   False      False      True            False      False      True         True                 True        False                  4           26.3818     7.03894     0.003318     0.5008   │
│ hyperband_train_98d25_01687   TERMINATED   False      True       False           True       True       True         False                True        False                  1           12.0108     0.0699436   0.998016     0.912421 │
│ hyperband_train_98d25_01688   TERMINATED   True       False      False           False      False      False        True                 True        False                  1            6.99262    0.253024    0.99828      0.5      │
│ hyperband_train_98d25_01689   TERMINATED   False      False      False           False      True       True         False                True        True                   2           10.7663     0.0474421   0.997612     0.932592 │
│ hyperband_train_98d25_01690   TERMINATED   True       True       True            True       False      True         True                 True        True                   4           50.6329     0.0653294   0.995629     0.941785 │
│ hyperband_train_98d25_01691   TERMINATED   False      False      False           False      True       True         False                True        False                  4           20.4795     0.0649224   0.985798     0.957234 │
│ hyperband_train_98d25_01692   TERMINATED   True       True       False           True       True       False        False                True        False                  4           57.906      0.0560187   0.991257     0.944689 │
│ hyperband_train_98d25_01693   TERMINATED   False      False      True            False      True       False        False                False       False                  4           22.6594     0.067273    0.983691     0.945992 │
│ hyperband_train_98d25_01694   TERMINATED   True       True       True            False      True       True         False                False       False                  4           42.3568     0.0492      0.996384     0.942163 │
│ hyperband_train_98d25_01695   TERMINATED   False      True       False           True       False      True         True                 False       False                  2           19.3365     0.105006    0.998841     0.739664 │
│ hyperband_train_98d25_01696   TERMINATED   True       False      False           False      True       True         True                 False       False                  4           33.8451     0.0814084   0.999034     0.923118 │
│ hyperband_train_98d25_01697   TERMINATED   False      True       True            True       False      True         True                 False       False                  2           18.5264     0.0764066   0.99928      0.907961 │
│ hyperband_train_98d25_01698   TERMINATED   False      True       False           False      True       True         False                False       False                  1            7.84666    0.166169    0.99828      0.5      │
│ hyperband_train_98d25_01699   TERMINATED   False      True       True            True       True       True         False                True        True                   1           12.6061     0.416403    0.821267     0.834081 │
│ hyperband_train_98d25_01700   TERMINATED   False      False      False           True       False      False        False                False       False                  4           21.0675     0.0628731   0.995453     0.941697 │
│ hyperband_train_98d25_01701   TERMINATED   True       False      True            False      False      True         True                 True        True                   4           25.3402     0.175538    0.992469     0.940202 │
│ hyperband_train_98d25_01702   TERMINATED   True       False      True            False      True       True         True                 True        True                   4           32.5469     0.0504135   0.994962     0.941451 │
│ hyperband_train_98d25_01703   TERMINATED   True       True       False           False      True       False        True                 False       True                   2           19.6182     0.0708688   0.999157     0.907899 │
│ hyperband_train_98d25_01704   TERMINATED   True       False      True            False      False      True         True                 False       False                  4           32.3805     0.0965915   0.993943     0.946034 │
│ hyperband_train_98d25_01705   TERMINATED   False      False      False           True       True       False        False                True        False                  4           31.6041     0.0568072   0.989783     0.94395  │
│ hyperband_train_98d25_01706   TERMINATED   False      True       True            True       True       True         False                True        True                   2           27.0755     0.0790251   0.998543     0.927965 │
│ hyperband_train_98d25_01707   TERMINATED   True       False      True            False      False      True         True                 False       False                  1            8.70692    0.122737    0.998192     0.922696 │
│ hyperband_train_98d25_01708   TERMINATED   True       False      True            False      False      False        False                True        False                  1            6.27889    0.104721    0.999245     0.892664 │
│ hyperband_train_98d25_01709   TERMINATED   False      False      False           False      False      True         False                True        True                   4           18.3539     0.182725    0.945876     0.937239 │
│ hyperband_train_98d25_01710   TERMINATED   True       False      False           True       True       False        True                 False       True                   4           39.366      0.0873734   0.994891     0.910856 │
│ hyperband_train_98d25_01711   TERMINATED   False      True       True            True       True       True         True                 False       False                  4           42.972      0.0543781   0.992767     0.940352 │
│ hyperband_train_98d25_01712   TERMINATED   True       True       True            True       False      False        True                 True        False                  4           49.7881     0.18402     0.980619     0.93936  │
│ hyperband_train_98d25_01713   TERMINATED   True       False      True            True       True       True         True                 True        True                   2           24.1405     0.155299    0.99828      0.5      │
│ hyperband_train_98d25_01714   TERMINATED   True       False      True            True       False      False        True                 False       False                  4           36.4364     0.055717    0.998104     0.917558 │
│ hyperband_train_98d25_01715   TERMINATED   False      True       True            False      False      True         True                 False       False                  4           26.8973     0.235606    0.99828      0.5      │
│ hyperband_train_98d25_01716   TERMINATED   True       True       True            True       False      True         False                False       True                   1           10.818      0.0594481   0.997156     0.922177 │
│ hyperband_train_98d25_01717   TERMINATED   False      True       False           False      False      True         False                False       True                   4           26.2501     0.08877     0.998736     0.938248 │
│ hyperband_train_98d25_01718   TERMINATED   True       False      False           False      True       True         True                 True        True                   2           17.3782     0.0518884   0.996559     0.942251 │
│ hyperband_train_98d25_01719   TERMINATED   True       False      False           False      True       True         True                 False       False                  1            8.00093    0.0490767   0.998543     0.927965 │
│ hyperband_train_98d25_01720   TERMINATED   True       True       False           False      True       True         True                 True        False                  4           39.8397     0.0525856   0.994224     0.946175 │
│ hyperband_train_98d25_01721   TERMINATED   False      False      False           True       False      False        True                 False       True                   4           22.079      0.0567038   0.993066     0.940501 │
│ hyperband_train_98d25_01722   TERMINATED   False      True       False           False      False      False        False                False       False                  4           23.4533     0.0615552   0.990222     0.94417  │
│ hyperband_train_98d25_01723   TERMINATED   False      False      True            False      True       True         False                False       True                   4           24.0374     0.0665612   0.998824     0.943385 │
│ hyperband_train_98d25_01724   TERMINATED   True       False      True            False      False      True         True                 False       False                  4           26.6391     0.049382    0.998104     0.943025 │
│ hyperband_train_98d25_01725   TERMINATED   False      True       False           True       True       True         True                 True        True                   2           26.3389     0.0556063   0.999175     0.907908 │
│ hyperband_train_98d25_01726   TERMINATED   True       True       False           True       False      True         True                 False       True                   1           12.0592     0.0559027   0.998718     0.917866 │
│ hyperband_train_98d25_01727   TERMINATED   False      True       True            False      True       True         False                True        True                   2           18.0444     0.0563418   0.997788     0.942866 │
│ hyperband_train_98d25_01728   TERMINATED   True       False      True            True       True       False        False                True        True                   1           11.8909     0.0638342   0.997138     0.906888 │
│ hyperband_train_98d25_01729   TERMINATED   False      False      False           False      True       True         True                 True        True                   4           28.6071     0.0449025   0.997261     0.947696 │
│ hyperband_train_98d25_01730   TERMINATED   False      False      True            True       True       True         True                 False       True                   4           27.3195     0.0763961   0.993645     0.945884 │
│ hyperband_train_98d25_01731   TERMINATED   True       True       True            False      True       False        False                True        True                   4           40.2134     0.057611    0.995313     0.94672  │
│ hyperband_train_98d25_01732   TERMINATED   True       False      False           False      False      False        False                True        True                   4           22.863      0.060968    0.995102     0.941521 │
│ hyperband_train_98d25_01733   TERMINATED   False      False      True            True       True       False        False                False       True                   4           28.5007     0.145431    0.99928      0.907961 │
│ hyperband_train_98d25_01734   TERMINATED   True       True       True            True       True       False        True                 False       True                   2           26.9382     0.0603786   0.999228     0.907935 │
│ hyperband_train_98d25_01735   TERMINATED   True       True       False           True       False      False        False                True        False                  4           47.691      0.0630255   0.994646     0.941292 │
│ hyperband_train_98d25_01736   TERMINATED   False      True       True            True       False      False        False                False       True                   2           17.9162     0.0837962   0.99928      0.907961 │
│ hyperband_train_98d25_01737   TERMINATED   True       False      True            False      True       False        False                False       False                  1            8.10252    0.139154    0.99828      0.5      │
│ hyperband_train_98d25_01738   TERMINATED   True       True       True            False      False      False        False                True        True                   4           31.1265     0.186273    0.989712     0.938822 │
│ hyperband_train_98d25_01739   TERMINATED   False      False      True            True       False      False        True                 False       True                   1            7.32669    0.116086    0.985043     0.921203 │
│ hyperband_train_98d25_01740   TERMINATED   False      True       False           False      True       False        False                False       False                  4           30.6776     0.24936     0.99828      0.5      │
│ hyperband_train_98d25_01741   TERMINATED   False      True       True            True       True       False        True                 False       False                  4           42.0365     0.054546    0.99849      0.938125 │
│ hyperband_train_98d25_01742   TERMINATED   True       True       True            False      True       True         True                 True        False                  4           46.3185     0.0577378   0.997156     0.94255  │
│ hyperband_train_98d25_01743   TERMINATED   False      False      True            False      False      False        False                False       False                  4           19.4824     0.196846    0.996366     0.937061 │
│ hyperband_train_98d25_01744   TERMINATED   True       False      True            True       False      True         False                True        False                  4           42.1133     0.0773425   0.991486     0.93971  │
│ hyperband_train_98d25_01745   TERMINATED   True       False      True            False      False      True         True                 False       True                   2           15.1125     0.225751    0.998824     0.724375 │
│ hyperband_train_98d25_01746   TERMINATED   True       True       True            True       False      False        True                 True        True                   1           13.1129     0.0543212   0.99849      0.933032 │
│ hyperband_train_98d25_01747   TERMINATED   False      True       False           False      False      False        True                 True        False                  2           14.2986     0.217314    0.971068     0.93967  │
│ hyperband_train_98d25_01748   TERMINATED   True       True       False           False      False      True         False                True        False                  4           30.2395     0.0817856   0.993224     0.945673 │
│ hyperband_train_98d25_01749   TERMINATED   False      False      True            True       False      False        True                 True        False                  1            8.27512    0.0599607   0.999192     0.918104 │
│ hyperband_train_98d25_01750   TERMINATED   True       True       False           True       False      False        True                 False       False                  4           40.3366     0.0711572   0.990976     0.944548 │
│ hyperband_train_98d25_01751   TERMINATED   False      True       True            False      False      False        False                True        False                  4           24.797      0.741738    0.817387     0.888163 │
│ hyperband_train_98d25_01752   TERMINATED   True       True       True            False      False      True         True                 True        True                   4           37.2868     0.079844    0.994452     0.941196 │
│ hyperband_train_98d25_01753   TERMINATED   True       True       True            True       True       False        False                True        False                  4           61.7614     0.0598157   0.996945     0.932258 │
│ hyperband_train_98d25_01754   TERMINATED   False      True       True            False      True       False        True                 True        False                  4           35.0964     0.058108    0.993487     0.945805 │
│ hyperband_train_98d25_01755   TERMINATED   True       True       True            True       False      True         False                False       True                   2           21.6112     0.0504486   0.999175     0.918095 │
│ hyperband_train_98d25_01756   TERMINATED   False      False      False           False      True       False        False                True        True                   4           23.0463     0.0660643   0.991995     0.945058 │
│ hyperband_train_98d25_01757   TERMINATED   True       True       True            True       False      True         True                 True        True                   1           14.1064     0.0684563   0.997823     0.922511 │
│ hyperband_train_98d25_01758   TERMINATED   True       True       False           True       True       True         True                 True        False                  1           15.4002     0.0561848   0.998999     0.90782  │
│ hyperband_train_98d25_01759   TERMINATED   True       True       True            False      True       True         True                 True        True                   2           22.8483     0.0497874   0.997314     0.932442 │
│ hyperband_train_98d25_01760   TERMINATED   False      True       False           True       True       True         False                False       False                  4           38.0297     0.424193    0.81047      0.894885 │
│ hyperband_train_98d25_01761   TERMINATED   True       True       True            True       True       True         True                 False       True                   4           55.2961     1.45764     0.00247533   0.500378 │
│ hyperband_train_98d25_01762   TERMINATED   True       True       True            True       True       False        True                 True        True                   4           60.0934     0.0743177   0.998473     0.892277 │
│ hyperband_train_98d25_01763   TERMINATED   False      True       True            False      True       False        False                False       True                   2           16.2754     0.0703858   0.99928      0.907961 │
│ hyperband_train_98d25_01764   TERMINATED   False      True       False           True       False      True         False                True        False                  4           40.7702     0.0806486   0.986342     0.937133 │
│ hyperband_train_98d25_01765   TERMINATED   False      True       True            True       True       False        True                 True        False                  4           49.026      0.0514915   0.994523     0.946324 │
│ hyperband_train_98d25_01766   TERMINATED   False      True       False           True       False      False        False                True        True                   1            9.95613    0.213052    0.97005      0.903507 │
│ hyperband_train_98d25_01767   TERMINATED   False      False      False           False      True       False        True                 False       True                   4           23.7256     0.0546752   0.997858     0.942901 │
│ hyperband_train_98d25_01768   TERMINATED   True       False      True            False      False      True         True                 True        False                  2           16.262      4.70573     0.00172045   0.5      │
│ hyperband_train_98d25_01769   TERMINATED   True       True       True            True       True       True         False                False       False                  1           13.518      0.0557277   0.995558     0.921377 │
│ hyperband_train_98d25_01770   TERMINATED   True       True       True            False      True       False        True                 True        True                   4           41.5699     0.0560999   0.995418     0.946773 │
│ hyperband_train_98d25_01771   TERMINATED   False      True       True            False      False      False        False                True        True                   4           24.9256     0.65346     0.85787      0.903346 │
│ hyperband_train_98d25_01772   TERMINATED   True       True       True            False      True       True         True                 True        True                   4           41.9583     0.0468747   0.998192     0.937975 │
│ hyperband_train_98d25_01773   TERMINATED   False      False      False           False      False      True         True                 False       True                   2            9.25326    0.0519086   0.992082     0.945102 │
│ hyperband_train_98d25_01774   TERMINATED   True       False      False           False      True       True         True                 True        False                  4           31.7873     0.0513015   0.994259     0.946192 │
│ hyperband_train_98d25_01775   TERMINATED   False      False      True            False      True       True         False                False       True                   4           23.9937     0.0697497   0.998578     0.938169 │
│ hyperband_train_98d25_01776   TERMINATED   True       False      True            False      False      True         False                True        True                   1            6.74816    0.0637885   0.999386     0.897827 │
│ hyperband_train_98d25_01777   TERMINATED   False      False      False           False      False      True         False                False       True                   4           18.6556     0.0782167   0.985727     0.947012 │
│ hyperband_train_98d25_01778   TERMINATED   True       False      False           True       True       False        True                 True        True                   1           11.6639     0.0809204   0.997402     0.90702  │
│ hyperband_train_98d25_01779   TERMINATED   False      True       False           False      True       False        False                False       True                   2           15.7279     0.236934    0.998385     0.581545 │
│ hyperband_train_98d25_01780   TERMINATED   False      True       True            False      False      True         True                 False       False                  4           29.7408     0.0721521   0.99928      0.907961 │
│ hyperband_train_98d25_01781   TERMINATED   False      True       True            False      False      False        False                True        False                  4           24.7666     0.278818    0.996138     0.94204  │
│ hyperband_train_98d25_01782   TERMINATED   True       True       False           False      True       False        True                 True        True                   4           40.5544     0.074694    0.998947     0.907794 │
│ hyperband_train_98d25_01783   TERMINATED   False      False      True            False      False      True         True                 True        False                  4           19.5434     0.125738    0.998157     0.937958 │
│ hyperband_train_98d25_01784   TERMINATED   False      False      False           True       False      False        False                False       True                   4           23.3672     0.0637226   0.994839     0.941389 │
│ hyperband_train_98d25_01785   TERMINATED   True       False      True            True       False      True         True                 True        True                   2           20.66       0.0920439   0.999105     0.800915 │
│ hyperband_train_98d25_01786   TERMINATED   False      True       True            True       False      True         True                 False       True                   2           23.1848     0.11354     0.999333     0.907987 │
│ hyperband_train_98d25_01787   TERMINATED   True       False      True            False      False      True         True                 True        False                  4           26.9885     0.168722    0.992205     0.94007  │
│ hyperband_train_98d25_01788   TERMINATED   False      True       False           True       False      False        False                False       True                   1            8.59412    0.0947283   0.996261     0.911542 │
│ hyperband_train_98d25_01789   TERMINATED   True       False      False           True       False      False        False                False       False                  1            7.81442    0.0776796   0.996822     0.90673  │
│ hyperband_train_98d25_01790   TERMINATED   False      True       True            True       False      False        False                True        True                   4           41.6254     0.0599498   0.994663     0.941301 │
│ hyperband_train_98d25_01791   TERMINATED   False      False      True            False      True       True         True                 False       True                   4           20.549      0.290848    0.994979     0.946553 │
│ hyperband_train_98d25_01792   TERMINATED   True       True       False           False      False      True         False                True        False                  4           28.5031     1.34957     0.127331     0.562913 │
│ hyperband_train_98d25_01793   TERMINATED   True       True       False           True       True       False        False                True        True                   2           28.3358     0.300042    0.99828      0.5      │
│ hyperband_train_98d25_01794   TERMINATED   True       True       False           True       False      False        False                True        True                   4           47.9725     0.212965    0.963888     0.930981 │
│ hyperband_train_98d25_01795   TERMINATED   True       False      True            False      False      False        False                True        False                  4           24.2362     0.432875    0.875461     0.91725  │
│ hyperband_train_98d25_01796   TERMINATED   False      False      False           False      False      True         False                True        True                   4           18.5312     0.431726    0.879042     0.913951 │
│ hyperband_train_98d25_01797   TERMINATED   True       False      False           False      True       False        False                True        False                  1            7.42457    0.0731339   0.99928      0.902868 │
│ hyperband_train_98d25_01798   TERMINATED   True       False      True            True       False      False        False                True        True                   1           10.011      0.0530478   0.998174     0.937967 │
│ hyperband_train_98d25_01799   TERMINATED   False      True       False           True       True       False        True                 True        False                  2           23.4225     0.099763    0.97881      0.938455 │
│ hyperband_train_98d25_01800   TERMINATED   False      True       True            False      False      False        False                False       True                   4           25.5488     0.221029    0.990871     0.949588 │
│ hyperband_train_98d25_01801   TERMINATED   False      True       False           False      False      True         False                False       True                   4           23.7678     0.0876152   0.99928      0.907961 │
│ hyperband_train_98d25_01802   TERMINATED   False      False      False           True       True       False        False                False       False                  4           23.9304     0.0599658   0.988431     0.95346  │
│ hyperband_train_98d25_01803   TERMINATED   True       True       False           True       True       True         False                False       True                   2           26.1187     0.0522218   0.998912     0.917963 │
│ hyperband_train_98d25_01804   TERMINATED   True       True       False           False      False      False        False                True        True                   4           29.3131     1.16545     0.693919     0.826323 │
│ hyperband_train_98d25_01805   TERMINATED   True       False      True            True       True       True         True                 True        True                   4           53.0063     0.0846061   0.98722      0.94776  │
│ hyperband_train_98d25_01806   TERMINATED   False      False      False           False      True       True         True                 True        True                   4           22.7955     0.238148    0.95425      0.941433 │
│ hyperband_train_98d25_01807   TERMINATED   False      True       False           False      True       False        False                True        False                  1            7.847      0.0709277   0.999263     0.907952 │
│ hyperband_train_98d25_01808   TERMINATED   True       False      False           False      False      False        False                False       True                   2           12.2621     0.129063    0.99382      0.945972 │
│ hyperband_train_98d25_01809   TERMINATED   False      False      False           True       True       True         False                True        True                   1            7.43803    0.352296    0.965925     0.865788 │
│ hyperband_train_98d25_01810   TERMINATED   True       False      True            False      False      True         True                 False       False                  4           29.4159     0.142714    0.994979     0.946553 │
│ hyperband_train_98d25_01811   TERMINATED   True       True       False           False      True       True         True                 False       False                  4           38.8764     0.0487244   0.995716     0.957108 │
│ hyperband_train_98d25_01812   TERMINATED   False      False      True            False      True       False        False                False       False                  4           20.3007     0.0588452   0.993118     0.945621 │
│ hyperband_train_98d25_01813   TERMINATED   False      True       True            False      True       True         False                False       True                   4           34.107      0.0598108   0.998227     0.9329   │
│ hyperband_train_98d25_01814   TERMINATED   False      False      True            True       True       True         True                 False       True                   4           26.6464     0.443637    0.793933     0.743991 │
│ hyperband_train_98d25_01815   TERMINATED   True       True       False           False      False      False        False                True        True                   2           14.1776     0.259175    0.99828      0.5      │
│ hyperband_train_98d25_01816   TERMINATED   True       False      False           True       True       False        False                False       True                   1            9.95568    0.158347    0.99828      0.5      │
│ hyperband_train_98d25_01817   TERMINATED   False      False      True            False      True       False        True                 True        False                  4           24.6336     0.0770278   0.989344     0.94373  │
│ hyperband_train_98d25_01818   TERMINATED   True       True       True            True       True       True         True                 False       False                  1           13.9331     0.0561548   0.996735     0.916873 │
│ hyperband_train_98d25_01819   TERMINATED   False      False      True            True       False      True         False                False       True                   2           13.2579     0.0610018   0.995681     0.941811 │
│ hyperband_train_98d25_01820   TERMINATED   True       False      False           False      False      False        False                True        False                  4           22.5279     0.258849    0.99828      0.5      │
│ hyperband_train_98d25_01821   TERMINATED   True       False      False           True       True       False        False                True        False                  4           43.9697     0.0863353   0.974141     0.941209 │
│ hyperband_train_98d25_01822   TERMINATED   False      True       False           False      True       True         False                False       True                   4           31.8134     0.053948    0.993171     0.945647 │
│ hyperband_train_98d25_01823   TERMINATED   False      False      True            False      False      False        False                True        True                   2            9.4157     0.652724    0.683227     0.826061 │
│ hyperband_train_98d25_01824   TERMINATED   False      False      False           True       True       True         False                False       False                  4           26.8915     0.0741521   0.99512      0.94153  │
│ hyperband_train_98d25_01825   TERMINATED   True       True       True            True       False      False        False                True        False                  4           48.4931     0.0632815   0.998789     0.922995 │
│ hyperband_train_98d25_01826   TERMINATED   True       False      True            False      False      True         False                True        True                   2           13.545      0.0620771   0.992662     0.940299 │
│ hyperband_train_98d25_01827   TERMINATED   False      False      False           False      True       False        True                 False       False                  1            6.84981    0.073431    0.99928      0.907961 │
│ hyperband_train_98d25_01828   TERMINATED   False      False      True            True       False      False        True                 False       True                   1            6.51042    0.0718954   0.99382      0.920506 │
│ hyperband_train_98d25_01829   TERMINATED   False      False      False           False      False      False        False                False       True                   4           18.184      0.192496    0.99224      0.945181 │
│ hyperband_train_98d25_01830   TERMINATED   True       False      True            False      True       True         True                 False       False                  4           32.295      0.0504443   0.995137     0.946632 │
│ hyperband_train_98d25_01831   TERMINATED   True       True       False           False      True       False        False                True        False                  4           38.6214     0.138552    0.99828      0.5      │
│ hyperband_train_98d25_01832   TERMINATED   True       True       True            False      False      False        True                 False       True                   4           33.7687     0.251792    0.99828      0.5      │
│ hyperband_train_98d25_01833   TERMINATED   True       False      False           False      True       False        True                 True        False                  2           15.1724     0.0711948   0.99928      0.907961 │
│ hyperband_train_98d25_01834   TERMINATED   False      False      False           False      False      True         True                 False       False                  4           22.308      0.0997045   0.996559     0.942251 │
│ hyperband_train_98d25_01835   TERMINATED   False      True       False           True       False      False        False                True        False                  4           38.1506     0.0591993   0.998244     0.943095 │
│ hyperband_train_98d25_01836   TERMINATED   True       True       True            False      False      False        True                 False       True                   1            8.08657    0.263987    0.99828      0.5      │
│ hyperband_train_98d25_01837   TERMINATED   True       True       True            False      False      False        False                True        True                   1            7.87528    0.249662    0.99828      0.5      │
│ hyperband_train_98d25_01838   TERMINATED   True       True       True            True       False      True         False                False       True                   2           22.6802     0.175685    0.998859     0.73458  │
│ hyperband_train_98d25_01839   TERMINATED   True       False      False           True       True       False        False                False       False                  4           38.8869     0.0695782   0.984498     0.941303 │
│ hyperband_train_98d25_01840   TERMINATED   True       True       False           False      True       False        False                False       False                  4           38.3662     0.071054    0.99928      0.907961 │
│ hyperband_train_98d25_01841   TERMINATED   False      True       True            True       True       False        False                True        True                   4           48.9586     0.053002    0.992504     0.945313 │
│ hyperband_train_98d25_01842   TERMINATED   False      False      True            False      True       True         False                False       False                  4           20.1529     0.316149    0.98032      0.939211 │
│ hyperband_train_98d25_01843   TERMINATED   False      True       False           False      False      False        False                True        True                   4           24.7675     0.45358     0.875145     0.917092 │
│ hyperband_train_98d25_01844   TERMINATED   False      True       True            False      True       False        False                True        True                   4           33.9447     0.070759    0.988431     0.943273 │
│ hyperband_train_98d25_01845   TERMINATED   False      True       True            True       True       False        False                False       False                  2           20.5533     0.0560795   0.999263     0.907952 │
│ hyperband_train_98d25_01846   TERMINATED   False      True       True            True       False      False        False                False       True                   4           36.8661     0.0689263   0.993276     0.935513 │
│ hyperband_train_98d25_01847   TERMINATED   False      True       True            True       False      False        True                 False       True                   2           18.7891     0.0558645   0.998824     0.928105 │
│ hyperband_train_98d25_01848   TERMINATED   False      True       True            False      False      True         True                 True        False                  1            8.71158    0.293618    0.999157     0.912993 │
│ hyperband_train_98d25_01849   TERMINATED   False      True       True            True       False      False        True                 True        False                  1           10.7458     0.0649078   0.995295     0.921245 │
│ hyperband_train_98d25_01850   TERMINATED   True       True       True            False      True       False        True                 True        True                   4           44.227      0.072615    0.99928      0.907961 │
│ hyperband_train_98d25_01851   TERMINATED   False      True       False           True       True       False        True                 False       True                   4           40.3638     0.0558153   0.994119     0.946122 │
│ hyperband_train_98d25_01852   TERMINATED   False      False      True            True       True       False        True                 True        False                  4           39.5425     0.0561122   0.995874     0.941908 │
│ hyperband_train_98d25_01853   TERMINATED   False      False      False           False      True       True         True                 False       False                  4           23.1457     0.0578251   0.991257     0.944689 │
│ hyperband_train_98d25_01854   TERMINATED   False      False      False           False      True       True         False                False       True                   2           10.2944     0.0599523   0.998104     0.932838 │
│ hyperband_train_98d25_01855   TERMINATED   True       False      False           True       False      False        True                 True        False                  4           37.8116     0.0677751   0.997068     0.937413 │
│ hyperband_train_98d25_01856   TERMINATED   True       False      False           False      True       False        False                True        True                   2           16.0782     0.0641808   0.999263     0.918139 │
│ hyperband_train_98d25_01857   TERMINATED   False      True       True            False      True       True         False                True        False                  1            8.54522    0.126225    0.99828      0.5      │
│ hyperband_train_98d25_01858   TERMINATED   True       False      False           False      False      True         True                 True        False                  4           25.1322     0.0516219   0.998631     0.938195 │
│ hyperband_train_98d25_01859   TERMINATED   True       True       True            False      False      False        False                False       True                   1            8.07307    0.256787    0.99828      0.5      │
│ hyperband_train_98d25_01860   TERMINATED   False      False      True            False      True       False        False                True        True                   4           21.8271     0.0877466   0.986763     0.942438 │
│ hyperband_train_98d25_01861   TERMINATED   False      False      True            True       True       False        True                 False       True                   4           28.9572     0.0556606   0.995611     0.941776 │
│ hyperband_train_98d25_01862   TERMINATED   True       True       False           False      False      False        True                 True        False                  4           32.3923     0.561667    0.851111     0.905054 │
│ hyperband_train_98d25_01863   TERMINATED   True       False      False           False      False      True         False                False       False                  4           24.3014     0.046861    0.996805     0.937281 │
│ hyperband_train_98d25_01864   TERMINATED   False      False      False           False      True       True         True                 False       True                   2           10.9126     0.0477607   0.995804     0.936779 │
│ hyperband_train_98d25_01865   TERMINATED   False      True       True            False      False      False        False                True        False                  4           25.2048     0.917846    0.64364      0.80114  │
│ hyperband_train_98d25_01866   TERMINATED   False      False      False           True       True       True         False                True        False                  1            8.33607    0.115964    0.986289     0.932014 │
│ hyperband_train_98d25_01867   TERMINATED   False      False      True            False      False      True         True                 False       True                   4           22.1593     0.0881117   0.998508     0.93304  │
│ hyperband_train_98d25_01868   TERMINATED   False      True       True            False      True       True         True                 False       True                   2           18.4992     0.0536649   0.994189     0.935971 │
│ hyperband_train_98d25_01869   TERMINATED   True       True       True            False      False      True         False                True        False                  1            7.69891    0.143931    0.999298     0.87741  │
│ hyperband_train_98d25_01870   TERMINATED   False      False      True            True       False      False        True                 True        False                  4           30.0132     0.0609028   0.995945     0.941943 │
│ hyperband_train_98d25_01871   TERMINATED   False      False      True            True       False      False        False                False       False                  4           21.9973     0.0719797   0.99224      0.940088 │
│ hyperband_train_98d25_01872   TERMINATED   True       False      False           True       False      False        True                 True        True                   4           37.6253     0.0564491   0.99382      0.945972 │
│ hyperband_train_98d25_01873   TERMINATED   False      False      False           True       False      False        False                True        True                   4           28.7481     0.0748714   0.991433     0.939683 │
│ hyperband_train_98d25_01874   TERMINATED   True       True       True            False      True       False        True                 False       True                   2           22.5386     0.071028    0.99928      0.907961 │
│ hyperband_train_98d25_01875   TERMINATED   False      True       True            False      False      False        False                False       False                  4           26.028      0.248632    0.993978     0.946052 │
│ hyperband_train_98d25_01876   TERMINATED   False      False      True            True       False      True         True                 True        False                  4           33.4106     0.0772366   0.9977       0.942822 │
│ hyperband_train_98d25_01877   TERMINATED   True       False      False           False      True       True         False                True        True                   2           16.8656     0.0473828   0.996629     0.9321   │
│ hyperband_train_98d25_01878   TERMINATED   False      True       False           False      True       False        True                 True        True                   1            8.50698    0.062312    0.99928      0.907961 │
│ hyperband_train_98d25_01879   TERMINATED   False      False      True            True       True       False        False                True        True                   1            8.69438    0.0545101   0.99928      0.907961 │
│ hyperband_train_98d25_01880   TERMINATED   False      True       False           False      True       False        True                 False       False                  4           33.8587     0.0769253   0.99928      0.907961 │
│ hyperband_train_98d25_01881   TERMINATED   False      True       True            True       True       False        False                False       False                  4           40.6345     0.0574594   0.991977     0.939956 │
│ hyperband_train_98d25_01882   TERMINATED   False      False      False           False      False      True         False                False       True                   4           17.4866     0.0660562   0.990783     0.954638 │
│ hyperband_train_98d25_01883   TERMINATED   False      True       True            False      True       False        False                False       True                   4           34.3887     0.0602636   0.996577     0.94226  │
│ hyperband_train_98d25_01884   TERMINATED   True       True       True            False      False      True         True                 False       False                  4           32.2276     0.0660079   0.99526      0.946693 │
│ hyperband_train_98d25_01885   TERMINATED   False      True       True            False      True       False        False                False       True                   2           16.5525     0.0699503   0.99928      0.907961 │
│ hyperband_train_98d25_01886   TERMINATED   True       True       True            True       False      True         False                False       False                  2           22.1511     0.0591962   0.993259     0.940598 │
│ hyperband_train_98d25_01887   TERMINATED   True       False      True            False      True       True         True                 True        False                  1            8.30549    0.072713    0.998034     0.932803 │
│ hyperband_train_98d25_01888   TERMINATED   False      False      True            True       False      False        True                 True        False                  1            9.14071    0.0655177   0.99928      0.918148 │
│ hyperband_train_98d25_01889   TERMINATED   False      False      False           True       False      True         False                False       True                   4           24.6169     0.0659452   0.99382      0.940879 │
│ hyperband_train_98d25_01890   TERMINATED   True       False      True            False      True       False        False                False       False                  4           30.9471     0.248139    0.99828      0.5      │
│ hyperband_train_98d25_01891   TERMINATED   True       True       True            True       True       False        True                 True        False                  4           60.2436     0.059679    0.995769     0.936762 │
│ hyperband_train_98d25_01892   TERMINATED   True       True       False           False      False      True         False                True        False                  4           28.5631     0.0510194   0.998631     0.938195 │
│ hyperband_train_98d25_01893   TERMINATED   False      False      False           True       True       False        False                True        False                  4           32.858      0.0512358   0.993276     0.9457   │
│ hyperband_train_98d25_01894   TERMINATED   False      False      True            False      True       False        True                 False       False                  2           14.149      0.0571505   0.99928      0.907961 │
│ hyperband_train_98d25_01895   TERMINATED   False      True       True            False      True       False        True                 True        False                  4           33.1311     0.0715375   0.99928      0.907961 │
│ hyperband_train_98d25_01896   TERMINATED   True       False      True            True       True       True         True                 True        True                   1           14.3586     0.187391    0.99828      0.5      │
│ hyperband_train_98d25_01897   TERMINATED   False      False      True            False      False      False        False                True        False                  2           10.1534     0.676024    0.865085     0.912053 │
│ hyperband_train_98d25_01898   TERMINATED   True       False      False           True       False      False        False                True        True                   4           38.4682     0.266523    0.956954     0.922414 │
│ hyperband_train_98d25_01899   TERMINATED   True       True       True            True       True       True         False                True        True                   1           15.3997     0.204765    0.99828      0.5      │
│ hyperband_train_98d25_01900   TERMINATED   False      True       True            True       True       False        False                False       True                   4           40.809      0.0496369   0.993469     0.945797 │
│ hyperband_train_98d25_01901   TERMINATED   True       False      True            True       False      False        False                True        True                   4           38.8513     0.0600192   0.994435     0.941187 │
│ hyperband_train_98d25_01902   TERMINATED   True       False      False           False      False      False        False                False       False                  4           22.1368     0.248656    0.99828      0.5      │
│ hyperband_train_98d25_01903   TERMINATED   True       True       True            True       True       True         True                 True        True                   4           63.5067     0.0761237   0.990731     0.949518 │
│ hyperband_train_98d25_01904   TERMINATED   False      False      False           False      False      False        False                True        True                   4           18.0554     0.502876    0.872792     0.915914 │
│ hyperband_train_98d25_01905   TERMINATED   True       False      False           True       True       False        False                True        False                  2           22.6661     0.114706    0.992082     0.522362 │
│ hyperband_train_98d25_01906   TERMINATED   False      True       False           False      False      False        False                True        False                  1            6.50715    0.110824    0.99914      0.907891 │
│ hyperband_train_98d25_01907   TERMINATED   False      True       False           True       False      False        False                False       False                  1            8.459      0.0510586   0.998192     0.937975 │
│ hyperband_train_98d25_01908   TERMINATED   True       False      True            False      False      False        True                 False       True                   4           27.9341     0.0491242   0.995523     0.941732 │
│ hyperband_train_98d25_01909   TERMINATED   False      False      True            False      False      True         True                 True        False                  2            9.31173    0.517108    0.826849     0.892903 │
│ hyperband_train_98d25_01910   TERMINATED   False      True       False           True       True       False        True                 False       True                   4           42.7165     0.0524162   0.994663     0.946394 │
│ hyperband_train_98d25_01911   TERMINATED   True       True       False           False      True       True         True                 False       True                   4           43.5        0.344413    0.998771     0.917893 │
│ hyperband_train_98d25_01912   TERMINATED   True       False      True            True       True       True         True                 True        False                  4           47.2961     0.343825    0.922615     0.940868 │
│ hyperband_train_98d25_01913   TERMINATED   True       True       False           False      False      True         True                 False       True                   2           15.8434     0.267054    0.998876     0.739682 │
│ hyperband_train_98d25_01914   TERMINATED   False      True       True            False      True       False        False                False       True                   4           34.3231     0.0617522   0.998754     0.94335  │
│ hyperband_train_98d25_01915   TERMINATED   False      False      True            True       False      True         False                False       False                  4           23.5797     0.0631948   0.995225     0.941583 │
│ hyperband_train_98d25_01916   TERMINATED   False      True       False           False      False      False        False                True        True                   1            6.30722    0.0598038   0.998473     0.922836 │
│ hyperband_train_98d25_01917   TERMINATED   False      False      False           False      True       True         True                 True        False                  4           23.1389     0.12586     0.98248      0.955572 │
│ hyperband_train_98d25_01918   TERMINATED   True       False      True            True       False      False        False                True        False                  1            9.84688    0.0670747   0.998543     0.922871 │
│ hyperband_train_98d25_01919   TERMINATED   False      False      True            True       False      True         False                True        True                   2           16.3629     0.0729099   0.99849      0.938125 │
│ hyperband_train_98d25_01920   TERMINATED   True       True       True            False      False      True         False                True        True                   4           30.5696     0.0659122   0.993259     0.940598 │
│ hyperband_train_98d25_01921   TERMINATED   True       False      True            False      False      False        True                 False       True                   4           30.201      0.0613677   0.99928      0.907961 │
│ hyperband_train_98d25_01922   TERMINATED   True       False      True            True       False      False        True                 True        False                  4           43.0537     0.0902779   0.987764     0.937846 │
│ hyperband_train_98d25_01923   TERMINATED   False      True       False           True       True       True         True                 False       True                   4           42.5822     0.0739509   0.989309     0.943713 │
│ hyperband_train_98d25_01924   TERMINATED   False      True       False           True       False      False        True                 False       True                   4           35.5271     0.057674    0.996454     0.937105 │
│ hyperband_train_98d25_01925   TERMINATED   True       True       False           True       False      True         True                 True        True                   2           27.2604     0.0696836   0.994839     0.915923 │
│ hyperband_train_98d25_01926   TERMINATED   False      False      False           False      False      True         False                False       True                   4           19.3597     0.0660562   0.990783     0.954638 │
│ hyperband_train_98d25_01927   TERMINATED   False      True       True            True       False      False        True                 True        False                  2           21.7411     0.0577345   0.9977       0.937729 │
│ hyperband_train_98d25_01928   TERMINATED   False      False      False           True       True       True         True                 False       True                   1            6.95862    0.0541114   0.998139     0.912483 │
│ hyperband_train_98d25_01929   TERMINATED   True       False      False           False      True       False        True                 True        True                   1            7.87804    0.0531484   0.998455     0.922827 │
│ hyperband_train_98d25_01930   TERMINATED   True       True       True            True       False      False        True                 True        False                  4           54.3666     0.101004    0.988326     0.938127 │
│ hyperband_train_98d25_01931   TERMINATED   True       False      False           False      False      False        False                True        True                   4           22.8181     0.580627    0.905235     0.932163 │
│ hyperband_train_98d25_01932   TERMINATED   True       False      False           True       False      True         False                True        True                   4           36.8527     0.124785    0.999245     0.907943 │
│ hyperband_train_98d25_01933   TERMINATED   False      True       True            True       False      True         True                 False       True                   2           18.0261     0.0709352   0.997858     0.917435 │
│ hyperband_train_98d25_01934   TERMINATED   False      False      False           False      True       True         True                 True        True                   4           21.4397     0.341267    0.984147     0.956407 │
│ hyperband_train_98d25_01935   TERMINATED   False      True       False           True       False      True         False                True        True                   4           40.1933     0.0667097   0.99066      0.939296 │
│ hyperband_train_98d25_01936   TERMINATED   False      False      False           True       False      True         False                True        False                  1            7.42991    0.0682396   0.996963     0.942453 │
│ hyperband_train_98d25_01937   TERMINATED   True       False      False           False      True       True         True                 False       True                   2           17.8013     0.184216    0.999034     0.923118 │
│ hyperband_train_98d25_01938   TERMINATED   True       False      False           True       True       True         False                True        False                  1           11.9161     0.0584636   0.996542     0.921869 │
│ hyperband_train_98d25_01939   TERMINATED   False      True       True            True       True       True         False                True        False                  4           51.4904     0.054751    0.995927     0.941934 │
│ hyperband_train_98d25_01940   TERMINATED   False      False      True            False      False      False        False                True        True                   4           18.6003     0.949673    0.00172045   0.5      │
│ hyperband_train_98d25_01941   TERMINATED   True       False      True            True       False      False        True                 True        True                   4           43.9532     0.0575796   0.998262     0.938011 │
│ hyperband_train_98d25_01942   TERMINATED   False      False      True            True       False      False        True                 True        False                  4           30.6637     0.0517055   0.99684      0.942392 │
│ hyperband_train_98d25_01943   TERMINATED   True       False      False           True       True       False        False                False       False                  4           39.1211     0.0491701   0.9977       0.927543 │
│ hyperband_train_98d25_01944   TERMINATED   True       True       False           True       True       False        True                 True        False                  2           29.5869     0.254926    0.99828      0.5      │
│ hyperband_train_98d25_01945   TERMINATED   False      False      True            True       False      True         False                False       True                   4           23.0247     0.0465825   0.998841     0.933207 │
│ hyperband_train_98d25_01946   TERMINATED   False      True       False           False      False      False        False                False       True                   1            6.33066    0.0931987   0.992504     0.94022  │
│ hyperband_train_98d25_01947   TERMINATED   False      True       True            False      True       False        True                 True        False                  1            8.57089    0.0715728   0.99928      0.907961 │
│ hyperband_train_98d25_01948   TERMINATED   False      False      False           True       False      True         True                 False       False                  2           12.8261     0.0786464   0.993522     0.94073  │
│ hyperband_train_98d25_01949   TERMINATED   True       True       True            False      True       True         True                 True        False                  4           45.7927     0.0560021   0.994347     0.941143 │
│ hyperband_train_98d25_01950   TERMINATED   False      True       False           True       False      False        True                 False       False                  4           37.3147     0.0537928   0.998683     0.922942 │
│ hyperband_train_98d25_01951   TERMINATED   False      False      False           True       False      False        False                False       False                  4           20.736      0.0628731   0.995453     0.941697 │
│ hyperband_train_98d25_01952   TERMINATED   True       True       True            True       False      False        False                True        True                   4           48.9479     0.115379    0.977213     0.937654 │
│ hyperband_train_98d25_01953   TERMINATED   False      True       True            True       True       False        False                True        True                   4           51.4814     0.0549065   0.994172     0.946148 │
│ hyperband_train_98d25_01954   TERMINATED   True       True       True            True       True       False        False                True        True                   4           61.863      0.0741453   0.987342     0.947821 │
│ hyperband_train_98d25_01955   TERMINATED   False      True       True            False      True       False        True                 True        True                   2           19.7744     0.0717524   0.99828      0.917646 │
│ hyperband_train_98d25_01956   TERMINATED   True       False      False           True       True       False        True                 True        False                  1           11.3311     0.226028    0.99828      0.5      │
│ hyperband_train_98d25_01957   TERMINATED   True       True       True            False      False      True         False                False       True                   4           32.5976     0.0472543   0.998613     0.94328  │
│ hyperband_train_98d25_01958   TERMINATED   False      True       False           True       False      True         False                True        True                   2           21.1082     0.0541944   0.99856      0.92288  │
│ hyperband_train_98d25_01959   TERMINATED   False      True       False           True       True       True         False                True        False                  1           12.29       0.271491    0.964889     0.911109 │
│ hyperband_train_98d25_01960   TERMINATED   True       False      True            True       True       False        False                False       True                   4           39.3525     0.0612816   0.994452     0.946289 │
│ hyperband_train_98d25_01961   TERMINATED   True       False      True            True       True       True         False                True        False                  4           46.5736     0.13537     0.999298     0.897783 │
│ hyperband_train_98d25_01962   TERMINATED   False      True       True            False      False      True         True                 False       True                   4           26.5361     0.0470264   0.99756      0.942752 │
│ hyperband_train_98d25_01963   TERMINATED   True       True       False           True       True       True         True                 True        False                  4           63.0061     0.322005    0.979969     0.939035 │
│ hyperband_train_98d25_01964   TERMINATED   False      False      True            True       True       False        False                False       False                  2           13.0245     0.0541069   0.998578     0.907609 │
│ hyperband_train_98d25_01965   TERMINATED   False      False      True            True       True       False        True                 False       False                  4           31.6902     0.058674    0.996401     0.931985 │
│ hyperband_train_98d25_01966   TERMINATED   True       False      False           True       True       False        True                 False       True                   4           42.9366     0.0647598   0.992135     0.940035 │
│ hyperband_train_98d25_01967   TERMINATED   True       False      False           True       True       False        False                False       False                  2           20.6137     0.0581323   0.995611     0.936683 │
│ hyperband_train_98d25_01968   TERMINATED   False      True       True            True       False      True         False                True        False                  1           10.6284     0.0768407   0.994049     0.905341 │
│ hyperband_train_98d25_01969   TERMINATED   True       True       True            True       True       True         True                 True        False                  1           16.2258     0.0714654   0.999263     0.902859 │
│ hyperband_train_98d25_01970   TERMINATED   False      True       False           True       True       False        True                 False       False                  4           41.8567     0.0895399   0.973158     0.935623 │
│ hyperband_train_98d25_01971   TERMINATED   True       True       True            True       True       False        False                False       False                  4           51.4447     0.0556058   0.995225     0.931396 │
│ hyperband_train_98d25_01972   TERMINATED   False      True       True            True       False      True         True                 True        False                  4           43.755      0.0642384   0.998385     0.917699 │
│ hyperband_train_98d25_01973   TERMINATED   True       False      False           True       True       True         False                True        False                  2           22.3887     0.0593892   0.993346     0.930455 │
│ hyperband_train_98d25_01974   TERMINATED   True       True       True            False      False      True         False                False       False                  4           32.1933     0.0482649   0.998473     0.938116 │
│ hyperband_train_98d25_01975   TERMINATED   True       True       False           False      False      False        False                True        True                   4           28.51       0.109838    0.988413     0.943264 │
│ hyperband_train_98d25_01976   TERMINATED   False      False      False           False      False      True         True                 False       False                  4           20.3052     0.0753355   0.987887     0.948094 │
│ hyperband_train_98d25_01977   TERMINATED   True       False      False           True       False      True         False                False       False                  1            8.19295    0.055701    0.998789     0.917901 │
│ hyperband_train_98d25_01978   TERMINATED   False      True       False           True       False      True         True                 True        True                   1           12.3497     0.0625801   0.996436     0.921816 │
│ hyperband_train_98d25_01979   TERMINATED   False      True       False           False      False      True         False                True        True                   2           13.5057     0.0611214   0.992627     0.940281 │
│ hyperband_train_98d25_01980   TERMINATED   False      False      False           False      False      False        False                True        True                   4           17.3134     0.413502    0.899652     0.929367 │
│ hyperband_train_98d25_01981   TERMINATED   False      False      True            False      True       True         False                False       True                   4           22.5132     0.0452672   0.997841     0.947986 │
│ hyperband_train_98d25_01982   TERMINATED   True       True       False           False      False      True         True                 False       True                   4           28.9527     0.382969    0.998525     0.601988 │
│ hyperband_train_98d25_01983   TERMINATED   True       False      True            True       True       False        True                 True        False                  4           55.8639     0.0951037   0.997261     0.49949  │
│ hyperband_train_98d25_01984   TERMINATED   False      False      False           False      True       False        True                 True        True                   2           13.6724     0.0755755   0.99928      0.907961 │
│ hyperband_train_98d25_01985   TERMINATED   False      True       True            True       False      True         True                 True        False                  4           41.794      0.0637352   0.993294     0.940615 │
│ hyperband_train_98d25_01986   TERMINATED   False      True       True            False      False      True         False                False       False                  2           13.6783     0.189371    0.998912     0.923056 │
│ hyperband_train_98d25_01987   TERMINATED   False      True       True            True       False      False        False                True        False                  4           42.3681     0.102582    0.982778     0.935348 │
│ hyperband_train_98d25_01988   TERMINATED   True       False      True            True       False      True         False                False       False                  1            8.62664    0.0828655   0.996893     0.922045 │
│ hyperband_train_98d25_01989   TERMINATED   True       False      False           False      True       False        True                 False       True                   1            8.6392     0.0830657   0.999263     0.902859 │
│ hyperband_train_98d25_01990   TERMINATED   True       False      True            True       False      True         False                True        False                  4           40.2488     0.0813098   0.987729     0.948014 │
│ hyperband_train_98d25_01991   TERMINATED   False      True       True            False      False      False        True                 True        True                   4           29.7039     0.635136    0.786858     0.857593 │
│ hyperband_train_98d25_01992   TERMINATED   False      False      False           True       False      True         True                 False       False                  4           21.9091     0.0585581   0.993118     0.940527 │
│ hyperband_train_98d25_01993   TERMINATED   True       True       False           False      True       True         False                True        False                  4           40.8445     0.0568356   0.990748     0.95462  │
│ hyperband_train_98d25_01994   TERMINATED   False      False      False           False      True       True         False                True        False                  4           22.1187     0.0649687   0.985815     0.957243 │
│ hyperband_train_98d25_01995   TERMINATED   True       True       False           True       True       True         True                 False       True                   2           27.6931     0.0578721   0.998859     0.928123 │
│ hyperband_train_98d25_01996   TERMINATED   True       True       False           False      False      True         True                 False       True                   4           32.1157     0.0562144   0.99519      0.941565 │
│ hyperband_train_98d25_01997   TERMINATED   False      True       True            True       False      False        False                False       False                  2           17.9241     0.0680074   0.994066     0.935909 │
│ hyperband_train_98d25_01998   TERMINATED   True       False      False           True       True       True         False                False       True                   1            9.85941    0.0923218   0.975054     0.926386 │
│ hyperband_train_98d25_01999   TERMINATED   True       False      True            True       True       True         True                 True        True                   1           13.4251     0.470537    0.799094     0.848441 │
╰───────────────────────────────────────────────────────────────────────────────────────────────────────────────────────────────────────────────────────────────────────────────────────────────────────────────────────────────────────╯

总时间：16275.455975532532 s
最佳配置：{'loss': 0.05644665405172761, 'acc': 0.9928373301499245, 'bacc': 0.9607597589492798, 'training_iteration': 4, 'trial_id': '98d25_00572', 'date': '2025-11-17_02-28-31', 'time_this_iter_s': 4.100507974624634, 'time_total_s': 17.250205993652344, 'config': {'use_l1': False, 'l1_lambda': 0.0, 'use_l2': False, 'l2_lambda': 0.0, 'use_dropout': False, 'drop_rate': 0.0, 'use_bn': False, 'use_ln': False, 'use_skip': False, 'skip_type': 'None', 'skip_step': 1, 'skip_drop_prob': 0.0, 'use_data_augment': True, 'da_type': 'mixup', 'cutout_ratio': 0.0, 'cutout_prob': 0.0, 'mixup_alpha': 0.4, 'mixup_prob': 0.8, 'cutmix_alpha': 0.0, 'cutmix_prob': 0.0, 'fgsm_epsilon': 0.0, 'fgsm_prob': 0.0, 'use_swa': False, 'use_lookahead': False}}
✅ 字典已保存到: /data/ruipeng/workdir/autoreg/.exp_results/20251117/hyperband_055910.json